ISO-10303-21;
HEADER;
FILE_DESCRIPTION((''),'2;1');
FILE_NAME('DGS0028A_ASM','2020-10-28T15:10:25',('a0414801'),(''),
'CREO PARAMETRIC BY PTC INC, 2018500','CREO PARAMETRIC BY PTC INC, 2018500','');
FILE_SCHEMA(('AUTOMOTIVE_DESIGN { 1 0 10303 214 1 1 1 1 }'));
ENDSEC;
DATA;
#29=DIRECTION('',(0.E0,0.E0,-1.E0));
#30=VECTOR('',#29,6.821137084442E0);
#31=CARTESIAN_POINT('',(-1.360568542221E0,-4.25E-1,3.410568542221E0));
#32=LINE('',#31,#30);
#33=DRAUGHTING_PRE_DEFINED_CURVE_FONT('continuous');
#34=CURVE_STYLE('',#33,POSITIVE_LENGTH_MEASURE(2.E-2),#3);
#35=PRESENTATION_STYLE_ASSIGNMENT((#34));
#36=STYLED_ITEM('',(#35),#32);
#37=DIRECTION('',(-1.E0,0.E0,0.E0));
#38=VECTOR('',#37,2.721137084442E0);
#39=CARTESIAN_POINT('',(1.360568542221E0,-4.25E-1,3.410568542221E0));
#40=LINE('',#39,#38);
#41=CURVE_STYLE('',#33,POSITIVE_LENGTH_MEASURE(2.E-2),#3);
#42=PRESENTATION_STYLE_ASSIGNMENT((#41));
#43=STYLED_ITEM('',(#42),#40);
#44=DIRECTION('',(0.E0,0.E0,1.E0));
#45=VECTOR('',#44,6.821137084442E0);
#46=CARTESIAN_POINT('',(1.360568542221E0,-4.25E-1,-3.410568542221E0));
#47=LINE('',#46,#45);
#48=CURVE_STYLE('',#33,POSITIVE_LENGTH_MEASURE(2.E-2),#3);
#49=PRESENTATION_STYLE_ASSIGNMENT((#48));
#50=STYLED_ITEM('',(#49),#47);
#51=DIRECTION('',(1.E0,0.E0,0.E0));
#52=VECTOR('',#51,2.721137084442E0);
#53=CARTESIAN_POINT('',(-1.360568542221E0,-4.25E-1,-3.410568542221E0));
#54=LINE('',#53,#52);
#55=CURVE_STYLE('',#33,POSITIVE_LENGTH_MEASURE(2.E-2),#3);
#56=PRESENTATION_STYLE_ASSIGNMENT((#55));
#57=STYLED_ITEM('',(#56),#54);
#58=DIRECTION('',(0.E0,0.E0,-1.E0));
#59=VECTOR('',#58,6.821137084442E0);
#60=CARTESIAN_POINT('',(-1.458383302295E0,-3.457911690818E-1,3.410568542221E0));
#61=LINE('',#60,#59);
#62=CURVE_STYLE('',#33,POSITIVE_LENGTH_MEASURE(2.E-2),#3);
#63=PRESENTATION_STYLE_ASSIGNMENT((#62));
#64=STYLED_ITEM('',(#63),#61);
#65=DIRECTION('',(2.035585949528E-1,-9.576678948580E-1,2.035585949528E-1));
#66=VECTOR('',#65,2.043309770348E-1);
#67=CARTESIAN_POINT('',(-1.499976628885E0,-1.501099524506E-1,
-3.452161868812E0));
#68=LINE('',#67,#66);
#69=CURVE_STYLE('',#33,POSITIVE_LENGTH_MEASURE(2.E-2),#3);
#70=PRESENTATION_STYLE_ASSIGNMENT((#69));
#71=STYLED_ITEM('',(#70),#68);
#72=CARTESIAN_POINT('',(-1.5E0,-1.5E-1,-3.45E0));
#73=CARTESIAN_POINT('',(-1.5E0,-1.5E-1,-3.450722566200E0));
#74=CARTESIAN_POINT('',(-1.499992169645E0,-1.500368389259E-1,
-3.451443179163E0));
#75=CARTESIAN_POINT('',(-1.499976628885E0,-1.501099524506E-1,
-3.452161868812E0));
#77=CURVE_STYLE('',#33,POSITIVE_LENGTH_MEASURE(2.E-2),#3);
#78=PRESENTATION_STYLE_ASSIGNMENT((#77));
#79=STYLED_ITEM('',(#78),#76);
#80=CARTESIAN_POINT('',(-1.499976628885E0,-1.501099524506E-1,3.452161868812E0));
#81=CARTESIAN_POINT('',(-1.499992169645E0,-1.500368389259E-1,3.451443179163E0));
#82=CARTESIAN_POINT('',(-1.5E0,-1.5E-1,3.450722566200E0));
#83=CARTESIAN_POINT('',(-1.5E0,-1.5E-1,3.45E0));
#85=CURVE_STYLE('',#33,POSITIVE_LENGTH_MEASURE(2.E-2),#3);
#86=PRESENTATION_STYLE_ASSIGNMENT((#85));
#87=STYLED_ITEM('',(#86),#84);
#88=DIRECTION('',(2.035585949528E-1,-9.576678948580E-1,-2.035585949528E-1));
#89=VECTOR('',#88,2.043309770348E-1);
#90=CARTESIAN_POINT('',(-1.499976628885E0,-1.501099524506E-1,3.452161868812E0));
#91=LINE('',#90,#89);
#92=CURVE_STYLE('',#33,POSITIVE_LENGTH_MEASURE(2.E-2),#3);
#93=PRESENTATION_STYLE_ASSIGNMENT((#92));
#94=STYLED_ITEM('',(#93),#91);
#95=DIRECTION('',(-2.035585949528E-1,-9.576678948580E-1,2.035585949528E-1));
#96=VECTOR('',#95,2.043309770348E-1);
#97=CARTESIAN_POINT('',(1.402161868812E0,-1.501099524506E-1,-3.549976628885E0));
#98=LINE('',#97,#96);
#99=CURVE_STYLE('',#33,POSITIVE_LENGTH_MEASURE(2.E-2),#3);
#100=PRESENTATION_STYLE_ASSIGNMENT((#99));
#101=STYLED_ITEM('',(#100),#98);
#102=CARTESIAN_POINT('',(1.4E0,-1.5E-1,-3.55E0));
#103=CARTESIAN_POINT('',(1.400722566200E0,-1.5E-1,-3.55E0));
#104=CARTESIAN_POINT('',(1.401443179163E0,-1.500368389259E-1,
-3.549992169645E0));
#105=CARTESIAN_POINT('',(1.402161868812E0,-1.501099524506E-1,
-3.549976628885E0));
#107=CURVE_STYLE('',#33,POSITIVE_LENGTH_MEASURE(2.E-2),#3);
#108=PRESENTATION_STYLE_ASSIGNMENT((#107));
#109=STYLED_ITEM('',(#108),#106);
#110=CARTESIAN_POINT('',(-1.402161868812E0,-1.501099524506E-1,
-3.549976628885E0));
#111=CARTESIAN_POINT('',(-1.401443179163E0,-1.500368389259E-1,
-3.549992169645E0));
#112=CARTESIAN_POINT('',(-1.400722566200E0,-1.5E-1,-3.55E0));
#113=CARTESIAN_POINT('',(-1.4E0,-1.5E-1,-3.55E0));
#115=CURVE_STYLE('',#33,POSITIVE_LENGTH_MEASURE(2.E-2),#3);
#116=PRESENTATION_STYLE_ASSIGNMENT((#115));
#117=STYLED_ITEM('',(#116),#114);
#118=DIRECTION('',(2.035585949528E-1,-9.576678948580E-1,2.035585949528E-1));
#119=VECTOR('',#118,2.043309770348E-1);
#120=CARTESIAN_POINT('',(-1.402161868812E0,-1.501099524506E-1,
-3.549976628885E0));
#121=LINE('',#120,#119);
#122=CURVE_STYLE('',#33,POSITIVE_LENGTH_MEASURE(2.E-2),#3);
#123=PRESENTATION_STYLE_ASSIGNMENT((#122));
#124=STYLED_ITEM('',(#123),#121);
#125=DIRECTION('',(1.E0,0.E0,0.E0));
#126=VECTOR('',#125,2.721137084442E0);
#127=CARTESIAN_POINT('',(-1.360568542221E0,-3.457911690818E-1,
-3.508383302295E0));
#128=LINE('',#127,#126);
#129=CURVE_STYLE('',#33,POSITIVE_LENGTH_MEASURE(2.E-2),#3);
#130=PRESENTATION_STYLE_ASSIGNMENT((#129));
#131=STYLED_ITEM('',(#130),#128);
#132=DIRECTION('',(-2.035585949528E-1,-9.576678948580E-1,2.035585949528E-1));
#133=VECTOR('',#132,2.043309770348E-1);
#134=CARTESIAN_POINT('',(1.499976628885E0,-1.501099524506E-1,
-3.452161868812E0));
#135=LINE('',#134,#133);
#136=CURVE_STYLE('',#33,POSITIVE_LENGTH_MEASURE(2.E-2),#3);
#137=PRESENTATION_STYLE_ASSIGNMENT((#136));
#138=STYLED_ITEM('',(#137),#135);
#139=DIRECTION('',(0.E0,0.E0,1.E0));
#140=VECTOR('',#139,6.821137084442E0);
#141=CARTESIAN_POINT('',(1.458383302295E0,-3.457911690818E-1,
-3.410568542221E0));
#142=LINE('',#141,#140);
#143=CURVE_STYLE('',#33,POSITIVE_LENGTH_MEASURE(2.E-2),#3);
#144=PRESENTATION_STYLE_ASSIGNMENT((#143));
#145=STYLED_ITEM('',(#144),#142);
#146=DIRECTION('',(-2.035585949528E-1,-9.576678948580E-1,-2.035585949528E-1));
#147=VECTOR('',#146,2.043309770348E-1);
#148=CARTESIAN_POINT('',(1.499976628885E0,-1.501099524506E-1,3.452161868812E0));
#149=LINE('',#148,#147);
#150=CURVE_STYLE('',#33,POSITIVE_LENGTH_MEASURE(2.E-2),#3);
#151=PRESENTATION_STYLE_ASSIGNMENT((#150));
#152=STYLED_ITEM('',(#151),#149);
#153=CARTESIAN_POINT('',(1.5E0,-1.5E-1,3.45E0));
#154=CARTESIAN_POINT('',(1.5E0,-1.5E-1,3.450722566200E0));
#155=CARTESIAN_POINT('',(1.499992169645E0,-1.500368389259E-1,3.451443179163E0));
#156=CARTESIAN_POINT('',(1.499976628885E0,-1.501099524506E-1,3.452161868812E0));
#158=CURVE_STYLE('',#33,POSITIVE_LENGTH_MEASURE(2.E-2),#3);
#159=PRESENTATION_STYLE_ASSIGNMENT((#158));
#160=STYLED_ITEM('',(#159),#157);
#161=CARTESIAN_POINT('',(1.499976628885E0,-1.501099524506E-1,
-3.452161868812E0));
#162=CARTESIAN_POINT('',(1.499992169645E0,-1.500368389259E-1,
-3.451443179163E0));
#163=CARTESIAN_POINT('',(1.5E0,-1.5E-1,-3.450722566200E0));
#164=CARTESIAN_POINT('',(1.5E0,-1.5E-1,-3.45E0));
#166=CURVE_STYLE('',#33,POSITIVE_LENGTH_MEASURE(2.E-2),#3);
#167=PRESENTATION_STYLE_ASSIGNMENT((#166));
#168=STYLED_ITEM('',(#167),#165);
#169=CARTESIAN_POINT('',(1.360568542221E0,-3.25E-1,3.410568542221E0));
#170=DIRECTION('',(1.E0,0.E0,0.E0));
#171=DIRECTION('',(0.E0,-2.079116908178E-1,9.781476007338E-1));
#172=AXIS2_PLACEMENT_3D('',#169,#170,#171);
#174=CURVE_STYLE('',#33,POSITIVE_LENGTH_MEASURE(2.E-2),#3);
#175=PRESENTATION_STYLE_ASSIGNMENT((#174));
#176=STYLED_ITEM('',(#175),#173);
#177=CARTESIAN_POINT('',(1.360568542221E0,-3.25E-1,3.410568542221E0));
#178=DIRECTION('',(-2.035585949528E-1,-9.576678948580E-1,-2.035585949528E-1));
#179=DIRECTION('',(9.781476007338E-1,-2.079116908178E-1,0.E0));
#180=AXIS2_PLACEMENT_3D('',#177,#178,#179);
#182=CURVE_STYLE('',#33,POSITIVE_LENGTH_MEASURE(2.E-2),#3);
#183=PRESENTATION_STYLE_ASSIGNMENT((#182));
#184=STYLED_ITEM('',(#183),#181);
#185=CARTESIAN_POINT('',(1.360568542221E0,-3.25E-1,3.410568542221E0));
#186=DIRECTION('',(0.E0,0.E0,1.E0));
#187=DIRECTION('',(0.E0,-1.E0,0.E0));
#188=AXIS2_PLACEMENT_3D('',#185,#186,#187);
#190=CURVE_STYLE('',#33,POSITIVE_LENGTH_MEASURE(2.E-2),#3);
#191=PRESENTATION_STYLE_ASSIGNMENT((#190));
#192=STYLED_ITEM('',(#191),#189);
#193=CARTESIAN_POINT('',(-1.360568542221E0,-3.25E-1,3.410568542221E0));
#194=DIRECTION('',(-1.E0,0.E0,0.E0));
#195=DIRECTION('',(0.E0,-1.E0,0.E0));
#196=AXIS2_PLACEMENT_3D('',#193,#194,#195);
#198=CURVE_STYLE('',#33,POSITIVE_LENGTH_MEASURE(2.E-2),#3);
#199=PRESENTATION_STYLE_ASSIGNMENT((#198));
#200=STYLED_ITEM('',(#199),#197);
#201=CARTESIAN_POINT('',(-1.360568542221E0,-3.25E-1,3.410568542221E0));
#202=DIRECTION('',(0.E0,0.E0,1.E0));
#203=DIRECTION('',(-9.781476007338E-1,-2.079116908178E-1,0.E0));
#204=AXIS2_PLACEMENT_3D('',#201,#202,#203);
#206=CURVE_STYLE('',#33,POSITIVE_LENGTH_MEASURE(2.E-2),#3);
#207=PRESENTATION_STYLE_ASSIGNMENT((#206));
#208=STYLED_ITEM('',(#207),#205);
#209=CARTESIAN_POINT('',(-1.360568542221E0,-3.25E-1,3.410568542221E0));
#210=DIRECTION('',(2.035585949528E-1,-9.576678948580E-1,-2.035585949528E-1));
#211=DIRECTION('',(0.E0,-2.079116908178E-1,9.781476007338E-1));
#212=AXIS2_PLACEMENT_3D('',#209,#210,#211);
#214=CURVE_STYLE('',#33,POSITIVE_LENGTH_MEASURE(2.E-2),#3);
#215=PRESENTATION_STYLE_ASSIGNMENT((#214));
#216=STYLED_ITEM('',(#215),#213);
#217=CARTESIAN_POINT('',(-1.402161868812E0,-1.501099524506E-1,
3.549976628885E0));
#218=CARTESIAN_POINT('',(-1.412322128377E0,-1.511435729985E-1,
3.549756926055E0));
#219=CARTESIAN_POINT('',(-1.432584742378E0,-1.528802164750E-1,
3.546195995320E0));
#220=CARTESIAN_POINT('',(-1.460023658365E0,-1.542511780825E-1,
3.531941919426E0));
#221=CARTESIAN_POINT('',(-1.481941919426E0,-1.542511780825E-1,
3.510023658365E0));
#222=CARTESIAN_POINT('',(-1.496195995320E0,-1.528802164750E-1,
3.482584742378E0));
#223=CARTESIAN_POINT('',(-1.499756926055E0,-1.511435729984E-1,
3.462322128377E0));
#224=CARTESIAN_POINT('',(-1.499976628885E0,-1.501099524506E-1,
3.452161868812E0));
#226=CURVE_STYLE('',#33,POSITIVE_LENGTH_MEASURE(2.E-2),#3);
#227=PRESENTATION_STYLE_ASSIGNMENT((#226));
#228=STYLED_ITEM('',(#227),#225);
#229=CARTESIAN_POINT('',(-1.499976628885E0,1.099524505766E-4,3.452161868812E0));
#230=CARTESIAN_POINT('',(-1.499756926055E0,1.143572998449E-3,3.462322128377E0));
#231=CARTESIAN_POINT('',(-1.496195995320E0,2.880216475046E-3,3.482584742378E0));
#232=CARTESIAN_POINT('',(-1.481941919426E0,4.251178082525E-3,3.510023658365E0));
#233=CARTESIAN_POINT('',(-1.460023658365E0,4.251178082524E-3,3.531941919426E0));
#234=CARTESIAN_POINT('',(-1.432584742378E0,2.880216475045E-3,3.546195995320E0));
#235=CARTESIAN_POINT('',(-1.412322128377E0,1.143572998450E-3,3.549756926055E0));
#236=CARTESIAN_POINT('',(-1.402161868812E0,1.099524505772E-4,3.549976628885E0));
#238=CURVE_STYLE('',#33,POSITIVE_LENGTH_MEASURE(2.E-2),#3);
#239=PRESENTATION_STYLE_ASSIGNMENT((#238));
#240=STYLED_ITEM('',(#239),#237);
#241=DIRECTION('',(0.E0,-1.E0,0.E0));
#242=VECTOR('',#241,1.5E-1);
#243=CARTESIAN_POINT('',(1.4E0,0.E0,3.55E0));
#244=LINE('',#243,#242);
#245=CURVE_STYLE('',#33,POSITIVE_LENGTH_MEASURE(2.E-2),#3);
#246=PRESENTATION_STYLE_ASSIGNMENT((#245));
#247=STYLED_ITEM('',(#246),#244);
#248=DIRECTION('',(1.E0,0.E0,0.E0));
#249=VECTOR('',#248,2.8E0);
#250=CARTESIAN_POINT('',(-1.4E0,-1.5E-1,3.55E0));
#251=LINE('',#250,#249);
#252=CURVE_STYLE('',#33,POSITIVE_LENGTH_MEASURE(2.E-2),#3);
#253=PRESENTATION_STYLE_ASSIGNMENT((#252));
#254=STYLED_ITEM('',(#253),#251);
#255=DIRECTION('',(0.E0,-1.E0,0.E0));
#256=VECTOR('',#255,1.5E-1);
#257=CARTESIAN_POINT('',(-1.4E0,0.E0,3.55E0));
#258=LINE('',#257,#256);
#259=CURVE_STYLE('',#33,POSITIVE_LENGTH_MEASURE(2.E-2),#3);
#260=PRESENTATION_STYLE_ASSIGNMENT((#259));
#261=STYLED_ITEM('',(#260),#258);
#262=CARTESIAN_POINT('',(1.499976628885E0,-1.501099524506E-1,3.452161868812E0));
#263=CARTESIAN_POINT('',(1.499756926055E0,-1.511435729985E-1,3.462322128377E0));
#264=CARTESIAN_POINT('',(1.496195995320E0,-1.528802164750E-1,3.482584742378E0));
#265=CARTESIAN_POINT('',(1.481941919426E0,-1.542511780825E-1,3.510023658365E0));
#266=CARTESIAN_POINT('',(1.460023658365E0,-1.542511780825E-1,3.531941919426E0));
#267=CARTESIAN_POINT('',(1.432584742378E0,-1.528802164750E-1,3.546195995320E0));
#268=CARTESIAN_POINT('',(1.412322128377E0,-1.511435729985E-1,3.549756926055E0));
#269=CARTESIAN_POINT('',(1.402161868812E0,-1.501099524506E-1,3.549976628885E0));
#271=CURVE_STYLE('',#33,POSITIVE_LENGTH_MEASURE(2.E-2),#3);
#272=PRESENTATION_STYLE_ASSIGNMENT((#271));
#273=STYLED_ITEM('',(#272),#270);
#274=CARTESIAN_POINT('',(1.402161868812E0,1.099524505779E-4,3.549976628885E0));
#275=CARTESIAN_POINT('',(1.412322128377E0,1.143572998451E-3,3.549756926055E0));
#276=CARTESIAN_POINT('',(1.432584742378E0,2.880216475043E-3,3.546195995320E0));
#277=CARTESIAN_POINT('',(1.460023658365E0,4.251178082525E-3,3.531941919426E0));
#278=CARTESIAN_POINT('',(1.481941919426E0,4.251178082525E-3,3.510023658365E0));
#279=CARTESIAN_POINT('',(1.496195995320E0,2.880216475046E-3,3.482584742378E0));
#280=CARTESIAN_POINT('',(1.499756926055E0,1.143572998450E-3,3.462322128377E0));
#281=CARTESIAN_POINT('',(1.499976628885E0,1.099524505766E-4,3.452161868812E0));
#283=CURVE_STYLE('',#33,POSITIVE_LENGTH_MEASURE(2.E-2),#3);
#284=PRESENTATION_STYLE_ASSIGNMENT((#283));
#285=STYLED_ITEM('',(#284),#282);
#286=DIRECTION('',(0.E0,-1.E0,0.E0));
#287=VECTOR('',#286,1.5E-1);
#288=CARTESIAN_POINT('',(1.5E0,0.E0,-3.45E0));
#289=LINE('',#288,#287);
#290=CURVE_STYLE('',#33,POSITIVE_LENGTH_MEASURE(2.E-2),#3);
#291=PRESENTATION_STYLE_ASSIGNMENT((#290));
#292=STYLED_ITEM('',(#291),#289);
#293=DIRECTION('',(0.E0,0.E0,-1.E0));
#294=VECTOR('',#293,6.9E0);
#295=CARTESIAN_POINT('',(1.5E0,-1.5E-1,3.45E0));
#296=LINE('',#295,#294);
#297=CURVE_STYLE('',#33,POSITIVE_LENGTH_MEASURE(2.E-2),#3);
#298=PRESENTATION_STYLE_ASSIGNMENT((#297));
#299=STYLED_ITEM('',(#298),#296);
#300=DIRECTION('',(0.E0,-1.E0,0.E0));
#301=VECTOR('',#300,1.5E-1);
#302=CARTESIAN_POINT('',(1.5E0,0.E0,3.45E0));
#303=LINE('',#302,#301);
#304=CURVE_STYLE('',#33,POSITIVE_LENGTH_MEASURE(2.E-2),#3);
#305=PRESENTATION_STYLE_ASSIGNMENT((#304));
#306=STYLED_ITEM('',(#305),#303);
#307=CARTESIAN_POINT('',(1.402161868812E0,-1.501099524506E-1,
-3.549976628885E0));
#308=CARTESIAN_POINT('',(1.412322128377E0,-1.511435729985E-1,
-3.549756926055E0));
#309=CARTESIAN_POINT('',(1.432584742378E0,-1.528802164750E-1,
-3.546195995320E0));
#310=CARTESIAN_POINT('',(1.460023658365E0,-1.542511780825E-1,
-3.531941919426E0));
#311=CARTESIAN_POINT('',(1.481941919426E0,-1.542511780825E-1,
-3.510023658365E0));
#312=CARTESIAN_POINT('',(1.496195995320E0,-1.528802164750E-1,
-3.482584742378E0));
#313=CARTESIAN_POINT('',(1.499756926055E0,-1.511435729984E-1,
-3.462322128377E0));
#314=CARTESIAN_POINT('',(1.499976628885E0,-1.501099524506E-1,
-3.452161868812E0));
#316=CURVE_STYLE('',#33,POSITIVE_LENGTH_MEASURE(2.E-2),#3);
#317=PRESENTATION_STYLE_ASSIGNMENT((#316));
#318=STYLED_ITEM('',(#317),#315);
#319=CARTESIAN_POINT('',(1.499976628885E0,1.099524505767E-4,-3.452161868812E0));
#320=CARTESIAN_POINT('',(1.499756926055E0,1.143572998450E-3,-3.462322128377E0));
#321=CARTESIAN_POINT('',(1.496195995320E0,2.880216475045E-3,-3.482584742378E0));
#322=CARTESIAN_POINT('',(1.481941919426E0,4.251178082525E-3,-3.510023658365E0));
#323=CARTESIAN_POINT('',(1.460023658365E0,4.251178082524E-3,-3.531941919426E0));
#324=CARTESIAN_POINT('',(1.432584742378E0,2.880216475046E-3,-3.546195995320E0));
#325=CARTESIAN_POINT('',(1.412322128377E0,1.143572998450E-3,-3.549756926055E0));
#326=CARTESIAN_POINT('',(1.402161868812E0,1.099524505772E-4,-3.549976628885E0));
#328=CURVE_STYLE('',#33,POSITIVE_LENGTH_MEASURE(2.E-2),#3);
#329=PRESENTATION_STYLE_ASSIGNMENT((#328));
#330=STYLED_ITEM('',(#329),#327);
#331=DIRECTION('',(0.E0,-1.E0,0.E0));
#332=VECTOR('',#331,1.5E-1);
#333=CARTESIAN_POINT('',(1.4E0,0.E0,-3.55E0));
#334=LINE('',#333,#332);
#335=CURVE_STYLE('',#33,POSITIVE_LENGTH_MEASURE(2.E-2),#3);
#336=PRESENTATION_STYLE_ASSIGNMENT((#335));
#337=STYLED_ITEM('',(#336),#334);
#338=DIRECTION('',(0.E0,-1.E0,0.E0));
#339=VECTOR('',#338,1.5E-1);
#340=CARTESIAN_POINT('',(-1.4E0,0.E0,-3.55E0));
#341=LINE('',#340,#339);
#342=CURVE_STYLE('',#33,POSITIVE_LENGTH_MEASURE(2.E-2),#3);
#343=PRESENTATION_STYLE_ASSIGNMENT((#342));
#344=STYLED_ITEM('',(#343),#341);
#345=DIRECTION('',(-1.E0,0.E0,0.E0));
#346=VECTOR('',#345,2.8E0);
#347=CARTESIAN_POINT('',(1.4E0,-1.5E-1,-3.55E0));
#348=LINE('',#347,#346);
#349=CURVE_STYLE('',#33,POSITIVE_LENGTH_MEASURE(2.E-2),#3);
#350=PRESENTATION_STYLE_ASSIGNMENT((#349));
#351=STYLED_ITEM('',(#350),#348);
#352=CARTESIAN_POINT('',(1.402161868812E0,1.099524505768E-4,-3.549976628885E0));
#353=CARTESIAN_POINT('',(1.401443179163E0,3.683892593639E-5,-3.549992169645E0));
#354=CARTESIAN_POINT('',(1.400722566200E0,0.E0,-3.55E0));
#355=CARTESIAN_POINT('',(1.4E0,0.E0,-3.55E0));
#357=CURVE_STYLE('',#33,POSITIVE_LENGTH_MEASURE(2.E-2),#3);
#358=PRESENTATION_STYLE_ASSIGNMENT((#357));
#359=STYLED_ITEM('',(#358),#356);
#360=DIRECTION('',(2.035585949528E-1,-9.576678948580E-1,-2.035585949528E-1));
#361=VECTOR('',#360,4.653818082701E-1);
#362=CARTESIAN_POINT('',(1.307429401804E0,4.457911690818E-1,-3.455244161877E0));
#363=LINE('',#362,#361);
#364=CURVE_STYLE('',#33,POSITIVE_LENGTH_MEASURE(2.E-2),#3);
#365=PRESENTATION_STYLE_ASSIGNMENT((#364));
#366=STYLED_ITEM('',(#365),#363);
#367=DIRECTION('',(-1.E0,0.E0,0.E0));
#368=VECTOR('',#367,2.614858803607E0);
#369=CARTESIAN_POINT('',(1.307429401804E0,4.457911690818E-1,-3.455244161877E0));
#370=LINE('',#369,#368);
#371=CURVE_STYLE('',#33,POSITIVE_LENGTH_MEASURE(2.E-2),#3);
#372=PRESENTATION_STYLE_ASSIGNMENT((#371));
#373=STYLED_ITEM('',(#372),#370);
#374=DIRECTION('',(-2.035585949528E-1,-9.576678948580E-1,-2.035585949528E-1));
#375=VECTOR('',#374,4.653818082701E-1);
#376=CARTESIAN_POINT('',(-1.307429401804E0,4.457911690818E-1,
-3.455244161877E0));
#377=LINE('',#376,#375);
#378=CURVE_STYLE('',#33,POSITIVE_LENGTH_MEASURE(2.E-2),#3);
#379=PRESENTATION_STYLE_ASSIGNMENT((#378));
#380=STYLED_ITEM('',(#379),#377);
#381=CARTESIAN_POINT('',(-1.4E0,0.E0,-3.55E0));
#382=CARTESIAN_POINT('',(-1.400722566200E0,0.E0,-3.55E0));
#383=CARTESIAN_POINT('',(-1.401443179163E0,3.683892593640E-5,
-3.549992169645E0));
#384=CARTESIAN_POINT('',(-1.402161868812E0,1.099524505768E-4,
-3.549976628885E0));
#386=CURVE_STYLE('',#33,POSITIVE_LENGTH_MEASURE(2.E-2),#3);
#387=PRESENTATION_STYLE_ASSIGNMENT((#386));
#388=STYLED_ITEM('',(#387),#385);
#389=DIRECTION('',(-1.E0,0.E0,0.E0));
#390=VECTOR('',#389,2.8E0);
#391=CARTESIAN_POINT('',(1.4E0,0.E0,-3.55E0));
#392=LINE('',#391,#390);
#393=CURVE_STYLE('',#33,POSITIVE_LENGTH_MEASURE(2.E-2),#3);
#394=PRESENTATION_STYLE_ASSIGNMENT((#393));
#395=STYLED_ITEM('',(#394),#392);
#396=DIRECTION('',(0.E0,0.E0,-1.E0));
#397=VECTOR('',#396,6.714858803607E0);
#398=CARTESIAN_POINT('',(1.405244161877E0,4.457911690818E-1,3.357429401804E0));
#399=LINE('',#398,#397);
#400=CURVE_STYLE('',#33,POSITIVE_LENGTH_MEASURE(2.E-2),#3);
#401=PRESENTATION_STYLE_ASSIGNMENT((#400));
#402=STYLED_ITEM('',(#401),#399);
#403=DIRECTION('',(2.035585949528E-1,-9.576678948580E-1,-2.035585949528E-1));
#404=VECTOR('',#403,4.653818082701E-1);
#405=CARTESIAN_POINT('',(1.405244161877E0,4.457911690818E-1,-3.357429401804E0));
#406=LINE('',#405,#404);
#407=CURVE_STYLE('',#33,POSITIVE_LENGTH_MEASURE(2.E-2),#3);
#408=PRESENTATION_STYLE_ASSIGNMENT((#407));
#409=STYLED_ITEM('',(#408),#406);
#410=CARTESIAN_POINT('',(1.5E0,0.E0,-3.45E0));
#411=CARTESIAN_POINT('',(1.5E0,0.E0,-3.450722566200E0));
#412=CARTESIAN_POINT('',(1.499992169645E0,3.683892593640E-5,-3.451443179163E0));
#413=CARTESIAN_POINT('',(1.499976628885E0,1.099524505768E-4,-3.452161868812E0));
#415=CURVE_STYLE('',#33,POSITIVE_LENGTH_MEASURE(2.E-2),#3);
#416=PRESENTATION_STYLE_ASSIGNMENT((#415));
#417=STYLED_ITEM('',(#416),#414);
#418=DIRECTION('',(0.E0,0.E0,-1.E0));
#419=VECTOR('',#418,6.9E0);
#420=CARTESIAN_POINT('',(1.5E0,0.E0,3.45E0));
#421=LINE('',#420,#419);
#422=CURVE_STYLE('',#33,POSITIVE_LENGTH_MEASURE(2.E-2),#3);
#423=PRESENTATION_STYLE_ASSIGNMENT((#422));
#424=STYLED_ITEM('',(#423),#421);
#425=CARTESIAN_POINT('',(1.499976628885E0,1.099524505768E-4,3.452161868812E0));
#426=CARTESIAN_POINT('',(1.499992169645E0,3.683892593640E-5,3.451443179163E0));
#427=CARTESIAN_POINT('',(1.5E0,0.E0,3.450722566200E0));
#428=CARTESIAN_POINT('',(1.5E0,0.E0,3.45E0));
#430=CURVE_STYLE('',#33,POSITIVE_LENGTH_MEASURE(2.E-2),#3);
#431=PRESENTATION_STYLE_ASSIGNMENT((#430));
#432=STYLED_ITEM('',(#431),#429);
#433=DIRECTION('',(2.035585949528E-1,-9.576678948580E-1,2.035585949528E-1));
#434=VECTOR('',#433,4.653818082701E-1);
#435=CARTESIAN_POINT('',(1.405244161877E0,4.457911690818E-1,3.357429401804E0));
#436=LINE('',#435,#434);
#437=CURVE_STYLE('',#33,POSITIVE_LENGTH_MEASURE(2.E-2),#3);
#438=PRESENTATION_STYLE_ASSIGNMENT((#437));
#439=STYLED_ITEM('',(#438),#436);
#440=CARTESIAN_POINT('',(1.307429401804E0,4.25E-1,3.357429401804E0));
#441=DIRECTION('',(1.E0,0.E0,0.E0));
#442=DIRECTION('',(0.E0,1.E0,0.E0));
#443=AXIS2_PLACEMENT_3D('',#440,#441,#442);
#445=CURVE_STYLE('',#33,POSITIVE_LENGTH_MEASURE(2.E-2),#3);
#446=PRESENTATION_STYLE_ASSIGNMENT((#445));
#447=STYLED_ITEM('',(#446),#444);
#448=CARTESIAN_POINT('',(1.307429401804E0,4.25E-1,3.357429401804E0));
#449=DIRECTION('',(0.E0,0.E0,1.E0));
#450=DIRECTION('',(9.781476007338E-1,2.079116908178E-1,0.E0));
#451=AXIS2_PLACEMENT_3D('',#448,#449,#450);
#453=CURVE_STYLE('',#33,POSITIVE_LENGTH_MEASURE(2.E-2),#3);
#454=PRESENTATION_STYLE_ASSIGNMENT((#453));
#455=STYLED_ITEM('',(#454),#452);
#456=CARTESIAN_POINT('',(1.307429401804E0,4.25E-1,3.357429401804E0));
#457=DIRECTION('',(-2.035585949528E-1,9.576678948580E-1,-2.035585949528E-1));
#458=DIRECTION('',(0.E0,2.079116908178E-1,9.781476007338E-1));
#459=AXIS2_PLACEMENT_3D('',#456,#457,#458);
#461=CURVE_STYLE('',#33,POSITIVE_LENGTH_MEASURE(2.E-2),#3);
#462=PRESENTATION_STYLE_ASSIGNMENT((#461));
#463=STYLED_ITEM('',(#462),#460);
#464=CARTESIAN_POINT('',(1.4E0,0.E0,3.55E0));
#465=CARTESIAN_POINT('',(1.400722566200E0,0.E0,3.55E0));
#466=CARTESIAN_POINT('',(1.401443179163E0,3.683892593640E-5,3.549992169645E0));
#467=CARTESIAN_POINT('',(1.402161868812E0,1.099524505768E-4,3.549976628885E0));
#469=CURVE_STYLE('',#33,POSITIVE_LENGTH_MEASURE(2.E-2),#3);
#470=PRESENTATION_STYLE_ASSIGNMENT((#469));
#471=STYLED_ITEM('',(#470),#468);
#472=DIRECTION('',(1.E0,0.E0,0.E0));
#473=VECTOR('',#472,2.8E0);
#474=CARTESIAN_POINT('',(-1.4E0,0.E0,3.55E0));
#475=LINE('',#474,#473);
#476=CURVE_STYLE('',#33,POSITIVE_LENGTH_MEASURE(2.E-2),#3);
#477=PRESENTATION_STYLE_ASSIGNMENT((#476));
#478=STYLED_ITEM('',(#477),#475);
#479=CARTESIAN_POINT('',(-1.402161868812E0,1.099524505768E-4,3.549976628885E0));
#480=CARTESIAN_POINT('',(-1.401443179163E0,3.683892593640E-5,3.549992169645E0));
#481=CARTESIAN_POINT('',(-1.400722566200E0,0.E0,3.55E0));
#482=CARTESIAN_POINT('',(-1.4E0,0.E0,3.55E0));
#484=CURVE_STYLE('',#33,POSITIVE_LENGTH_MEASURE(2.E-2),#3);
#485=PRESENTATION_STYLE_ASSIGNMENT((#484));
#486=STYLED_ITEM('',(#485),#483);
#487=DIRECTION('',(-2.035585949528E-1,-9.576678948580E-1,2.035585949528E-1));
#488=VECTOR('',#487,4.653818082701E-1);
#489=CARTESIAN_POINT('',(-1.307429401804E0,4.457911690818E-1,3.455244161877E0));
#490=LINE('',#489,#488);
#491=CURVE_STYLE('',#33,POSITIVE_LENGTH_MEASURE(2.E-2),#3);
#492=PRESENTATION_STYLE_ASSIGNMENT((#491));
#493=STYLED_ITEM('',(#492),#490);
#494=DIRECTION('',(1.E0,0.E0,0.E0));
#495=VECTOR('',#494,2.614858803607E0);
#496=CARTESIAN_POINT('',(-1.307429401804E0,4.457911690818E-1,3.455244161877E0));
#497=LINE('',#496,#495);
#498=CURVE_STYLE('',#33,POSITIVE_LENGTH_MEASURE(2.E-2),#3);
#499=PRESENTATION_STYLE_ASSIGNMENT((#498));
#500=STYLED_ITEM('',(#499),#497);
#501=DIRECTION('',(2.035585949528E-1,-9.576678948580E-1,2.035585949528E-1));
#502=VECTOR('',#501,4.653818082701E-1);
#503=CARTESIAN_POINT('',(1.307429401804E0,4.457911690818E-1,3.455244161877E0));
#504=LINE('',#503,#502);
#505=CURVE_STYLE('',#33,POSITIVE_LENGTH_MEASURE(2.E-2),#3);
#506=PRESENTATION_STYLE_ASSIGNMENT((#505));
#507=STYLED_ITEM('',(#506),#504);
#508=DIRECTION('',(0.E0,0.E0,1.E0));
#509=VECTOR('',#508,6.714858803607E0);
#510=CARTESIAN_POINT('',(-1.405244161877E0,4.457911690818E-1,
-3.357429401804E0));
#511=LINE('',#510,#509);
#512=CURVE_STYLE('',#33,POSITIVE_LENGTH_MEASURE(2.E-2),#3);
#513=PRESENTATION_STYLE_ASSIGNMENT((#512));
#514=STYLED_ITEM('',(#513),#511);
#515=DIRECTION('',(-2.035585949528E-1,-9.576678948580E-1,2.035585949528E-1));
#516=VECTOR('',#515,4.653818082701E-1);
#517=CARTESIAN_POINT('',(-1.405244161877E0,4.457911690818E-1,3.357429401804E0));
#518=LINE('',#517,#516);
#519=CURVE_STYLE('',#33,POSITIVE_LENGTH_MEASURE(2.E-2),#3);
#520=PRESENTATION_STYLE_ASSIGNMENT((#519));
#521=STYLED_ITEM('',(#520),#518);
#522=CARTESIAN_POINT('',(-1.5E0,0.E0,3.45E0));
#523=CARTESIAN_POINT('',(-1.5E0,0.E0,3.450722566200E0));
#524=CARTESIAN_POINT('',(-1.499992169645E0,3.683892593529E-5,3.451443179163E0));
#525=CARTESIAN_POINT('',(-1.499976628885E0,1.099524505757E-4,3.452161868812E0));
#527=CURVE_STYLE('',#33,POSITIVE_LENGTH_MEASURE(2.E-2),#3);
#528=PRESENTATION_STYLE_ASSIGNMENT((#527));
#529=STYLED_ITEM('',(#528),#526);
#530=DIRECTION('',(0.E0,0.E0,1.E0));
#531=VECTOR('',#530,6.9E0);
#532=CARTESIAN_POINT('',(-1.5E0,0.E0,-3.45E0));
#533=LINE('',#532,#531);
#534=CURVE_STYLE('',#33,POSITIVE_LENGTH_MEASURE(2.E-2),#3);
#535=PRESENTATION_STYLE_ASSIGNMENT((#534));
#536=STYLED_ITEM('',(#535),#533);
#537=CARTESIAN_POINT('',(-1.499976628885E0,1.099524505757E-4,
-3.452161868812E0));
#538=CARTESIAN_POINT('',(-1.499992169645E0,3.683892593529E-5,
-3.451443179163E0));
#539=CARTESIAN_POINT('',(-1.5E0,0.E0,-3.450722566200E0));
#540=CARTESIAN_POINT('',(-1.5E0,0.E0,-3.45E0));
#542=CURVE_STYLE('',#33,POSITIVE_LENGTH_MEASURE(2.E-2),#3);
#543=PRESENTATION_STYLE_ASSIGNMENT((#542));
#544=STYLED_ITEM('',(#543),#541);
#545=DIRECTION('',(-2.035585949528E-1,-9.576678948580E-1,-2.035585949528E-1));
#546=VECTOR('',#545,4.653818082701E-1);
#547=CARTESIAN_POINT('',(-1.405244161877E0,4.457911690818E-1,
-3.357429401804E0));
#548=LINE('',#547,#546);
#549=CURVE_STYLE('',#33,POSITIVE_LENGTH_MEASURE(2.E-2),#3);
#550=PRESENTATION_STYLE_ASSIGNMENT((#549));
#551=STYLED_ITEM('',(#550),#548);
#552=CARTESIAN_POINT('',(-1.307429401804E0,4.25E-1,-3.357429401804E0));
#553=DIRECTION('',(2.035585949528E-1,9.576678948580E-1,2.035585949528E-1));
#554=DIRECTION('',(0.E0,2.079116908178E-1,-9.781476007338E-1));
#555=AXIS2_PLACEMENT_3D('',#552,#553,#554);
#557=CURVE_STYLE('',#33,POSITIVE_LENGTH_MEASURE(2.E-2),#3);
#558=PRESENTATION_STYLE_ASSIGNMENT((#557));
#559=STYLED_ITEM('',(#558),#556);
#560=CARTESIAN_POINT('',(-1.307429401804E0,4.25E-1,-3.357429401804E0));
#561=DIRECTION('',(-1.E0,0.E0,0.E0));
#562=DIRECTION('',(0.E0,1.E0,0.E0));
#563=AXIS2_PLACEMENT_3D('',#560,#561,#562);
#565=CURVE_STYLE('',#33,POSITIVE_LENGTH_MEASURE(2.E-2),#3);
#566=PRESENTATION_STYLE_ASSIGNMENT((#565));
#567=STYLED_ITEM('',(#566),#564);
#568=CARTESIAN_POINT('',(-1.307429401804E0,4.25E-1,-3.357429401804E0));
#569=DIRECTION('',(0.E0,0.E0,-1.E0));
#570=DIRECTION('',(-9.781476007338E-1,2.079116908178E-1,0.E0));
#571=AXIS2_PLACEMENT_3D('',#568,#569,#570);
#573=CURVE_STYLE('',#33,POSITIVE_LENGTH_MEASURE(2.E-2),#3);
#574=PRESENTATION_STYLE_ASSIGNMENT((#573));
#575=STYLED_ITEM('',(#574),#572);
#576=CARTESIAN_POINT('',(-1.499976628885E0,-1.501099524506E-1,
-3.452161868812E0));
#577=CARTESIAN_POINT('',(-1.499756926055E0,-1.511435729985E-1,
-3.462322128377E0));
#578=CARTESIAN_POINT('',(-1.496195995320E0,-1.528802164750E-1,
-3.482584742378E0));
#579=CARTESIAN_POINT('',(-1.481941919426E0,-1.542511780825E-1,
-3.510023658365E0));
#580=CARTESIAN_POINT('',(-1.460023658365E0,-1.542511780825E-1,
-3.531941919426E0));
#581=CARTESIAN_POINT('',(-1.432584742378E0,-1.528802164750E-1,
-3.546195995320E0));
#582=CARTESIAN_POINT('',(-1.412322128377E0,-1.511435729985E-1,
-3.549756926055E0));
#583=CARTESIAN_POINT('',(-1.402161868812E0,-1.501099524506E-1,
-3.549976628885E0));
#585=CURVE_STYLE('',#33,POSITIVE_LENGTH_MEASURE(2.E-2),#3);
#586=PRESENTATION_STYLE_ASSIGNMENT((#585));
#587=STYLED_ITEM('',(#586),#584);
#588=CARTESIAN_POINT('',(-1.402161868812E0,1.099524505779E-4,
-3.549976628885E0));
#589=CARTESIAN_POINT('',(-1.412322128377E0,1.143572998451E-3,
-3.549756926055E0));
#590=CARTESIAN_POINT('',(-1.432584742378E0,2.880216475046E-3,
-3.546195995320E0));
#591=CARTESIAN_POINT('',(-1.460023658365E0,4.251178082525E-3,
-3.531941919426E0));
#592=CARTESIAN_POINT('',(-1.481941919426E0,4.251178082525E-3,
-3.510023658365E0));
#593=CARTESIAN_POINT('',(-1.496195995320E0,2.880216475045E-3,
-3.482584742378E0));
#594=CARTESIAN_POINT('',(-1.499756926055E0,1.143572998450E-3,
-3.462322128377E0));
#595=CARTESIAN_POINT('',(-1.499976628885E0,1.099524505768E-4,
-3.452161868812E0));
#597=CURVE_STYLE('',#33,POSITIVE_LENGTH_MEASURE(2.E-2),#3);
#598=PRESENTATION_STYLE_ASSIGNMENT((#597));
#599=STYLED_ITEM('',(#598),#596);
#600=DIRECTION('',(0.E0,-1.E0,0.E0));
#601=VECTOR('',#600,1.5E-1);
#602=CARTESIAN_POINT('',(-1.5E0,0.E0,-3.45E0));
#603=LINE('',#602,#601);
#604=CURVE_STYLE('',#33,POSITIVE_LENGTH_MEASURE(2.E-2),#3);
#605=PRESENTATION_STYLE_ASSIGNMENT((#604));
#606=STYLED_ITEM('',(#605),#603);
#607=DIRECTION('',(0.E0,-1.E0,0.E0));
#608=VECTOR('',#607,1.5E-1);
#609=CARTESIAN_POINT('',(-1.5E0,0.E0,3.45E0));
#610=LINE('',#609,#608);
#611=CURVE_STYLE('',#33,POSITIVE_LENGTH_MEASURE(2.E-2),#3);
#612=PRESENTATION_STYLE_ASSIGNMENT((#611));
#613=STYLED_ITEM('',(#612),#610);
#614=DIRECTION('',(0.E0,0.E0,1.E0));
#615=VECTOR('',#614,6.9E0);
#616=CARTESIAN_POINT('',(-1.5E0,-1.5E-1,-3.45E0));
#617=LINE('',#616,#615);
#618=CURVE_STYLE('',#33,POSITIVE_LENGTH_MEASURE(2.E-2),#3);
#619=PRESENTATION_STYLE_ASSIGNMENT((#618));
#620=STYLED_ITEM('',(#619),#617);
#621=DIRECTION('',(0.E0,0.E0,1.E0));
#622=VECTOR('',#621,6.714858803607E0);
#623=CARTESIAN_POINT('',(-1.307429401804E0,5.25E-1,-3.357429401804E0));
#624=LINE('',#623,#622);
#625=CURVE_STYLE('',#33,POSITIVE_LENGTH_MEASURE(2.E-2),#3);
#626=PRESENTATION_STYLE_ASSIGNMENT((#625));
#627=STYLED_ITEM('',(#626),#624);
#628=DIRECTION('',(-1.E0,0.E0,0.E0));
#629=VECTOR('',#628,2.614858803607E0);
#630=CARTESIAN_POINT('',(1.307429401804E0,5.25E-1,-3.357429401804E0));
#631=LINE('',#630,#629);
#632=CURVE_STYLE('',#33,POSITIVE_LENGTH_MEASURE(2.E-2),#3);
#633=PRESENTATION_STYLE_ASSIGNMENT((#632));
#634=STYLED_ITEM('',(#633),#631);
#635=DIRECTION('',(0.E0,0.E0,-1.E0));
#636=VECTOR('',#635,6.714858803607E0);
#637=CARTESIAN_POINT('',(1.307429401804E0,5.25E-1,3.357429401804E0));
#638=LINE('',#637,#636);
#639=CURVE_STYLE('',#33,POSITIVE_LENGTH_MEASURE(2.E-2),#3);
#640=PRESENTATION_STYLE_ASSIGNMENT((#639));
#641=STYLED_ITEM('',(#640),#638);
#642=DIRECTION('',(1.E0,0.E0,0.E0));
#643=VECTOR('',#642,2.614858803607E0);
#644=CARTESIAN_POINT('',(-1.307429401804E0,5.25E-1,3.357429401804E0));
#645=LINE('',#644,#643);
#646=CURVE_STYLE('',#33,POSITIVE_LENGTH_MEASURE(2.E-2),#3);
#647=PRESENTATION_STYLE_ASSIGNMENT((#646));
#648=STYLED_ITEM('',(#647),#645);
#649=CARTESIAN_POINT('',(1.307429401804E0,4.25E-1,-3.357429401804E0));
#650=DIRECTION('',(1.E0,0.E0,0.E0));
#651=DIRECTION('',(0.E0,2.079116908178E-1,-9.781476007338E-1));
#652=AXIS2_PLACEMENT_3D('',#649,#650,#651);
#654=CURVE_STYLE('',#33,POSITIVE_LENGTH_MEASURE(2.E-2),#3);
#655=PRESENTATION_STYLE_ASSIGNMENT((#654));
#656=STYLED_ITEM('',(#655),#653);
#657=CARTESIAN_POINT('',(1.307429401804E0,4.25E-1,-3.357429401804E0));
#658=DIRECTION('',(-2.035585949528E-1,9.576678948580E-1,2.035585949528E-1));
#659=DIRECTION('',(9.781476007338E-1,2.079116908178E-1,0.E0));
#660=AXIS2_PLACEMENT_3D('',#657,#658,#659);
#662=CURVE_STYLE('',#33,POSITIVE_LENGTH_MEASURE(2.E-2),#3);
#663=PRESENTATION_STYLE_ASSIGNMENT((#662));
#664=STYLED_ITEM('',(#663),#661);
#665=CARTESIAN_POINT('',(1.307429401804E0,4.25E-1,-3.357429401804E0));
#666=DIRECTION('',(0.E0,0.E0,-1.E0));
#667=DIRECTION('',(0.E0,1.E0,0.E0));
#668=AXIS2_PLACEMENT_3D('',#665,#666,#667);
#670=CURVE_STYLE('',#33,POSITIVE_LENGTH_MEASURE(2.E-2),#3);
#671=PRESENTATION_STYLE_ASSIGNMENT((#670));
#672=STYLED_ITEM('',(#671),#669);
#673=CARTESIAN_POINT('',(-1.307429401804E0,4.25E-1,3.357429401804E0));
#674=DIRECTION('',(2.035585949528E-1,9.576678948580E-1,-2.035585949528E-1));
#675=DIRECTION('',(-9.781476007338E-1,2.079116908178E-1,0.E0));
#676=AXIS2_PLACEMENT_3D('',#673,#674,#675);
#678=CURVE_STYLE('',#33,POSITIVE_LENGTH_MEASURE(2.E-2),#3);
#679=PRESENTATION_STYLE_ASSIGNMENT((#678));
#680=STYLED_ITEM('',(#679),#677);
#681=CARTESIAN_POINT('',(-1.307429401804E0,4.25E-1,3.357429401804E0));
#682=DIRECTION('',(0.E0,0.E0,1.E0));
#683=DIRECTION('',(0.E0,1.E0,0.E0));
#684=AXIS2_PLACEMENT_3D('',#681,#682,#683);
#686=CURVE_STYLE('',#33,POSITIVE_LENGTH_MEASURE(2.E-2),#3);
#687=PRESENTATION_STYLE_ASSIGNMENT((#686));
#688=STYLED_ITEM('',(#687),#685);
#689=CARTESIAN_POINT('',(-1.307429401804E0,4.25E-1,3.357429401804E0));
#690=DIRECTION('',(-1.E0,0.E0,0.E0));
#691=DIRECTION('',(0.E0,2.079116908178E-1,9.781476007338E-1));
#692=AXIS2_PLACEMENT_3D('',#689,#690,#691);
#694=CURVE_STYLE('',#33,POSITIVE_LENGTH_MEASURE(2.E-2),#3);
#695=PRESENTATION_STYLE_ASSIGNMENT((#694));
#696=STYLED_ITEM('',(#695),#693);
#697=DIRECTION('',(-2.035585949528E-1,-9.576678948580E-1,-2.035585949528E-1));
#698=VECTOR('',#697,2.043309770348E-1);
#699=CARTESIAN_POINT('',(1.402161868812E0,-1.501099524506E-1,3.549976628885E0));
#700=LINE('',#699,#698);
#701=CURVE_STYLE('',#33,POSITIVE_LENGTH_MEASURE(2.E-2),#3);
#702=PRESENTATION_STYLE_ASSIGNMENT((#701));
#703=STYLED_ITEM('',(#702),#700);
#704=DIRECTION('',(-1.E0,0.E0,0.E0));
#705=VECTOR('',#704,2.721137084442E0);
#706=CARTESIAN_POINT('',(1.360568542221E0,-3.457911690818E-1,3.508383302295E0));
#707=LINE('',#706,#705);
#708=CURVE_STYLE('',#33,POSITIVE_LENGTH_MEASURE(2.E-2),#3);
#709=PRESENTATION_STYLE_ASSIGNMENT((#708));
#710=STYLED_ITEM('',(#709),#707);
#711=DIRECTION('',(2.035585949528E-1,-9.576678948580E-1,-2.035585949528E-1));
#712=VECTOR('',#711,2.043309770348E-1);
#713=CARTESIAN_POINT('',(-1.402161868812E0,-1.501099524506E-1,
3.549976628885E0));
#714=LINE('',#713,#712);
#715=CURVE_STYLE('',#33,POSITIVE_LENGTH_MEASURE(2.E-2),#3);
#716=PRESENTATION_STYLE_ASSIGNMENT((#715));
#717=STYLED_ITEM('',(#716),#714);
#718=CARTESIAN_POINT('',(-1.4E0,-1.5E-1,3.55E0));
#719=CARTESIAN_POINT('',(-1.400722566200E0,-1.5E-1,3.55E0));
#720=CARTESIAN_POINT('',(-1.401443179163E0,-1.500368389259E-1,
3.549992169645E0));
#721=CARTESIAN_POINT('',(-1.402161868812E0,-1.501099524506E-1,
3.549976628885E0));
#723=CURVE_STYLE('',#33,POSITIVE_LENGTH_MEASURE(2.E-2),#3);
#724=PRESENTATION_STYLE_ASSIGNMENT((#723));
#725=STYLED_ITEM('',(#724),#722);
#726=CARTESIAN_POINT('',(1.402161868812E0,-1.501099524506E-1,3.549976628885E0));
#727=CARTESIAN_POINT('',(1.401443179163E0,-1.500368389259E-1,3.549992169645E0));
#728=CARTESIAN_POINT('',(1.400722566200E0,-1.5E-1,3.55E0));
#729=CARTESIAN_POINT('',(1.4E0,-1.5E-1,3.55E0));
#731=CURVE_STYLE('',#33,POSITIVE_LENGTH_MEASURE(2.E-2),#3);
#732=PRESENTATION_STYLE_ASSIGNMENT((#731));
#733=STYLED_ITEM('',(#732),#730);
#734=CARTESIAN_POINT('',(1.360568542221E0,-3.25E-1,-3.410568542221E0));
#735=DIRECTION('',(0.E0,0.E0,-1.E0));
#736=DIRECTION('',(9.781476007338E-1,-2.079116908178E-1,0.E0));
#737=AXIS2_PLACEMENT_3D('',#734,#735,#736);
#739=CURVE_STYLE('',#33,POSITIVE_LENGTH_MEASURE(2.E-2),#3);
#740=PRESENTATION_STYLE_ASSIGNMENT((#739));
#741=STYLED_ITEM('',(#740),#738);
#742=CARTESIAN_POINT('',(1.360568542221E0,-3.25E-1,-3.410568542221E0));
#743=DIRECTION('',(-2.035585949528E-1,-9.576678948580E-1,2.035585949528E-1));
#744=DIRECTION('',(0.E0,-2.079116908178E-1,-9.781476007338E-1));
#745=AXIS2_PLACEMENT_3D('',#742,#743,#744);
#747=CURVE_STYLE('',#33,POSITIVE_LENGTH_MEASURE(2.E-2),#3);
#748=PRESENTATION_STYLE_ASSIGNMENT((#747));
#749=STYLED_ITEM('',(#748),#746);
#750=CARTESIAN_POINT('',(1.360568542221E0,-3.25E-1,-3.410568542221E0));
#751=DIRECTION('',(1.E0,0.E0,0.E0));
#752=DIRECTION('',(0.E0,-1.E0,0.E0));
#753=AXIS2_PLACEMENT_3D('',#750,#751,#752);
#755=CURVE_STYLE('',#33,POSITIVE_LENGTH_MEASURE(2.E-2),#3);
#756=PRESENTATION_STYLE_ASSIGNMENT((#755));
#757=STYLED_ITEM('',(#756),#754);
#758=CARTESIAN_POINT('',(-1.360568542221E0,-3.25E-1,-3.410568542221E0));
#759=DIRECTION('',(-1.E0,0.E0,0.E0));
#760=DIRECTION('',(0.E0,-2.079116908178E-1,-9.781476007338E-1));
#761=AXIS2_PLACEMENT_3D('',#758,#759,#760);
#763=CURVE_STYLE('',#33,POSITIVE_LENGTH_MEASURE(2.E-2),#3);
#764=PRESENTATION_STYLE_ASSIGNMENT((#763));
#765=STYLED_ITEM('',(#764),#762);
#766=CARTESIAN_POINT('',(-1.360568542221E0,-3.25E-1,-3.410568542221E0));
#767=DIRECTION('',(2.035585949528E-1,-9.576678948580E-1,2.035585949528E-1));
#768=DIRECTION('',(-9.781476007338E-1,-2.079116908178E-1,0.E0));
#769=AXIS2_PLACEMENT_3D('',#766,#767,#768);
#771=CURVE_STYLE('',#33,POSITIVE_LENGTH_MEASURE(2.E-2),#3);
#772=PRESENTATION_STYLE_ASSIGNMENT((#771));
#773=STYLED_ITEM('',(#772),#770);
#774=CARTESIAN_POINT('',(-1.360568542221E0,-3.25E-1,-3.410568542221E0));
#775=DIRECTION('',(0.E0,0.E0,-1.E0));
#776=DIRECTION('',(0.E0,-1.E0,0.E0));
#777=AXIS2_PLACEMENT_3D('',#774,#775,#776);
#779=CURVE_STYLE('',#33,POSITIVE_LENGTH_MEASURE(2.E-2),#3);
#780=PRESENTATION_STYLE_ASSIGNMENT((#779));
#781=STYLED_ITEM('',(#780),#778);
#782=CARTESIAN_POINT('',(-1.458383302295E0,-3.457911690818E-1,
3.410568542221E0));
#783=CARTESIAN_POINT('',(-1.458383302295E0,-3.457911690818E-1,
-3.410568542221E0));
#784=VERTEX_POINT('',#782);
#785=VERTEX_POINT('',#783);
#786=CARTESIAN_POINT('',(-1.360568542221E0,-4.25E-1,3.410568542221E0));
#787=CARTESIAN_POINT('',(-1.360568542221E0,-4.25E-1,-3.410568542221E0));
#788=VERTEX_POINT('',#786);
#789=VERTEX_POINT('',#787);
#790=CARTESIAN_POINT('',(-1.405244161877E0,4.457911690818E-1,
-3.357429401804E0));
#791=CARTESIAN_POINT('',(-1.405244161877E0,4.457911690818E-1,3.357429401804E0));
#792=VERTEX_POINT('',#790);
#793=VERTEX_POINT('',#791);
#794=CARTESIAN_POINT('',(-1.307429401804E0,5.25E-1,-3.357429401804E0));
#795=CARTESIAN_POINT('',(-1.307429401804E0,5.25E-1,3.357429401804E0));
#796=VERTEX_POINT('',#794);
#797=VERTEX_POINT('',#795);
#798=CARTESIAN_POINT('',(1.405244161877E0,4.457911690818E-1,3.357429401804E0));
#799=CARTESIAN_POINT('',(1.405244161877E0,4.457911690818E-1,-3.357429401804E0));
#800=VERTEX_POINT('',#798);
#801=VERTEX_POINT('',#799);
#802=CARTESIAN_POINT('',(1.307429401804E0,5.25E-1,3.357429401804E0));
#803=CARTESIAN_POINT('',(1.307429401804E0,5.25E-1,-3.357429401804E0));
#804=VERTEX_POINT('',#802);
#805=VERTEX_POINT('',#803);
#806=CARTESIAN_POINT('',(1.499976628885E0,-1.501099524506E-1,
-3.452161868812E0));
#807=CARTESIAN_POINT('',(1.458383302295E0,-3.457911690818E-1,
-3.410568542221E0));
#808=VERTEX_POINT('',#806);
#809=VERTEX_POINT('',#807);
#810=CARTESIAN_POINT('',(1.402161868812E0,-1.501099524506E-1,
-3.549976628885E0));
#811=CARTESIAN_POINT('',(1.360568542221E0,-3.457911690818E-1,
-3.508383302295E0));
#812=VERTEX_POINT('',#810);
#813=VERTEX_POINT('',#811);
#814=CARTESIAN_POINT('',(1.4E0,0.E0,-3.55E0));
#815=CARTESIAN_POINT('',(1.4E0,-1.5E-1,-3.55E0));
#816=VERTEX_POINT('',#814);
#817=VERTEX_POINT('',#815);
#818=VERTEX_POINT('',#164);
#819=CARTESIAN_POINT('',(1.5E0,0.E0,-3.45E0));
#820=VERTEX_POINT('',#819);
#821=VERTEX_POINT('',#413);
#822=VERTEX_POINT('',#352);
#823=CARTESIAN_POINT('',(1.307429401804E0,4.457911690818E-1,-3.455244161877E0));
#824=VERTEX_POINT('',#823);
#825=CARTESIAN_POINT('',(-1.307429401804E0,4.457911690818E-1,
-3.455244161877E0));
#826=VERTEX_POINT('',#825);
#827=CARTESIAN_POINT('',(-1.499976628885E0,1.099524505768E-4,
-3.452161868812E0));
#828=VERTEX_POINT('',#827);
#829=CARTESIAN_POINT('',(-1.402161868812E0,1.099524505779E-4,
-3.549976628885E0));
#830=VERTEX_POINT('',#829);
#831=CARTESIAN_POINT('',(-1.5E0,0.E0,-3.45E0));
#832=CARTESIAN_POINT('',(-1.5E0,-1.5E-1,-3.45E0));
#833=VERTEX_POINT('',#831);
#834=VERTEX_POINT('',#832);
#835=VERTEX_POINT('',#75);
#836=VERTEX_POINT('',#110);
#837=VERTEX_POINT('',#113);
#838=CARTESIAN_POINT('',(-1.4E0,0.E0,-3.55E0));
#839=VERTEX_POINT('',#838);
#840=CARTESIAN_POINT('',(-1.360568542221E0,-3.457911690818E-1,
-3.508383302295E0));
#841=VERTEX_POINT('',#840);
#842=CARTESIAN_POINT('',(1.360568542221E0,-4.25E-1,-3.410568542221E0));
#843=VERTEX_POINT('',#842);
#844=CARTESIAN_POINT('',(1.360568542221E0,-4.25E-1,3.410568542221E0));
#845=VERTEX_POINT('',#844);
#846=CARTESIAN_POINT('',(1.458383302295E0,-3.457911690818E-1,3.410568542221E0));
#847=VERTEX_POINT('',#846);
#848=CARTESIAN_POINT('',(1.402161868812E0,-1.501099524506E-1,3.549976628885E0));
#849=CARTESIAN_POINT('',(1.360568542221E0,-3.457911690818E-1,3.508383302295E0));
#850=VERTEX_POINT('',#848);
#851=VERTEX_POINT('',#849);
#852=CARTESIAN_POINT('',(1.499976628885E0,-1.501099524506E-1,3.452161868812E0));
#853=VERTEX_POINT('',#852);
#854=CARTESIAN_POINT('',(1.5E0,0.E0,3.45E0));
#855=CARTESIAN_POINT('',(1.5E0,-1.5E-1,3.45E0));
#856=VERTEX_POINT('',#854);
#857=VERTEX_POINT('',#855);
#858=VERTEX_POINT('',#729);
#859=CARTESIAN_POINT('',(1.4E0,0.E0,3.55E0));
#860=VERTEX_POINT('',#859);
#861=VERTEX_POINT('',#467);
#862=VERTEX_POINT('',#425);
#863=CARTESIAN_POINT('',(1.307429401804E0,4.457911690818E-1,3.455244161877E0));
#864=VERTEX_POINT('',#863);
#865=CARTESIAN_POINT('',(-1.307429401804E0,4.457911690818E-1,3.455244161877E0));
#866=VERTEX_POINT('',#865);
#867=CARTESIAN_POINT('',(-1.402161868812E0,1.099524505773E-4,3.549976628885E0));
#868=VERTEX_POINT('',#867);
#869=CARTESIAN_POINT('',(-1.499976628885E0,1.099524505765E-4,3.452161868812E0));
#870=VERTEX_POINT('',#869);
#871=CARTESIAN_POINT('',(-1.4E0,0.E0,3.55E0));
#872=CARTESIAN_POINT('',(-1.4E0,-1.5E-1,3.55E0));
#873=VERTEX_POINT('',#871);
#874=VERTEX_POINT('',#872);
#875=VERTEX_POINT('',#721);
#876=VERTEX_POINT('',#80);
#877=VERTEX_POINT('',#83);
#878=CARTESIAN_POINT('',(-1.5E0,0.E0,3.45E0));
#879=VERTEX_POINT('',#878);
#880=CARTESIAN_POINT('',(-1.360568542221E0,-3.457911690818E-1,
3.508383302295E0));
#881=VERTEX_POINT('',#880);
#882=CARTESIAN_POINT('',(0.E0,-4.25E-1,0.E0));
#883=DIRECTION('',(0.E0,1.E0,0.E0));
#884=DIRECTION('',(1.E0,0.E0,0.E0));
#885=AXIS2_PLACEMENT_3D('',#882,#883,#884);
#886=PLANE('',#885);
#888=ORIENTED_EDGE('',*,*,#887,.F.);
#890=ORIENTED_EDGE('',*,*,#889,.F.);
#892=ORIENTED_EDGE('',*,*,#891,.F.);
#894=ORIENTED_EDGE('',*,*,#893,.F.);
#895=EDGE_LOOP('',(#888,#890,#892,#894));
#896=FACE_OUTER_BOUND('',#895,.F.);
#898=CARTESIAN_POINT('',(-1.360568542221E0,-3.25E-1,1.280556E1));
#899=DIRECTION('',(0.E0,0.E0,-1.E0));
#900=DIRECTION('',(0.E0,-1.E0,0.E0));
#901=AXIS2_PLACEMENT_3D('',#898,#899,#900);
#902=CYLINDRICAL_SURFACE('',#901,1.E-1);
#904=ORIENTED_EDGE('',*,*,#903,.F.);
#906=ORIENTED_EDGE('',*,*,#905,.T.);
#907=ORIENTED_EDGE('',*,*,#887,.T.);
#909=ORIENTED_EDGE('',*,*,#908,.T.);
#910=EDGE_LOOP('',(#904,#906,#907,#909));
#911=FACE_OUTER_BOUND('',#910,.F.);
#913=CARTESIAN_POINT('',(-1.5E0,-1.5E-1,-3.55E0));
#914=DIRECTION('',(-9.781476007338E-1,-2.079116908178E-1,0.E0));
#915=DIRECTION('',(0.E0,0.E0,1.E0));
#916=AXIS2_PLACEMENT_3D('',#913,#914,#915);
#917=PLANE('',#916);
#918=ORIENTED_EDGE('',*,*,#903,.T.);
#920=ORIENTED_EDGE('',*,*,#919,.F.);
#922=ORIENTED_EDGE('',*,*,#921,.F.);
#924=ORIENTED_EDGE('',*,*,#923,.T.);
#926=ORIENTED_EDGE('',*,*,#925,.F.);
#928=ORIENTED_EDGE('',*,*,#927,.T.);
#929=EDGE_LOOP('',(#918,#920,#922,#924,#926,#928));
#930=FACE_OUTER_BOUND('',#929,.F.);
#932=CARTESIAN_POINT('',(-1.804475916744E0,1.76342E0,-3.854475916744E0));
#933=DIRECTION('',(2.035585949528E-1,-9.576678948580E-1,2.035585949528E-1));
#934=DIRECTION('',(-9.781476007338E-1,-2.079116908178E-1,0.E0));
#935=AXIS2_PLACEMENT_3D('',#932,#933,#934);
#936=CYLINDRICAL_SURFACE('',#935,1.E-1);
#938=ORIENTED_EDGE('',*,*,#937,.F.);
#940=ORIENTED_EDGE('',*,*,#939,.F.);
#941=ORIENTED_EDGE('',*,*,#919,.T.);
#943=ORIENTED_EDGE('',*,*,#942,.T.);
#944=EDGE_LOOP('',(#938,#940,#941,#943));
#945=FACE_OUTER_BOUND('',#944,.F.);
#947=CARTESIAN_POINT('',(1.5E0,-1.5E-1,-3.55E0));
#948=DIRECTION('',(0.E0,-2.079116908178E-1,-9.781476007338E-1));
#949=DIRECTION('',(-1.E0,0.E0,0.E0));
#950=AXIS2_PLACEMENT_3D('',#947,#948,#949);
#951=PLANE('',#950);
#953=ORIENTED_EDGE('',*,*,#952,.F.);
#955=ORIENTED_EDGE('',*,*,#954,.F.);
#957=ORIENTED_EDGE('',*,*,#956,.T.);
#959=ORIENTED_EDGE('',*,*,#958,.F.);
#960=ORIENTED_EDGE('',*,*,#937,.T.);
#962=ORIENTED_EDGE('',*,*,#961,.T.);
#963=EDGE_LOOP('',(#953,#955,#957,#959,#960,#962));
#964=FACE_OUTER_BOUND('',#963,.F.);
#966=CARTESIAN_POINT('',(1.804475916744E0,1.76342E0,-3.854475916744E0));
#967=DIRECTION('',(-2.035585949528E-1,-9.576678948580E-1,2.035585949528E-1));
#968=DIRECTION('',(0.E0,-2.079116908178E-1,-9.781476007338E-1));
#969=AXIS2_PLACEMENT_3D('',#966,#967,#968);
#970=CYLINDRICAL_SURFACE('',#969,1.E-1);
#972=ORIENTED_EDGE('',*,*,#971,.F.);
#974=ORIENTED_EDGE('',*,*,#973,.F.);
#975=ORIENTED_EDGE('',*,*,#952,.T.);
#977=ORIENTED_EDGE('',*,*,#976,.T.);
#978=EDGE_LOOP('',(#972,#974,#975,#977));
#979=FACE_OUTER_BOUND('',#978,.F.);
#981=CARTESIAN_POINT('',(1.5E0,-1.5E-1,3.55E0));
#982=DIRECTION('',(9.781476007338E-1,-2.079116908178E-1,0.E0));
#983=DIRECTION('',(0.E0,0.E0,-1.E0));
#984=AXIS2_PLACEMENT_3D('',#981,#982,#983);
#985=PLANE('',#984);
#986=ORIENTED_EDGE('',*,*,#971,.T.);
#988=ORIENTED_EDGE('',*,*,#987,.T.);
#990=ORIENTED_EDGE('',*,*,#989,.F.);
#992=ORIENTED_EDGE('',*,*,#991,.F.);
#994=ORIENTED_EDGE('',*,*,#993,.T.);
#996=ORIENTED_EDGE('',*,*,#995,.F.);
#997=EDGE_LOOP('',(#986,#988,#990,#992,#994,#996));
#998=FACE_OUTER_BOUND('',#997,.F.);
#1000=CARTESIAN_POINT('',(1.360568542221E0,-3.25E-1,-1.280556E1));
#1001=DIRECTION('',(0.E0,0.E0,1.E0));
#1002=DIRECTION('',(0.E0,-1.E0,0.E0));
#1003=AXIS2_PLACEMENT_3D('',#1000,#1001,#1002);
#1004=CYLINDRICAL_SURFACE('',#1003,1.E-1);
#1005=ORIENTED_EDGE('',*,*,#891,.T.);
#1007=ORIENTED_EDGE('',*,*,#1006,.T.);
#1008=ORIENTED_EDGE('',*,*,#987,.F.);
#1010=ORIENTED_EDGE('',*,*,#1009,.T.);
#1011=EDGE_LOOP('',(#1005,#1007,#1008,#1010));
#1012=FACE_OUTER_BOUND('',#1011,.F.);
#1014=CARTESIAN_POINT('',(1.360568542221E0,-3.25E-1,3.410568542221E0));
#1015=DIRECTION('',(7.071067811865E-1,0.E0,-7.071067811865E-1));
#1016=DIRECTION('',(6.771734625787E-1,-2.878753257198E-1,6.771734625787E-1));
#1017=AXIS2_PLACEMENT_3D('',#1014,#1015,#1016);
#1018=SPHERICAL_SURFACE('',#1017,1.E-1);
#1020=ORIENTED_EDGE('',*,*,#1019,.F.);
#1022=ORIENTED_EDGE('',*,*,#1021,.F.);
#1023=ORIENTED_EDGE('',*,*,#1006,.F.);
#1024=EDGE_LOOP('',(#1020,#1022,#1023));
#1025=FACE_OUTER_BOUND('',#1024,.F.);
#1027=CARTESIAN_POINT('',(5.4108E0,-3.25E-1,3.410568542221E0));
#1028=DIRECTION('',(-1.E0,0.E0,0.E0));
#1029=DIRECTION('',(0.E0,-1.E0,0.E0));
#1030=AXIS2_PLACEMENT_3D('',#1027,#1028,#1029);
#1031=CYLINDRICAL_SURFACE('',#1030,1.E-1);
#1032=ORIENTED_EDGE('',*,*,#889,.T.);
#1034=ORIENTED_EDGE('',*,*,#1033,.T.);
#1036=ORIENTED_EDGE('',*,*,#1035,.F.);
#1037=ORIENTED_EDGE('',*,*,#1019,.T.);
#1038=EDGE_LOOP('',(#1032,#1034,#1036,#1037));
#1039=FACE_OUTER_BOUND('',#1038,.F.);
#1041=CARTESIAN_POINT('',(-1.360568542221E0,-3.25E-1,3.410568542221E0));
#1042=DIRECTION('',(7.071067811865E-1,0.E0,7.071067811865E-1));
#1043=DIRECTION('',(-6.771734625787E-1,-2.878753257198E-1,6.771734625787E-1));
#1044=AXIS2_PLACEMENT_3D('',#1041,#1042,#1043);
#1045=SPHERICAL_SURFACE('',#1044,1.E-1);
#1046=ORIENTED_EDGE('',*,*,#1033,.F.);
#1047=ORIENTED_EDGE('',*,*,#905,.F.);
#1049=ORIENTED_EDGE('',*,*,#1048,.F.);
#1050=EDGE_LOOP('',(#1046,#1047,#1049));
#1051=FACE_OUTER_BOUND('',#1050,.F.);
#1053=CARTESIAN_POINT('',(-1.804475916744E0,1.76342E0,3.854475916744E0));
#1054=DIRECTION('',(2.035585949528E-1,-9.576678948580E-1,-2.035585949528E-1));
#1055=DIRECTION('',(0.E0,-2.079116908178E-1,9.781476007338E-1));
#1056=AXIS2_PLACEMENT_3D('',#1053,#1054,#1055);
#1057=CYLINDRICAL_SURFACE('',#1056,1.E-1);
#1058=ORIENTED_EDGE('',*,*,#927,.F.);
#1060=ORIENTED_EDGE('',*,*,#1059,.F.);
#1062=ORIENTED_EDGE('',*,*,#1061,.T.);
#1063=ORIENTED_EDGE('',*,*,#1048,.T.);
#1064=EDGE_LOOP('',(#1058,#1060,#1062,#1063));
#1065=FACE_OUTER_BOUND('',#1064,.F.);
#1067=CARTESIAN_POINT('',(-1.4E0,1.76342E0,3.45E0));
#1068=DIRECTION('',(0.E0,-1.E0,0.E0));
#1069=DIRECTION('',(0.E0,0.E0,1.E0));
#1070=AXIS2_PLACEMENT_3D('',#1067,#1068,#1069);
#1071=CYLINDRICAL_SURFACE('',#1070,1.E-1);
#1073=ORIENTED_EDGE('',*,*,#1072,.T.);
#1075=ORIENTED_EDGE('',*,*,#1074,.T.);
#1076=ORIENTED_EDGE('',*,*,#1059,.T.);
#1077=ORIENTED_EDGE('',*,*,#925,.T.);
#1079=ORIENTED_EDGE('',*,*,#1078,.F.);
#1081=ORIENTED_EDGE('',*,*,#1080,.T.);
#1083=ORIENTED_EDGE('',*,*,#1082,.T.);
#1085=ORIENTED_EDGE('',*,*,#1084,.T.);
#1086=EDGE_LOOP('',(#1073,#1075,#1076,#1077,#1079,#1081,#1083,#1085));
#1087=FACE_OUTER_BOUND('',#1086,.F.);
#1089=CARTESIAN_POINT('',(-1.5E0,-4.25E-1,3.55E0));
#1090=DIRECTION('',(0.E0,0.E0,1.E0));
#1091=DIRECTION('',(1.E0,0.E0,0.E0));
#1092=AXIS2_PLACEMENT_3D('',#1089,#1090,#1091);
#1093=PLANE('',#1092);
#1095=ORIENTED_EDGE('',*,*,#1094,.T.);
#1097=ORIENTED_EDGE('',*,*,#1096,.F.);
#1098=ORIENTED_EDGE('',*,*,#1072,.F.);
#1100=ORIENTED_EDGE('',*,*,#1099,.T.);
#1101=EDGE_LOOP('',(#1095,#1097,#1098,#1100));
#1102=FACE_OUTER_BOUND('',#1101,.F.);
#1104=CARTESIAN_POINT('',(1.4E0,1.76342E0,3.45E0));
#1105=DIRECTION('',(0.E0,-1.E0,0.E0));
#1106=DIRECTION('',(1.E0,0.E0,0.E0));
#1107=AXIS2_PLACEMENT_3D('',#1104,#1105,#1106);
#1108=CYLINDRICAL_SURFACE('',#1107,1.E-1);
#1110=ORIENTED_EDGE('',*,*,#1109,.T.);
#1111=ORIENTED_EDGE('',*,*,#991,.T.);
#1113=ORIENTED_EDGE('',*,*,#1112,.T.);
#1115=ORIENTED_EDGE('',*,*,#1114,.T.);
#1116=ORIENTED_EDGE('',*,*,#1094,.F.);
#1118=ORIENTED_EDGE('',*,*,#1117,.T.);
#1120=ORIENTED_EDGE('',*,*,#1119,.T.);
#1122=ORIENTED_EDGE('',*,*,#1121,.T.);
#1123=EDGE_LOOP('',(#1110,#1111,#1113,#1115,#1116,#1118,#1120,#1122));
#1124=FACE_OUTER_BOUND('',#1123,.F.);
#1126=CARTESIAN_POINT('',(1.5E0,-4.25E-1,3.55E0));
#1127=DIRECTION('',(1.E0,0.E0,0.E0));
#1128=DIRECTION('',(0.E0,0.E0,-1.E0));
#1129=AXIS2_PLACEMENT_3D('',#1126,#1127,#1128);
#1130=PLANE('',#1129);
#1132=ORIENTED_EDGE('',*,*,#1131,.T.);
#1133=ORIENTED_EDGE('',*,*,#993,.F.);
#1134=ORIENTED_EDGE('',*,*,#1109,.F.);
#1136=ORIENTED_EDGE('',*,*,#1135,.T.);
#1137=EDGE_LOOP('',(#1132,#1133,#1134,#1136));
#1138=FACE_OUTER_BOUND('',#1137,.F.);
#1140=CARTESIAN_POINT('',(1.4E0,1.76342E0,-3.45E0));
#1141=DIRECTION('',(0.E0,-1.E0,0.E0));
#1142=DIRECTION('',(0.E0,0.E0,-1.E0));
#1143=AXIS2_PLACEMENT_3D('',#1140,#1141,#1142);
#1144=CYLINDRICAL_SURFACE('',#1143,1.E-1);
#1146=ORIENTED_EDGE('',*,*,#1145,.T.);
#1147=ORIENTED_EDGE('',*,*,#954,.T.);
#1148=ORIENTED_EDGE('',*,*,#973,.T.);
#1149=ORIENTED_EDGE('',*,*,#995,.T.);
#1150=ORIENTED_EDGE('',*,*,#1131,.F.);
#1152=ORIENTED_EDGE('',*,*,#1151,.T.);
#1154=ORIENTED_EDGE('',*,*,#1153,.T.);
#1156=ORIENTED_EDGE('',*,*,#1155,.T.);
#1157=EDGE_LOOP('',(#1146,#1147,#1148,#1149,#1150,#1152,#1154,#1156));
#1158=FACE_OUTER_BOUND('',#1157,.F.);
#1160=CARTESIAN_POINT('',(1.5E0,-4.25E-1,-3.55E0));
#1161=DIRECTION('',(0.E0,0.E0,-1.E0));
#1162=DIRECTION('',(-1.E0,0.E0,0.E0));
#1163=AXIS2_PLACEMENT_3D('',#1160,#1161,#1162);
#1164=PLANE('',#1163);
#1165=ORIENTED_EDGE('',*,*,#1145,.F.);
#1167=ORIENTED_EDGE('',*,*,#1166,.T.);
#1169=ORIENTED_EDGE('',*,*,#1168,.T.);
#1170=ORIENTED_EDGE('',*,*,#956,.F.);
#1171=EDGE_LOOP('',(#1165,#1167,#1169,#1170));
#1172=FACE_OUTER_BOUND('',#1171,.F.);
#1174=CARTESIAN_POINT('',(1.5E0,0.E0,-3.55E0));
#1175=DIRECTION('',(0.E0,2.079116908178E-1,-9.781476007338E-1));
#1176=DIRECTION('',(-1.E0,0.E0,0.E0));
#1177=AXIS2_PLACEMENT_3D('',#1174,#1175,#1176);
#1178=PLANE('',#1177);
#1179=ORIENTED_EDGE('',*,*,#1155,.F.);
#1181=ORIENTED_EDGE('',*,*,#1180,.F.);
#1183=ORIENTED_EDGE('',*,*,#1182,.T.);
#1185=ORIENTED_EDGE('',*,*,#1184,.T.);
#1187=ORIENTED_EDGE('',*,*,#1186,.F.);
#1188=ORIENTED_EDGE('',*,*,#1166,.F.);
#1189=EDGE_LOOP('',(#1179,#1181,#1183,#1185,#1187,#1188));
#1190=FACE_OUTER_BOUND('',#1189,.F.);
#1192=CARTESIAN_POINT('',(1.022939448533E0,1.76342E0,-3.072939448533E0));
#1193=DIRECTION('',(2.035585949528E-1,-9.576678948580E-1,-2.035585949528E-1));
#1194=DIRECTION('',(0.E0,2.079116908178E-1,-9.781476007338E-1));
#1195=AXIS2_PLACEMENT_3D('',#1192,#1193,#1194);
#1196=CYLINDRICAL_SURFACE('',#1195,1.E-1);
#1197=ORIENTED_EDGE('',*,*,#1180,.T.);
#1198=ORIENTED_EDGE('',*,*,#1153,.F.);
#1200=ORIENTED_EDGE('',*,*,#1199,.F.);
#1202=ORIENTED_EDGE('',*,*,#1201,.T.);
#1203=EDGE_LOOP('',(#1197,#1198,#1200,#1202));
#1204=FACE_OUTER_BOUND('',#1203,.F.);
#1206=CARTESIAN_POINT('',(1.5E0,0.E0,3.55E0));
#1207=DIRECTION('',(9.781476007338E-1,2.079116908178E-1,0.E0));
#1208=DIRECTION('',(0.E0,0.E0,-1.E0));
#1209=AXIS2_PLACEMENT_3D('',#1206,#1207,#1208);
#1210=PLANE('',#1209);
#1212=ORIENTED_EDGE('',*,*,#1211,.T.);
#1213=ORIENTED_EDGE('',*,*,#1199,.T.);
#1214=ORIENTED_EDGE('',*,*,#1151,.F.);
#1215=ORIENTED_EDGE('',*,*,#1135,.F.);
#1216=ORIENTED_EDGE('',*,*,#1121,.F.);
#1218=ORIENTED_EDGE('',*,*,#1217,.F.);
#1219=EDGE_LOOP('',(#1212,#1213,#1214,#1215,#1216,#1218));
#1220=FACE_OUTER_BOUND('',#1219,.F.);
#1222=CARTESIAN_POINT('',(1.307429401804E0,4.25E-1,1.280556E1));
#1223=DIRECTION('',(0.E0,0.E0,-1.E0));
#1224=DIRECTION('',(0.E0,1.E0,0.E0));
#1225=AXIS2_PLACEMENT_3D('',#1222,#1223,#1224);
#1226=CYLINDRICAL_SURFACE('',#1225,1.E-1);
#1227=ORIENTED_EDGE('',*,*,#1211,.F.);
#1229=ORIENTED_EDGE('',*,*,#1228,.T.);
#1231=ORIENTED_EDGE('',*,*,#1230,.T.);
#1233=ORIENTED_EDGE('',*,*,#1232,.T.);
#1234=EDGE_LOOP('',(#1227,#1229,#1231,#1233));
#1235=FACE_OUTER_BOUND('',#1234,.F.);
#1237=CARTESIAN_POINT('',(1.307429401804E0,4.25E-1,3.357429401804E0));
#1238=DIRECTION('',(7.771459614570E-1,-6.293203910498E-1,0.E0));
#1239=DIRECTION('',(6.293203910498E-1,7.771459614570E-1,0.E0));
#1240=AXIS2_PLACEMENT_3D('',#1237,#1238,#1239);
#1241=SPHERICAL_SURFACE('',#1240,1.E-1);
#1243=ORIENTED_EDGE('',*,*,#1242,.F.);
#1244=ORIENTED_EDGE('',*,*,#1228,.F.);
#1246=ORIENTED_EDGE('',*,*,#1245,.F.);
#1247=EDGE_LOOP('',(#1243,#1244,#1246));
#1248=FACE_OUTER_BOUND('',#1247,.F.);
#1250=CARTESIAN_POINT('',(-5.4108E0,4.25E-1,3.357429401804E0));
#1251=DIRECTION('',(1.E0,0.E0,0.E0));
#1252=DIRECTION('',(0.E0,1.E0,0.E0));
#1253=AXIS2_PLACEMENT_3D('',#1250,#1251,#1252);
#1254=CYLINDRICAL_SURFACE('',#1253,1.E-1);
#1256=ORIENTED_EDGE('',*,*,#1255,.F.);
#1258=ORIENTED_EDGE('',*,*,#1257,.T.);
#1260=ORIENTED_EDGE('',*,*,#1259,.T.);
#1261=ORIENTED_EDGE('',*,*,#1242,.T.);
#1262=EDGE_LOOP('',(#1256,#1258,#1260,#1261));
#1263=FACE_OUTER_BOUND('',#1262,.F.);
#1265=CARTESIAN_POINT('',(-1.5E0,0.E0,3.55E0));
#1266=DIRECTION('',(0.E0,2.079116908178E-1,9.781476007338E-1));
#1267=DIRECTION('',(1.E0,0.E0,0.E0));
#1268=AXIS2_PLACEMENT_3D('',#1265,#1266,#1267);
#1269=PLANE('',#1268);
#1270=ORIENTED_EDGE('',*,*,#1117,.F.);
#1271=ORIENTED_EDGE('',*,*,#1099,.F.);
#1272=ORIENTED_EDGE('',*,*,#1084,.F.);
#1274=ORIENTED_EDGE('',*,*,#1273,.F.);
#1275=ORIENTED_EDGE('',*,*,#1255,.T.);
#1277=ORIENTED_EDGE('',*,*,#1276,.T.);
#1278=EDGE_LOOP('',(#1270,#1271,#1272,#1274,#1275,#1277));
#1279=FACE_OUTER_BOUND('',#1278,.F.);
#1281=CARTESIAN_POINT('',(-1.022939448533E0,1.76342E0,3.072939448533E0));
#1282=DIRECTION('',(-2.035585949528E-1,-9.576678948580E-1,2.035585949528E-1));
#1283=DIRECTION('',(0.E0,2.079116908178E-1,9.781476007338E-1));
#1284=AXIS2_PLACEMENT_3D('',#1281,#1282,#1283);
#1285=CYLINDRICAL_SURFACE('',#1284,1.E-1);
#1286=ORIENTED_EDGE('',*,*,#1273,.T.);
#1287=ORIENTED_EDGE('',*,*,#1082,.F.);
#1289=ORIENTED_EDGE('',*,*,#1288,.F.);
#1291=ORIENTED_EDGE('',*,*,#1290,.T.);
#1292=EDGE_LOOP('',(#1286,#1287,#1289,#1291));
#1293=FACE_OUTER_BOUND('',#1292,.F.);
#1295=CARTESIAN_POINT('',(-1.5E0,0.E0,-3.55E0));
#1296=DIRECTION('',(-9.781476007338E-1,2.079116908178E-1,0.E0));
#1297=DIRECTION('',(0.E0,0.E0,1.E0));
#1298=AXIS2_PLACEMENT_3D('',#1295,#1296,#1297);
#1299=PLANE('',#1298);
#1301=ORIENTED_EDGE('',*,*,#1300,.T.);
#1302=ORIENTED_EDGE('',*,*,#1288,.T.);
#1303=ORIENTED_EDGE('',*,*,#1080,.F.);
#1305=ORIENTED_EDGE('',*,*,#1304,.F.);
#1307=ORIENTED_EDGE('',*,*,#1306,.F.);
#1309=ORIENTED_EDGE('',*,*,#1308,.F.);
#1310=EDGE_LOOP('',(#1301,#1302,#1303,#1305,#1307,#1309));
#1311=FACE_OUTER_BOUND('',#1310,.F.);
#1313=CARTESIAN_POINT('',(-1.307429401804E0,4.25E-1,-1.280556E1));
#1314=DIRECTION('',(0.E0,0.E0,1.E0));
#1315=DIRECTION('',(0.E0,1.E0,0.E0));
#1316=AXIS2_PLACEMENT_3D('',#1313,#1314,#1315);
#1317=CYLINDRICAL_SURFACE('',#1316,1.E-1);
#1318=ORIENTED_EDGE('',*,*,#1300,.F.);
#1320=ORIENTED_EDGE('',*,*,#1319,.T.);
#1322=ORIENTED_EDGE('',*,*,#1321,.T.);
#1324=ORIENTED_EDGE('',*,*,#1323,.T.);
#1325=EDGE_LOOP('',(#1318,#1320,#1322,#1324));
#1326=FACE_OUTER_BOUND('',#1325,.F.);
#1328=CARTESIAN_POINT('',(-1.307429401804E0,4.25E-1,-3.357429401804E0));
#1329=DIRECTION('',(7.071067811865E-1,0.E0,-7.071067811865E-1));
#1330=DIRECTION('',(-6.771734625787E-1,2.878753257198E-1,-6.771734625787E-1));
#1331=AXIS2_PLACEMENT_3D('',#1328,#1329,#1330);
#1332=SPHERICAL_SURFACE('',#1331,1.E-1);
#1334=ORIENTED_EDGE('',*,*,#1333,.F.);
#1336=ORIENTED_EDGE('',*,*,#1335,.F.);
#1337=ORIENTED_EDGE('',*,*,#1319,.F.);
#1338=EDGE_LOOP('',(#1334,#1336,#1337));
#1339=FACE_OUTER_BOUND('',#1338,.F.);
#1341=CARTESIAN_POINT('',(-1.022939448533E0,1.76342E0,-3.072939448533E0));
#1342=DIRECTION('',(-2.035585949528E-1,-9.576678948580E-1,-2.035585949528E-1));
#1343=DIRECTION('',(-9.781476007338E-1,2.079116908178E-1,0.E0));
#1344=AXIS2_PLACEMENT_3D('',#1341,#1342,#1343);
#1345=CYLINDRICAL_SURFACE('',#1344,1.E-1);
#1346=ORIENTED_EDGE('',*,*,#1308,.T.);
#1348=ORIENTED_EDGE('',*,*,#1347,.F.);
#1349=ORIENTED_EDGE('',*,*,#1184,.F.);
#1350=ORIENTED_EDGE('',*,*,#1333,.T.);
#1351=EDGE_LOOP('',(#1346,#1348,#1349,#1350));
#1352=FACE_OUTER_BOUND('',#1351,.F.);
#1354=CARTESIAN_POINT('',(-1.4E0,1.76342E0,-3.45E0));
#1355=DIRECTION('',(0.E0,-1.E0,0.E0));
#1356=DIRECTION('',(-1.E0,0.E0,0.E0));
#1357=AXIS2_PLACEMENT_3D('',#1354,#1355,#1356);
#1358=CYLINDRICAL_SURFACE('',#1357,1.E-1);
#1360=ORIENTED_EDGE('',*,*,#1359,.T.);
#1361=ORIENTED_EDGE('',*,*,#921,.T.);
#1362=ORIENTED_EDGE('',*,*,#939,.T.);
#1363=ORIENTED_EDGE('',*,*,#958,.T.);
#1364=ORIENTED_EDGE('',*,*,#1168,.F.);
#1365=ORIENTED_EDGE('',*,*,#1186,.T.);
#1366=ORIENTED_EDGE('',*,*,#1347,.T.);
#1367=ORIENTED_EDGE('',*,*,#1306,.T.);
#1368=EDGE_LOOP('',(#1360,#1361,#1362,#1363,#1364,#1365,#1366,#1367));
#1369=FACE_OUTER_BOUND('',#1368,.F.);
#1371=CARTESIAN_POINT('',(-1.5E0,-4.25E-1,-3.55E0));
#1372=DIRECTION('',(-1.E0,0.E0,0.E0));
#1373=DIRECTION('',(0.E0,0.E0,1.E0));
#1374=AXIS2_PLACEMENT_3D('',#1371,#1372,#1373);
#1375=PLANE('',#1374);
#1376=ORIENTED_EDGE('',*,*,#1359,.F.);
#1377=ORIENTED_EDGE('',*,*,#1304,.T.);
#1378=ORIENTED_EDGE('',*,*,#1078,.T.);
#1379=ORIENTED_EDGE('',*,*,#923,.F.);
#1380=EDGE_LOOP('',(#1376,#1377,#1378,#1379));
#1381=FACE_OUTER_BOUND('',#1380,.F.);
#1383=CARTESIAN_POINT('',(5.4108E0,4.25E-1,-3.357429401804E0));
#1384=DIRECTION('',(-1.E0,0.E0,0.E0));
#1385=DIRECTION('',(0.E0,1.E0,0.E0));
#1386=AXIS2_PLACEMENT_3D('',#1383,#1384,#1385);
#1387=CYLINDRICAL_SURFACE('',#1386,1.E-1);
#1389=ORIENTED_EDGE('',*,*,#1388,.T.);
#1390=ORIENTED_EDGE('',*,*,#1335,.T.);
#1391=ORIENTED_EDGE('',*,*,#1182,.F.);
#1393=ORIENTED_EDGE('',*,*,#1392,.T.);
#1394=EDGE_LOOP('',(#1389,#1390,#1391,#1393));
#1395=FACE_OUTER_BOUND('',#1394,.F.);
#1397=CARTESIAN_POINT('',(0.E0,5.25E-1,0.E0));
#1398=DIRECTION('',(0.E0,1.E0,0.E0));
#1399=DIRECTION('',(1.E0,0.E0,0.E0));
#1400=AXIS2_PLACEMENT_3D('',#1397,#1398,#1399);
#1401=PLANE('',#1400);
#1402=ORIENTED_EDGE('',*,*,#1321,.F.);
#1403=ORIENTED_EDGE('',*,*,#1388,.F.);
#1404=ORIENTED_EDGE('',*,*,#1230,.F.);
#1405=ORIENTED_EDGE('',*,*,#1259,.F.);
#1406=EDGE_LOOP('',(#1402,#1403,#1404,#1405));
#1407=FACE_OUTER_BOUND('',#1406,.F.);
#1409=CARTESIAN_POINT('',(1.307429401804E0,4.25E-1,-3.357429401804E0));
#1410=DIRECTION('',(0.E0,-6.293203910498E-1,-7.771459614570E-1));
#1411=DIRECTION('',(0.E0,7.771459614570E-1,-6.293203910498E-1));
#1412=AXIS2_PLACEMENT_3D('',#1409,#1410,#1411);
#1413=SPHERICAL_SURFACE('',#1412,1.E-1);
#1414=ORIENTED_EDGE('',*,*,#1392,.F.);
#1415=ORIENTED_EDGE('',*,*,#1201,.F.);
#1416=ORIENTED_EDGE('',*,*,#1232,.F.);
#1417=EDGE_LOOP('',(#1414,#1415,#1416));
#1418=FACE_OUTER_BOUND('',#1417,.F.);
#1420=CARTESIAN_POINT('',(-1.307429401804E0,4.25E-1,3.357429401804E0));
#1421=DIRECTION('',(0.E0,-6.293203910498E-1,7.771459614570E-1));
#1422=DIRECTION('',(0.E0,7.771459614570E-1,6.293203910498E-1));
#1423=AXIS2_PLACEMENT_3D('',#1420,#1421,#1422);
#1424=SPHERICAL_SURFACE('',#1423,1.E-1);
#1425=ORIENTED_EDGE('',*,*,#1290,.F.);
#1426=ORIENTED_EDGE('',*,*,#1323,.F.);
#1427=ORIENTED_EDGE('',*,*,#1257,.F.);
#1428=EDGE_LOOP('',(#1425,#1426,#1427));
#1429=FACE_OUTER_BOUND('',#1428,.F.);
#1431=CARTESIAN_POINT('',(1.022939448533E0,1.76342E0,3.072939448533E0));
#1432=DIRECTION('',(2.035585949528E-1,-9.576678948580E-1,2.035585949528E-1));
#1433=DIRECTION('',(9.781476007338E-1,2.079116908178E-1,0.E0));
#1434=AXIS2_PLACEMENT_3D('',#1431,#1432,#1433);
#1435=CYLINDRICAL_SURFACE('',#1434,1.E-1);
#1436=ORIENTED_EDGE('',*,*,#1217,.T.);
#1437=ORIENTED_EDGE('',*,*,#1119,.F.);
#1438=ORIENTED_EDGE('',*,*,#1276,.F.);
#1439=ORIENTED_EDGE('',*,*,#1245,.T.);
#1440=EDGE_LOOP('',(#1436,#1437,#1438,#1439));
#1441=FACE_OUTER_BOUND('',#1440,.F.);
#1443=CARTESIAN_POINT('',(1.804475916744E0,1.76342E0,3.854475916744E0));
#1444=DIRECTION('',(-2.035585949528E-1,-9.576678948580E-1,-2.035585949528E-1));
#1445=DIRECTION('',(9.781476007338E-1,-2.079116908178E-1,0.E0));
#1446=AXIS2_PLACEMENT_3D('',#1443,#1444,#1445);
#1447=CYLINDRICAL_SURFACE('',#1446,1.E-1);
#1449=ORIENTED_EDGE('',*,*,#1448,.F.);
#1450=ORIENTED_EDGE('',*,*,#1112,.F.);
#1451=ORIENTED_EDGE('',*,*,#989,.T.);
#1452=ORIENTED_EDGE('',*,*,#1021,.T.);
#1453=EDGE_LOOP('',(#1449,#1450,#1451,#1452));
#1454=FACE_OUTER_BOUND('',#1453,.F.);
#1456=CARTESIAN_POINT('',(-1.5E0,-1.5E-1,3.55E0));
#1457=DIRECTION('',(0.E0,-2.079116908178E-1,9.781476007338E-1));
#1458=DIRECTION('',(1.E0,0.E0,0.E0));
#1459=AXIS2_PLACEMENT_3D('',#1456,#1457,#1458);
#1460=PLANE('',#1459);
#1461=ORIENTED_EDGE('',*,*,#1448,.T.);
#1462=ORIENTED_EDGE('',*,*,#1035,.T.);
#1463=ORIENTED_EDGE('',*,*,#1061,.F.);
#1464=ORIENTED_EDGE('',*,*,#1074,.F.);
#1465=ORIENTED_EDGE('',*,*,#1096,.T.);
#1466=ORIENTED_EDGE('',*,*,#1114,.F.);
#1467=EDGE_LOOP('',(#1461,#1462,#1463,#1464,#1465,#1466));
#1468=FACE_OUTER_BOUND('',#1467,.F.);
#1470=CARTESIAN_POINT('',(1.360568542221E0,-3.25E-1,-3.410568542221E0));
#1471=DIRECTION('',(-7.071067811865E-1,0.E0,-7.071067811865E-1));
#1472=DIRECTION('',(6.771734625787E-1,-2.878753257198E-1,-6.771734625787E-1));
#1473=AXIS2_PLACEMENT_3D('',#1470,#1471,#1472);
#1474=SPHERICAL_SURFACE('',#1473,1.E-1);
#1475=ORIENTED_EDGE('',*,*,#1009,.F.);
#1476=ORIENTED_EDGE('',*,*,#976,.F.);
#1478=ORIENTED_EDGE('',*,*,#1477,.F.);
#1479=EDGE_LOOP('',(#1475,#1476,#1478));
#1480=FACE_OUTER_BOUND('',#1479,.F.);
#1482=CARTESIAN_POINT('',(-5.4108E0,-3.25E-1,-3.410568542221E0));
#1483=DIRECTION('',(1.E0,0.E0,0.E0));
#1484=DIRECTION('',(0.E0,-1.E0,0.E0));
#1485=AXIS2_PLACEMENT_3D('',#1482,#1483,#1484);
#1486=CYLINDRICAL_SURFACE('',#1485,1.E-1);
#1487=ORIENTED_EDGE('',*,*,#961,.F.);
#1489=ORIENTED_EDGE('',*,*,#1488,.T.);
#1490=ORIENTED_EDGE('',*,*,#893,.T.);
#1491=ORIENTED_EDGE('',*,*,#1477,.T.);
#1492=EDGE_LOOP('',(#1487,#1489,#1490,#1491));
#1493=FACE_OUTER_BOUND('',#1492,.F.);
#1495=CARTESIAN_POINT('',(-1.360568542221E0,-3.25E-1,-3.410568542221E0));
#1496=DIRECTION('',(0.E0,6.293203910498E-1,-7.771459614570E-1));
#1497=DIRECTION('',(0.E0,-7.771459614570E-1,-6.293203910498E-1));
#1498=AXIS2_PLACEMENT_3D('',#1495,#1496,#1497);
#1499=SPHERICAL_SURFACE('',#1498,1.E-1);
#1500=ORIENTED_EDGE('',*,*,#1488,.F.);
#1501=ORIENTED_EDGE('',*,*,#942,.F.);
#1502=ORIENTED_EDGE('',*,*,#908,.F.);
#1503=EDGE_LOOP('',(#1500,#1501,#1502));
#1504=FACE_OUTER_BOUND('',#1503,.F.);
#1506=CLOSED_SHELL('',(#897,#912,#931,#946,#965,#980,#999,#1013,#1026,#1040,
#1052,#1066,#1088,#1103,#1125,#1139,#1159,#1173,#1191,#1205,#1221,#1236,#1249,
#1264,#1280,#1294,#1312,#1327,#1340,#1353,#1370,#1382,#1396,#1408,#1419,#1430,
#1442,#1455,#1469,#1481,#1494,#1505));
#1507=MANIFOLD_SOLID_BREP('',#1506);
#1508=FILL_AREA_STYLE_COLOUR('',#3);
#1509=FILL_AREA_STYLE('',(#1508));
#1510=SURFACE_STYLE_FILL_AREA(#1509);
#1511=SURFACE_SIDE_STYLE('',(#1510));
#1512=SURFACE_STYLE_USAGE(.BOTH.,#1511);
#1513=PRESENTATION_STYLE_ASSIGNMENT((#1512));
#28=STYLED_ITEM('',(#1513),#1507);
#1516=PLANE_ANGLE_MEASURE_WITH_UNIT(PLANE_ANGLE_MEASURE(1.745329251994E-2),
#1515);
#1517=(CONVERSION_BASED_UNIT('DEGREE',#1516)NAMED_UNIT(*)PLANE_ANGLE_UNIT());
#1519=UNCERTAINTY_MEASURE_WITH_UNIT(LENGTH_MEASURE(8.478227953235E-4),#1514,
'distance_accuracy_value',
'Maximum model space distance between geometric entities at asserted connectivities');
#1521=CARTESIAN_POINT('',(0.E0,0.E0,0.E0));
#1522=DIRECTION('',(0.E0,0.E0,1.E0));
#1523=DIRECTION('',(1.E0,0.E0,0.E0));
#1526=APPLICATION_CONTEXT('automotive_design');
#1527=APPLICATION_PROTOCOL_DEFINITION('international standard',
'automotive_design',2001,#1526);
#1528=PRODUCT_DEFINITION_CONTEXT('part definition',#1526,'design');
#1529=PRODUCT_CONTEXT('',#1526,'mechanical');
#1530=PRODUCT('BODY-VSSOP','BODY-VSSOP','NOT SPECIFIED',(#1529));
#1531=PRODUCT_DEFINITION_FORMATION('6','LAST_VERSION',#1530);
#1539=DERIVED_UNIT_ELEMENT(#1538,2.E0);
#1540=DERIVED_UNIT((#1539));
#1541=MEASURE_REPRESENTATION_ITEM('surface area measure',AREA_MEASURE(
5.730118462206E1),#1540);
#1546=DERIVED_UNIT_ELEMENT(#1545,3.E0);
#1547=DERIVED_UNIT((#1546));
#1548=MEASURE_REPRESENTATION_ITEM('volume measure',VOLUME_MEASURE(
1.943350451584E1),#1547);
#1552=CARTESIAN_POINT('centre point',(1.632981551675E-7,4.420946265084E-2,
4.786790849150E-7));
#1557=DERIVED_UNIT_ELEMENT(#1556,2.E0);
#1558=DERIVED_UNIT((#1557));
#1559=MEASURE_REPRESENTATION_ITEM('surface area measure',AREA_MEASURE(
5.730118462206E1),#1558);
#1564=DERIVED_UNIT_ELEMENT(#1563,3.E0);
#1565=DERIVED_UNIT((#1564));
#1566=MEASURE_REPRESENTATION_ITEM('volume measure',VOLUME_MEASURE(
1.943350451584E1),#1565);
#1570=CARTESIAN_POINT('centre point',(1.632981551675E-7,4.420946265084E-2,
4.786790849150E-7));
#1580=CARTESIAN_POINT('centre point',(1.632981551675E-7,-4.786790849150E-7,
5.672094626508E-1));
#1584=CARTESIAN_POINT('',(0.E0,0.E0,5.23E-1));
#1585=DIRECTION('',(0.E0,-1.E0,0.E0));
#1586=DIRECTION('',(1.E0,0.E0,0.E0));
#1587=AXIS2_PLACEMENT_3D('',#1584,#1585,#1586);
#1588=ITEM_DEFINED_TRANSFORMATION('','',#1524,#1587);
#1589=(REPRESENTATION_RELATIONSHIP('','',#1525,#1577)REPRESENTATION_RELATIONSHIP_WITH_TRANSFORMATION(#1588)SHAPE_REPRESENTATION_RELATIONSHIP());
#1590=CONTEXT_DEPENDENT_SHAPE_REPRESENTATION(#1589,#1579);
#1592=CARTESIAN_POINT('',(-1.1E-1,-2.7E-2,-1.475933889794E-1));
#1593=DIRECTION('',(-1.E0,0.E0,0.E0));
#1594=DIRECTION('',(0.E0,1.564344650402E-1,9.876883405951E-1));
#1595=AXIS2_PLACEMENT_3D('',#1592,#1593,#1594);
#1597=CURVE_STYLE('',#33,POSITIVE_LENGTH_MEASURE(2.E-2),#22);
#1598=PRESENTATION_STYLE_ASSIGNMENT((#1597));
#1599=STYLED_ITEM('',(#1598),#1596);
#1600=DIRECTION('',(0.E0,-9.876883405951E-1,1.564344650402E-1));
#1601=VECTOR('',#1600,2.955458902817E-3);
#1602=CARTESIAN_POINT('',(-1.1E-1,1.993033951207E-2,1.487131131991E-1));
#1603=LINE('',#1602,#1601);
#1604=CURVE_STYLE('',#33,POSITIVE_LENGTH_MEASURE(2.E-2),#22);
#1605=PRESENTATION_STYLE_ASSIGNMENT((#1604));
#1606=STYLED_ITEM('',(#1605),#1603);
#1607=DIRECTION('',(0.E0,-6.975647374413E-2,9.975640502598E-1));
#1608=VECTOR('',#1607,2.959833871356E-1);
#1609=CARTESIAN_POINT('',(-1.1E-1,-7.971863508760E-2,2.547376135194E-1));
#1610=LINE('',#1609,#1608);
#1611=CURVE_STYLE('',#33,POSITIVE_LENGTH_MEASURE(2.E-2),#22);
#1612=PRESENTATION_STYLE_ASSIGNMENT((#1611));
#1613=STYLED_ITEM('',(#1612),#1610);
#1614=DIRECTION('',(0.E0,-9.975640502598E-1,-6.975647374412E-2));
#1615=VECTOR('',#1614,1.5E-1);
#1616=CARTESIAN_POINT('',(-1.1E-1,-1.003653924610E-1,5.5E-1));
#1617=LINE('',#1616,#1615);
#1618=CURVE_STYLE('',#33,POSITIVE_LENGTH_MEASURE(2.E-2),#22);
#1619=PRESENTATION_STYLE_ASSIGNMENT((#1618));
#1620=STYLED_ITEM('',(#1619),#1617);
#1621=DIRECTION('',(0.E0,6.975647374413E-2,-9.975640502598E-1));
#1622=VECTOR('',#1621,2.681431300522E-1);
#1623=CARTESIAN_POINT('',(-1.1E-1,-2.5E-1,5.395365289384E-1));
#1624=LINE('',#1623,#1622);
#1625=CURVE_STYLE('',#33,POSITIVE_LENGTH_MEASURE(2.E-2),#22);
#1626=PRESENTATION_STYLE_ASSIGNMENT((#1625));
#1627=STYLED_ITEM('',(#1626),#1624);
#1628=CARTESIAN_POINT('',(-1.1E-1,6.797393428910E-2,2.929735241974E-1));
#1629=DIRECTION('',(-1.E0,0.E0,0.E0));
#1630=DIRECTION('',(0.E0,-1.564344650402E-1,-9.876883405951E-1));
#1631=AXIS2_PLACEMENT_3D('',#1628,#1629,#1630);
#1633=CURVE_STYLE('',#33,POSITIVE_LENGTH_MEASURE(2.E-2),#22);
#1634=PRESENTATION_STYLE_ASSIGNMENT((#1633));
#1635=STYLED_ITEM('',(#1634),#1632);
#1636=DIRECTION('',(0.E0,9.876883405951E-1,-1.564344650402E-1));
#1637=VECTOR('',#1636,5.008025810664E-3);
#1638=CARTESIAN_POINT('',(-1.1E-1,2.104359477703E-2,-3.332977981177E-3));
#1639=LINE('',#1638,#1637);
#1640=CURVE_STYLE('',#33,POSITIVE_LENGTH_MEASURE(2.E-2),#22);
#1641=PRESENTATION_STYLE_ASSIGNMENT((#1640));
#1642=STYLED_ITEM('',(#1641),#1639);
#1643=DIRECTION('',(0.E0,0.E0,-1.E0));
#1644=VECTOR('',#1643,2.822994350118E-1);
#1645=CARTESIAN_POINT('',(-1.1E-1,1.23E-1,-1.177005649882E-1));
#1646=LINE('',#1645,#1644);
#1647=CURVE_STYLE('',#33,POSITIVE_LENGTH_MEASURE(2.E-2),#22);
#1648=PRESENTATION_STYLE_ASSIGNMENT((#1647));
#1649=STYLED_ITEM('',(#1648),#1646);
#1650=DIRECTION('',(0.E0,1.E0,0.E0));
#1651=VECTOR('',#1650,1.5E-1);
#1652=CARTESIAN_POINT('',(-1.1E-1,1.23E-1,-4.E-1));
#1653=LINE('',#1652,#1651);
#1654=CURVE_STYLE('',#33,POSITIVE_LENGTH_MEASURE(2.E-2),#22);
#1655=PRESENTATION_STYLE_ASSIGNMENT((#1654));
#1656=STYLED_ITEM('',(#1655),#1653);
#1657=DIRECTION('',(0.E0,0.E0,1.E0));
#1658=VECTOR('',#1657,2.524066110206E-1);
#1659=CARTESIAN_POINT('',(-1.1E-1,2.73E-1,-4.E-1));
#1660=LINE('',#1659,#1658);
#1661=CURVE_STYLE('',#33,POSITIVE_LENGTH_MEASURE(2.E-2),#22);
#1662=PRESENTATION_STYLE_ASSIGNMENT((#1661));
#1663=STYLED_ITEM('',(#1662),#1660);
#1664=DIRECTION('',(-1.E0,0.E0,0.E0));
#1665=VECTOR('',#1664,2.2E-1);
#1666=CARTESIAN_POINT('',(1.1E-1,2.73E-1,-1.475933889794E-1));
#1667=LINE('',#1666,#1665);
#1668=CURVE_STYLE('',#33,POSITIVE_LENGTH_MEASURE(2.E-2),#22);
#1669=PRESENTATION_STYLE_ASSIGNMENT((#1668));
#1670=STYLED_ITEM('',(#1669),#1667);
#1671=DIRECTION('',(1.E0,0.E0,0.E0));
#1672=VECTOR('',#1671,2.2E-1);
#1673=CARTESIAN_POINT('',(-1.1E-1,2.73E-1,-4.E-1));
#1674=LINE('',#1673,#1672);
#1675=CURVE_STYLE('',#33,POSITIVE_LENGTH_MEASURE(2.E-2),#22);
#1676=PRESENTATION_STYLE_ASSIGNMENT((#1675));
#1677=STYLED_ITEM('',(#1676),#1674);
#1678=DIRECTION('',(1.E0,0.E0,0.E0));
#1679=VECTOR('',#1678,2.2E-1);
#1680=CARTESIAN_POINT('',(-1.1E-1,1.23E-1,-4.E-1));
#1681=LINE('',#1680,#1679);
#1682=CURVE_STYLE('',#33,POSITIVE_LENGTH_MEASURE(2.E-2),#22);
#1683=PRESENTATION_STYLE_ASSIGNMENT((#1682));
#1684=STYLED_ITEM('',(#1683),#1681);
#1685=DIRECTION('',(1.E0,0.E0,0.E0));
#1686=VECTOR('',#1685,2.2E-1);
#1687=CARTESIAN_POINT('',(-1.1E-1,1.23E-1,-1.177005649882E-1));
#1688=LINE('',#1687,#1686);
#1689=CURVE_STYLE('',#33,POSITIVE_LENGTH_MEASURE(2.E-2),#22);
#1690=PRESENTATION_STYLE_ASSIGNMENT((#1689));
#1691=STYLED_ITEM('',(#1690),#1688);
#1692=CARTESIAN_POINT('',(-1.1E-1,8.E-3,-1.177005649882E-1));
#1693=DIRECTION('',(1.E0,0.E0,0.E0));
#1694=DIRECTION('',(0.E0,1.E0,0.E0));
#1695=AXIS2_PLACEMENT_3D('',#1692,#1693,#1694);
#1697=CURVE_STYLE('',#33,POSITIVE_LENGTH_MEASURE(2.E-2),#22);
#1698=PRESENTATION_STYLE_ASSIGNMENT((#1697));
#1699=STYLED_ITEM('',(#1698),#1696);
#1700=CARTESIAN_POINT('',(1.1E-1,8.E-3,-1.177005649882E-1));
#1701=DIRECTION('',(-1.E0,0.E0,0.E0));
#1702=DIRECTION('',(0.E0,1.564344650402E-1,9.876883405951E-1));
#1703=AXIS2_PLACEMENT_3D('',#1700,#1701,#1702);
#1705=CURVE_STYLE('',#33,POSITIVE_LENGTH_MEASURE(2.E-2),#22);
#1706=PRESENTATION_STYLE_ASSIGNMENT((#1705));
#1707=STYLED_ITEM('',(#1706),#1704);
#1708=DIRECTION('',(-1.E0,0.E0,0.E0));
#1709=VECTOR('',#1708,2.2E-1);
#1710=CARTESIAN_POINT('',(1.1E-1,2.104359477703E-2,-3.332977981177E-3));
#1711=LINE('',#1710,#1709);
#1712=CURVE_STYLE('',#33,POSITIVE_LENGTH_MEASURE(2.E-2),#22);
#1713=PRESENTATION_STYLE_ASSIGNMENT((#1712));
#1714=STYLED_ITEM('',(#1713),#1711);
#1715=DIRECTION('',(1.E0,0.E0,0.E0));
#1716=VECTOR('',#1715,2.2E-1);
#1717=CARTESIAN_POINT('',(-1.1E-1,2.598996347963E-2,-4.116405819776E-3));
#1718=LINE('',#1717,#1716);
#1719=CURVE_STYLE('',#33,POSITIVE_LENGTH_MEASURE(2.E-2),#22);
#1720=PRESENTATION_STYLE_ASSIGNMENT((#1719));
#1721=STYLED_ITEM('',(#1720),#1718);
#1722=DIRECTION('',(-1.E0,0.E0,0.E0));
#1723=VECTOR('',#1722,2.2E-1);
#1724=CARTESIAN_POINT('',(1.1E-1,-2.312952807888E-1,2.720465820741E-1));
#1725=LINE('',#1724,#1723);
#1726=CURVE_STYLE('',#33,POSITIVE_LENGTH_MEASURE(2.E-2),#22);
#1727=PRESENTATION_STYLE_ASSIGNMENT((#1726));
#1728=STYLED_ITEM('',(#1727),#1725);
#1729=DIRECTION('',(1.E0,0.E0,0.E0));
#1730=VECTOR('',#1729,2.2E-1);
#1731=CARTESIAN_POINT('',(-1.1E-1,-2.5E-1,5.395365289384E-1));
#1732=LINE('',#1731,#1730);
#1733=CURVE_STYLE('',#33,POSITIVE_LENGTH_MEASURE(2.E-2),#22);
#1734=PRESENTATION_STYLE_ASSIGNMENT((#1733));
#1735=STYLED_ITEM('',(#1734),#1732);
#1736=DIRECTION('',(1.E0,0.E0,0.E0));
#1737=VECTOR('',#1736,2.2E-1);
#1738=CARTESIAN_POINT('',(-1.1E-1,-1.003653924610E-1,5.5E-1));
#1739=LINE('',#1738,#1737);
#1740=CURVE_STYLE('',#33,POSITIVE_LENGTH_MEASURE(2.E-2),#22);
#1741=PRESENTATION_STYLE_ASSIGNMENT((#1740));
#1742=STYLED_ITEM('',(#1741),#1739);
#1743=DIRECTION('',(1.E0,0.E0,0.E0));
#1744=VECTOR('',#1743,2.2E-1);
#1745=CARTESIAN_POINT('',(-1.1E-1,-7.971863508760E-2,2.547376135194E-1));
#1746=LINE('',#1745,#1744);
#1747=CURVE_STYLE('',#33,POSITIVE_LENGTH_MEASURE(2.E-2),#22);
#1748=PRESENTATION_STYLE_ASSIGNMENT((#1747));
#1749=STYLED_ITEM('',(#1748),#1746);
#1750=CARTESIAN_POINT('',(-1.1E-1,3.500123069228E-2,2.62759608E-1));
#1751=DIRECTION('',(1.E0,0.E0,0.E0));
#1752=DIRECTION('',(0.E0,-9.975640502598E-1,-6.975647374412E-2));
#1753=AXIS2_PLACEMENT_3D('',#1750,#1751,#1752);
#1755=CURVE_STYLE('',#33,POSITIVE_LENGTH_MEASURE(2.E-2),#22);
#1756=PRESENTATION_STYLE_ASSIGNMENT((#1755));
#1757=STYLED_ITEM('',(#1756),#1754);
#1758=CARTESIAN_POINT('',(1.1E-1,3.500123069228E-2,2.62759608E-1));
#1759=DIRECTION('',(-1.E0,0.E0,0.E0));
#1760=DIRECTION('',(0.E0,-1.564344650402E-1,-9.876883405951E-1));
#1761=AXIS2_PLACEMENT_3D('',#1758,#1759,#1760);
#1763=CURVE_STYLE('',#33,POSITIVE_LENGTH_MEASURE(2.E-2),#22);
#1764=PRESENTATION_STYLE_ASSIGNMENT((#1763));
#1765=STYLED_ITEM('',(#1764),#1762);
#1766=DIRECTION('',(-1.E0,0.E0,0.E0));
#1767=VECTOR('',#1766,2.2E-1);
#1768=CARTESIAN_POINT('',(1.1E-1,1.993033951207E-2,1.487131131991E-1));
#1769=LINE('',#1768,#1767);
#1770=CURVE_STYLE('',#33,POSITIVE_LENGTH_MEASURE(2.E-2),#22);
#1771=PRESENTATION_STYLE_ASSIGNMENT((#1770));
#1772=STYLED_ITEM('',(#1771),#1769);
#1773=DIRECTION('',(1.E0,0.E0,0.E0));
#1774=VECTOR('',#1773,2.2E-1);
#1775=CARTESIAN_POINT('',(-1.1E-1,1.701126721265E-2,1.491754488315E-1));
#1776=LINE('',#1775,#1774);
#1777=CURVE_STYLE('',#33,POSITIVE_LENGTH_MEASURE(2.E-2),#22);
#1778=PRESENTATION_STYLE_ASSIGNMENT((#1777));
#1779=STYLED_ITEM('',(#1778),#1776);
#1780=CARTESIAN_POINT('',(1.1E-1,-2.7E-2,-1.475933889794E-1));
#1781=DIRECTION('',(1.E0,0.E0,0.E0));
#1782=DIRECTION('',(0.E0,1.E0,0.E0));
#1783=AXIS2_PLACEMENT_3D('',#1780,#1781,#1782);
#1785=CURVE_STYLE('',#33,POSITIVE_LENGTH_MEASURE(2.E-2),#22);
#1786=PRESENTATION_STYLE_ASSIGNMENT((#1785));
#1787=STYLED_ITEM('',(#1786),#1784);
#1788=DIRECTION('',(0.E0,0.E0,1.E0));
#1789=VECTOR('',#1788,2.524066110206E-1);
#1790=CARTESIAN_POINT('',(1.1E-1,2.73E-1,-4.E-1));
#1791=LINE('',#1790,#1789);
#1792=CURVE_STYLE('',#33,POSITIVE_LENGTH_MEASURE(2.E-2),#22);
#1793=PRESENTATION_STYLE_ASSIGNMENT((#1792));
#1794=STYLED_ITEM('',(#1793),#1791);
#1795=DIRECTION('',(0.E0,1.E0,0.E0));
#1796=VECTOR('',#1795,1.5E-1);
#1797=CARTESIAN_POINT('',(1.1E-1,1.23E-1,-4.E-1));
#1798=LINE('',#1797,#1796);
#1799=CURVE_STYLE('',#33,POSITIVE_LENGTH_MEASURE(2.E-2),#22);
#1800=PRESENTATION_STYLE_ASSIGNMENT((#1799));
#1801=STYLED_ITEM('',(#1800),#1798);
#1802=DIRECTION('',(0.E0,0.E0,-1.E0));
#1803=VECTOR('',#1802,2.822994350118E-1);
#1804=CARTESIAN_POINT('',(1.1E-1,1.23E-1,-1.177005649882E-1));
#1805=LINE('',#1804,#1803);
#1806=CURVE_STYLE('',#33,POSITIVE_LENGTH_MEASURE(2.E-2),#22);
#1807=PRESENTATION_STYLE_ASSIGNMENT((#1806));
#1808=STYLED_ITEM('',(#1807),#1805);
#1809=DIRECTION('',(0.E0,-9.876883405951E-1,1.564344650402E-1));
#1810=VECTOR('',#1809,5.008025810664E-3);
#1811=CARTESIAN_POINT('',(1.1E-1,2.598996347963E-2,-4.116405819776E-3));
#1812=LINE('',#1811,#1810);
#1813=CURVE_STYLE('',#33,POSITIVE_LENGTH_MEASURE(2.E-2),#22);
#1814=PRESENTATION_STYLE_ASSIGNMENT((#1813));
#1815=STYLED_ITEM('',(#1814),#1812);
#1816=CARTESIAN_POINT('',(1.1E-1,6.797393428910E-2,2.929735241974E-1));
#1817=DIRECTION('',(1.E0,0.E0,0.E0));
#1818=DIRECTION('',(0.E0,-9.975640502598E-1,-6.975647374413E-2));
#1819=AXIS2_PLACEMENT_3D('',#1816,#1817,#1818);
#1821=CURVE_STYLE('',#33,POSITIVE_LENGTH_MEASURE(2.E-2),#22);
#1822=PRESENTATION_STYLE_ASSIGNMENT((#1821));
#1823=STYLED_ITEM('',(#1822),#1820);
#1824=DIRECTION('',(0.E0,6.975647374413E-2,-9.975640502598E-1));
#1825=VECTOR('',#1824,2.681431300522E-1);
#1826=CARTESIAN_POINT('',(1.1E-1,-2.5E-1,5.395365289384E-1));
#1827=LINE('',#1826,#1825);
#1828=CURVE_STYLE('',#33,POSITIVE_LENGTH_MEASURE(2.E-2),#22);
#1829=PRESENTATION_STYLE_ASSIGNMENT((#1828));
#1830=STYLED_ITEM('',(#1829),#1827);
#1831=DIRECTION('',(0.E0,-9.975640502598E-1,-6.975647374412E-2));
#1832=VECTOR('',#1831,1.5E-1);
#1833=CARTESIAN_POINT('',(1.1E-1,-1.003653924610E-1,5.5E-1));
#1834=LINE('',#1833,#1832);
#1835=CURVE_STYLE('',#33,POSITIVE_LENGTH_MEASURE(2.E-2),#22);
#1836=PRESENTATION_STYLE_ASSIGNMENT((#1835));
#1837=STYLED_ITEM('',(#1836),#1834);
#1838=DIRECTION('',(0.E0,-6.975647374413E-2,9.975640502598E-1));
#1839=VECTOR('',#1838,2.959833871356E-1);
#1840=CARTESIAN_POINT('',(1.1E-1,-7.971863508760E-2,2.547376135194E-1));
#1841=LINE('',#1840,#1839);
#1842=CURVE_STYLE('',#33,POSITIVE_LENGTH_MEASURE(2.E-2),#22);
#1843=PRESENTATION_STYLE_ASSIGNMENT((#1842));
#1844=STYLED_ITEM('',(#1843),#1841);
#1845=DIRECTION('',(0.E0,9.876883405951E-1,-1.564344650402E-1));
#1846=VECTOR('',#1845,2.955458902816E-3);
#1847=CARTESIAN_POINT('',(1.1E-1,1.701126721265E-2,1.491754488315E-1));
#1848=LINE('',#1847,#1846);
#1849=CURVE_STYLE('',#33,POSITIVE_LENGTH_MEASURE(2.E-2),#22);
#1850=PRESENTATION_STYLE_ASSIGNMENT((#1849));
#1851=STYLED_ITEM('',(#1850),#1848);
#1852=CARTESIAN_POINT('',(-1.1E-1,-1.003653924610E-1,5.5E-1));
#1853=CARTESIAN_POINT('',(-1.1E-1,-2.5E-1,5.395365289384E-1));
#1854=VERTEX_POINT('',#1852);
#1855=VERTEX_POINT('',#1853);
#1856=CARTESIAN_POINT('',(1.1E-1,-1.003653924610E-1,5.5E-1));
#1857=CARTESIAN_POINT('',(1.1E-1,-2.5E-1,5.395365289384E-1));
#1858=VERTEX_POINT('',#1856);
#1859=VERTEX_POINT('',#1857);
#1860=CARTESIAN_POINT('',(-1.1E-1,1.23E-1,-4.E-1));
#1861=CARTESIAN_POINT('',(-1.1E-1,2.73E-1,-4.E-1));
#1862=VERTEX_POINT('',#1860);
#1863=VERTEX_POINT('',#1861);
#1864=CARTESIAN_POINT('',(1.1E-1,1.23E-1,-4.E-1));
#1865=CARTESIAN_POINT('',(1.1E-1,2.73E-1,-4.E-1));
#1866=VERTEX_POINT('',#1864);
#1867=VERTEX_POINT('',#1865);
#1868=CARTESIAN_POINT('',(-1.1E-1,-7.971863508760E-2,2.547376135194E-1));
#1869=CARTESIAN_POINT('',(1.1E-1,-7.971863508760E-2,2.547376135194E-1));
#1870=VERTEX_POINT('',#1868);
#1871=VERTEX_POINT('',#1869);
#1872=CARTESIAN_POINT('',(-1.1E-1,1.701126721265E-2,1.491754488315E-1));
#1873=CARTESIAN_POINT('',(1.1E-1,1.701126721265E-2,1.491754488315E-1));
#1874=VERTEX_POINT('',#1872);
#1875=VERTEX_POINT('',#1873);
#1876=CARTESIAN_POINT('',(-1.1E-1,1.23E-1,-1.177005649882E-1));
#1877=CARTESIAN_POINT('',(1.1E-1,1.23E-1,-1.177005649882E-1));
#1878=VERTEX_POINT('',#1876);
#1879=VERTEX_POINT('',#1877);
#1880=CARTESIAN_POINT('',(-1.1E-1,2.598996347963E-2,-4.116405819776E-3));
#1881=CARTESIAN_POINT('',(1.1E-1,2.598996347963E-2,-4.116405819776E-3));
#1882=VERTEX_POINT('',#1880);
#1883=VERTEX_POINT('',#1881);
#1884=CARTESIAN_POINT('',(-1.1E-1,1.993033951207E-2,1.487131131991E-1));
#1885=CARTESIAN_POINT('',(-1.1E-1,2.73E-1,-1.475933889794E-1));
#1886=VERTEX_POINT('',#1884);
#1887=VERTEX_POINT('',#1885);
#1888=CARTESIAN_POINT('',(1.1E-1,2.73E-1,-1.475933889794E-1));
#1889=VERTEX_POINT('',#1888);
#1890=CARTESIAN_POINT('',(1.1E-1,1.993033951207E-2,1.487131131991E-1));
#1891=VERTEX_POINT('',#1890);
#1892=CARTESIAN_POINT('',(-1.1E-1,2.104359477703E-2,-3.332977981177E-3));
#1893=CARTESIAN_POINT('',(-1.1E-1,-2.312952807888E-1,2.720465820741E-1));
#1894=VERTEX_POINT('',#1892);
#1895=VERTEX_POINT('',#1893);
#1896=CARTESIAN_POINT('',(1.1E-1,-2.312952807888E-1,2.720465820741E-1));
#1897=VERTEX_POINT('',#1896);
#1898=CARTESIAN_POINT('',(1.1E-1,2.104359477703E-2,-3.332977981177E-3));
#1899=VERTEX_POINT('',#1898);
#1900=CARTESIAN_POINT('',(-1.1E-1,0.E0,0.E0));
#1901=DIRECTION('',(1.E0,0.E0,0.E0));
#1902=DIRECTION('',(0.E0,0.E0,-1.E0));
#1903=AXIS2_PLACEMENT_3D('',#1900,#1901,#1902);
#1904=PLANE('',#1903);
#1906=ORIENTED_EDGE('',*,*,#1905,.F.);
#1908=ORIENTED_EDGE('',*,*,#1907,.T.);
#1910=ORIENTED_EDGE('',*,*,#1909,.F.);
#1912=ORIENTED_EDGE('',*,*,#1911,.T.);
#1914=ORIENTED_EDGE('',*,*,#1913,.T.);
#1916=ORIENTED_EDGE('',*,*,#1915,.T.);
#1918=ORIENTED_EDGE('',*,*,#1917,.F.);
#1920=ORIENTED_EDGE('',*,*,#1919,.T.);
#1922=ORIENTED_EDGE('',*,*,#1921,.F.);
#1924=ORIENTED_EDGE('',*,*,#1923,.T.);
#1926=ORIENTED_EDGE('',*,*,#1925,.T.);
#1928=ORIENTED_EDGE('',*,*,#1927,.T.);
#1929=EDGE_LOOP('',(#1906,#1908,#1910,#1912,#1914,#1916,#1918,#1920,#1922,#1924,
#1926,#1928));
#1930=FACE_OUTER_BOUND('',#1929,.F.);
#1932=CARTESIAN_POINT('',(4.92984E-1,-2.7E-2,-1.475933889794E-1));
#1933=DIRECTION('',(-1.E0,0.E0,0.E0));
#1934=DIRECTION('',(0.E0,1.564344650402E-1,9.876883405951E-1));
#1935=AXIS2_PLACEMENT_3D('',#1932,#1933,#1934);
#1936=CYLINDRICAL_SURFACE('',#1935,3.E-1);
#1937=ORIENTED_EDGE('',*,*,#1905,.T.);
#1939=ORIENTED_EDGE('',*,*,#1938,.F.);
#1941=ORIENTED_EDGE('',*,*,#1940,.T.);
#1943=ORIENTED_EDGE('',*,*,#1942,.T.);
#1944=EDGE_LOOP('',(#1937,#1939,#1941,#1943));
#1945=FACE_OUTER_BOUND('',#1944,.F.);
#1947=CARTESIAN_POINT('',(-1.1E-1,2.73E-1,-4.E-1));
#1948=DIRECTION('',(0.E0,1.E0,0.E0));
#1949=DIRECTION('',(0.E0,0.E0,1.E0));
#1950=AXIS2_PLACEMENT_3D('',#1947,#1948,#1949);
#1951=PLANE('',#1950);
#1952=ORIENTED_EDGE('',*,*,#1938,.T.);
#1953=ORIENTED_EDGE('',*,*,#1927,.F.);
#1955=ORIENTED_EDGE('',*,*,#1954,.T.);
#1957=ORIENTED_EDGE('',*,*,#1956,.T.);
#1958=EDGE_LOOP('',(#1952,#1953,#1955,#1957));
#1959=FACE_OUTER_BOUND('',#1958,.F.);
#1961=CARTESIAN_POINT('',(-1.1E-1,1.23E-1,-4.E-1));
#1962=DIRECTION('',(0.E0,0.E0,-1.E0));
#1963=DIRECTION('',(0.E0,1.E0,0.E0));
#1964=AXIS2_PLACEMENT_3D('',#1961,#1962,#1963);
#1965=PLANE('',#1964);
#1966=ORIENTED_EDGE('',*,*,#1925,.F.);
#1968=ORIENTED_EDGE('',*,*,#1967,.T.);
#1970=ORIENTED_EDGE('',*,*,#1969,.T.);
#1971=ORIENTED_EDGE('',*,*,#1954,.F.);
#1972=EDGE_LOOP('',(#1966,#1968,#1970,#1971));
#1973=FACE_OUTER_BOUND('',#1972,.F.);
#1975=CARTESIAN_POINT('',(-1.1E-1,1.23E-1,-1.948128615992E-2));
#1976=DIRECTION('',(0.E0,-1.E0,0.E0));
#1977=DIRECTION('',(0.E0,0.E0,-1.E0));
#1978=AXIS2_PLACEMENT_3D('',#1975,#1976,#1977);
#1979=PLANE('',#1978);
#1981=ORIENTED_EDGE('',*,*,#1980,.T.);
#1983=ORIENTED_EDGE('',*,*,#1982,.T.);
#1984=ORIENTED_EDGE('',*,*,#1967,.F.);
#1985=ORIENTED_EDGE('',*,*,#1923,.F.);
#1986=EDGE_LOOP('',(#1981,#1983,#1984,#1985));
#1987=FACE_OUTER_BOUND('',#1986,.F.);
#1989=CARTESIAN_POINT('',(-3.96792E-1,8.E-3,-1.177005649882E-1));
#1990=DIRECTION('',(1.E0,0.E0,0.E0));
#1991=DIRECTION('',(0.E0,1.E0,0.E0));
#1992=AXIS2_PLACEMENT_3D('',#1989,#1990,#1991);
#1993=CYLINDRICAL_SURFACE('',#1992,1.15E-1);
#1994=ORIENTED_EDGE('',*,*,#1980,.F.);
#1995=ORIENTED_EDGE('',*,*,#1921,.T.);
#1997=ORIENTED_EDGE('',*,*,#1996,.T.);
#1999=ORIENTED_EDGE('',*,*,#1998,.T.);
#2000=EDGE_LOOP('',(#1994,#1995,#1997,#1999));
#2001=FACE_OUTER_BOUND('',#2000,.F.);
#2003=CARTESIAN_POINT('',(-1.1E-1,-2.146492393980E-1,3.399709964814E-2));
#2004=DIRECTION('',(0.E0,-1.564344650402E-1,-9.876883405951E-1));
#2005=DIRECTION('',(0.E0,9.876883405951E-1,-1.564344650402E-1));
#2006=AXIS2_PLACEMENT_3D('',#2003,#2004,#2005);
#2007=PLANE('',#2006);
#2009=ORIENTED_EDGE('',*,*,#2008,.F.);
#2011=ORIENTED_EDGE('',*,*,#2010,.F.);
#2012=ORIENTED_EDGE('',*,*,#1996,.F.);
#2013=ORIENTED_EDGE('',*,*,#1919,.F.);
#2014=EDGE_LOOP('',(#2009,#2011,#2012,#2013));
#2015=FACE_OUTER_BOUND('',#2014,.F.);
#2017=CARTESIAN_POINT('',(4.92984E-1,6.797393428910E-2,2.929735241974E-1));
#2018=DIRECTION('',(-1.E0,0.E0,0.E0));
#2019=DIRECTION('',(0.E0,-1.564344650402E-1,-9.876883405951E-1));
#2020=AXIS2_PLACEMENT_3D('',#2017,#2018,#2019);
#2021=CYLINDRICAL_SURFACE('',#2020,3.E-1);
#2022=ORIENTED_EDGE('',*,*,#1917,.T.);
#2024=ORIENTED_EDGE('',*,*,#2023,.F.);
#2026=ORIENTED_EDGE('',*,*,#2025,.T.);
#2027=ORIENTED_EDGE('',*,*,#2008,.T.);
#2028=EDGE_LOOP('',(#2022,#2024,#2026,#2027));
#2029=FACE_OUTER_BOUND('',#2028,.F.);
#2031=CARTESIAN_POINT('',(-1.1E-1,-2.5E-1,5.395365289384E-1));
#2032=DIRECTION('',(0.E0,-9.975640502598E-1,-6.975647374413E-2));
#2033=DIRECTION('',(0.E0,6.975647374413E-2,-9.975640502598E-1));
#2034=AXIS2_PLACEMENT_3D('',#2031,#2032,#2033);
#2035=PLANE('',#2034);
#2036=ORIENTED_EDGE('',*,*,#2023,.T.);
#2037=ORIENTED_EDGE('',*,*,#1915,.F.);
#2039=ORIENTED_EDGE('',*,*,#2038,.T.);
#2041=ORIENTED_EDGE('',*,*,#2040,.T.);
#2042=EDGE_LOOP('',(#2036,#2037,#2039,#2041));
#2043=FACE_OUTER_BOUND('',#2042,.F.);
#2045=CARTESIAN_POINT('',(-1.1E-1,-1.003653924610E-1,5.5E-1));
#2046=DIRECTION('',(0.E0,-6.975647374412E-2,9.975640502598E-1));
#2047=DIRECTION('',(0.E0,-9.975640502598E-1,-6.975647374412E-2));
#2048=AXIS2_PLACEMENT_3D('',#2045,#2046,#2047);
#2049=PLANE('',#2048);
#2050=ORIENTED_EDGE('',*,*,#1913,.F.);
#2052=ORIENTED_EDGE('',*,*,#2051,.T.);
#2054=ORIENTED_EDGE('',*,*,#2053,.T.);
#2055=ORIENTED_EDGE('',*,*,#2038,.F.);
#2056=EDGE_LOOP('',(#2050,#2052,#2054,#2055));
#2057=FACE_OUTER_BOUND('',#2056,.F.);
#2059=CARTESIAN_POINT('',(-1.1E-1,-7.333765255444E-2,1.634853119228E-1));
#2060=DIRECTION('',(0.E0,9.975640502598E-1,6.975647374413E-2));
#2061=DIRECTION('',(0.E0,-6.975647374413E-2,9.975640502598E-1));
#2062=AXIS2_PLACEMENT_3D('',#2059,#2060,#2061);
#2063=PLANE('',#2062);
#2065=ORIENTED_EDGE('',*,*,#2064,.T.);
#2067=ORIENTED_EDGE('',*,*,#2066,.T.);
#2068=ORIENTED_EDGE('',*,*,#2051,.F.);
#2069=ORIENTED_EDGE('',*,*,#1911,.F.);
#2070=EDGE_LOOP('',(#2065,#2067,#2068,#2069));
#2071=FACE_OUTER_BOUND('',#2070,.F.);
#2073=CARTESIAN_POINT('',(-3.96792E-1,3.500123069228E-2,2.62759608E-1));
#2074=DIRECTION('',(1.E0,0.E0,0.E0));
#2075=DIRECTION('',(0.E0,-9.975640502598E-1,-6.975647374413E-2));
#2076=AXIS2_PLACEMENT_3D('',#2073,#2074,#2075);
#2077=CYLINDRICAL_SURFACE('',#2076,1.15E-1);
#2078=ORIENTED_EDGE('',*,*,#2064,.F.);
#2079=ORIENTED_EDGE('',*,*,#1909,.T.);
#2081=ORIENTED_EDGE('',*,*,#2080,.T.);
#2083=ORIENTED_EDGE('',*,*,#2082,.T.);
#2084=EDGE_LOOP('',(#2078,#2079,#2081,#2083));
#2085=FACE_OUTER_BOUND('',#2084,.F.);
#2087=CARTESIAN_POINT('',(-1.1E-1,2.346516975603E-2,1.481532510893E-1));
#2088=DIRECTION('',(0.E0,1.564344650402E-1,9.876883405951E-1));
#2089=DIRECTION('',(0.E0,-9.876883405951E-1,1.564344650402E-1));
#2090=AXIS2_PLACEMENT_3D('',#2087,#2088,#2089);
#2091=PLANE('',#2090);
#2092=ORIENTED_EDGE('',*,*,#1942,.F.);
#2094=ORIENTED_EDGE('',*,*,#2093,.F.);
#2095=ORIENTED_EDGE('',*,*,#2080,.F.);
#2096=ORIENTED_EDGE('',*,*,#1907,.F.);
#2097=EDGE_LOOP('',(#2092,#2094,#2095,#2096));
#2098=FACE_OUTER_BOUND('',#2097,.F.);
#2100=CARTESIAN_POINT('',(1.1E-1,0.E0,0.E0));
#2101=DIRECTION('',(1.E0,0.E0,0.E0));
#2102=DIRECTION('',(0.E0,0.E0,-1.E0));
#2103=AXIS2_PLACEMENT_3D('',#2100,#2101,#2102);
#2104=PLANE('',#2103);
#2105=ORIENTED_EDGE('',*,*,#1940,.F.);
#2106=ORIENTED_EDGE('',*,*,#1956,.F.);
#2107=ORIENTED_EDGE('',*,*,#1969,.F.);
#2108=ORIENTED_EDGE('',*,*,#1982,.F.);
#2109=ORIENTED_EDGE('',*,*,#1998,.F.);
#2110=ORIENTED_EDGE('',*,*,#2010,.T.);
#2111=ORIENTED_EDGE('',*,*,#2025,.F.);
#2112=ORIENTED_EDGE('',*,*,#2040,.F.);
#2113=ORIENTED_EDGE('',*,*,#2053,.F.);
#2114=ORIENTED_EDGE('',*,*,#2066,.F.);
#2115=ORIENTED_EDGE('',*,*,#2082,.F.);
#2116=ORIENTED_EDGE('',*,*,#2093,.T.);
#2117=EDGE_LOOP('',(#2105,#2106,#2107,#2108,#2109,#2110,#2111,#2112,#2113,#2114,
#2115,#2116));
#2118=FACE_OUTER_BOUND('',#2117,.F.);
#2120=CLOSED_SHELL('',(#1931,#1946,#1960,#1974,#1988,#2002,#2016,#2030,#2044,
#2058,#2072,#2086,#2099,#2119));
#2121=MANIFOLD_SOLID_BREP('',#2120);
#2122=FILL_AREA_STYLE_COLOUR('',#22);
#2123=FILL_AREA_STYLE('',(#2122));
#2124=SURFACE_STYLE_FILL_AREA(#2123);
#2125=SURFACE_SIDE_STYLE('',(#2124));
#2126=SURFACE_STYLE_USAGE(.BOTH.,#2125);
#2127=PRESENTATION_STYLE_ASSIGNMENT((#2126));
#1591=STYLED_ITEM('',(#2127),#2121);
#2130=PLANE_ANGLE_MEASURE_WITH_UNIT(PLANE_ANGLE_MEASURE(1.745329251994E-2),
#2129);
#2131=(CONVERSION_BASED_UNIT('DEGREE',#2130)NAMED_UNIT(*)PLANE_ANGLE_UNIT());
#2133=UNCERTAINTY_MEASURE_WITH_UNIT(LENGTH_MEASURE(1.106494937918E-4),#2128,
'distance_accuracy_value',
'Maximum model space distance between geometric entities at asserted connectivities');
#2135=CARTESIAN_POINT('',(0.E0,0.E0,0.E0));
#2136=DIRECTION('',(0.E0,0.E0,1.E0));
#2137=DIRECTION('',(1.E0,0.E0,0.E0));
#2140=PRODUCT_CONTEXT('',#1526,'mechanical');
#2141=PRODUCT('LEAD-VSSOP','LEAD-VSSOP','NOT SPECIFIED',(#2140));
#2142=PRODUCT_DEFINITION_FORMATION('3','LAST_VERSION',#2141);
#2150=DERIVED_UNIT_ELEMENT(#2149,2.E0);
#2151=DERIVED_UNIT((#2150));
#2152=MEASURE_REPRESENTATION_ITEM('surface area measure',AREA_MEASURE(
8.910830986114E-1),#2151);
#2157=DERIVED_UNIT_ELEMENT(#2156,3.E0);
#2158=DERIVED_UNIT((#2157));
#2159=MEASURE_REPRESENTATION_ITEM('volume measure',VOLUME_MEASURE(
3.627989661160E-2),#2158);
#2163=CARTESIAN_POINT('centre point',(0.E0,1.833969860331E-2,
7.282193748732E-2));
#2168=DERIVED_UNIT_ELEMENT(#2167,2.E0);
#2169=DERIVED_UNIT((#2168));
#2170=MEASURE_REPRESENTATION_ITEM('surface area measure',AREA_MEASURE(
8.910830986114E-1),#2169);
#2175=DERIVED_UNIT_ELEMENT(#2174,3.E0);
#2176=DERIVED_UNIT((#2175));
#2177=MEASURE_REPRESENTATION_ITEM('volume measure',VOLUME_MEASURE(
3.627989661160E-2),#2176);
#2181=CARTESIAN_POINT('centre point',(0.E0,1.833969860331E-2,
7.282193748732E-2));
#2188=CARTESIAN_POINT('centre point',(-1.972821937487E0,3.25E0,
2.683396986033E-1));
#2192=CARTESIAN_POINT('',(-1.9E0,3.25E0,2.5E-1));
#2193=DIRECTION('',(-1.E0,0.E0,0.E0));
#2194=DIRECTION('',(0.E0,-1.E0,0.E0));
#2195=AXIS2_PLACEMENT_3D('',#2192,#2193,#2194);
#2196=ITEM_DEFINED_TRANSFORMATION('','',#2138,#2195);
#2197=(REPRESENTATION_RELATIONSHIP('','',#2139,#1577)REPRESENTATION_RELATIONSHIP_WITH_TRANSFORMATION(#2196)SHAPE_REPRESENTATION_RELATIONSHIP());
#2198=CONTEXT_DEPENDENT_SHAPE_REPRESENTATION(#2197,#2187);
#2201=CARTESIAN_POINT('centre point',(-1.972821937487E0,2.75E0,
2.683396986033E-1));
#2205=CARTESIAN_POINT('',(-1.9E0,2.75E0,2.5E-1));
#2206=DIRECTION('',(-1.E0,0.E0,0.E0));
#2207=DIRECTION('',(0.E0,-1.E0,0.E0));
#2208=AXIS2_PLACEMENT_3D('',#2205,#2206,#2207);
#2209=ITEM_DEFINED_TRANSFORMATION('','',#2138,#2208);
#2210=(REPRESENTATION_RELATIONSHIP('','',#2139,#1577)REPRESENTATION_RELATIONSHIP_WITH_TRANSFORMATION(#2209)SHAPE_REPRESENTATION_RELATIONSHIP());
#2211=CONTEXT_DEPENDENT_SHAPE_REPRESENTATION(#2210,#2200);
#2214=CARTESIAN_POINT('centre point',(-1.972821937487E0,2.25E0,
2.683396986033E-1));
#2218=CARTESIAN_POINT('',(-1.9E0,2.25E0,2.5E-1));
#2219=DIRECTION('',(-1.E0,0.E0,0.E0));
#2220=DIRECTION('',(0.E0,-1.E0,0.E0));
#2221=AXIS2_PLACEMENT_3D('',#2218,#2219,#2220);
#2222=ITEM_DEFINED_TRANSFORMATION('','',#2138,#2221);
#2223=(REPRESENTATION_RELATIONSHIP('','',#2139,#1577)REPRESENTATION_RELATIONSHIP_WITH_TRANSFORMATION(#2222)SHAPE_REPRESENTATION_RELATIONSHIP());
#2224=CONTEXT_DEPENDENT_SHAPE_REPRESENTATION(#2223,#2213);
#2227=CARTESIAN_POINT('centre point',(-1.972821937487E0,1.75E0,
2.683396986033E-1));
#2231=CARTESIAN_POINT('',(-1.9E0,1.75E0,2.5E-1));
#2232=DIRECTION('',(-1.E0,0.E0,0.E0));
#2233=DIRECTION('',(0.E0,-1.E0,0.E0));
#2234=AXIS2_PLACEMENT_3D('',#2231,#2232,#2233);
#2235=ITEM_DEFINED_TRANSFORMATION('','',#2138,#2234);
#2236=(REPRESENTATION_RELATIONSHIP('','',#2139,#1577)REPRESENTATION_RELATIONSHIP_WITH_TRANSFORMATION(#2235)SHAPE_REPRESENTATION_RELATIONSHIP());
#2237=CONTEXT_DEPENDENT_SHAPE_REPRESENTATION(#2236,#2226);
#2240=CARTESIAN_POINT('centre point',(-1.972821937487E0,1.25E0,
2.683396986033E-1));
#2244=CARTESIAN_POINT('',(-1.9E0,1.25E0,2.5E-1));
#2245=DIRECTION('',(-1.E0,0.E0,0.E0));
#2246=DIRECTION('',(0.E0,-1.E0,0.E0));
#2247=AXIS2_PLACEMENT_3D('',#2244,#2245,#2246);
#2248=ITEM_DEFINED_TRANSFORMATION('','',#2138,#2247);
#2249=(REPRESENTATION_RELATIONSHIP('','',#2139,#1577)REPRESENTATION_RELATIONSHIP_WITH_TRANSFORMATION(#2248)SHAPE_REPRESENTATION_RELATIONSHIP());
#2250=CONTEXT_DEPENDENT_SHAPE_REPRESENTATION(#2249,#2239);
#2253=CARTESIAN_POINT('centre point',(-1.972821937487E0,7.5E-1,
2.683396986033E-1));
#2257=CARTESIAN_POINT('',(-1.9E0,7.5E-1,2.5E-1));
#2258=DIRECTION('',(-1.E0,0.E0,0.E0));
#2259=DIRECTION('',(0.E0,-1.E0,0.E0));
#2260=AXIS2_PLACEMENT_3D('',#2257,#2258,#2259);
#2261=ITEM_DEFINED_TRANSFORMATION('','',#2138,#2260);
#2262=(REPRESENTATION_RELATIONSHIP('','',#2139,#1577)REPRESENTATION_RELATIONSHIP_WITH_TRANSFORMATION(#2261)SHAPE_REPRESENTATION_RELATIONSHIP());
#2263=CONTEXT_DEPENDENT_SHAPE_REPRESENTATION(#2262,#2252);
#2266=CARTESIAN_POINT('centre point',(-1.972821937487E0,2.5E-1,
2.683396986033E-1));
#2270=CARTESIAN_POINT('',(-1.9E0,2.5E-1,2.5E-1));
#2271=DIRECTION('',(-1.E0,0.E0,0.E0));
#2272=DIRECTION('',(0.E0,-1.E0,0.E0));
#2273=AXIS2_PLACEMENT_3D('',#2270,#2271,#2272);
#2274=ITEM_DEFINED_TRANSFORMATION('','',#2138,#2273);
#2275=(REPRESENTATION_RELATIONSHIP('','',#2139,#1577)REPRESENTATION_RELATIONSHIP_WITH_TRANSFORMATION(#2274)SHAPE_REPRESENTATION_RELATIONSHIP());
#2276=CONTEXT_DEPENDENT_SHAPE_REPRESENTATION(#2275,#2265);
#2279=CARTESIAN_POINT('centre point',(-1.972821937487E0,-2.5E-1,
2.683396986033E-1));
#2283=CARTESIAN_POINT('',(-1.9E0,-2.5E-1,2.5E-1));
#2284=DIRECTION('',(-1.E0,0.E0,0.E0));
#2285=DIRECTION('',(0.E0,-1.E0,0.E0));
#2286=AXIS2_PLACEMENT_3D('',#2283,#2284,#2285);
#2287=ITEM_DEFINED_TRANSFORMATION('','',#2138,#2286);
#2288=(REPRESENTATION_RELATIONSHIP('','',#2139,#1577)REPRESENTATION_RELATIONSHIP_WITH_TRANSFORMATION(#2287)SHAPE_REPRESENTATION_RELATIONSHIP());
#2289=CONTEXT_DEPENDENT_SHAPE_REPRESENTATION(#2288,#2278);
#2292=CARTESIAN_POINT('centre point',(-1.972821937487E0,-7.5E-1,
2.683396986033E-1));
#2296=CARTESIAN_POINT('',(-1.9E0,-7.5E-1,2.5E-1));
#2297=DIRECTION('',(-1.E0,0.E0,0.E0));
#2298=DIRECTION('',(0.E0,-1.E0,0.E0));
#2299=AXIS2_PLACEMENT_3D('',#2296,#2297,#2298);
#2300=ITEM_DEFINED_TRANSFORMATION('','',#2138,#2299);
#2301=(REPRESENTATION_RELATIONSHIP('','',#2139,#1577)REPRESENTATION_RELATIONSHIP_WITH_TRANSFORMATION(#2300)SHAPE_REPRESENTATION_RELATIONSHIP());
#2302=CONTEXT_DEPENDENT_SHAPE_REPRESENTATION(#2301,#2291);
#2305=CARTESIAN_POINT('centre point',(-1.972821937487E0,-1.25E0,
2.683396986033E-1));
#2309=CARTESIAN_POINT('',(-1.9E0,-1.25E0,2.5E-1));
#2310=DIRECTION('',(-1.E0,0.E0,0.E0));
#2311=DIRECTION('',(0.E0,-1.E0,0.E0));
#2312=AXIS2_PLACEMENT_3D('',#2309,#2310,#2311);
#2313=ITEM_DEFINED_TRANSFORMATION('','',#2138,#2312);
#2314=(REPRESENTATION_RELATIONSHIP('','',#2139,#1577)REPRESENTATION_RELATIONSHIP_WITH_TRANSFORMATION(#2313)SHAPE_REPRESENTATION_RELATIONSHIP());
#2315=CONTEXT_DEPENDENT_SHAPE_REPRESENTATION(#2314,#2304);
#2318=CARTESIAN_POINT('centre point',(-1.972821937487E0,-1.75E0,
2.683396986033E-1));
#2322=CARTESIAN_POINT('',(-1.9E0,-1.75E0,2.5E-1));
#2323=DIRECTION('',(-1.E0,0.E0,0.E0));
#2324=DIRECTION('',(0.E0,-1.E0,0.E0));
#2325=AXIS2_PLACEMENT_3D('',#2322,#2323,#2324);
#2326=ITEM_DEFINED_TRANSFORMATION('','',#2138,#2325);
#2327=(REPRESENTATION_RELATIONSHIP('','',#2139,#1577)REPRESENTATION_RELATIONSHIP_WITH_TRANSFORMATION(#2326)SHAPE_REPRESENTATION_RELATIONSHIP());
#2328=CONTEXT_DEPENDENT_SHAPE_REPRESENTATION(#2327,#2317);
#2331=CARTESIAN_POINT('centre point',(-1.972821937487E0,-2.25E0,
2.683396986033E-1));
#2335=CARTESIAN_POINT('',(-1.9E0,-2.25E0,2.5E-1));
#2336=DIRECTION('',(-1.E0,0.E0,0.E0));
#2337=DIRECTION('',(0.E0,-1.E0,0.E0));
#2338=AXIS2_PLACEMENT_3D('',#2335,#2336,#2337);
#2339=ITEM_DEFINED_TRANSFORMATION('','',#2138,#2338);
#2340=(REPRESENTATION_RELATIONSHIP('','',#2139,#1577)REPRESENTATION_RELATIONSHIP_WITH_TRANSFORMATION(#2339)SHAPE_REPRESENTATION_RELATIONSHIP());
#2341=CONTEXT_DEPENDENT_SHAPE_REPRESENTATION(#2340,#2330);
#2344=CARTESIAN_POINT('centre point',(-1.972821937487E0,-2.75E0,
2.683396986033E-1));
#2348=CARTESIAN_POINT('',(-1.9E0,-2.75E0,2.5E-1));
#2349=DIRECTION('',(-1.E0,0.E0,0.E0));
#2350=DIRECTION('',(0.E0,-1.E0,0.E0));
#2351=AXIS2_PLACEMENT_3D('',#2348,#2349,#2350);
#2352=ITEM_DEFINED_TRANSFORMATION('','',#2138,#2351);
#2353=(REPRESENTATION_RELATIONSHIP('','',#2139,#1577)REPRESENTATION_RELATIONSHIP_WITH_TRANSFORMATION(#2352)SHAPE_REPRESENTATION_RELATIONSHIP());
#2354=CONTEXT_DEPENDENT_SHAPE_REPRESENTATION(#2353,#2343);
#2357=CARTESIAN_POINT('centre point',(-1.972821937487E0,-3.25E0,
2.683396986033E-1));
#2361=CARTESIAN_POINT('',(-1.9E0,-3.25E0,2.5E-1));
#2362=DIRECTION('',(-1.E0,0.E0,0.E0));
#2363=DIRECTION('',(0.E0,-1.E0,0.E0));
#2364=AXIS2_PLACEMENT_3D('',#2361,#2362,#2363);
#2365=ITEM_DEFINED_TRANSFORMATION('','',#2138,#2364);
#2366=(REPRESENTATION_RELATIONSHIP('','',#2139,#1577)REPRESENTATION_RELATIONSHIP_WITH_TRANSFORMATION(#2365)SHAPE_REPRESENTATION_RELATIONSHIP());
#2367=CONTEXT_DEPENDENT_SHAPE_REPRESENTATION(#2366,#2356);
#2370=CARTESIAN_POINT('centre point',(1.972821937487E0,-3.25E0,
2.683396986033E-1));
#2374=CARTESIAN_POINT('',(1.9E0,-3.25E0,2.5E-1));
#2375=DIRECTION('',(1.E0,0.E0,0.E0));
#2376=DIRECTION('',(0.E0,1.E0,0.E0));
#2377=AXIS2_PLACEMENT_3D('',#2374,#2375,#2376);
#2378=ITEM_DEFINED_TRANSFORMATION('','',#2138,#2377);
#2379=(REPRESENTATION_RELATIONSHIP('','',#2139,#1577)REPRESENTATION_RELATIONSHIP_WITH_TRANSFORMATION(#2378)SHAPE_REPRESENTATION_RELATIONSHIP());
#2380=CONTEXT_DEPENDENT_SHAPE_REPRESENTATION(#2379,#2369);
#2383=CARTESIAN_POINT('centre point',(1.972821937487E0,-2.75E0,
2.683396986033E-1));
#2387=CARTESIAN_POINT('',(1.9E0,-2.75E0,2.5E-1));
#2388=DIRECTION('',(1.E0,0.E0,0.E0));
#2389=DIRECTION('',(0.E0,1.E0,0.E0));
#2390=AXIS2_PLACEMENT_3D('',#2387,#2388,#2389);
#2391=ITEM_DEFINED_TRANSFORMATION('','',#2138,#2390);
#2392=(REPRESENTATION_RELATIONSHIP('','',#2139,#1577)REPRESENTATION_RELATIONSHIP_WITH_TRANSFORMATION(#2391)SHAPE_REPRESENTATION_RELATIONSHIP());
#2393=CONTEXT_DEPENDENT_SHAPE_REPRESENTATION(#2392,#2382);
#2396=CARTESIAN_POINT('centre point',(1.972821937487E0,-2.25E0,
2.683396986033E-1));
#2400=CARTESIAN_POINT('',(1.9E0,-2.25E0,2.5E-1));
#2401=DIRECTION('',(1.E0,0.E0,0.E0));
#2402=DIRECTION('',(0.E0,1.E0,0.E0));
#2403=AXIS2_PLACEMENT_3D('',#2400,#2401,#2402);
#2404=ITEM_DEFINED_TRANSFORMATION('','',#2138,#2403);
#2405=(REPRESENTATION_RELATIONSHIP('','',#2139,#1577)REPRESENTATION_RELATIONSHIP_WITH_TRANSFORMATION(#2404)SHAPE_REPRESENTATION_RELATIONSHIP());
#2406=CONTEXT_DEPENDENT_SHAPE_REPRESENTATION(#2405,#2395);
#2409=CARTESIAN_POINT('centre point',(1.972821937487E0,-1.75E0,
2.683396986033E-1));
#2413=CARTESIAN_POINT('',(1.9E0,-1.75E0,2.5E-1));
#2414=DIRECTION('',(1.E0,0.E0,0.E0));
#2415=DIRECTION('',(0.E0,1.E0,0.E0));
#2416=AXIS2_PLACEMENT_3D('',#2413,#2414,#2415);
#2417=ITEM_DEFINED_TRANSFORMATION('','',#2138,#2416);
#2418=(REPRESENTATION_RELATIONSHIP('','',#2139,#1577)REPRESENTATION_RELATIONSHIP_WITH_TRANSFORMATION(#2417)SHAPE_REPRESENTATION_RELATIONSHIP());
#2419=CONTEXT_DEPENDENT_SHAPE_REPRESENTATION(#2418,#2408);
#2422=CARTESIAN_POINT('centre point',(1.972821937487E0,-1.25E0,
2.683396986033E-1));
#2426=CARTESIAN_POINT('',(1.9E0,-1.25E0,2.5E-1));
#2427=DIRECTION('',(1.E0,0.E0,0.E0));
#2428=DIRECTION('',(0.E0,1.E0,0.E0));
#2429=AXIS2_PLACEMENT_3D('',#2426,#2427,#2428);
#2430=ITEM_DEFINED_TRANSFORMATION('','',#2138,#2429);
#2431=(REPRESENTATION_RELATIONSHIP('','',#2139,#1577)REPRESENTATION_RELATIONSHIP_WITH_TRANSFORMATION(#2430)SHAPE_REPRESENTATION_RELATIONSHIP());
#2432=CONTEXT_DEPENDENT_SHAPE_REPRESENTATION(#2431,#2421);
#2435=CARTESIAN_POINT('centre point',(1.972821937487E0,-7.5E-1,
2.683396986033E-1));
#2439=CARTESIAN_POINT('',(1.9E0,-7.5E-1,2.5E-1));
#2440=DIRECTION('',(1.E0,0.E0,0.E0));
#2441=DIRECTION('',(0.E0,1.E0,0.E0));
#2442=AXIS2_PLACEMENT_3D('',#2439,#2440,#2441);
#2443=ITEM_DEFINED_TRANSFORMATION('','',#2138,#2442);
#2444=(REPRESENTATION_RELATIONSHIP('','',#2139,#1577)REPRESENTATION_RELATIONSHIP_WITH_TRANSFORMATION(#2443)SHAPE_REPRESENTATION_RELATIONSHIP());
#2445=CONTEXT_DEPENDENT_SHAPE_REPRESENTATION(#2444,#2434);
#2448=CARTESIAN_POINT('centre point',(1.972821937487E0,-2.5E-1,
2.683396986033E-1));
#2452=CARTESIAN_POINT('',(1.9E0,-2.5E-1,2.5E-1));
#2453=DIRECTION('',(1.E0,0.E0,0.E0));
#2454=DIRECTION('',(0.E0,1.E0,0.E0));
#2455=AXIS2_PLACEMENT_3D('',#2452,#2453,#2454);
#2456=ITEM_DEFINED_TRANSFORMATION('','',#2138,#2455);
#2457=(REPRESENTATION_RELATIONSHIP('','',#2139,#1577)REPRESENTATION_RELATIONSHIP_WITH_TRANSFORMATION(#2456)SHAPE_REPRESENTATION_RELATIONSHIP());
#2458=CONTEXT_DEPENDENT_SHAPE_REPRESENTATION(#2457,#2447);
#2461=CARTESIAN_POINT('centre point',(1.972821937487E0,2.5E-1,
2.683396986033E-1));
#2465=CARTESIAN_POINT('',(1.9E0,2.5E-1,2.5E-1));
#2466=DIRECTION('',(1.E0,0.E0,0.E0));
#2467=DIRECTION('',(0.E0,1.E0,0.E0));
#2468=AXIS2_PLACEMENT_3D('',#2465,#2466,#2467);
#2469=ITEM_DEFINED_TRANSFORMATION('','',#2138,#2468);
#2470=(REPRESENTATION_RELATIONSHIP('','',#2139,#1577)REPRESENTATION_RELATIONSHIP_WITH_TRANSFORMATION(#2469)SHAPE_REPRESENTATION_RELATIONSHIP());
#2471=CONTEXT_DEPENDENT_SHAPE_REPRESENTATION(#2470,#2460);
#2474=CARTESIAN_POINT('centre point',(1.972821937487E0,7.5E-1,
2.683396986033E-1));
#2478=CARTESIAN_POINT('',(1.9E0,7.5E-1,2.5E-1));
#2479=DIRECTION('',(1.E0,0.E0,0.E0));
#2480=DIRECTION('',(0.E0,1.E0,0.E0));
#2481=AXIS2_PLACEMENT_3D('',#2478,#2479,#2480);
#2482=ITEM_DEFINED_TRANSFORMATION('','',#2138,#2481);
#2483=(REPRESENTATION_RELATIONSHIP('','',#2139,#1577)REPRESENTATION_RELATIONSHIP_WITH_TRANSFORMATION(#2482)SHAPE_REPRESENTATION_RELATIONSHIP());
#2484=CONTEXT_DEPENDENT_SHAPE_REPRESENTATION(#2483,#2473);
#2487=CARTESIAN_POINT('centre point',(1.972821937487E0,1.25E0,
2.683396986033E-1));
#2491=CARTESIAN_POINT('',(1.9E0,1.25E0,2.5E-1));
#2492=DIRECTION('',(1.E0,0.E0,0.E0));
#2493=DIRECTION('',(0.E0,1.E0,0.E0));
#2494=AXIS2_PLACEMENT_3D('',#2491,#2492,#2493);
#2495=ITEM_DEFINED_TRANSFORMATION('','',#2138,#2494);
#2496=(REPRESENTATION_RELATIONSHIP('','',#2139,#1577)REPRESENTATION_RELATIONSHIP_WITH_TRANSFORMATION(#2495)SHAPE_REPRESENTATION_RELATIONSHIP());
#2497=CONTEXT_DEPENDENT_SHAPE_REPRESENTATION(#2496,#2486);
#2500=CARTESIAN_POINT('centre point',(1.972821937487E0,1.75E0,
2.683396986033E-1));
#2504=CARTESIAN_POINT('',(1.9E0,1.75E0,2.5E-1));
#2505=DIRECTION('',(1.E0,0.E0,0.E0));
#2506=DIRECTION('',(0.E0,1.E0,0.E0));
#2507=AXIS2_PLACEMENT_3D('',#2504,#2505,#2506);
#2508=ITEM_DEFINED_TRANSFORMATION('','',#2138,#2507);
#2509=(REPRESENTATION_RELATIONSHIP('','',#2139,#1577)REPRESENTATION_RELATIONSHIP_WITH_TRANSFORMATION(#2508)SHAPE_REPRESENTATION_RELATIONSHIP());
#2510=CONTEXT_DEPENDENT_SHAPE_REPRESENTATION(#2509,#2499);
#2513=CARTESIAN_POINT('centre point',(1.972821937487E0,2.25E0,
2.683396986033E-1));
#2517=CARTESIAN_POINT('',(1.9E0,2.25E0,2.5E-1));
#2518=DIRECTION('',(1.E0,0.E0,0.E0));
#2519=DIRECTION('',(0.E0,1.E0,0.E0));
#2520=AXIS2_PLACEMENT_3D('',#2517,#2518,#2519);
#2521=ITEM_DEFINED_TRANSFORMATION('','',#2138,#2520);
#2522=(REPRESENTATION_RELATIONSHIP('','',#2139,#1577)REPRESENTATION_RELATIONSHIP_WITH_TRANSFORMATION(#2521)SHAPE_REPRESENTATION_RELATIONSHIP());
#2523=CONTEXT_DEPENDENT_SHAPE_REPRESENTATION(#2522,#2512);
#2526=CARTESIAN_POINT('centre point',(1.972821937487E0,2.75E0,
2.683396986033E-1));
#2530=CARTESIAN_POINT('',(1.9E0,2.75E0,2.5E-1));
#2531=DIRECTION('',(1.E0,0.E0,0.E0));
#2532=DIRECTION('',(0.E0,1.E0,0.E0));
#2533=AXIS2_PLACEMENT_3D('',#2530,#2531,#2532);
#2534=ITEM_DEFINED_TRANSFORMATION('','',#2138,#2533);
#2535=(REPRESENTATION_RELATIONSHIP('','',#2139,#1577)REPRESENTATION_RELATIONSHIP_WITH_TRANSFORMATION(#2534)SHAPE_REPRESENTATION_RELATIONSHIP());
#2536=CONTEXT_DEPENDENT_SHAPE_REPRESENTATION(#2535,#2525);
#2539=CARTESIAN_POINT('centre point',(1.972821937487E0,3.25E0,
2.683396986033E-1));
#2543=CARTESIAN_POINT('',(1.9E0,3.25E0,2.5E-1));
#2544=DIRECTION('',(1.E0,0.E0,0.E0));
#2545=DIRECTION('',(0.E0,1.E0,0.E0));
#2546=AXIS2_PLACEMENT_3D('',#2543,#2544,#2545);
#2547=ITEM_DEFINED_TRANSFORMATION('','',#2138,#2546);
#2548=(REPRESENTATION_RELATIONSHIP('','',#2139,#1577)REPRESENTATION_RELATIONSHIP_WITH_TRANSFORMATION(#2547)SHAPE_REPRESENTATION_RELATIONSHIP());
#2549=CONTEXT_DEPENDENT_SHAPE_REPRESENTATION(#2548,#2538);
#2552=PLANE_ANGLE_MEASURE_WITH_UNIT(PLANE_ANGLE_MEASURE(1.745329251994E-2),
#2551);
#2553=(CONVERSION_BASED_UNIT('DEGREE',#2552)NAMED_UNIT(*)PLANE_ANGLE_UNIT());
#2555=UNCERTAINTY_MEASURE_WITH_UNIT(LENGTH_MEASURE(1.384614935661E-3),#2550,
'distance_accuracy_value',
'Maximum model space distance between geometric entities at asserted connectivities');
#2557=CARTESIAN_POINT('',(0.E0,0.E0,0.E0));
#2558=DIRECTION('',(0.E0,0.E0,1.E0));
#2559=DIRECTION('',(1.E0,0.E0,0.E0));
#2561=MECHANICAL_DESIGN_GEOMETRIC_PRESENTATION_REPRESENTATION('',(#36,#43,#50,
#57,#64,#71,#79,#87,#94,#101,#109,#117,#124,#131,#138,#145,#152,#160,#168,#176,
#184,#192,#200,#208,#216,#228,#240,#247,#254,#261,#273,#285,#292,#299,#306,#318,
#330,#337,#344,#351,#359,#366,#373,#380,#388,#395,#402,#409,#417,#424,#432,#439,
#447,#455,#463,#471,#478,#486,#493,#500,#507,#514,#521,#529,#536,#544,#551,#559,
#567,#575,#587,#599,#606,#613,#620,#627,#634,#641,#648,#656,#664,#672,#680,#688,
#696,#703,#710,#717,#725,#733,#741,#749,#757,#765,#773,#781,#28,#1599,#1606,
#1613,#1620,#1627,#1635,#1642,#1649,#1656,#1663,#1670,#1677,#1684,#1691,#1699,
#1707,#1714,#1721,#1728,#1735,#1742,#1749,#1757,#1765,#1772,#1779,#1787,#1794,
#1801,#1808,#1815,#1823,#1830,#1837,#1844,#1851,#1591),#2556);
#2562=PRODUCT_DEFINITION_CONTEXT('part definition',#1526,'design');
#2563=PRODUCT_CONTEXT('',#1526,'mechanical');
#2564=PRODUCT('DGS0028A_ASM','DGS0028A_ASM','NOT SPECIFIED',(#2563));
#2565=PRODUCT_DEFINITION_FORMATION('4','LAST_VERSION',#2564);
#2568=DERIVED_UNIT_ELEMENT(#2567,2.E0);
#2569=DERIVED_UNIT((#2568));
#2570=MEASURE_REPRESENTATION_ITEM('surface area measure',AREA_MEASURE(
8.225151138317E1),#2569);
#2575=DERIVED_UNIT_ELEMENT(#2574,3.E0);
#2576=DERIVED_UNIT((#2575));
#2577=MEASURE_REPRESENTATION_ITEM('volume measure',VOLUME_MEASURE(
2.044934162097E1),#2576);
#2581=CARTESIAN_POINT('centre point',(1.551861910618E-7,-4.549003254357E-7,
5.523628724013E-1));
#2585=PRODUCT_RELATED_PRODUCT_CATEGORY('part','',(#2564,#1530,#2141));
#1=COLOUR_RGB('',0.E0,4.3E-1,1.E0);
#2=COLOUR_RGB('',0.E0,6.6E-1,0.E0);
#3=COLOUR_RGB('',9.8039E-2,9.8039E-2,9.8039E-2);
#4=COLOUR_RGB('',1.80392E-1,2.7451E-1,9.8039E-2);
#5=COLOUR_RGB('',3.E-1,1.29412E-1,2.5098E-1);
#6=COLOUR_RGB('',3.13725E-1,3.13725E-1,3.13725E-1);
#7=COLOUR_RGB('',3.2E-1,4.9E-1,1.76471E-1);
#8=COLOUR_RGB('',3.5E-1,3.5E-1,3.5E-1);
#9=COLOUR_RGB('',3.92157E-1,3.92157E-1,3.92157E-1);
#10=COLOUR_RGB('',5.7E-1,0.E0,1.E0);
#11=COLOUR_RGB('',5.9E-1,3.E-1,0.E0);
#12=COLOUR_RGB('',6.E-1,6.E-1,6.E-1);
#13=COLOUR_RGB('',6.2E-1,3.3E-1,2.3E-1);
#14=COLOUR_RGB('',6.35294E-1,6.86275E-1,7.4902E-1);
#15=COLOUR_RGB('',6.66667E-1,6.66667E-1,6.66667E-1);
#16=COLOUR_RGB('',6.9E-1,0.E0,0.E0);
#17=COLOUR_RGB('',7.E-1,7.E-1,7.E-1);
#18=COLOUR_RGB('',8.23529E-1,7.05882E-1,4.31373E-1);
#19=COLOUR_RGB('',8.39216E-1,8.90196E-1,7.68627E-1);
#20=COLOUR_RGB('',8.62745E-1,4.98039E-1,3.92157E-1);
#21=COLOUR_RGB('',8.7E-1,7.5E-1,4.9E-1);
#22=COLOUR_RGB('',8.82353E-1,8.82353E-1,8.82353E-1);
#23=COLOUR_RGB('',9.80392E-1,9.80392E-1,9.80392E-1);
#24=COLOUR_RGB('',9.9E-1,1.E0,0.E0);
#25=COLOUR_RGB('',1.E0,5.E-1,0.E0);
#26=COLOUR_RGB('',1.E0,6.19608E-1,5.17647E-1);
#27=DRAUGHTING_PRE_DEFINED_COLOUR('white');
#76=B_SPLINE_CURVE_WITH_KNOTS('',3,(#72,#73,#74,#75),.UNSPECIFIED.,.F.,.F.,(4,
4),(0.E0,1.E0),.UNSPECIFIED.);
#84=B_SPLINE_CURVE_WITH_KNOTS('',3,(#80,#81,#82,#83),.UNSPECIFIED.,.F.,.F.,(4,
4),(0.E0,1.E0),.UNSPECIFIED.);
#106=B_SPLINE_CURVE_WITH_KNOTS('',3,(#102,#103,#104,#105),.UNSPECIFIED.,.F.,.F.,
(4,4),(0.E0,1.E0),.UNSPECIFIED.);
#114=B_SPLINE_CURVE_WITH_KNOTS('',3,(#110,#111,#112,#113),.UNSPECIFIED.,.F.,.F.,
(4,4),(0.E0,1.E0),.UNSPECIFIED.);
#157=B_SPLINE_CURVE_WITH_KNOTS('',3,(#153,#154,#155,#156),.UNSPECIFIED.,.F.,.F.,
(4,4),(0.E0,1.E0),.UNSPECIFIED.);
#165=B_SPLINE_CURVE_WITH_KNOTS('',3,(#161,#162,#163,#164),.UNSPECIFIED.,.F.,.F.,
(4,4),(0.E0,1.E0),.UNSPECIFIED.);
#173=CIRCLE('',#172,1.E-1);
#181=CIRCLE('',#180,1.E-1);
#189=CIRCLE('',#188,1.E-1);
#197=CIRCLE('',#196,1.E-1);
#205=CIRCLE('',#204,1.E-1);
#213=CIRCLE('',#212,1.E-1);
#225=B_SPLINE_CURVE_WITH_KNOTS('',3,(#217,#218,#219,#220,#221,#222,#223,#224),
.UNSPECIFIED.,.F.,.F.,(4,1,1,1,1,4),(0.E0,2.E-1,4.E-1,6.E-1,8.E-1,1.E0),
.UNSPECIFIED.);
#237=B_SPLINE_CURVE_WITH_KNOTS('',3,(#229,#230,#231,#232,#233,#234,#235,#236),
.UNSPECIFIED.,.F.,.F.,(4,1,1,1,1,4),(0.E0,2.E-1,4.E-1,6.E-1,8.E-1,1.E0),
.UNSPECIFIED.);
#270=B_SPLINE_CURVE_WITH_KNOTS('',3,(#262,#263,#264,#265,#266,#267,#268,#269),
.UNSPECIFIED.,.F.,.F.,(4,1,1,1,1,4),(0.E0,2.E-1,4.E-1,6.E-1,8.E-1,1.E0),
.UNSPECIFIED.);
#282=B_SPLINE_CURVE_WITH_KNOTS('',3,(#274,#275,#276,#277,#278,#279,#280,#281),
.UNSPECIFIED.,.F.,.F.,(4,1,1,1,1,4),(0.E0,2.E-1,4.E-1,6.E-1,8.E-1,1.E0),
.UNSPECIFIED.);
#315=B_SPLINE_CURVE_WITH_KNOTS('',3,(#307,#308,#309,#310,#311,#312,#313,#314),
.UNSPECIFIED.,.F.,.F.,(4,1,1,1,1,4),(0.E0,2.E-1,4.E-1,6.E-1,8.E-1,1.E0),
.UNSPECIFIED.);
#327=B_SPLINE_CURVE_WITH_KNOTS('',3,(#319,#320,#321,#322,#323,#324,#325,#326),
.UNSPECIFIED.,.F.,.F.,(4,1,1,1,1,4),(0.E0,2.E-1,4.E-1,6.E-1,8.E-1,1.E0),
.UNSPECIFIED.);
#356=B_SPLINE_CURVE_WITH_KNOTS('',3,(#352,#353,#354,#355),.UNSPECIFIED.,.F.,.F.,
(4,4),(0.E0,1.E0),.UNSPECIFIED.);
#385=B_SPLINE_CURVE_WITH_KNOTS('',3,(#381,#382,#383,#384),.UNSPECIFIED.,.F.,.F.,
(4,4),(0.E0,1.E0),.UNSPECIFIED.);
#414=B_SPLINE_CURVE_WITH_KNOTS('',3,(#410,#411,#412,#413),.UNSPECIFIED.,.F.,.F.,
(4,4),(0.E0,1.E0),.UNSPECIFIED.);
#429=B_SPLINE_CURVE_WITH_KNOTS('',3,(#425,#426,#427,#428),.UNSPECIFIED.,.F.,.F.,
(4,4),(0.E0,1.E0),.UNSPECIFIED.);
#444=CIRCLE('',#443,1.E-1);
#452=CIRCLE('',#451,1.E-1);
#460=CIRCLE('',#459,1.E-1);
#468=B_SPLINE_CURVE_WITH_KNOTS('',3,(#464,#465,#466,#467),.UNSPECIFIED.,.F.,.F.,
(4,4),(0.E0,1.E0),.UNSPECIFIED.);
#483=B_SPLINE_CURVE_WITH_KNOTS('',3,(#479,#480,#481,#482),.UNSPECIFIED.,.F.,.F.,
(4,4),(0.E0,1.E0),.UNSPECIFIED.);
#526=B_SPLINE_CURVE_WITH_KNOTS('',3,(#522,#523,#524,#525),.UNSPECIFIED.,.F.,.F.,
(4,4),(0.E0,1.E0),.UNSPECIFIED.);
#541=B_SPLINE_CURVE_WITH_KNOTS('',3,(#537,#538,#539,#540),.UNSPECIFIED.,.F.,.F.,
(4,4),(0.E0,1.E0),.UNSPECIFIED.);
#556=CIRCLE('',#555,1.E-1);
#564=CIRCLE('',#563,1.E-1);
#572=CIRCLE('',#571,1.E-1);
#584=B_SPLINE_CURVE_WITH_KNOTS('',3,(#576,#577,#578,#579,#580,#581,#582,#583),
.UNSPECIFIED.,.F.,.F.,(4,1,1,1,1,4),(0.E0,2.E-1,4.E-1,6.E-1,8.E-1,1.E0),
.UNSPECIFIED.);
#596=B_SPLINE_CURVE_WITH_KNOTS('',3,(#588,#589,#590,#591,#592,#593,#594,#595),
.UNSPECIFIED.,.F.,.F.,(4,1,1,1,1,4),(0.E0,2.E-1,4.E-1,6.E-1,8.E-1,1.E0),
.UNSPECIFIED.);
#653=CIRCLE('',#652,1.E-1);
#661=CIRCLE('',#660,1.E-1);
#669=CIRCLE('',#668,1.E-1);
#677=CIRCLE('',#676,1.E-1);
#685=CIRCLE('',#684,1.E-1);
#693=CIRCLE('',#692,1.E-1);
#722=B_SPLINE_CURVE_WITH_KNOTS('',3,(#718,#719,#720,#721),.UNSPECIFIED.,.F.,.F.,
(4,4),(0.E0,1.E0),.UNSPECIFIED.);
#730=B_SPLINE_CURVE_WITH_KNOTS('',3,(#726,#727,#728,#729),.UNSPECIFIED.,.F.,.F.,
(4,4),(0.E0,1.E0),.UNSPECIFIED.);
#738=CIRCLE('',#737,1.E-1);
#746=CIRCLE('',#745,1.E-1);
#754=CIRCLE('',#753,1.E-1);
#762=CIRCLE('',#761,1.E-1);
#770=CIRCLE('',#769,1.E-1);
#778=CIRCLE('',#777,1.E-1);
#887=EDGE_CURVE('',#788,#789,#32,.T.);
#889=EDGE_CURVE('',#845,#788,#40,.T.);
#891=EDGE_CURVE('',#843,#845,#47,.T.);
#893=EDGE_CURVE('',#789,#843,#54,.T.);
#897=ADVANCED_FACE('',(#896),#886,.F.);
#903=EDGE_CURVE('',#784,#785,#61,.T.);
#905=EDGE_CURVE('',#784,#788,#205,.T.);
#908=EDGE_CURVE('',#789,#785,#778,.T.);
#912=ADVANCED_FACE('',(#911),#902,.T.);
#919=EDGE_CURVE('',#835,#785,#68,.T.);
#921=EDGE_CURVE('',#834,#835,#76,.T.);
#923=EDGE_CURVE('',#834,#877,#617,.T.);
#925=EDGE_CURVE('',#876,#877,#84,.T.);
#927=EDGE_CURVE('',#876,#784,#91,.T.);
#931=ADVANCED_FACE('',(#930),#917,.T.);
#937=EDGE_CURVE('',#836,#841,#121,.T.);
#939=EDGE_CURVE('',#835,#836,#584,.T.);
#942=EDGE_CURVE('',#785,#841,#770,.T.);
#946=ADVANCED_FACE('',(#945),#936,.T.);
#952=EDGE_CURVE('',#812,#813,#98,.T.);
#954=EDGE_CURVE('',#817,#812,#106,.T.);
#956=EDGE_CURVE('',#817,#837,#348,.T.);
#958=EDGE_CURVE('',#836,#837,#114,.T.);
#961=EDGE_CURVE('',#841,#813,#128,.T.);
#965=ADVANCED_FACE('',(#964),#951,.T.);
#971=EDGE_CURVE('',#808,#809,#135,.T.);
#973=EDGE_CURVE('',#812,#808,#315,.T.);
#976=EDGE_CURVE('',#813,#809,#746,.T.);
#980=ADVANCED_FACE('',(#979),#970,.T.);
#987=EDGE_CURVE('',#809,#847,#142,.T.);
#989=EDGE_CURVE('',#853,#847,#149,.T.);
#991=EDGE_CURVE('',#857,#853,#157,.T.);
#993=EDGE_CURVE('',#857,#818,#296,.T.);
#995=EDGE_CURVE('',#808,#818,#165,.T.);
#999=ADVANCED_FACE('',(#998),#985,.T.);
#1006=EDGE_CURVE('',#845,#847,#189,.T.);
#1009=EDGE_CURVE('',#809,#843,#738,.T.);
#1013=ADVANCED_FACE('',(#1012),#1004,.T.);
#1019=EDGE_CURVE('',#851,#845,#173,.T.);
#1021=EDGE_CURVE('',#847,#851,#181,.T.);
#1026=ADVANCED_FACE('',(#1025),#1018,.T.);
#1033=EDGE_CURVE('',#788,#881,#197,.T.);
#1035=EDGE_CURVE('',#851,#881,#707,.T.);
#1040=ADVANCED_FACE('',(#1039),#1031,.T.);
#1048=EDGE_CURVE('',#881,#784,#213,.T.);
#1052=ADVANCED_FACE('',(#1051),#1045,.T.);
#1059=EDGE_CURVE('',#875,#876,#225,.T.);
#1061=EDGE_CURVE('',#875,#881,#714,.T.);
#1066=ADVANCED_FACE('',(#1065),#1057,.T.);
#1072=EDGE_CURVE('',#873,#874,#258,.T.);
#1074=EDGE_CURVE('',#874,#875,#722,.T.);
#1078=EDGE_CURVE('',#879,#877,#610,.T.);
#1080=EDGE_CURVE('',#879,#870,#526,.T.);
#1082=EDGE_CURVE('',#870,#868,#237,.T.);
#1084=EDGE_CURVE('',#868,#873,#483,.T.);
#1088=ADVANCED_FACE('',(#1087),#1071,.T.);
#1094=EDGE_CURVE('',#860,#858,#244,.T.);
#1096=EDGE_CURVE('',#874,#858,#251,.T.);
#1099=EDGE_CURVE('',#873,#860,#475,.T.);
#1103=ADVANCED_FACE('',(#1102),#1093,.T.);
#1109=EDGE_CURVE('',#856,#857,#303,.T.);
#1112=EDGE_CURVE('',#853,#850,#270,.T.);
#1114=EDGE_CURVE('',#850,#858,#730,.T.);
#1117=EDGE_CURVE('',#860,#861,#468,.T.);
#1119=EDGE_CURVE('',#861,#862,#282,.T.);
#1121=EDGE_CURVE('',#862,#856,#429,.T.);
#1125=ADVANCED_FACE('',(#1124),#1108,.T.);
#1131=EDGE_CURVE('',#820,#818,#289,.T.);
#1135=EDGE_CURVE('',#856,#820,#421,.T.);
#1139=ADVANCED_FACE('',(#1138),#1130,.T.);
#1145=EDGE_CURVE('',#816,#817,#334,.T.);
#1151=EDGE_CURVE('',#820,#821,#414,.T.);
#1153=EDGE_CURVE('',#821,#822,#327,.T.);
#1155=EDGE_CURVE('',#822,#816,#356,.T.);
#1159=ADVANCED_FACE('',(#1158),#1144,.T.);
#1166=EDGE_CURVE('',#816,#839,#392,.T.);
#1168=EDGE_CURVE('',#839,#837,#341,.T.);
#1173=ADVANCED_FACE('',(#1172),#1164,.T.);
#1180=EDGE_CURVE('',#824,#822,#363,.T.);
#1182=EDGE_CURVE('',#824,#826,#370,.T.);
#1184=EDGE_CURVE('',#826,#830,#377,.T.);
#1186=EDGE_CURVE('',#839,#830,#385,.T.);
#1191=ADVANCED_FACE('',(#1190),#1178,.T.);
#1199=EDGE_CURVE('',#801,#821,#406,.T.);
#1201=EDGE_CURVE('',#801,#824,#661,.T.);
#1205=ADVANCED_FACE('',(#1204),#1196,.T.);
#1211=EDGE_CURVE('',#800,#801,#399,.T.);
#1217=EDGE_CURVE('',#800,#862,#436,.T.);
#1221=ADVANCED_FACE('',(#1220),#1210,.T.);
#1228=EDGE_CURVE('',#800,#804,#452,.T.);
#1230=EDGE_CURVE('',#804,#805,#638,.T.);
#1232=EDGE_CURVE('',#805,#801,#669,.T.);
#1236=ADVANCED_FACE('',(#1235),#1226,.T.);
#1242=EDGE_CURVE('',#804,#864,#444,.T.);
#1245=EDGE_CURVE('',#864,#800,#460,.T.);
#1249=ADVANCED_FACE('',(#1248),#1241,.T.);
#1255=EDGE_CURVE('',#866,#864,#497,.T.);
#1257=EDGE_CURVE('',#866,#797,#693,.T.);
#1259=EDGE_CURVE('',#797,#804,#645,.T.);
#1264=ADVANCED_FACE('',(#1263),#1254,.T.);
#1273=EDGE_CURVE('',#866,#868,#490,.T.);
#1276=EDGE_CURVE('',#864,#861,#504,.T.);
#1280=ADVANCED_FACE('',(#1279),#1269,.T.);
#1288=EDGE_CURVE('',#793,#870,#518,.T.);
#1290=EDGE_CURVE('',#793,#866,#677,.T.);
#1294=ADVANCED_FACE('',(#1293),#1285,.T.);
#1300=EDGE_CURVE('',#792,#793,#511,.T.);
#1304=EDGE_CURVE('',#833,#879,#533,.T.);
#1306=EDGE_CURVE('',#828,#833,#541,.T.);
#1308=EDGE_CURVE('',#792,#828,#548,.T.);
#1312=ADVANCED_FACE('',(#1311),#1299,.T.);
#1319=EDGE_CURVE('',#792,#796,#572,.T.);
#1321=EDGE_CURVE('',#796,#797,#624,.T.);
#1323=EDGE_CURVE('',#797,#793,#685,.T.);
#1327=ADVANCED_FACE('',(#1326),#1317,.T.);
#1333=EDGE_CURVE('',#826,#792,#556,.T.);
#1335=EDGE_CURVE('',#796,#826,#564,.T.);
#1340=ADVANCED_FACE('',(#1339),#1332,.T.);
#1347=EDGE_CURVE('',#830,#828,#596,.T.);
#1353=ADVANCED_FACE('',(#1352),#1345,.T.);
#1359=EDGE_CURVE('',#833,#834,#603,.T.);
#1370=ADVANCED_FACE('',(#1369),#1358,.T.);
#1382=ADVANCED_FACE('',(#1381),#1375,.T.);
#1388=EDGE_CURVE('',#805,#796,#631,.T.);
#1392=EDGE_CURVE('',#824,#805,#653,.T.);
#1396=ADVANCED_FACE('',(#1395),#1387,.T.);
#1408=ADVANCED_FACE('',(#1407),#1401,.T.);
#1419=ADVANCED_FACE('',(#1418),#1413,.T.);
#1430=ADVANCED_FACE('',(#1429),#1424,.T.);
#1442=ADVANCED_FACE('',(#1441),#1435,.T.);
#1448=EDGE_CURVE('',#850,#851,#700,.T.);
#1455=ADVANCED_FACE('',(#1454),#1447,.T.);
#1469=ADVANCED_FACE('',(#1468),#1460,.T.);
#1477=EDGE_CURVE('',#843,#813,#754,.T.);
#1481=ADVANCED_FACE('',(#1480),#1474,.T.);
#1488=EDGE_CURVE('',#841,#789,#762,.T.);
#1494=ADVANCED_FACE('',(#1493),#1486,.T.);
#1505=ADVANCED_FACE('',(#1504),#1499,.T.);
#1514=(LENGTH_UNIT()NAMED_UNIT(*)SI_UNIT(.MILLI.,.METRE.));
#1515=(NAMED_UNIT(*)PLANE_ANGLE_UNIT()SI_UNIT($,.RADIAN.));
#1518=(NAMED_UNIT(*)SI_UNIT($,.STERADIAN.)SOLID_ANGLE_UNIT());
#1520=(GEOMETRIC_REPRESENTATION_CONTEXT(3)GLOBAL_UNCERTAINTY_ASSIGNED_CONTEXT((
#1519))GLOBAL_UNIT_ASSIGNED_CONTEXT((#1514,#1517,#1518))REPRESENTATION_CONTEXT(
'ID1','3'));
#1524=AXIS2_PLACEMENT_3D('',#1521,#1522,#1523);
#1525=ADVANCED_BREP_SHAPE_REPRESENTATION('',(#1524,#1507),#1520);
#1532=PRODUCT_DEFINITION('part definition','',#1531,#1528);
#1533=PRODUCT_DEFINITION_SHAPE('','SHAPE FOR BODY-VSSOP.',#1532);
#1534=SHAPE_ASPECT('','solid data associated with BODY-VSSOP',#1533,.F.);
#1535=PROPERTY_DEFINITION('',
'shape for solid data with which properties are associated',#1534);
#1536=SHAPE_REPRESENTATION('',(#1507),#1520);
#1537=SHAPE_DEFINITION_REPRESENTATION(#1535,#1536);
#1538=(LENGTH_UNIT()NAMED_UNIT(*)SI_UNIT(.MILLI.,.METRE.));
#1542=PROPERTY_DEFINITION('geometric validation property','area of BODY-VSSOP',
#1534);
#1543=REPRESENTATION('surface area',(#1541),#1520);
#1544=PROPERTY_DEFINITION_REPRESENTATION(#1542,#1543);
#1545=(LENGTH_UNIT()NAMED_UNIT(*)SI_UNIT(.MILLI.,.METRE.));
#1549=PROPERTY_DEFINITION('geometric validation property',
'volume of BODY-VSSOP',#1534);
#1550=REPRESENTATION('volume',(#1548),#1520);
#1551=PROPERTY_DEFINITION_REPRESENTATION(#1549,#1550);
#1553=PROPERTY_DEFINITION('geometric validation property',
'centroid of BODY-VSSOP',#1534);
#1554=REPRESENTATION('centroid',(#1552),#1520);
#1555=PROPERTY_DEFINITION_REPRESENTATION(#1553,#1554);
#1556=(LENGTH_UNIT()NAMED_UNIT(*)SI_UNIT(.MILLI.,.METRE.));
#1560=PROPERTY_DEFINITION('geometric validation property','area of BODY-VSSOP',
#1533);
#1561=REPRESENTATION('surface area',(#1559),#1520);
#1562=PROPERTY_DEFINITION_REPRESENTATION(#1560,#1561);
#1563=(LENGTH_UNIT()NAMED_UNIT(*)SI_UNIT(.MILLI.,.METRE.));
#1567=PROPERTY_DEFINITION('geometric validation property',
'volume of BODY-VSSOP',#1533);
#1568=REPRESENTATION('volume',(#1566),#1520);
#1569=PROPERTY_DEFINITION_REPRESENTATION(#1567,#1568);
#1571=PROPERTY_DEFINITION('geometric validation property',
'centroid of BODY-VSSOP',#1533);
#1572=REPRESENTATION('centroid',(#1570),#1520);
#1573=PROPERTY_DEFINITION_REPRESENTATION(#1571,#1572);
#1574=SHAPE_DEFINITION_REPRESENTATION(#1533,#1525);
#1575=SHAPE_DEFINITION_REPRESENTATION(#1576,#1577);
#1576=PRODUCT_DEFINITION_SHAPE('','SHAPE FOR DGS0028A_ASM.',#2566);
#1577=SHAPE_REPRESENTATION('',(#1587,#2195,#2208,#2221,#2234,#2247,#2260,#2273,
#2286,#2299,#2312,#2325,#2338,#2351,#2364,#2377,#2390,#2403,#2416,#2429,#2442,
#2455,#2468,#2481,#2494,#2507,#2520,#2533,#2546,#2560),#2556);
#1578=NEXT_ASSEMBLY_USAGE_OCCURRENCE('46','Next assembly relationship',
'BODY-VSSOP',#2566,#1532,$);
#1579=PRODUCT_DEFINITION_SHAPE('Placement #46',
'Placement of BODY-VSSOP with respect to DGS0028A_ASM',#1578);
#1581=PROPERTY_DEFINITION('geometric validation property',
'centroid of BODY-VSSOP',#1579);
#1582=REPRESENTATION('centroid',(#1580),#1520);
#1583=PROPERTY_DEFINITION_REPRESENTATION(#1581,#1582);
#1596=CIRCLE('',#1595,3.E-1);
#1632=CIRCLE('',#1631,3.E-1);
#1696=CIRCLE('',#1695,1.15E-1);
#1704=CIRCLE('',#1703,1.15E-1);
#1754=CIRCLE('',#1753,1.15E-1);
#1762=CIRCLE('',#1761,1.15E-1);
#1784=CIRCLE('',#1783,3.E-1);
#1820=CIRCLE('',#1819,3.E-1);
#1905=EDGE_CURVE('',#1886,#1887,#1596,.T.);
#1907=EDGE_CURVE('',#1886,#1874,#1603,.T.);
#1909=EDGE_CURVE('',#1870,#1874,#1754,.T.);
#1911=EDGE_CURVE('',#1870,#1854,#1610,.T.);
#1913=EDGE_CURVE('',#1854,#1855,#1617,.T.);
#1915=EDGE_CURVE('',#1855,#1895,#1624,.T.);
#1917=EDGE_CURVE('',#1894,#1895,#1632,.T.);
#1919=EDGE_CURVE('',#1894,#1882,#1639,.T.);
#1921=EDGE_CURVE('',#1878,#1882,#1696,.T.);
#1923=EDGE_CURVE('',#1878,#1862,#1646,.T.);
#1925=EDGE_CURVE('',#1862,#1863,#1653,.T.);
#1927=EDGE_CURVE('',#1863,#1887,#1660,.T.);
#1931=ADVANCED_FACE('',(#1930),#1904,.F.);
#1938=EDGE_CURVE('',#1889,#1887,#1667,.T.);
#1940=EDGE_CURVE('',#1889,#1891,#1784,.T.);
#1942=EDGE_CURVE('',#1891,#1886,#1769,.T.);
#1946=ADVANCED_FACE('',(#1945),#1936,.T.);
#1954=EDGE_CURVE('',#1863,#1867,#1674,.T.);
#1956=EDGE_CURVE('',#1867,#1889,#1791,.T.);
#1960=ADVANCED_FACE('',(#1959),#1951,.T.);
#1967=EDGE_CURVE('',#1862,#1866,#1681,.T.);
#1969=EDGE_CURVE('',#1866,#1867,#1798,.T.);
#1974=ADVANCED_FACE('',(#1973),#1965,.T.);
#1980=EDGE_CURVE('',#1878,#1879,#1688,.T.);
#1982=EDGE_CURVE('',#1879,#1866,#1805,.T.);
#1988=ADVANCED_FACE('',(#1987),#1979,.T.);
#1996=EDGE_CURVE('',#1882,#1883,#1718,.T.);
#1998=EDGE_CURVE('',#1883,#1879,#1704,.T.);
#2002=ADVANCED_FACE('',(#2001),#1993,.F.);
#2008=EDGE_CURVE('',#1899,#1894,#1711,.T.);
#2010=EDGE_CURVE('',#1883,#1899,#1812,.T.);
#2016=ADVANCED_FACE('',(#2015),#2007,.T.);
#2023=EDGE_CURVE('',#1897,#1895,#1725,.T.);
#2025=EDGE_CURVE('',#1897,#1899,#1820,.T.);
#2030=ADVANCED_FACE('',(#2029),#2021,.T.);
#2038=EDGE_CURVE('',#1855,#1859,#1732,.T.);
#2040=EDGE_CURVE('',#1859,#1897,#1827,.T.);
#2044=ADVANCED_FACE('',(#2043),#2035,.T.);
#2051=EDGE_CURVE('',#1854,#1858,#1739,.T.);
#2053=EDGE_CURVE('',#1858,#1859,#1834,.T.);
#2058=ADVANCED_FACE('',(#2057),#2049,.T.);
#2064=EDGE_CURVE('',#1870,#1871,#1746,.T.);
#2066=EDGE_CURVE('',#1871,#1858,#1841,.T.);
#2072=ADVANCED_FACE('',(#2071),#2063,.T.);
#2080=EDGE_CURVE('',#1874,#1875,#1776,.T.);
#2082=EDGE_CURVE('',#1875,#1871,#1762,.T.);
#2086=ADVANCED_FACE('',(#2085),#2077,.F.);
#2093=EDGE_CURVE('',#1875,#1891,#1848,.T.);
#2099=ADVANCED_FACE('',(#2098),#2091,.T.);
#2119=ADVANCED_FACE('',(#2118),#2104,.T.);
#2128=(LENGTH_UNIT()NAMED_UNIT(*)SI_UNIT(.MILLI.,.METRE.));
#2129=(NAMED_UNIT(*)PLANE_ANGLE_UNIT()SI_UNIT($,.RADIAN.));
#2132=(NAMED_UNIT(*)SI_UNIT($,.STERADIAN.)SOLID_ANGLE_UNIT());
#2134=(GEOMETRIC_REPRESENTATION_CONTEXT(3)GLOBAL_UNCERTAINTY_ASSIGNED_CONTEXT((
#2133))GLOBAL_UNIT_ASSIGNED_CONTEXT((#2128,#2131,#2132))REPRESENTATION_CONTEXT(
'ID2','3'));
#2138=AXIS2_PLACEMENT_3D('',#2135,#2136,#2137);
#2139=ADVANCED_BREP_SHAPE_REPRESENTATION('',(#2138,#2121),#2134);
#2143=PRODUCT_DEFINITION('part definition','',#2142,#1528);
#2144=PRODUCT_DEFINITION_SHAPE('','SHAPE FOR LEAD-VSSOP.',#2143);
#2145=SHAPE_ASPECT('','solid data associated with LEAD-VSSOP',#2144,.F.);
#2146=PROPERTY_DEFINITION('',
'shape for solid data with which properties are associated',#2145);
#2147=SHAPE_REPRESENTATION('',(#2121),#2134);
#2148=SHAPE_DEFINITION_REPRESENTATION(#2146,#2147);
#2149=(LENGTH_UNIT()NAMED_UNIT(*)SI_UNIT(.MILLI.,.METRE.));
#2153=PROPERTY_DEFINITION('geometric validation property','area of LEAD-VSSOP',
#2145);
#2154=REPRESENTATION('surface area',(#2152),#2134);
#2155=PROPERTY_DEFINITION_REPRESENTATION(#2153,#2154);
#2156=(LENGTH_UNIT()NAMED_UNIT(*)SI_UNIT(.MILLI.,.METRE.));
#2160=PROPERTY_DEFINITION('geometric validation property',
'volume of LEAD-VSSOP',#2145);
#2161=REPRESENTATION('volume',(#2159),#2134);
#2162=PROPERTY_DEFINITION_REPRESENTATION(#2160,#2161);
#2164=PROPERTY_DEFINITION('geometric validation property',
'centroid of LEAD-VSSOP',#2145);
#2165=REPRESENTATION('centroid',(#2163),#2134);
#2166=PROPERTY_DEFINITION_REPRESENTATION(#2164,#2165);
#2167=(LENGTH_UNIT()NAMED_UNIT(*)SI_UNIT(.MILLI.,.METRE.));
#2171=PROPERTY_DEFINITION('geometric validation property','area of LEAD-VSSOP',
#2144);
#2172=REPRESENTATION('surface area',(#2170),#2134);
#2173=PROPERTY_DEFINITION_REPRESENTATION(#2171,#2172);
#2174=(LENGTH_UNIT()NAMED_UNIT(*)SI_UNIT(.MILLI.,.METRE.));
#2178=PROPERTY_DEFINITION('geometric validation property',
'volume of LEAD-VSSOP',#2144);
#2179=REPRESENTATION('volume',(#2177),#2134);
#2180=PROPERTY_DEFINITION_REPRESENTATION(#2178,#2179);
#2182=PROPERTY_DEFINITION('geometric validation property',
'centroid of LEAD-VSSOP',#2144);
#2183=REPRESENTATION('centroid',(#2181),#2134);
#2184=PROPERTY_DEFINITION_REPRESENTATION(#2182,#2183);
#2185=SHAPE_DEFINITION_REPRESENTATION(#2144,#2139);
#2186=NEXT_ASSEMBLY_USAGE_OCCURRENCE('47','Next assembly relationship',
'LEAD-VSSOP',#2566,#2143,$);
#2187=PRODUCT_DEFINITION_SHAPE('Placement #47',
'Placement of LEAD-VSSOP with respect to DGS0028A_ASM',#2186);
#2189=PROPERTY_DEFINITION('geometric validation property',
'centroid of LEAD-VSSOP',#2187);
#2190=REPRESENTATION('centroid',(#2188),#2134);
#2191=PROPERTY_DEFINITION_REPRESENTATION(#2189,#2190);
#2199=NEXT_ASSEMBLY_USAGE_OCCURRENCE('48','Next assembly relationship',
'LEAD-VSSOP',#2566,#2143,$);
#2200=PRODUCT_DEFINITION_SHAPE('Placement #48',
'Placement of LEAD-VSSOP with respect to DGS0028A_ASM',#2199);
#2202=PROPERTY_DEFINITION('geometric validation property',
'centroid of LEAD-VSSOP',#2200);
#2203=REPRESENTATION('centroid',(#2201),#2134);
#2204=PROPERTY_DEFINITION_REPRESENTATION(#2202,#2203);
#2212=NEXT_ASSEMBLY_USAGE_OCCURRENCE('49','Next assembly relationship',
'LEAD-VSSOP',#2566,#2143,$);
#2213=PRODUCT_DEFINITION_SHAPE('Placement #49',
'Placement of LEAD-VSSOP with respect to DGS0028A_ASM',#2212);
#2215=PROPERTY_DEFINITION('geometric validation property',
'centroid of LEAD-VSSOP',#2213);
#2216=REPRESENTATION('centroid',(#2214),#2134);
#2217=PROPERTY_DEFINITION_REPRESENTATION(#2215,#2216);
#2225=NEXT_ASSEMBLY_USAGE_OCCURRENCE('50','Next assembly relationship',
'LEAD-VSSOP',#2566,#2143,$);
#2226=PRODUCT_DEFINITION_SHAPE('Placement #50',
'Placement of LEAD-VSSOP with respect to DGS0028A_ASM',#2225);
#2228=PROPERTY_DEFINITION('geometric validation property',
'centroid of LEAD-VSSOP',#2226);
#2229=REPRESENTATION('centroid',(#2227),#2134);
#2230=PROPERTY_DEFINITION_REPRESENTATION(#2228,#2229);
#2238=NEXT_ASSEMBLY_USAGE_OCCURRENCE('51','Next assembly relationship',
'LEAD-VSSOP',#2566,#2143,$);
#2239=PRODUCT_DEFINITION_SHAPE('Placement #51',
'Placement of LEAD-VSSOP with respect to DGS0028A_ASM',#2238);
#2241=PROPERTY_DEFINITION('geometric validation property',
'centroid of LEAD-VSSOP',#2239);
#2242=REPRESENTATION('centroid',(#2240),#2134);
#2243=PROPERTY_DEFINITION_REPRESENTATION(#2241,#2242);
#2251=NEXT_ASSEMBLY_USAGE_OCCURRENCE('52','Next assembly relationship',
'LEAD-VSSOP',#2566,#2143,$);
#2252=PRODUCT_DEFINITION_SHAPE('Placement #52',
'Placement of LEAD-VSSOP with respect to DGS0028A_ASM',#2251);
#2254=PROPERTY_DEFINITION('geometric validation property',
'centroid of LEAD-VSSOP',#2252);
#2255=REPRESENTATION('centroid',(#2253),#2134);
#2256=PROPERTY_DEFINITION_REPRESENTATION(#2254,#2255);
#2264=NEXT_ASSEMBLY_USAGE_OCCURRENCE('53','Next assembly relationship',
'LEAD-VSSOP',#2566,#2143,$);
#2265=PRODUCT_DEFINITION_SHAPE('Placement #53',
'Placement of LEAD-VSSOP with respect to DGS0028A_ASM',#2264);
#2267=PROPERTY_DEFINITION('geometric validation property',
'centroid of LEAD-VSSOP',#2265);
#2268=REPRESENTATION('centroid',(#2266),#2134);
#2269=PROPERTY_DEFINITION_REPRESENTATION(#2267,#2268);
#2277=NEXT_ASSEMBLY_USAGE_OCCURRENCE('54','Next assembly relationship',
'LEAD-VSSOP',#2566,#2143,$);
#2278=PRODUCT_DEFINITION_SHAPE('Placement #54',
'Placement of LEAD-VSSOP with respect to DGS0028A_ASM',#2277);
#2280=PROPERTY_DEFINITION('geometric validation property',
'centroid of LEAD-VSSOP',#2278);
#2281=REPRESENTATION('centroid',(#2279),#2134);
#2282=PROPERTY_DEFINITION_REPRESENTATION(#2280,#2281);
#2290=NEXT_ASSEMBLY_USAGE_OCCURRENCE('55','Next assembly relationship',
'LEAD-VSSOP',#2566,#2143,$);
#2291=PRODUCT_DEFINITION_SHAPE('Placement #55',
'Placement of LEAD-VSSOP with respect to DGS0028A_ASM',#2290);
#2293=PROPERTY_DEFINITION('geometric validation property',
'centroid of LEAD-VSSOP',#2291);
#2294=REPRESENTATION('centroid',(#2292),#2134);
#2295=PROPERTY_DEFINITION_REPRESENTATION(#2293,#2294);
#2303=NEXT_ASSEMBLY_USAGE_OCCURRENCE('56','Next assembly relationship',
'LEAD-VSSOP',#2566,#2143,$);
#2304=PRODUCT_DEFINITION_SHAPE('Placement #56',
'Placement of LEAD-VSSOP with respect to DGS0028A_ASM',#2303);
#2306=PROPERTY_DEFINITION('geometric validation property',
'centroid of LEAD-VSSOP',#2304);
#2307=REPRESENTATION('centroid',(#2305),#2134);
#2308=PROPERTY_DEFINITION_REPRESENTATION(#2306,#2307);
#2316=NEXT_ASSEMBLY_USAGE_OCCURRENCE('57','Next assembly relationship',
'LEAD-VSSOP',#2566,#2143,$);
#2317=PRODUCT_DEFINITION_SHAPE('Placement #57',
'Placement of LEAD-VSSOP with respect to DGS0028A_ASM',#2316);
#2319=PROPERTY_DEFINITION('geometric validation property',
'centroid of LEAD-VSSOP',#2317);
#2320=REPRESENTATION('centroid',(#2318),#2134);
#2321=PROPERTY_DEFINITION_REPRESENTATION(#2319,#2320);
#2329=NEXT_ASSEMBLY_USAGE_OCCURRENCE('58','Next assembly relationship',
'LEAD-VSSOP',#2566,#2143,$);
#2330=PRODUCT_DEFINITION_SHAPE('Placement #58',
'Placement of LEAD-VSSOP with respect to DGS0028A_ASM',#2329);
#2332=PROPERTY_DEFINITION('geometric validation property',
'centroid of LEAD-VSSOP',#2330);
#2333=REPRESENTATION('centroid',(#2331),#2134);
#2334=PROPERTY_DEFINITION_REPRESENTATION(#2332,#2333);
#2342=NEXT_ASSEMBLY_USAGE_OCCURRENCE('59','Next assembly relationship',
'LEAD-VSSOP',#2566,#2143,$);
#2343=PRODUCT_DEFINITION_SHAPE('Placement #59',
'Placement of LEAD-VSSOP with respect to DGS0028A_ASM',#2342);
#2345=PROPERTY_DEFINITION('geometric validation property',
'centroid of LEAD-VSSOP',#2343);
#2346=REPRESENTATION('centroid',(#2344),#2134);
#2347=PROPERTY_DEFINITION_REPRESENTATION(#2345,#2346);
#2355=NEXT_ASSEMBLY_USAGE_OCCURRENCE('60','Next assembly relationship',
'LEAD-VSSOP',#2566,#2143,$);
#2356=PRODUCT_DEFINITION_SHAPE('Placement #60',
'Placement of LEAD-VSSOP with respect to DGS0028A_ASM',#2355);
#2358=PROPERTY_DEFINITION('geometric validation property',
'centroid of LEAD-VSSOP',#2356);
#2359=REPRESENTATION('centroid',(#2357),#2134);
#2360=PROPERTY_DEFINITION_REPRESENTATION(#2358,#2359);
#2368=NEXT_ASSEMBLY_USAGE_OCCURRENCE('61','Next assembly relationship',
'LEAD-VSSOP',#2566,#2143,$);
#2369=PRODUCT_DEFINITION_SHAPE('Placement #61',
'Placement of LEAD-VSSOP with respect to DGS0028A_ASM',#2368);
#2371=PROPERTY_DEFINITION('geometric validation property',
'centroid of LEAD-VSSOP',#2369);
#2372=REPRESENTATION('centroid',(#2370),#2134);
#2373=PROPERTY_DEFINITION_REPRESENTATION(#2371,#2372);
#2381=NEXT_ASSEMBLY_USAGE_OCCURRENCE('62','Next assembly relationship',
'LEAD-VSSOP',#2566,#2143,$);
#2382=PRODUCT_DEFINITION_SHAPE('Placement #62',
'Placement of LEAD-VSSOP with respect to DGS0028A_ASM',#2381);
#2384=PROPERTY_DEFINITION('geometric validation property',
'centroid of LEAD-VSSOP',#2382);
#2385=REPRESENTATION('centroid',(#2383),#2134);
#2386=PROPERTY_DEFINITION_REPRESENTATION(#2384,#2385);
#2394=NEXT_ASSEMBLY_USAGE_OCCURRENCE('63','Next assembly relationship',
'LEAD-VSSOP',#2566,#2143,$);
#2395=PRODUCT_DEFINITION_SHAPE('Placement #63',
'Placement of LEAD-VSSOP with respect to DGS0028A_ASM',#2394);
#2397=PROPERTY_DEFINITION('geometric validation property',
'centroid of LEAD-VSSOP',#2395);
#2398=REPRESENTATION('centroid',(#2396),#2134);
#2399=PROPERTY_DEFINITION_REPRESENTATION(#2397,#2398);
#2407=NEXT_ASSEMBLY_USAGE_OCCURRENCE('64','Next assembly relationship',
'LEAD-VSSOP',#2566,#2143,$);
#2408=PRODUCT_DEFINITION_SHAPE('Placement #64',
'Placement of LEAD-VSSOP with respect to DGS0028A_ASM',#2407);
#2410=PROPERTY_DEFINITION('geometric validation property',
'centroid of LEAD-VSSOP',#2408);
#2411=REPRESENTATION('centroid',(#2409),#2134);
#2412=PROPERTY_DEFINITION_REPRESENTATION(#2410,#2411);
#2420=NEXT_ASSEMBLY_USAGE_OCCURRENCE('65','Next assembly relationship',
'LEAD-VSSOP',#2566,#2143,$);
#2421=PRODUCT_DEFINITION_SHAPE('Placement #65',
'Placement of LEAD-VSSOP with respect to DGS0028A_ASM',#2420);
#2423=PROPERTY_DEFINITION('geometric validation property',
'centroid of LEAD-VSSOP',#2421);
#2424=REPRESENTATION('centroid',(#2422),#2134);
#2425=PROPERTY_DEFINITION_REPRESENTATION(#2423,#2424);
#2433=NEXT_ASSEMBLY_USAGE_OCCURRENCE('66','Next assembly relationship',
'LEAD-VSSOP',#2566,#2143,$);
#2434=PRODUCT_DEFINITION_SHAPE('Placement #66',
'Placement of LEAD-VSSOP with respect to DGS0028A_ASM',#2433);
#2436=PROPERTY_DEFINITION('geometric validation property',
'centroid of LEAD-VSSOP',#2434);
#2437=REPRESENTATION('centroid',(#2435),#2134);
#2438=PROPERTY_DEFINITION_REPRESENTATION(#2436,#2437);
#2446=NEXT_ASSEMBLY_USAGE_OCCURRENCE('67','Next assembly relationship',
'LEAD-VSSOP',#2566,#2143,$);
#2447=PRODUCT_DEFINITION_SHAPE('Placement #67',
'Placement of LEAD-VSSOP with respect to DGS0028A_ASM',#2446);
#2449=PROPERTY_DEFINITION('geometric validation property',
'centroid of LEAD-VSSOP',#2447);
#2450=REPRESENTATION('centroid',(#2448),#2134);
#2451=PROPERTY_DEFINITION_REPRESENTATION(#2449,#2450);
#2459=NEXT_ASSEMBLY_USAGE_OCCURRENCE('68','Next assembly relationship',
'LEAD-VSSOP',#2566,#2143,$);
#2460=PRODUCT_DEFINITION_SHAPE('Placement #68',
'Placement of LEAD-VSSOP with respect to DGS0028A_ASM',#2459);
#2462=PROPERTY_DEFINITION('geometric validation property',
'centroid of LEAD-VSSOP',#2460);
#2463=REPRESENTATION('centroid',(#2461),#2134);
#2464=PROPERTY_DEFINITION_REPRESENTATION(#2462,#2463);
#2472=NEXT_ASSEMBLY_USAGE_OCCURRENCE('69','Next assembly relationship',
'LEAD-VSSOP',#2566,#2143,$);
#2473=PRODUCT_DEFINITION_SHAPE('Placement #69',
'Placement of LEAD-VSSOP with respect to DGS0028A_ASM',#2472);
#2475=PROPERTY_DEFINITION('geometric validation property',
'centroid of LEAD-VSSOP',#2473);
#2476=REPRESENTATION('centroid',(#2474),#2134);
#2477=PROPERTY_DEFINITION_REPRESENTATION(#2475,#2476);
#2485=NEXT_ASSEMBLY_USAGE_OCCURRENCE('70','Next assembly relationship',
'LEAD-VSSOP',#2566,#2143,$);
#2486=PRODUCT_DEFINITION_SHAPE('Placement #70',
'Placement of LEAD-VSSOP with respect to DGS0028A_ASM',#2485);
#2488=PROPERTY_DEFINITION('geometric validation property',
'centroid of LEAD-VSSOP',#2486);
#2489=REPRESENTATION('centroid',(#2487),#2134);
#2490=PROPERTY_DEFINITION_REPRESENTATION(#2488,#2489);
#2498=NEXT_ASSEMBLY_USAGE_OCCURRENCE('71','Next assembly relationship',
'LEAD-VSSOP',#2566,#2143,$);
#2499=PRODUCT_DEFINITION_SHAPE('Placement #71',
'Placement of LEAD-VSSOP with respect to DGS0028A_ASM',#2498);
#2501=PROPERTY_DEFINITION('geometric validation property',
'centroid of LEAD-VSSOP',#2499);
#2502=REPRESENTATION('centroid',(#2500),#2134);
#2503=PROPERTY_DEFINITION_REPRESENTATION(#2501,#2502);
#2511=NEXT_ASSEMBLY_USAGE_OCCURRENCE('72','Next assembly relationship',
'LEAD-VSSOP',#2566,#2143,$);
#2512=PRODUCT_DEFINITION_SHAPE('Placement #72',
'Placement of LEAD-VSSOP with respect to DGS0028A_ASM',#2511);
#2514=PROPERTY_DEFINITION('geometric validation property',
'centroid of LEAD-VSSOP',#2512);
#2515=REPRESENTATION('centroid',(#2513),#2134);
#2516=PROPERTY_DEFINITION_REPRESENTATION(#2514,#2515);
#2524=NEXT_ASSEMBLY_USAGE_OCCURRENCE('73','Next assembly relationship',
'LEAD-VSSOP',#2566,#2143,$);
#2525=PRODUCT_DEFINITION_SHAPE('Placement #73',
'Placement of LEAD-VSSOP with respect to DGS0028A_ASM',#2524);
#2527=PROPERTY_DEFINITION('geometric validation property',
'centroid of LEAD-VSSOP',#2525);
#2528=REPRESENTATION('centroid',(#2526),#2134);
#2529=PROPERTY_DEFINITION_REPRESENTATION(#2527,#2528);
#2537=NEXT_ASSEMBLY_USAGE_OCCURRENCE('74','Next assembly relationship',
'LEAD-VSSOP',#2566,#2143,$);
#2538=PRODUCT_DEFINITION_SHAPE('Placement #74',
'Placement of LEAD-VSSOP with respect to DGS0028A_ASM',#2537);
#2540=PROPERTY_DEFINITION('geometric validation property',
'centroid of LEAD-VSSOP',#2538);
#2541=REPRESENTATION('centroid',(#2539),#2134);
#2542=PROPERTY_DEFINITION_REPRESENTATION(#2540,#2541);
#2550=(LENGTH_UNIT()NAMED_UNIT(*)SI_UNIT(.MILLI.,.METRE.));
#2551=(NAMED_UNIT(*)PLANE_ANGLE_UNIT()SI_UNIT($,.RADIAN.));
#2554=(NAMED_UNIT(*)SI_UNIT($,.STERADIAN.)SOLID_ANGLE_UNIT());
#2556=(GEOMETRIC_REPRESENTATION_CONTEXT(3)GLOBAL_UNCERTAINTY_ASSIGNED_CONTEXT((
#2555))GLOBAL_UNIT_ASSIGNED_CONTEXT((#2550,#2553,#2554))REPRESENTATION_CONTEXT(
'ID3','3'));
#2560=AXIS2_PLACEMENT_3D('',#2557,#2558,#2559);
#2566=PRODUCT_DEFINITION('part definition','',#2565,#2562);
#2567=(LENGTH_UNIT()NAMED_UNIT(*)SI_UNIT(.MILLI.,.METRE.));
#2571=PROPERTY_DEFINITION('geometric validation property',
'area of DGS0028A_ASM',#1576);
#2572=REPRESENTATION('surface area',(#2570),#2556);
#2573=PROPERTY_DEFINITION_REPRESENTATION(#2571,#2572);
#2574=(LENGTH_UNIT()NAMED_UNIT(*)SI_UNIT(.MILLI.,.METRE.));
#2578=PROPERTY_DEFINITION('geometric validation property',
'volume of DGS0028A_ASM',#1576);
#2579=REPRESENTATION('volume',(#2577),#2556);
#2580=PROPERTY_DEFINITION_REPRESENTATION(#2578,#2579);
#2582=PROPERTY_DEFINITION('geometric validation property',
'centroid of DGS0028A_ASM',#1576);
#2583=REPRESENTATION('centroid',(#2581),#2556);
#2584=PROPERTY_DEFINITION_REPRESENTATION(#2582,#2583);
ENDSEC;
END-ISO-10303-21;
