ISO-10303-21;
HEADER;
FILE_DESCRIPTION (( 'STEP AP214' ),
    '1' );
FILE_NAME ('EVP-ASAC1A.STEP',
    '2018-09-21T23:33:11',
    ( '' ),
    ( '' ),
    'SwSTEP 2.0',
    'SolidWorks 2017',
    '' );
FILE_SCHEMA (( 'AUTOMOTIVE_DESIGN' ));
ENDSEC;

DATA;
#1 = EDGE_CURVE ( 'NONE', #5170, #4996, #1786, .T. ) ;
#2 = ORIENTED_EDGE ( 'NONE', *, *, #4098, .F. ) ;
#3 = STYLED_ITEM ( 'NONE', ( #1964 ), #2289 ) ;
#4 = DIRECTION ( 'NONE',  ( -0.7660444431189790100, 0.0000000000000000000, -0.6427876096865381400 ) ) ;
#5 = CARTESIAN_POINT ( 'NONE',  ( -2.402046382133714800, 1.529999999999999100, -2.284827180953837600 ) ) ;
#6 = EDGE_CURVE ( 'NONE', #3295, #2762, #2487, .T. ) ;
#7 = DIRECTION ( 'NONE',  ( -1.000000000000000000, 0.0000000000000000000, -3.252606517456508900E-016 ) ) ;
#8 = VERTEX_POINT ( 'NONE', #1744 ) ;
#9 = AXIS2_PLACEMENT_3D ( 'NONE', #1169, #2419, #1845 ) ;
#10 =( NAMED_UNIT ( * ) SI_UNIT ( $, .STERADIAN. ) SOLID_ANGLE_UNIT ( ) );
#11 = ORIENTED_EDGE ( 'NONE', *, *, #5197, .F. ) ;
#12 = DIRECTION ( 'NONE',  ( -1.000000000000000000, 0.0000000000000000000, 0.0000000000000000000 ) ) ;
#13 = ORIENTED_EDGE ( 'NONE', *, *, #455, .F. ) ;
#14 = LINE ( 'NONE', #1917, #5202 ) ;
#15 = CARTESIAN_POINT ( 'NONE',  ( -2.277159011000101000, 1.880000009701114200, 2.433662154171969800 ) ) ;
#16 = VERTEX_POINT ( 'NONE', #4131 ) ;
#17 = EDGE_CURVE ( 'NONE', #1957, #3933, #3804, .T. ) ;
#18 = B_SPLINE_CURVE_WITH_KNOTS ( 'NONE', 2,
 ( #106, #4577, #2874 ),
 .UNSPECIFIED., .F., .F.,
 ( 3, 3 ),
 ( 0.0000000000000000000, 0.7554542213998001200 ),
 .UNSPECIFIED. ) ;
#19 = VECTOR ( 'NONE', #471, 1000.000000000000000 ) ;
#20 = DIRECTION ( 'NONE',  ( 0.6427876096865378100, 0.0000000000000000000, -0.7660444431189793500 ) ) ;
#21 = DIRECTION ( 'NONE',  ( 0.6427876096865378100, -0.0000000000000000000, 0.7660444431189793500 ) ) ;
#22 = LINE ( 'NONE', #4685, #952 ) ;
#23 = EDGE_CURVE ( 'NONE', #4402, #3230, #1160, .T. ) ;
#24 = ORIENTED_EDGE ( 'NONE', *, *, #268, .F. ) ;
#25 = DIRECTION ( 'NONE',  ( 0.6427876096865378100, 0.0000000000000000000, -0.7660444431189793500 ) ) ;
#26 = CARTESIAN_POINT ( 'NONE',  ( -2.323564181761109900, 1.847159435199323500, -2.456144816545613500 ) ) ;
#27 = VECTOR ( 'NONE', #4100, 1000.000000000000000 ) ;
#28 = VECTOR ( 'NONE', #3548, 1000.000000000000000 ) ;
#29 = CARTESIAN_POINT ( 'NONE',  ( 2.244998032662672800, 1.976833503381027400, 2.433043236355381600 ) ) ;
#30 = CARTESIAN_POINT ( 'NONE',  ( -2.945250058759915700, 1.929999999999998200, 1.715248439167198500 ) ) ;
#31 = VERTEX_POINT ( 'NONE', #1016 ) ;
#32 = FACE_OUTER_BOUND ( 'NONE', #4758, .T. ) ;
#33 = EDGE_CURVE ( 'NONE', #2411, #4657, #703, .T. ) ;
#34 = CARTESIAN_POINT ( 'NONE',  ( -2.257879880957131700, 1.916477995765639900, 2.432773583231585800 ) ) ;
#35 = EDGE_LOOP ( 'NONE', ( #4492, #4620, #2067, #4162 ) ) ;
#36 = AXIS2_PLACEMENT_3D ( 'NONE', #3685, #4047, #891 ) ;
#37 = CARTESIAN_POINT ( 'NONE',  ( 2.000000000000000000, 0.2000000000000000100, -0.6999999999999996200 ) ) ;
#38 = CARTESIAN_POINT ( 'NONE',  ( -2.362731470142131600, 3.500000000000000000, 1.199999999999999100 ) ) ;
#39 = VECTOR ( 'NONE', #874, 1000.000000000000200 ) ;
#40 = AXIS2_PLACEMENT_3D ( 'NONE', #1018, #597, #3403 ) ;
#41 = DIRECTION ( 'NONE',  ( 1.000000000000000000, 0.0000000000000000000, 0.0000000000000000000 ) ) ;
#42 = CARTESIAN_POINT ( 'NONE',  ( 2.000000000000000000, 0.2000000000000000100, -0.6999999999999999600 ) ) ;
#43 = SURFACE_STYLE_USAGE ( .BOTH. , #4858 ) ;
#44 = VECTOR ( 'NONE', #4837, 1000.000000000000000 ) ;
#45 = ORIENTED_EDGE ( 'NONE', *, *, #1729, .T. ) ;
#46 = ORIENTED_EDGE ( 'NONE', *, *, #4527, .F. ) ;
#47 = CARTESIAN_POINT ( 'NONE',  ( 2.549999999999999800, 2.500000000000000000, 0.4999999999999963400 ) ) ;
#48 = FACE_OUTER_BOUND ( 'NONE', #1680, .T. ) ;
#49 = VERTEX_POINT ( 'NONE', #3379 ) ;
#50 = ORIENTED_EDGE ( 'NONE', *, *, #2765, .F. ) ;
#51 = CARTESIAN_POINT ( 'NONE',  ( 2.895368093107166800, 1.930000000000000200, 1.199999999999999500 ) ) ;
#52 = EDGE_CURVE ( 'NONE', #2511, #3750, #3024, .T. ) ;
#53 = B_SPLINE_CURVE_WITH_KNOTS ( 'NONE', 3,
 ( #129, #2100, #469, #543, #1703, #1307 ),
 .UNSPECIFIED., .F., .F.,
 ( 4, 1, 1, 4 ),
 ( 0.0000000000000000000, 0.2552740279713690000, 0.5940928137246722600, 0.7940126489242030900 ),
 .UNSPECIFIED. ) ;
#54 = ADVANCED_FACE ( 'NONE', ( #1529 ), #1290, .T. ) ;
#55 = DIRECTION ( 'NONE',  ( -1.000000000000000000, 0.0000000000000000000, 3.097720492815728600E-016 ) ) ;
#56 = CARTESIAN_POINT ( 'NONE',  ( -2.253094770514529000, 1.974117340242609800, -2.439783769723732600 ) ) ;
#57 = ORIENTED_EDGE ( 'NONE', *, *, #4914, .F. ) ;
#58 = CARTESIAN_POINT ( 'NONE',  ( -0.6500000000000006900, 0.0000000000000000000, 3.149999999999999900 ) ) ;
#59 = CARTESIAN_POINT ( 'NONE',  ( 0.0000000000000000000, 4.800000000000000700, 0.0000000000000000000 ) ) ;
#60 = EDGE_CURVE ( 'NONE', #120, #3345, #4127, .T. ) ;
#61 = CARTESIAN_POINT ( 'NONE',  ( -2.993444671765758800, -1.216618837407928800E-016, -0.6999999999999999600 ) ) ;
#62 = ORIENTED_EDGE ( 'NONE', *, *, #3370, .F. ) ;
#63 = DIRECTION ( 'NONE',  ( 0.0000000000000000000, 1.000000000000000000, 0.0000000000000000000 ) ) ;
#64 = PRESENTATION_STYLE_ASSIGNMENT (( #903 ) ) ;
#65 = CARTESIAN_POINT ( 'NONE',  ( 2.778390314666656200, 15.41086354534016500, 1.836317947306665300 ) ) ;
#66 = VERTEX_POINT ( 'NONE', #4634 ) ;
#67 = AXIS2_PLACEMENT_3D ( 'NONE', #90, #2891, #4119 ) ;
#68 = VECTOR ( 'NONE', #665, 1000.000000000000000 ) ;
#69 = FILL_AREA_STYLE_COLOUR ( '', #4244 ) ;
#70 = DIRECTION ( 'NONE',  ( 1.000000000000000000, 0.0000000000000000000, -0.0000000000000000000 ) ) ;
#71 = ORIENTED_EDGE ( 'NONE', *, *, #52, .T. ) ;
#72 = DIRECTION ( 'NONE',  ( 0.9510565162951553100, 0.3090169943749418400, 0.0000000000000000000 ) ) ;
#73 = DIRECTION ( 'NONE',  ( 0.0000000000000000000, 1.000000000000000000, 0.0000000000000000000 ) ) ;
#74 = LINE ( 'NONE', #3274, #3453 ) ;
#75 = VERTEX_POINT ( 'NONE', #3402 ) ;
#76 = AXIS2_PLACEMENT_3D ( 'NONE', #3896, #5156, #258 ) ;
#77 = ORIENTED_EDGE ( 'NONE', *, *, #2912, .F. ) ;
#78 = CARTESIAN_POINT ( 'NONE',  ( 2.294567611640753800, 1.932696151556233100, 2.468513956879300000 ) ) ;
#79 = DIRECTION ( 'NONE',  ( 0.0000000000000000000, -1.000000000000000000, 0.0000000000000000000 ) ) ;
#80 = ADVANCED_FACE ( 'NONE', ( #2626 ), #3021, .T. ) ;
#81 = CIRCLE ( 'NONE', #2857, 2.299999999999999400 ) ;
#82 = PRODUCT_CONTEXT ( 'NONE', #512, 'mechanical' ) ;
#83 = LINE ( 'NONE', #2843, #1708 ) ;
#84 = DIRECTION ( 'NONE',  ( 0.0000000000000000000, 0.0000000000000000000, -1.000000000000000000 ) ) ;
#85 = VERTEX_POINT ( 'NONE', #5026 ) ;
#86 = EDGE_CURVE ( 'NONE', #4712, #1359, #4875, .T. ) ;
#87 = LINE ( 'NONE', #2456, #2101 ) ;
#88 = FACE_OUTER_BOUND ( 'NONE', #1166, .T. ) ;
#89 = EDGE_LOOP ( 'NONE', ( #1306, #3408, #5247, #4881 ) ) ;
#90 = CARTESIAN_POINT ( 'NONE',  ( 1.266093033428751900, 15.41086354534016500, 3.050000000000001200 ) ) ;
#91 = CARTESIAN_POINT ( 'NONE',  ( 2.549999999999999800, 4.800000000000004300, -0.5000000000000015500 ) ) ;
#92 = VECTOR ( 'NONE', #4440, 1000.000000000000000 ) ;
#93 = CARTESIAN_POINT ( 'NONE',  ( -2.852201663015489200, 1.782187993630922800, -1.826139199080773200 ) ) ;
#94 = EDGE_CURVE ( 'NONE', #2627, #3313, #553, .T. ) ;
#95 = VERTEX_POINT ( 'NONE', #576 ) ;
#96 = DIRECTION ( 'NONE',  ( -1.000000000000000000, -0.0000000000000000000, -0.0000000000000000000 ) ) ;
#97 = PRESENTATION_STYLE_ASSIGNMENT (( #43 ) ) ;
#98 = VECTOR ( 'NONE', #4275, 1000.000000000000000 ) ;
#99 = CARTESIAN_POINT ( 'NONE',  ( 0.6499999999999992500, 0.0000000000000000000, 3.149999999999999900 ) ) ;
#100 = CARTESIAN_POINT ( 'NONE',  ( 2.549999999999999800, 4.800000000000004300, 0.4999999999999963400 ) ) ;
#101 = ORIENTED_EDGE ( 'NONE', *, *, #818, .F. ) ;
#102 = EDGE_CURVE ( 'NONE', #1574, #49, #1553, .T. ) ;
#103 = PLANE ( 'NONE',  #1850 ) ;
#104 = CARTESIAN_POINT ( 'NONE',  ( 3.000000000000001300, 1.530000000000000000, 1.650000000000000600 ) ) ;
#105 = VECTOR ( 'NONE', #1758, 1000.000000000000200 ) ;
#106 = CARTESIAN_POINT ( 'NONE',  ( -2.859232212978299000, 1.530000000000000000, -1.817760515904649900 ) ) ;
#107 = LINE ( 'NONE', #3516, #4266 ) ;
#108 = ORIENTED_EDGE ( 'NONE', *, *, #5245, .T. ) ;
#109 = ORIENTED_EDGE ( 'NONE', *, *, #1635, .T. ) ;
#110 = EDGE_CURVE ( 'NONE', #1219, #2961, #1875, .T. ) ;
#111 = DIRECTION ( 'NONE',  ( -0.7660444431189793500, 0.0000000000000000000, -0.6427876096865378100 ) ) ;
#112 = CARTESIAN_POINT ( 'NONE',  ( -2.895368093107167700, 1.929999999999999500, 1.514924142463396100 ) ) ;
#113 = CARTESIAN_POINT ( 'NONE',  ( -2.157258517720237900, 4.984726485385306400, -0.3924275958082570300 ) ) ;
#114 = CARTESIAN_POINT ( 'NONE',  ( -2.580809704034067400, 1.979999999999997800, -1.409446671930623100 ) ) ;
#115 = AXIS2_PLACEMENT_3D ( 'NONE', #1239, #2018, #494 ) ;
#116 = VECTOR ( 'NONE', #188, 1000.000000000000000 ) ;
#117 = ORIENTED_EDGE ( 'NONE', *, *, #4076, .F. ) ;
#118 = ORIENTED_EDGE ( 'NONE', *, *, #1873, .F. ) ;
#119 = CARTESIAN_POINT ( 'NONE',  ( -3.000000000000001800, 0.0000000000000000000, 0.6999999999999997300 ) ) ;
#120 = VERTEX_POINT ( 'NONE', #5055 ) ;
#121 = DIRECTION ( 'NONE',  ( 0.0000000000000000000, 0.0000000000000000000, 1.000000000000000000 ) ) ;
#122 = CARTESIAN_POINT ( 'NONE',  ( 0.0000000000000000000, 2.500000000000000000, -3.199999999999999700 ) ) ;
#123 = VERTEX_POINT ( 'NONE', #1825 ) ;
#124 = EDGE_LOOP ( 'NONE', ( #2007, #1008, #1112, #1725 ) ) ;
#125 = EDGE_CURVE ( 'NONE', #3989, #272, #4796, .T. ) ;
#126 = CARTESIAN_POINT ( 'NONE',  ( -2.117931227927176700, 4.999999999999999100, -0.3455967294892731700 ) ) ;
#127 = DIRECTION ( 'NONE',  ( -1.000000000000000000, -1.224646799147352200E-016, 0.0000000000000000000 ) ) ;
#128 = VERTEX_POINT ( 'NONE', #612 ) ;
#129 = CARTESIAN_POINT ( 'NONE',  ( -2.402046382133714800, 1.529999999999999100, -2.284827180953837600 ) ) ;
#130 = EDGE_LOOP ( 'NONE', ( #4625, #2385, #895, #3857, #3484, #3229, #5196, #1389 ) ) ;
#131 = EDGE_CURVE ( 'NONE', #3719, #3711, #3161, .T. ) ;
#132 = DIRECTION ( 'NONE',  ( -1.000000000000000000, 0.0000000000000000000, 0.0000000000000000000 ) ) ;
#133 = PLANE ( 'NONE',  #724 ) ;
#134 = ORIENTED_EDGE ( 'NONE', *, *, #4085, .T. ) ;
#135 = UNCERTAINTY_MEASURE_WITH_UNIT (LENGTH_MEASURE( 1.000000000000000100E-005 ), #3678, 'distance_accuracy_value', 'NONE');
#136 = CARTESIAN_POINT ( 'NONE',  ( 2.000000000000000000, 0.0000000000000000000, -0.6999999999999996200 ) ) ;
#137 = LINE ( 'NONE', #1480, #4748 ) ;
#138 = ORIENTED_EDGE ( 'NONE', *, *, #2110, .F. ) ;
#139 = AXIS2_PLACEMENT_3D ( 'NONE', #4258, #3872, #1473 ) ;
#140 = PLANE ( 'NONE',  #5214 ) ;
#141 = FACE_OUTER_BOUND ( 'NONE', #3923, .T. ) ;
#142 = DIRECTION ( 'NONE',  ( -0.7660444431189795700, 0.0000000000000000000, -0.6427876096865374800 ) ) ;
#143 = ORIENTED_EDGE ( 'NONE', *, *, #2410, .T. ) ;
#144 = CYLINDRICAL_SURFACE ( 'NONE', #799, 0.1000000000000001900 ) ;
#145 = AXIS2_PLACEMENT_3D ( 'NONE', #4077, #1273, #4094 ) ;
#146 = CARTESIAN_POINT ( 'NONE',  ( 2.906947836603966700, 1.879999999999998100, 1.683109058682871600 ) ) ;
#147 = ORIENTED_EDGE ( 'NONE', *, *, #4638, .F. ) ;
#148 = FACE_OUTER_BOUND ( 'NONE', #3627, .T. ) ;
#149 = DIRECTION ( 'NONE',  ( -0.6427876096865374800, 0.0000000000000000000, 0.7660444431189795700 ) ) ;
#150 = ORIENTED_EDGE ( 'NONE', *, *, #957, .T. ) ;
#151 = EDGE_CURVE ( 'NONE', #4616, #2931, #2117, .T. ) ;
#152 = ORIENTED_EDGE ( 'NONE', *, *, #1091, .T. ) ;
#153 = FACE_OUTER_BOUND ( 'NONE', #1980, .T. ) ;
#154 = CARTESIAN_POINT ( 'NONE',  ( 2.847066435774785000, 1.929999999995545900, 1.676686741907602600 ) ) ;
#155 = ORIENTED_EDGE ( 'NONE', *, *, #649, .F. ) ;
#156 = PLANE ( 'NONE',  #732 ) ;
#157 = EDGE_CURVE ( 'NONE', #686, #479, #3996, .T. ) ;
#158 = DIRECTION ( 'NONE',  ( 0.0000000000000000000, 0.0000000000000000000, 1.000000000000000000 ) ) ;
#159 = DIRECTION ( 'NONE',  ( -0.0000000000000000000, -0.0000000000000000000, -1.000000000000000000 ) ) ;
#160 = CYLINDRICAL_SURFACE ( 'NONE', #233, 0.5000000000000000000 ) ;
#161 = EDGE_LOOP ( 'NONE', ( #4026, #1709, #3241, #1135 ) ) ;
#162 = ADVANCED_FACE ( 'NONE', ( #2053 ), #1915, .F. ) ;
#163 = LINE ( 'NONE', #1362, #541 ) ;
#164 = ORIENTED_EDGE ( 'NONE', *, *, #1617, .T. ) ;
#165 = AXIS2_PLACEMENT_3D ( 'NONE', #4885, #2909, #2440 ) ;
#166 = VERTEX_POINT ( 'NONE', #1898 ) ;
#167 = CIRCLE ( 'NONE', #2059, 2.374999999999999600 ) ;
#168 = VERTEX_POINT ( 'NONE', #2736 ) ;
#169 = ORIENTED_EDGE ( 'NONE', *, *, #2774, .T. ) ;
#170 = PLANE ( 'NONE',  #3457 ) ;
#171 = DIRECTION ( 'NONE',  ( -0.0000000000000000000, 0.0000000000000000000, -1.000000000000000000 ) ) ;
#172 = AXIS2_PLACEMENT_3D ( 'NONE', #1435, #3053, #1067 ) ;
#173 = CARTESIAN_POINT ( 'NONE',  ( -2.349999999999999600, 4.800000000000000700, 0.0000000000000000000 ) ) ;
#174 = CARTESIAN_POINT ( 'NONE',  ( 2.993444671765758800, -1.216618837407928800E-016, -0.6999999999999999600 ) ) ;
#175 = ORIENTED_EDGE ( 'NONE', *, *, #2354, .T. ) ;
#176 = CARTESIAN_POINT ( 'NONE',  ( 2.852201663015489200, 1.782187993630922800, 1.826139199080773200 ) ) ;
#177 = ORIENTED_EDGE ( 'NONE', *, *, #2668, .F. ) ;
#178 = CARTESIAN_POINT ( 'NONE',  ( 2.945250058759915700, 1.929999999999998200, -1.715248439167198500 ) ) ;
#179 = CARTESIAN_POINT ( 'NONE',  ( 2.493996089497431800, 1.530000000000000000, 2.175245786865136500 ) ) ;
#180 = DIRECTION ( 'NONE',  ( -0.0000000000000000000, -0.0000000000000000000, -1.000000000000000000 ) ) ;
#181 = ORIENTED_EDGE ( 'NONE', *, *, #4598, .F. ) ;
#182 = ORIENTED_EDGE ( 'NONE', *, *, #3169, .T. ) ;
#183 = EDGE_CURVE ( 'NONE', #991, #961, #4064, .T. ) ;
#184 = PLANE ( 'NONE',  #2651 ) ;
#185 = VERTEX_POINT ( 'NONE', #3921 ) ;
#186 = DIRECTION ( 'NONE',  ( -0.7660444431189790100, 0.0000000000000000000, 0.6427876096865381400 ) ) ;
#187 = ADVANCED_FACE ( 'NONE', ( #592 ), #4288, .T. ) ;
#188 = DIRECTION ( 'NONE',  ( -1.000000000000000000, -0.0000000000000000000, 3.252606517456508900E-016 ) ) ;
#189 = CIRCLE ( 'NONE', #5229, 1.000000000000000900 ) ;
#190 = EDGE_CURVE ( 'NONE', #2167, #2411, #2032, .T. ) ;
#191 = VERTEX_POINT ( 'NONE', #5126 ) ;
#192 = DIRECTION ( 'NONE',  ( 0.0000000000000000000, 0.0000000000000000000, 1.000000000000000000 ) ) ;
#193 = VECTOR ( 'NONE', #977, 1000.000000000000000 ) ;
#194 = DIRECTION ( 'NONE',  ( 0.0000000000000000000, -0.0000000000000000000, -1.000000000000000000 ) ) ;
#195 = ORIENTED_EDGE ( 'NONE', *, *, #3824, .T. ) ;
#196 = DIRECTION ( 'NONE',  ( 0.0000000000000000000, 1.000000000000000000, 0.0000000000000000000 ) ) ;
#197 = VERTEX_POINT ( 'NONE', #4701 ) ;
#198 = CARTESIAN_POINT ( 'NONE',  ( 1.938022094347529900, 1.963923088715963500, -2.175491115049602800 ) ) ;
#199 = FACE_OUTER_BOUND ( 'NONE', #3130, .T. ) ;
#200 = EDGE_CURVE ( 'NONE', #909, #2627, #2272, .T. ) ;
#201 = LINE ( 'NONE', #4046, #3731 ) ;
#202 = AXIS2_PLACEMENT_3D ( 'NONE', #1848, #3480, #3908 ) ;
#203 = EDGE_LOOP ( 'NONE', ( #351, #4167, #1195, #5249 ) ) ;
#204 = CARTESIAN_POINT ( 'NONE',  ( -2.993444671765758800, 0.2499999999999998900, 0.6999999999999999600 ) ) ;
#205 = DIRECTION ( 'NONE',  ( -0.0000000000000000000, -0.0000000000000000000, -1.000000000000000000 ) ) ;
#206 = VECTOR ( 'NONE', #430, 1000.000000000000000 ) ;
#207 = DIRECTION ( 'NONE',  ( -0.0000000000000000000, -1.000000000000000000, -0.0000000000000000000 ) ) ;
#208 = VECTOR ( 'NONE', #3889, 1000.000000000000000 ) ;
#209 = CARTESIAN_POINT ( 'NONE',  ( 1.825260516351813000, 1.530000000000000000, 3.050000000000000700 ) ) ;
#210 = ORIENTED_EDGE ( 'NONE', *, *, #2442, .T. ) ;
#211 = LINE ( 'NONE', #2250, #2409 ) ;
#212 = PLANE ( 'NONE',  #4731 ) ;
#213 = CARTESIAN_POINT ( 'NONE',  ( 2.241184430183501800, 1.927984453373825300, -2.422259910846949800 ) ) ;
#214 = VERTEX_POINT ( 'NONE', #4734 ) ;
#215 = ORIENTED_EDGE ( 'NONE', *, *, #1154, .F. ) ;
#216 = CARTESIAN_POINT ( 'NONE',  ( 2.440348604289662900, 1.530000000000000000, -2.316966561438162500 ) ) ;
#217 = CARTESIAN_POINT ( 'NONE',  ( -1.825260516351813000, 1.530000000000000000, -3.049999999999999800 ) ) ;
#218 = ADVANCED_FACE ( 'NONE', ( #4334 ), #4153, .T. ) ;
#219 = EDGE_CURVE ( 'NONE', #2167, #3034, #707, .T. ) ;
#220 = LINE ( 'NONE', #1375, #5031 ) ;
#221 = DIRECTION ( 'NONE',  ( -0.0000000000000000000, 1.000000000000000000, -0.0000000000000000000 ) ) ;
#222 = CARTESIAN_POINT ( 'NONE',  ( -2.487761308289627900, 1.782187993630922800, 1.520337431844187100 ) ) ;
#223 = EDGE_CURVE ( 'NONE', #4304, #991, #3070, .T. ) ;
#224 = LINE ( 'NONE', #4051, #1925 ) ;
#225 = FACE_OUTER_BOUND ( 'NONE', #1062, .T. ) ;
#226 = ORIENTED_EDGE ( 'NONE', *, *, #4665, .T. ) ;
#227 = CARTESIAN_POINT ( 'NONE',  ( 2.304343724360582000, 2.500000000000000000, -0.5750000000000012900 ) ) ;
#228 = CARTESIAN_POINT ( 'NONE',  ( 2.895368093107166800, 15.41086354534016500, 1.514924142463396100 ) ) ;
#229 = CARTESIAN_POINT ( 'NONE',  ( 2.494791858252453800, 1.529999999999999100, 1.511958748668076600 ) ) ;
#230 = LINE ( 'NONE', #3955, #3875 ) ;
#231 = ORIENTED_EDGE ( 'NONE', *, *, #3321, .T. ) ;
#232 = ORIENTED_EDGE ( 'NONE', *, *, #3754, .T. ) ;
#233 = AXIS2_PLACEMENT_3D ( 'NONE', #4971, #3723, #4582 ) ;
#234 = DIRECTION ( 'NONE',  ( 0.6427876096865382500, 0.0000000000000000000, -0.7660444431189789000 ) ) ;
#235 = ORIENTED_EDGE ( 'NONE', *, *, #1426, .T. ) ;
#236 = VERTEX_POINT ( 'NONE', #4719 ) ;
#237 = CARTESIAN_POINT ( 'NONE',  ( 2.870868622581371100, 1.897171052452769400, 1.721375756010442100 ) ) ;
#238 = CARTESIAN_POINT ( 'NONE',  ( -2.244994432064364400, 4.861292545844874800, 0.4999999999999998900 ) ) ;
#239 = VECTOR ( 'NONE', #2088, 1000.000000000000000 ) ;
#240 = CARTESIAN_POINT ( 'NONE',  ( -2.868645614448017700, 1.979999999999997800, 1.650969678198544300 ) ) ;
#241 = VERTEX_POINT ( 'NONE', #688 ) ;
#242 = DIRECTION ( 'NONE',  ( 0.0000000000000000000, 1.000000000000000000, 0.0000000000000000000 ) ) ;
#243 = CARTESIAN_POINT ( 'NONE',  ( -1.391581993854363700, 1.929999999999998200, -0.4553902834964626000 ) ) ;
#244 = CARTESIAN_POINT ( 'NONE',  ( 2.075908249563816400, 1.583790327172668300, 2.011164794201589300 ) ) ;
#245 = ORIENTED_EDGE ( 'NONE', *, *, #131, .F. ) ;
#246 = EDGE_CURVE ( 'NONE', #723, #85, #1918, .T. ) ;
#247 = CARTESIAN_POINT ( 'NONE',  ( 0.1871594614189947000, 1.929999999999999500, 0.07451084703774751800 ) ) ;
#248 = ORIENTED_EDGE ( 'NONE', *, *, #982, .T. ) ;
#249 = CARTESIAN_POINT ( 'NONE',  ( 2.868645614448017700, 1.879999999999998100, 1.650969678198544300 ) ) ;
#250 = DIRECTION ( 'NONE',  ( 0.0000000000000000000, 0.0000000000000000000, 1.000000000000000000 ) ) ;
#251 = VERTEX_POINT ( 'NONE', #2717 ) ;
#252 = EDGE_CURVE ( 'NONE', #4979, #4344, #2446, .T. ) ;
#253 = CARTESIAN_POINT ( 'NONE',  ( -1.266093033428752800, 1.530000000000000000, 3.050000000000001600 ) ) ;
#254 = CIRCLE ( 'NONE', #4589, 2.299999999999999800 ) ;
#255 = ORIENTED_EDGE ( 'NONE', *, *, #2883, .T. ) ;
#256 = VERTEX_POINT ( 'NONE', #3866 ) ;
#257 = CARTESIAN_POINT ( 'NONE',  ( -2.820929990822352600, 1.529999999999999100, 1.785621135420324600 ) ) ;
#258 = DIRECTION ( 'NONE',  ( 0.0000000000000000000, 0.0000000000000000000, 1.000000000000000000 ) ) ;
#259 = AXIS2_PLACEMENT_3D ( 'NONE', #276, #3065, #4647 ) ;
#260 = CYLINDRICAL_SURFACE ( 'NONE', #9, 3.500000000000000400 ) ;
#261 = VERTEX_POINT ( 'NONE', #3094 ) ;
#262 = AXIS2_PLACEMENT_3D ( 'NONE', #3202, #742, #2404 ) ;
#263 = VECTOR ( 'NONE', #5016, 1000.000000000000000 ) ;
#264 = DIRECTION ( 'NONE',  ( -0.0000000000000000000, -0.0000000000000000000, -1.000000000000000000 ) ) ;
#265 = CYLINDRICAL_SURFACE ( 'NONE', #3708, 0.05000000000000012800 ) ;
#266 = ORIENTED_EDGE ( 'NONE', *, *, #5098, .T. ) ;
#267 = CARTESIAN_POINT ( 'NONE',  ( 0.0000000000000000000, 1.930000000000000200, 0.0000000000000000000 ) ) ;
#268 = EDGE_CURVE ( 'NONE', #5157, #1355, #856, .T. ) ;
#269 = LINE ( 'NONE', #1933, #92 ) ;
#270 = AXIS2_PLACEMENT_3D ( 'NONE', #863, #2824, #2046 ) ;
#271 = CARTESIAN_POINT ( 'NONE',  ( 2.906947836603966700, 1.529999999999999100, 1.683109058682871600 ) ) ;
#272 = VERTEX_POINT ( 'NONE', #4777 ) ;
#273 = EDGE_LOOP ( 'NONE', ( #1859, #5009, #587, #3836 ) ) ;
#274 = CARTESIAN_POINT ( 'NONE',  ( 2.300129680946712900, 1.922502988173395000, -2.470365482325426000 ) ) ;
#275 = LINE ( 'NONE', #4521, #3474 ) ;
#276 = CARTESIAN_POINT ( 'NONE',  ( 0.0000000000000000000, 2.500000000000000000, 0.0000000000000000000 ) ) ;
#277 = CARTESIAN_POINT ( 'NONE',  ( 3.500000000000000000, 1.000000000000000000, -0.6999999999999999600 ) ) ;
#278 = VERTEX_POINT ( 'NONE', #2336 ) ;
#279 = CARTESIAN_POINT ( 'NONE',  ( -2.000000000000000000, 0.2000000000000000100, 0.6999999999999999600 ) ) ;
#280 = VECTOR ( 'NONE', #2756, 1000.000000000000200 ) ;
#281 = CARTESIAN_POINT ( 'NONE',  ( -2.000000000000000000, 0.0000000000000000000, 0.6999999999999999600 ) ) ;
#282 = DIRECTION ( 'NONE',  ( 0.0000000000000000000, 1.000000000000000000, -0.0000000000000000000 ) ) ;
#283 = VECTOR ( 'NONE', #718, 1000.000000000000100 ) ;
#284 = EDGE_CURVE ( 'NONE', #261, #1713, #2042, .T. ) ;
#285 = VECTOR ( 'NONE', #885, 1000.000000000000000 ) ;
#286 = ADVANCED_FACE ( 'NONE', ( #495 ), #2689, .T. ) ;
#287 = CARTESIAN_POINT ( 'NONE',  ( 2.847066435774785000, 1.929999999995545900, -1.676686741907602600 ) ) ;
#288 = CARTESIAN_POINT ( 'NONE',  ( -2.895368093107167700, 1.530000000000000000, 1.514924142463396100 ) ) ;
#289 = TOROIDAL_SURFACE ( 'NONE', #4326, 1.200000000000001100, 0.2000000000000000100 ) ;
#290 = EDGE_LOOP ( 'NONE', ( #24, #3902, #4890, #4059, #2610, #4826, #1742, #1422 ) ) ;
#291 = EDGE_CURVE ( 'NONE', #1854, #1355, #1965, .T. ) ;
#292 = DIRECTION ( 'NONE',  ( -0.3090169943749417300, -0.9510565162951553100, 0.0000000000000000000 ) ) ;
#293 = DIRECTION ( 'NONE',  ( 0.0000000000000000000, 0.0000000000000000000, 1.000000000000000000 ) ) ;
#294 = VERTEX_POINT ( 'NONE', #5 ) ;
#295 = ORIENTED_EDGE ( 'NONE', *, *, #3830, .T. ) ;
#296 = DIRECTION ( 'NONE',  ( -1.000000000000000000, 0.0000000000000000000, 0.0000000000000000000 ) ) ;
#297 = CARTESIAN_POINT ( 'NONE',  ( 1.825260516351813000, 1.530000000000000000, -3.050000000000000700 ) ) ;
#298 = DIRECTION ( 'NONE',  ( -0.0000000000000000000, -1.000000000000000000, -0.0000000000000000000 ) ) ;
#299 = AXIS2_PLACEMENT_3D ( 'NONE', #2993, #2227, #4676 ) ;
#300 = VERTEX_POINT ( 'NONE', #3127 ) ;
#301 = CARTESIAN_POINT ( 'NONE',  ( 3.500000000000000000, 1.000000000000000000, 0.6999999999999999600 ) ) ;
#302 = CARTESIAN_POINT ( 'NONE',  ( 0.0000000000000000000, 4.800000000000000700, 0.0000000000000000000 ) ) ;
#303 = ORIENTED_EDGE ( 'NONE', *, *, #786, .T. ) ;
#304 = ORIENTED_EDGE ( 'NONE', *, *, #5245, .F. ) ;
#305 = CARTESIAN_POINT ( 'NONE',  ( 2.253094770514529000, 1.974117340242609800, -2.439783769723732600 ) ) ;
#306 = CARTESIAN_POINT ( 'NONE',  ( 2.000000000000000400, 0.2000000000000000100, 0.6999999999999996200 ) ) ;
#307 = CARTESIAN_POINT ( 'NONE',  ( -2.302462449073377800, 1.979999999999997800, -2.481292882286177700 ) ) ;
#308 = B_SPLINE_CURVE_WITH_KNOTS ( 'NONE', 3,
 ( #2216, #2563, #4601, #594, #995, #5053, #5041, #2177, #3818, #2614, #5024, #213, #3797, #2954, #621, #964 ),
 .UNSPECIFIED., .F., .F.,
 ( 4, 3, 3, 3, 3, 4 ),
 ( 1.025094220394016000E-011, 1.814907645125565400E-005, 3.635745375665442700E-005, 5.369280908113361300E-005, 7.037713025258060600E-005, 7.998587425224362500E-005 ),
 .UNSPECIFIED. ) ;
#309 = ORIENTED_EDGE ( 'NONE', *, *, #4622, .F. ) ;
#310 = PLANE ( 'NONE',  #533 ) ;
#311 = DIRECTION ( 'NONE',  ( -1.000000000000000000, -0.0000000000000000000, -0.0000000000000000000 ) ) ;
#312 = EDGE_CURVE ( 'NONE', #4231, #4101, #4257, .T. ) ;
#313 = CARTESIAN_POINT ( 'NONE',  ( 1.499999999999999600, 15.41086354534016500, -2.991913488127979600 ) ) ;
#314 = CARTESIAN_POINT ( 'NONE',  ( -0.6500000000000006900, 0.4000000000000000200, 3.149999999999999900 ) ) ;
#315 = CYLINDRICAL_SURFACE ( 'NONE', #1221, 0.1999999999999999800 ) ;
#316 = DIRECTION ( 'NONE',  ( 0.0000000000000000000, 1.000000000000000000, 0.0000000000000000000 ) ) ;
#317 = ORIENTED_EDGE ( 'NONE', *, *, #5139, .F. ) ;
#318 = CARTESIAN_POINT ( 'NONE',  ( 2.362731470142131100, 1.930000000000000200, -1.199999999999999100 ) ) ;
#319 = LINE ( 'NONE', #3327, #1826 ) ;
#320 = ORIENTED_EDGE ( 'NONE', *, *, #3430, .F. ) ;
#321 = EDGE_CURVE ( 'NONE', #1948, #2962, #1608, .T. ) ;
#322 = PLANE ( 'NONE',  #3747 ) ;
#323 = EDGE_LOOP ( 'NONE', ( #606, #11, #3848, #1913 ) ) ;
#324 = CARTESIAN_POINT ( 'NONE',  ( 2.815618732174173900, 1.720516484374826400, 1.791950846995489000 ) ) ;
#325 = FACE_OUTER_BOUND ( 'NONE', #1676, .T. ) ;
#326 = CYLINDRICAL_SURFACE ( 'NONE', #632, 0.5000000000000000000 ) ;
#327 = CARTESIAN_POINT ( 'NONE',  ( 0.0000000000000000000, 1.930000000000000200, 0.0000000000000000000 ) ) ;
#328 = ORIENTED_EDGE ( 'NONE', *, *, #854, .F. ) ;
#329 = VECTOR ( 'NONE', #4164, 1000.000000000000000 ) ;
#330 = CARTESIAN_POINT ( 'NONE',  ( 2.909834721983365600, 1.892649291817416700, 1.757454794003611200 ) ) ;
#331 = DIRECTION ( 'NONE',  ( -3.097720492815726700E-016, 0.0000000000000000000, 1.000000000000000000 ) ) ;
#332 = VECTOR ( 'NONE', #4084, 1000.000000000000000 ) ;
#333 = AXIS2_PLACEMENT_3D ( 'NONE', #37, #55, #2876 ) ;
#334 = ORIENTED_EDGE ( 'NONE', *, *, #4565, .F. ) ;
#335 = CARTESIAN_POINT ( 'NONE',  ( 2.867423636778977600, 1.879999990299078300, -1.730212165818714200 ) ) ;
#336 = CARTESIAN_POINT ( 'NONE',  ( -2.229335656545687400, 1.929999999999985100, 2.412869617309902000 ) ) ;
#337 = LINE ( 'NONE', #944, #5204 ) ;
#338 = ORIENTED_EDGE ( 'NONE', *, *, #5182, .F. ) ;
#339 = VECTOR ( 'NONE', #2690, 1000.000000000000200 ) ;
#340 = DIRECTION ( 'NONE',  ( 0.0000000000000000000, -1.000000000000000000, 0.0000000000000000000 ) ) ;
#341 = CARTESIAN_POINT ( 'NONE',  ( -2.075908249563816400, 1.583790327172668300, 2.011164794201589300 ) ) ;
#342 = CARTESIAN_POINT ( 'NONE',  ( -2.820929990822352600, 1.529999999999999100, -1.785621135420324900 ) ) ;
#343 = VECTOR ( 'NONE', #3373, 1000.000000000000000 ) ;
#344 = DIRECTION ( 'NONE',  ( 0.0000000000000000000, 0.0000000000000000000, 1.000000000000000000 ) ) ;
#345 = EDGE_CURVE ( 'NONE', #2290, #294, #4982, .T. ) ;
#346 = B_SPLINE_CURVE_WITH_KNOTS ( 'NONE', 3,
 ( #1942, #2707, #3481, #2677, #274, #1114, #4708, #2273, #4725, #1078, #4341, #305, #4741, #3878, #677, #2293 ),
 .UNSPECIFIED., .F., .F.,
 ( 4, 3, 3, 3, 3, 4 ),
 ( 1.025387560846719300E-011, 3.413131053919292100E-005, 6.838679621364509700E-005, 0.0001010405496996957500, 0.0001336621012928189600, 0.0001586730678299180500 ),
 .UNSPECIFIED. ) ;
#347 = ADVANCED_FACE ( 'NONE', ( #1811 ), #1206, .T. ) ;
#348 = VECTOR ( 'NONE', #4548, 1000.000000000000000 ) ;
#349 = LINE ( 'NONE', #4541, #285 ) ;
#350 = VERTEX_POINT ( 'NONE', #5198 ) ;
#351 = ORIENTED_EDGE ( 'NONE', *, *, #3407, .F. ) ;
#352 = CARTESIAN_POINT ( 'NONE',  ( 2.778390314666656200, 1.929999999999999500, 1.836317947306665300 ) ) ;
#353 = DIRECTION ( 'NONE',  ( -0.0000000000000000000, -1.000000000000000000, -0.0000000000000000000 ) ) ;
#354 = EDGE_CURVE ( 'NONE', #2344, #943, #3648, .T. ) ;
#355 = LINE ( 'NONE', #1538, #2057 ) ;
#356 = VERTEX_POINT ( 'NONE', #400 ) ;
#357 = ORIENTED_EDGE ( 'NONE', *, *, #3043, .T. ) ;
#358 = CARTESIAN_POINT ( 'NONE',  ( -2.867423636778977600, 1.879999990299078300, 1.730212165818714200 ) ) ;
#359 = ORIENTED_EDGE ( 'NONE', *, *, #1272, .F. ) ;
#360 = ORIENTED_EDGE ( 'NONE', *, *, #3721, .T. ) ;
#361 = DIRECTION ( 'NONE',  ( 0.0000000000000000000, 0.0000000000000000000, -1.000000000000000000 ) ) ;
#362 = PLANE ( 'NONE',  #1046 ) ;
#363 = CARTESIAN_POINT ( 'NONE',  ( 0.0000000000000000000, 4.800000000000000700, 0.0000000000000000000 ) ) ;
#364 = VECTOR ( 'NONE', #298, 1000.000000000000000 ) ;
#365 = VERTEX_POINT ( 'NONE', #2823 ) ;
#366 = EDGE_CURVE ( 'NONE', #2910, #1043, #1626, .T. ) ;
#367 = DIRECTION ( 'NONE',  ( -0.0000000000000000000, -1.000000000000000000, -0.0000000000000000000 ) ) ;
#368 = AXIS2_PLACEMENT_3D ( 'NONE', #3171, #3727, #2311 ) ;
#369 = ADVANCED_FACE ( 'NONE', ( #2499 ), #819, .T. ) ;
#370 = CARTESIAN_POINT ( 'NONE',  ( -2.236860996473609500, 1.929058250561763700, -2.418927340129111100 ) ) ;
#371 = CARTESIAN_POINT ( 'NONE',  ( -2.304343724360582400, 2.500000000000000000, 0.5749999999999997300 ) ) ;
#372 = VERTEX_POINT ( 'NONE', #3566 ) ;
#373 = ORIENTED_EDGE ( 'NONE', *, *, #2080, .F. ) ;
#374 = CARTESIAN_POINT ( 'NONE',  ( -2.854499541568711300, 1.929216154553597100, 1.683553399914070200 ) ) ;
#375 = CARTESIAN_POINT ( 'NONE',  ( -2.580809704034067800, 1.979999999999997800, 1.409446671930623300 ) ) ;
#376 = CARTESIAN_POINT ( 'NONE',  ( 2.905725858934928000, 1.879999990299078300, 1.762351546303042100 ) ) ;
#377 = CARTESIAN_POINT ( 'NONE',  ( 3.040997497580516300, 0.2345491502812527800, 0.6999999999999999600 ) ) ;
#378 = ORIENTED_EDGE ( 'NONE', *, *, #3856, .F. ) ;
#379 = VECTOR ( 'NONE', #2297, 1000.000000000000100 ) ;
#380 = VERTEX_POINT ( 'NONE', #5219 ) ;
#381 = EDGE_CURVE ( 'NONE', #168, #2898, #230, .T. ) ;
#382 = DIRECTION ( 'NONE',  ( 0.0000000000000000000, 0.0000000000000000000, -1.000000000000000000 ) ) ;
#383 = CARTESIAN_POINT ( 'NONE',  ( 2.064355435253781400, 1.674522915955187800, -2.024932902160147700 ) ) ;
#384 = VECTOR ( 'NONE', #234, 1000.000000000000000 ) ;
#385 = VERTEX_POINT ( 'NONE', #1616 ) ;
#386 = DIRECTION ( 'NONE',  ( -0.0000000000000000000, 1.000000000000000000, -0.0000000000000000000 ) ) ;
#387 = DIRECTION ( 'NONE',  ( 0.0000000000000000000, 0.0000000000000000000, -1.000000000000000000 ) ) ;
#388 = ADVANCED_FACE ( 'NONE', ( #1735 ), #5242, .F. ) ;
#389 = FACE_OUTER_BOUND ( 'NONE', #2699, .T. ) ;
#390 = EDGE_CURVE ( 'NONE', #3628, #2417, #4144, .T. ) ;
#391 = CARTESIAN_POINT ( 'NONE',  ( -2.273698166652609900, 1.891435925022549600, 2.436257678482859100 ) ) ;
#392 = ORIENTED_EDGE ( 'NONE', *, *, #481, .T. ) ;
#393 = DIRECTION ( 'NONE',  ( 0.0000000000000000000, 0.0000000000000000000, 1.000000000000000000 ) ) ;
#394 = LINE ( 'NONE', #2730, #3467 ) ;
#395 = VERTEX_POINT ( 'NONE', #2353 ) ;
#396 = ORIENTED_EDGE ( 'NONE', *, *, #4282, .T. ) ;
#397 = CARTESIAN_POINT ( 'NONE',  ( -2.304343724360582400, 2.500000000000000000, -0.5749999999999997300 ) ) ;
#398 = CARTESIAN_POINT ( 'NONE',  ( 0.0000000000000000000, 1.930000000000000200, 0.0000000000000000000 ) ) ;
#399 = VECTOR ( 'NONE', #3763, 1000.000000000000200 ) ;
#400 = CARTESIAN_POINT ( 'NONE',  ( -0.4682270665275501400, 5.000000000000000000, -2.047135416666666400 ) ) ;
#401 = CARTESIAN_POINT ( 'NONE',  ( 2.913951416075375900, 1.927016772409185600, -1.735334214648759800 ) ) ;
#402 = ORIENTED_EDGE ( 'NONE', *, *, #4683, .F. ) ;
#403 = LINE ( 'NONE', #1125, #280 ) ;
#404 = CARTESIAN_POINT ( 'NONE',  ( 2.229335656545687400, 1.929999999999985100, 2.412869617309902000 ) ) ;
#405 = ADVANCED_FACE ( 'NONE', ( #4411 ), #4463, .F. ) ;
#406 = VECTOR ( 'NONE', #3558, 1000.000000000000000 ) ;
#407 = ORIENTED_EDGE ( 'NONE', *, *, #2673, .T. ) ;
#408 = DIRECTION ( 'NONE',  ( 0.0000000000000000000, 0.0000000000000000000, -1.000000000000000000 ) ) ;
#409 = LINE ( 'NONE', #447, #2243 ) ;
#410 = ORIENTED_EDGE ( 'NONE', *, *, #1739, .F. ) ;
#411 = EDGE_CURVE ( 'NONE', #2796, #2191, #1042, .T. ) ;
#412 = EDGE_LOOP ( 'NONE', ( #2395, #2435, #4074, #416 ) ) ;
#413 = DIRECTION ( 'NONE',  ( -0.0000000000000000000, 1.000000000000000000, -0.0000000000000000000 ) ) ;
#414 = DIRECTION ( 'NONE',  ( 0.0000000000000000000, 0.0000000000000000000, 1.000000000000000000 ) ) ;
#415 = DIRECTION ( 'NONE',  ( -0.0000000000000000000, 0.0000000000000000000, -1.000000000000000000 ) ) ;
#416 = ORIENTED_EDGE ( 'NONE', *, *, #3679, .F. ) ;
#417 = EDGE_CURVE ( 'NONE', #1122, #4979, #355, .T. ) ;
#418 = CARTESIAN_POINT ( 'NONE',  ( 2.271064451175584000, 1.896881317356592400, 2.436357779578034700 ) ) ;
#419 = ORIENTED_EDGE ( 'NONE', *, *, #4142, .T. ) ;
#420 = DIRECTION ( 'NONE',  ( -0.0000000000000000000, -1.000000000000000000, -0.0000000000000000000 ) ) ;
#421 = AXIS2_PLACEMENT_3D ( 'NONE', #4710, #638, #1802 ) ;
#422 = ORIENTED_EDGE ( 'NONE', *, *, #3055, .F. ) ;
#423 = DIRECTION ( 'NONE',  ( 0.0000000000000000000, 1.000000000000000000, 0.0000000000000000000 ) ) ;
#424 = CARTESIAN_POINT ( 'NONE',  ( 2.895368093107166800, 1.930000000000000200, -1.199999999999999500 ) ) ;
#425 = CARTESIAN_POINT ( 'NONE',  ( -2.354789070679762700, 1.760410620510926000, -2.418932442998453300 ) ) ;
#426 = CARTESIAN_POINT ( 'NONE',  ( -3.309788696740969100, 1.061803398874988400, 0.6999999999999999600 ) ) ;
#427 = VERTEX_POINT ( 'NONE', #1702 ) ;
#428 = ADVANCED_FACE ( 'NONE', ( #3173 ), #3688, .F. ) ;
#429 = AXIS2_PLACEMENT_3D ( 'NONE', #624, #282, #4702 ) ;
#430 = DIRECTION ( 'NONE',  ( 0.0000000000000000000, 1.000000000000000000, 0.0000000000000000000 ) ) ;
#431 = PLANE ( 'NONE',  #2556 ) ;
#432 = ADVANCED_FACE ( 'NONE', ( #791 ), #289, .T. ) ;
#433 = TOROIDAL_SURFACE ( 'NONE', #4022, 2.099999999999999600, 0.2000000000000000100 ) ;
#434 = ORIENTED_EDGE ( 'NONE', *, *, #1692, .T. ) ;
#435 = DIRECTION ( 'NONE',  ( -1.000000000000000000, 0.0000000000000000000, 0.0000000000000000000 ) ) ;
#436 = VERTEX_POINT ( 'NONE', #2063 ) ;
#437 = CARTESIAN_POINT ( 'NONE',  ( -1.499999999999999600, 15.41086354534016500, -2.991913488127979600 ) ) ;
#438 = LINE ( 'NONE', #2140, #4296 ) ;
#439 = VERTEX_POINT ( 'NONE', #2443 ) ;
#440 = EDGE_LOOP ( 'NONE', ( #5103, #850, #2587, #1991 ) ) ;
#441 = VECTOR ( 'NONE', #3272, 1000.000000000000000 ) ;
#442 = CARTESIAN_POINT ( 'NONE',  ( 2.549999999999997600, 4.917157287525381700, -0.4999999999999994400 ) ) ;
#443 = LINE ( 'NONE', #2569, #1452 ) ;
#444 = DIRECTION ( 'NONE',  ( -0.0000000000000000000, -1.000000000000000000, -0.0000000000000000000 ) ) ;
#445 = EDGE_CURVE ( 'NONE', #3816, #686, #1305, .T. ) ;
#446 = ORIENTED_EDGE ( 'NONE', *, *, #3544, .F. ) ;
#447 = CARTESIAN_POINT ( 'NONE',  ( 3.000000000000001300, 0.2000000000000000100, -0.6999999999999997300 ) ) ;
#448 = CARTESIAN_POINT ( 'NONE',  ( -1.938022094347529500, 1.979999999999997800, -2.175491115049602400 ) ) ;
#449 = CARTESIAN_POINT ( 'NONE',  ( -2.906947836603966700, 1.529999999999999100, 1.683109058682871600 ) ) ;
#450 = CIRCLE ( 'NONE', #3701, 0.5000000000000000000 ) ;
#451 = CARTESIAN_POINT ( 'NONE',  ( 2.304343724360582000, 3.500000000000000000, -0.5750000000000012900 ) ) ;
#452 = DIRECTION ( 'NONE',  ( 0.0000000000000000000, 0.0000000000000000000, 1.000000000000000000 ) ) ;
#453 = ORIENTED_EDGE ( 'NONE', *, *, #4136, .T. ) ;
#454 = LINE ( 'NONE', #2988, #2908 ) ;
#455 = EDGE_CURVE ( 'NONE', #395, #3353, #1354, .T. ) ;
#456 =( LENGTH_UNIT ( ) NAMED_UNIT ( * ) SI_UNIT ( .MILLI., .METRE. ) );
#457 = CARTESIAN_POINT ( 'NONE',  ( 2.315461233156051300, 1.880000009701113800, -2.465801534656297800 ) ) ;
#458 = ORIENTED_EDGE ( 'NONE', *, *, #3785, .F. ) ;
#459 = AXIS2_PLACEMENT_3D ( 'NONE', #1191, #3565, #3598 ) ;
#460 = CARTESIAN_POINT ( 'NONE',  ( -2.569247472818311500, 1.955419800238429300, 1.423226002520405100 ) ) ;
#461 = VECTOR ( 'NONE', #1580, 1000.000000000000000 ) ;
#462 = EDGE_CURVE ( 'NONE', #2888, #2225, #659, .T. ) ;
#463 = CARTESIAN_POINT ( 'NONE',  ( -2.549999999999999800, 4.800000000000004300, 0.4999999999999997800 ) ) ;
#464 = CARTESIAN_POINT ( 'NONE',  ( -2.580809704034067800, 1.929999999999998200, 1.409446671930623300 ) ) ;
#465 = CARTESIAN_POINT ( 'NONE',  ( -2.487761308289627900, 1.782187993630922800, -1.520337431844187100 ) ) ;
#466 = CIRCLE ( 'NONE', #4186, 3.500000000000000400 ) ;
#467 = AXIS2_PLACEMENT_3D ( 'NONE', #1094, #652, #2309 ) ;
#468 = DIRECTION ( 'NONE',  ( -0.7660444431189792300, -0.0000000000000000000, -0.6427876096865378100 ) ) ;
#469 = CARTESIAN_POINT ( 'NONE',  ( -2.390493567823680300, 1.674522915955187800, -2.298595288912396000 ) ) ;
#470 = VECTOR ( 'NONE', #4916, 1000.000000000000000 ) ;
#471 = DIRECTION ( 'NONE',  ( -0.0000000000000000000, -0.0000000000000000000, -1.000000000000000000 ) ) ;
#472 = CARTESIAN_POINT ( 'NONE',  ( -2.778390314666657100, 1.530000000000000000, 1.836317947306665300 ) ) ;
#473 = LINE ( 'NONE', #5211, #656 ) ;
#474 = ORIENTED_EDGE ( 'NONE', *, *, #777, .T. ) ;
#475 = CARTESIAN_POINT ( 'NONE',  ( 1.499999999999999600, 1.929999999999999500, -2.991913488127979600 ) ) ;
#476 = EDGE_CURVE ( 'NONE', #2471, #2962, #3359, .T. ) ;
#477 = CYLINDRICAL_SURFACE ( 'NONE', #2460, 0.1000000000000001900 ) ;
#478 = ORIENTED_EDGE ( 'NONE', *, *, #1797, .T. ) ;
#479 = VERTEX_POINT ( 'NONE', #1649 ) ;
#480 = DIRECTION ( 'NONE',  ( 0.7660444431189795700, -0.0000000000000000000, 0.6427876096865374800 ) ) ;
#481 = EDGE_CURVE ( 'NONE', #185, #1749, #4983, .T. ) ;
#482 = ORIENTED_EDGE ( 'NONE', *, *, #219, .F. ) ;
#483 = ORIENTED_EDGE ( 'NONE', *, *, #2568, .T. ) ;
#484 = CARTESIAN_POINT ( 'NONE',  ( 0.0000000000000000000, 4.800000000000000700, 0.0000000000000000000 ) ) ;
#485 = CARTESIAN_POINT ( 'NONE',  ( -2.549999999999999800, 16.83777582424696100, -0.4999999999999997800 ) ) ;
#486 = CARTESIAN_POINT ( 'NONE',  ( -2.945250058759915700, 1.529999999999999100, 1.715248439167198500 ) ) ;
#487 = CARTESIAN_POINT ( 'NONE',  ( 2.244994432064365300, 4.800000000000004300, 0.4999999999999968900 ) ) ;
#488 = EDGE_CURVE ( 'NONE', #881, #1043, #2183, .T. ) ;
#489 = DIRECTION ( 'NONE',  ( 1.000000000000000000, -1.224646799147352200E-016, 0.0000000000000000000 ) ) ;
#490 = VECTOR ( 'NONE', #1404, 1000.000000000000000 ) ;
#491 = CARTESIAN_POINT ( 'NONE',  ( 0.0000000000000000000, 1.930000000000000200, 0.0000000000000000000 ) ) ;
#492 = ORIENTED_EDGE ( 'NONE', *, *, #1178, .T. ) ;
#493 = APPLICATION_PROTOCOL_DEFINITION ( 'draft international standard', 'automotive_design', 1998, #4502 ) ;
#494 = DIRECTION ( 'NONE',  ( 0.7660444431189796800, 0.0000000000000000000, 0.6427876096865372500 ) ) ;
#495 = FACE_OUTER_BOUND ( 'NONE', #1699, .T. ) ;
#496 = VERTEX_POINT ( 'NONE', #4103 ) ;
#497 =( GEOMETRIC_REPRESENTATION_CONTEXT ( 3 ) GLOBAL_UNCERTAINTY_ASSIGNED_CONTEXT ( ( #4271 ) ) GLOBAL_UNIT_ASSIGNED_CONTEXT ( ( #3607, #3962, #3985 ) ) REPRESENTATION_CONTEXT ( 'NONE', 'WORKASPACE' ) );
#498 = ORIENTED_EDGE ( 'NONE', *, *, #957, .F. ) ;
#499 = FACE_OUTER_BOUND ( 'NONE', #5180, .T. ) ;
#500 = PLANE ( 'NONE',  #67 ) ;
#501 = DIRECTION ( 'NONE',  ( -0.0000000000000000000, 0.0000000000000000000, 1.000000000000000000 ) ) ;
#502 = ORIENTED_EDGE ( 'NONE', *, *, #1052, .T. ) ;
#503 = ADVANCED_FACE ( 'NONE', ( #1998 ), #4537, .T. ) ;
#504 = CARTESIAN_POINT ( 'NONE',  ( -1.266093033428752800, 3.499999999999999600, 3.050000000000001600 ) ) ;
#505 = CARTESIAN_POINT ( 'NONE',  ( -1.266093033428752800, 15.41086354534016500, 3.050000000000001600 ) ) ;
#506 = CARTESIAN_POINT ( 'NONE',  ( 0.0000000000000000000, 5.000000000000000000, -3.199999999999999700 ) ) ;
#507 = LINE ( 'NONE', #2692, #2266 ) ;
#508 = VERTEX_POINT ( 'NONE', #841 ) ;
#509 = ORIENTED_EDGE ( 'NONE', *, *, #110, .T. ) ;
#510 = CARTESIAN_POINT ( 'NONE',  ( -2.078460969082652500, 5.000000000000000000, -0.2999999999999997700 ) ) ;
#511 = DIRECTION ( 'NONE',  ( -0.6427876096865378100, 0.0000000000000000000, 0.7660444431189793500 ) ) ;
#512 = APPLICATION_CONTEXT ( 'automotive_design' ) ;
#513 = VECTOR ( 'NONE', #4105, 1000.000000000000000 ) ;
#514 = ORIENTED_EDGE ( 'NONE', *, *, #4259, .T. ) ;
#515 = EDGE_CURVE ( 'NONE', #3064, #3512, #4007, .T. ) ;
#516 = LINE ( 'NONE', #1685, #1449 ) ;
#517 = VECTOR ( 'NONE', #2698, 1000.000000000000000 ) ;
#518 = ORIENTED_EDGE ( 'NONE', *, *, #1000, .F. ) ;
#519 = CARTESIAN_POINT ( 'NONE',  ( -1.499999999999999600, 3.500000000000000000, -2.991913488127980100 ) ) ;
#520 = DIRECTION ( 'NONE',  ( 0.0000000000000000000, -0.0000000000000000000, -1.000000000000000000 ) ) ;
#521 = VECTOR ( 'NONE', #1593, 1000.000000000000000 ) ;
#522 = EDGE_CURVE ( 'NONE', #2649, #4402, #409, .T. ) ;
#523 = ORIENTED_EDGE ( 'NONE', *, *, #4202, .F. ) ;
#524 = DIRECTION ( 'NONE',  ( 0.0000000000000000000, 1.000000000000000000, 0.0000000000000000000 ) ) ;
#525 = DIRECTION ( 'NONE',  ( -0.0000000000000000000, -0.0000000000000000000, -1.000000000000000000 ) ) ;
#526 = ORIENTED_EDGE ( 'NONE', *, *, #5080, .T. ) ;
#527 = CARTESIAN_POINT ( 'NONE',  ( 2.440348604289665600, 1.583790327172668300, 2.316966561438165600 ) ) ;
#528 = ORIENTED_EDGE ( 'NONE', *, *, #4385, .T. ) ;
#529 = EDGE_CURVE ( 'NONE', #3119, #4422, #2130, .T. ) ;
#530 = CARTESIAN_POINT ( 'NONE',  ( 2.390493567823680300, 1.674522915955187800, -2.298595288912396000 ) ) ;
#531 = DIRECTION ( 'NONE',  ( 0.0000000000000000000, 0.0000000000000000000, 1.000000000000000000 ) ) ;
#532 = VECTOR ( 'NONE', #748, 1000.000000000000000 ) ;
#533 = AXIS2_PLACEMENT_3D ( 'NONE', #4421, #4833, #2008 ) ;
#534 = CARTESIAN_POINT ( 'NONE',  ( 0.0000000000000000000, 2.500000000000000000, 0.0000000000000000000 ) ) ;
#535 = ORIENTED_EDGE ( 'NONE', *, *, #1091, .F. ) ;
#536 = EDGE_LOOP ( 'NONE', ( #717, #474, #255, #1485 ) ) ;
#537 = EDGE_CURVE ( 'NONE', #1491, #5157, #4599, .T. ) ;
#538 = CARTESIAN_POINT ( 'NONE',  ( -2.000000000000000400, 0.2000000000000000100, 0.7000000000000000700 ) ) ;
#539 = PLANE ( 'NONE',  #4953 ) ;
#540 = DIRECTION ( 'NONE',  ( 0.0000000000000000000, 1.000000000000000000, 0.0000000000000000000 ) ) ;
#541 = VECTOR ( 'NONE', #5036, 1000.000000000000000 ) ;
#542 = ORIENTED_EDGE ( 'NONE', *, *, #3873, .F. ) ;
#543 = CARTESIAN_POINT ( 'NONE',  ( -2.316486848523843900, 1.760410620510888700, -2.386793062514087600 ) ) ;
#544 = EDGE_LOOP ( 'NONE', ( #4391, #320, #3319, #4242, #402, #4456, #1799, #2328 ) ) ;
#545 = DIRECTION ( 'NONE',  ( -0.7660444431189809000, 0.0000000000000000000, 0.6427876096865360300 ) ) ;
#546 = CARTESIAN_POINT ( 'NONE',  ( -2.395368093107167700, 1.929999999999999500, 1.514924142463396100 ) ) ;
#547 = ORIENTED_EDGE ( 'NONE', *, *, #1729, .F. ) ;
#548 = CARTESIAN_POINT ( 'NONE',  ( 2.945250058759915700, 1.929999999999998200, 1.715248439167198500 ) ) ;
#549 = ORIENTED_EDGE ( 'NONE', *, *, #3275, .T. ) ;
#550 = EDGE_CURVE ( 'NONE', #2584, #1252, #2299, .T. ) ;
#551 = CARTESIAN_POINT ( 'NONE',  ( -2.300129680946712900, 1.922502988173395000, 2.470365482325426000 ) ) ;
#552 = CARTESIAN_POINT ( 'NONE',  ( 3.000000000000001300, 0.2000000000000000100, -0.6999999999999997300 ) ) ;
#553 = LINE ( 'NONE', #3801, #2507 ) ;
#554 = DIRECTION ( 'NONE',  ( 0.0000000000000000000, 0.0000000000000000000, -1.000000000000000000 ) ) ;
#555 = ORIENTED_EDGE ( 'NONE', *, *, #2871, .F. ) ;
#556 = DIRECTION ( 'NONE',  ( 0.9635416666666664100, -2.611684920700751800E-016, 0.2675583237300286400 ) ) ;
#557 = VERTEX_POINT ( 'NONE', #4958 ) ;
#558 = EDGE_CURVE ( 'NONE', #2004, #2437, #4272, .T. ) ;
#559 = CARTESIAN_POINT ( 'NONE',  ( -1.266093033428752800, 3.499999999999999600, -2.550000000000000700 ) ) ;
#560 = DIRECTION ( 'NONE',  ( 0.0000000000000000000, -0.0000000000000000000, 1.000000000000000000 ) ) ;
#561 = ORIENTED_EDGE ( 'NONE', *, *, #4067, .F. ) ;
#562 = AXIS2_PLACEMENT_3D ( 'NONE', #2413, #1621, #4485 ) ;
#563 = VECTOR ( 'NONE', #3700, 1000.000000000000100 ) ;
#564 = ORIENTED_EDGE ( 'NONE', *, *, #4155, .T. ) ;
#565 = DIRECTION ( 'NONE',  ( 0.9635416666666666300, 0.0000000000000000000, -0.2675583237300281900 ) ) ;
#566 = FACE_OUTER_BOUND ( 'NONE', #4325, .T. ) ;
#567 = ORIENTED_EDGE ( 'NONE', *, *, #1154, .T. ) ;
#568 = ORIENTED_EDGE ( 'NONE', *, *, #751, .F. ) ;
#569 = CARTESIAN_POINT ( 'NONE',  ( -2.000000000000000000, 0.2000000000000000100, 0.6999999999999999600 ) ) ;
#570 = CARTESIAN_POINT ( 'NONE',  ( 2.078460969082653000, 5.000000000000000000, 0.2999999999999963300 ) ) ;
#571 = VECTOR ( 'NONE', #1331, 1000.000000000000000 ) ;
#572 = VECTOR ( 'NONE', #1697, 1000.000000000000000 ) ;
#573 = CARTESIAN_POINT ( 'NONE',  ( 1.499999999999999600, 3.500000000000000000, -2.991913488127979600 ) ) ;
#574 = VERTEX_POINT ( 'NONE', #1629 ) ;
#575 =( BOUNDED_CURVE ( )  B_SPLINE_CURVE ( 3, ( #1615, #3651, #442, #91 ),
 .UNSPECIFIED., .F., .F. ) 
 B_SPLINE_CURVE_WITH_KNOTS ( ( 4, 4 ),
 ( 1.570796326794896800, 3.141592653589775800 ),
 .UNSPECIFIED. ) 
 CURVE ( )  GEOMETRIC_REPRESENTATION_ITEM ( )  RATIONAL_B_SPLINE_CURVE ( ( 1.000000000000000000, 0.8047378541243690500, 0.8047378541243690500, 1.000000000000000000 ) ) 
 REPRESENTATION_ITEM ( '' )  );
#576 = CARTESIAN_POINT ( 'NONE',  ( 2.895368093107166800, 3.500000000000000000, 1.199999999999999500 ) ) ;
#577 = VECTOR ( 'NONE', #3330, 1000.000000000000000 ) ;
#578 = CARTESIAN_POINT ( 'NONE',  ( 0.4682270665275501400, 4.799999999999999800, -2.047135416666666400 ) ) ;
#579 = ADVANCED_FACE ( 'NONE', ( #1235 ), #1230, .F. ) ;
#580 = CARTESIAN_POINT ( 'NONE',  ( -2.549999999999999800, 2.500000000000000000, 0.4999999999999997800 ) ) ;
#581 = CIRCLE ( 'NONE', #467, 2.649999999999999500 ) ;
#582 = EDGE_CURVE ( 'NONE', #941, #3102, #163, .T. ) ;
#583 = ORIENTED_EDGE ( 'NONE', *, *, #3551, .T. ) ;
#584 = CARTESIAN_POINT ( 'NONE',  ( 0.0000000000000000000, 0.0000000000000000000, 3.149999999999999900 ) ) ;
#585 = VECTOR ( 'NONE', #1698, 1000.000000000000000 ) ;
#586 = VERTEX_POINT ( 'NONE', #2591 ) ;
#587 = ORIENTED_EDGE ( 'NONE', *, *, #1357, .T. ) ;
#588 = CARTESIAN_POINT ( 'NONE',  ( 2.865156719790234800, 1.921468196360363500, 1.698587407301395800 ) ) ;
#589 = EDGE_CURVE ( 'NONE', #2999, #5149, #3752, .T. ) ;
#590 = CARTESIAN_POINT ( 'NONE',  ( 2.559230525366472400, 1.929999999999998200, 1.435163735632962100 ) ) ;
#591 = PLANE ( 'NONE',  #1619 ) ;
#592 = FACE_OUTER_BOUND ( 'NONE', #2306, .T. ) ;
#593 = CARTESIAN_POINT ( 'NONE',  ( 0.3210699884760340700, 5.000000000000000000, -2.043749999999999700 ) ) ;
#594 = CARTESIAN_POINT ( 'NONE',  ( 2.271064451175584000, 1.896881317356592400, -2.436357779578034700 ) ) ;
#595 = LINE ( 'NONE', #2860, #39 ) ;
#596 = DIRECTION ( 'NONE',  ( -0.0000000000000000000, -1.000000000000000000, -0.0000000000000000000 ) ) ;
#597 = DIRECTION ( 'NONE',  ( 0.0000000000000000000, 1.000000000000000000, 0.0000000000000000000 ) ) ;
#598 = CIRCLE ( 'NONE', #3668, 1.000000000000000900 ) ;
#599 = VECTOR ( 'NONE', #1047, 1000.000000000000000 ) ;
#600 = ORIENTED_EDGE ( 'NONE', *, *, #4305, .T. ) ;
#601 = ORIENTED_EDGE ( 'NONE', *, *, #738, .T. ) ;
#602 = ADVANCED_FACE ( 'NONE', ( #4338 ), #4200, .T. ) ;
#603 = ADVANCED_FACE ( 'NONE', ( #1103 ), #5101, .T. ) ;
#604 = CYLINDRICAL_SURFACE ( 'NONE', #4776, 0.05000000000000001700 ) ;
#605 = ORIENTED_EDGE ( 'NONE', *, *, #4211, .T. ) ;
#606 = ORIENTED_EDGE ( 'NONE', *, *, #5174, .F. ) ;
#607 = DIRECTION ( 'NONE',  ( -0.2675583237300281400, 0.0000000000000000000, -0.9635416666666665200 ) ) ;
#608 = DIRECTION ( 'NONE',  ( 1.000000000000000000, 0.0000000000000000000, -0.0000000000000000000 ) ) ;
#609 = ADVANCED_FACE ( 'NONE', ( #1611 ), #3772, .T. ) ;
#610 = CARTESIAN_POINT ( 'NONE',  ( 0.0000000000000000000, 16.83777582424696100, 0.0000000000000000000 ) ) ;
#611 = EDGE_CURVE ( 'NONE', #2834, #251, #3228, .T. ) ;
#612 = CARTESIAN_POINT ( 'NONE',  ( 2.440348604289665600, 1.529999999999999100, 2.316966561438165600 ) ) ;
#613 = EDGE_LOOP ( 'NONE', ( #3561, #2105, #109, #3381 ) ) ;
#614 = EDGE_CURVE ( 'NONE', #5032, #1941, #2766, .T. ) ;
#615 = DIRECTION ( 'NONE',  ( -0.6427876096865378100, 0.0000000000000000000, 0.7660444431189793500 ) ) ;
#616 = ORIENTED_EDGE ( 'NONE', *, *, #1192, .F. ) ;
#617 = DIRECTION ( 'NONE',  ( 0.0000000000000000000, 1.000000000000000000, 0.0000000000000000000 ) ) ;
#618 = CIRCLE ( 'NONE', #1750, 0.5000000000000000000 ) ;
#619 = AXIS2_PLACEMENT_3D ( 'NONE', #3505, #3523, #4306 ) ;
#620 = ORIENTED_EDGE ( 'NONE', *, *, #1813, .F. ) ;
#621 = CARTESIAN_POINT ( 'NONE',  ( 2.231814160412024100, 1.930000000000363600, -2.414949328990048500 ) ) ;
#622 = AXIS2_PLACEMENT_3D ( 'NONE', #4194, #560, #3364 ) ;
#623 = DIRECTION ( 'NONE',  ( 0.0000000000000000000, 0.0000000000000000000, 1.000000000000000000 ) ) ;
#624 = CARTESIAN_POINT ( 'NONE',  ( -1.266093033428752800, 1.530000000000000000, -2.550000000000000700 ) ) ;
#625 = VECTOR ( 'NONE', #1853, 1000.000000000000000 ) ;
#626 = CARTESIAN_POINT ( 'NONE',  ( 2.993444671765758800, 0.1999999999999999000, 0.6999999999999999600 ) ) ;
#627 = VERTEX_POINT ( 'NONE', #590 ) ;
#628 = CARTESIAN_POINT ( 'NONE',  ( -2.304343724360582400, 3.500000000000000000, 0.5749999999999997300 ) ) ;
#629 = ORIENTED_EDGE ( 'NONE', *, *, #515, .T. ) ;
#630 = CARTESIAN_POINT ( 'NONE',  ( -0.6500000000000006900, 0.0000000000000000000, 3.149999999999999900 ) ) ;
#631 = EDGE_CURVE ( 'NONE', #3000, #1365, #3621, .T. ) ;
#632 = AXIS2_PLACEMENT_3D ( 'NONE', #2886, #2817, #408 ) ;
#633 = ORIENTED_EDGE ( 'NONE', *, *, #1530, .T. ) ;
#634 = CARTESIAN_POINT ( 'NONE',  ( 2.869319307447162800, 1.885835889324815900, 1.727952993489551700 ) ) ;
#635 = VECTOR ( 'NONE', #3828, 1000.000000000000000 ) ;
#636 = CARTESIAN_POINT ( 'NONE',  ( -2.494791858252453800, 1.529999999999999100, 1.511958748668076600 ) ) ;
#637 = VECTOR ( 'NONE', #3368, 1000.000000000000000 ) ;
#638 = DIRECTION ( 'NONE',  ( 0.0000000000000000000, -1.000000000000000000, 0.0000000000000000000 ) ) ;
#639 = CARTESIAN_POINT ( 'NONE',  ( -2.395368093107167700, 15.41086354534016500, 1.514924142463396100 ) ) ;
#640 = ORIENTED_EDGE ( 'NONE', *, *, #1357, .F. ) ;
#641 = TOROIDAL_SURFACE ( 'NONE', #1986, 2.100000000000000100, 0.2000000000000000100 ) ;
#642 = DIRECTION ( 'NONE',  ( -0.7660444431189792300, 0.0000000000000000000, -0.6427876096865378100 ) ) ;
#643 = ORIENTED_EDGE ( 'NONE', *, *, #1600, .T. ) ;
#644 = ORIENTED_EDGE ( 'NONE', *, *, #4136, .F. ) ;
#645 = DIRECTION ( 'NONE',  ( -0.0000000000000000000, -1.000000000000000000, -0.0000000000000000000 ) ) ;
#646 = CARTESIAN_POINT ( 'NONE',  ( 2.859232212978315000, 1.529999999999999100, -1.817760515904662600 ) ) ;
#647 = CARTESIAN_POINT ( 'NONE',  ( 0.0000000000000000000, 4.800000000000000700, 0.2999999999999998200 ) ) ;
#648 = VECTOR ( 'NONE', #2940, 1000.000000000000000 ) ;
#649 = EDGE_CURVE ( 'NONE', #4304, #214, #4660, .T. ) ;
#650 = ORIENTED_EDGE ( 'NONE', *, *, #649, .T. ) ;
#651 = FACE_OUTER_BOUND ( 'NONE', #2571, .T. ) ;
#652 = DIRECTION ( 'NONE',  ( -0.0000000000000000000, -1.000000000000000000, -0.0000000000000000000 ) ) ;
#653 = EDGE_CURVE ( 'NONE', #4718, #31, #2553, .T. ) ;
#654 = ADVANCED_FACE ( 'NONE', ( #3560 ), #4716, .T. ) ;
#655 = CARTESIAN_POINT ( 'NONE',  ( -3.175080303767100300, -1.439058332749477800E-016, 0.6999999999999999600 ) ) ;
#656 = VECTOR ( 'NONE', #4768, 1000.000000000000000 ) ;
#657 = ORIENTED_EDGE ( 'NONE', *, *, #1127, .T. ) ;
#658 = CARTESIAN_POINT ( 'NONE',  ( 1.499999999999999600, 1.930000000000000200, -2.184605227495348200 ) ) ;
#659 = LINE ( 'NONE', #4087, #1856 ) ;
#660 = ORIENTED_EDGE ( 'NONE', *, *, #4980, .F. ) ;
#661 = AXIS2_PLACEMENT_3D ( 'NONE', #306, #4921, #4821 ) ;
#662 = DIRECTION ( 'NONE',  ( 0.0000000000000000000, 0.0000000000000000000, 1.000000000000000000 ) ) ;
#663 = ORIENTED_EDGE ( 'NONE', *, *, #1590, .F. ) ;
#664 = ORIENTED_EDGE ( 'NONE', *, *, #950, .F. ) ;
#665 = DIRECTION ( 'NONE',  ( 0.0000000000000000000, -1.000000000000000000, 0.0000000000000000000 ) ) ;
#666 = CARTESIAN_POINT ( 'NONE',  ( -2.895368093107167700, 1.530000000000000000, -1.514924142463395200 ) ) ;
#667 = CARTESIAN_POINT ( 'NONE',  ( -2.549999999999999800, 16.83777582424696100, 0.4999999999999997800 ) ) ;
#668 = VERTEX_POINT ( 'NONE', #975 ) ;
#669 = CARTESIAN_POINT ( 'NONE',  ( 2.428795789979630600, 1.674522915955187800, 2.330734669396723900 ) ) ;
#670 = ORIENTED_EDGE ( 'NONE', *, *, #1332, .T. ) ;
#671 = EDGE_CURVE ( 'NONE', #1353, #3281, #1419, .T. ) ;
#672 = CARTESIAN_POINT ( 'NONE',  ( 1.825260516351813000, 0.0000000000000000000, 3.050000000000000700 ) ) ;
#673 = CARTESIAN_POINT ( 'NONE',  ( -3.000000000000001300, 1.530000000000000000, -1.649999999999998800 ) ) ;
#674 = ORIENTED_EDGE ( 'NONE', *, *, #5098, .F. ) ;
#675 = EDGE_CURVE ( 'NONE', #3897, #3719, #3427, .T. ) ;
#676 = CARTESIAN_POINT ( 'NONE',  ( 2.993444671765758800, -1.216618837407928800E-016, -0.6999999999999999600 ) ) ;
#677 = CARTESIAN_POINT ( 'NONE',  ( 2.232283955927776700, 1.979999999999935400, -2.422406134571127600 ) ) ;
#678 = FACE_OUTER_BOUND ( 'NONE', #3300, .T. ) ;
#679 = CARTESIAN_POINT ( 'NONE',  ( 2.778390314666656200, 15.41086354534016500, 1.836317947306665300 ) ) ;
#680 = VERTEX_POINT ( 'NONE', #1734 ) ;
#681 = DIRECTION ( 'NONE',  ( -0.7660444431189792300, -0.0000000000000000000, 0.6427876096865378100 ) ) ;
#682 = EDGE_CURVE ( 'NONE', #3782, #4362, #2918, .T. ) ;
#683 = FACE_OUTER_BOUND ( 'NONE', #2842, .T. ) ;
#684 = CARTESIAN_POINT ( 'NONE',  ( 2.221288596192250200, 4.916888611811469200, 0.4703050144204347600 ) ) ;
#685 = ORIENTED_EDGE ( 'NONE', *, *, #826, .F. ) ;
#686 = VERTEX_POINT ( 'NONE', #1721 ) ;
#687 = AXIS2_PLACEMENT_3D ( 'NONE', #484, #3285, #4556 ) ;
#688 = CARTESIAN_POINT ( 'NONE',  ( 2.778390314666656200, 1.530000000000000000, -1.836317947306664200 ) ) ;
#689 = CIRCLE ( 'NONE', #1243, 0.5000000000000000000 ) ;
#690 = CARTESIAN_POINT ( 'NONE',  ( -2.624999999999999600, 2.500000000000000000, -0.5749999999999997300 ) ) ;
#691 = LINE ( 'NONE', #1370, #4895 ) ;
#692 = VERTEX_POINT ( 'NONE', #3759 ) ;
#693 = CARTESIAN_POINT ( 'NONE',  ( -2.265136491934274700, 1.907601957559131000, -2.435717192514523300 ) ) ;
#694 = LINE ( 'NONE', #4484, #206 ) ;
#695 = CARTESIAN_POINT ( 'NONE',  ( 2.857540934028677300, 1.927751539156337300, -1.687267845319136300 ) ) ;
#696 = CYLINDRICAL_SURFACE ( 'NONE', #4011, 0.5000000000000000000 ) ;
#697 = ORIENTED_EDGE ( 'NONE', *, *, #3601, .F. ) ;
#698 = CARTESIAN_POINT ( 'NONE',  ( 2.221288740796601300, 4.916888302951043100, -0.4703051951730432600 ) ) ;
#699 = LINE ( 'NONE', #3542, #3017 ) ;
#700 = DIRECTION ( 'NONE',  ( -1.000000000000000000, 0.0000000000000000000, 6.805308102864044200E-016 ) ) ;
#701 = ORIENTED_EDGE ( 'NONE', *, *, #1974, .F. ) ;
#702 = CARTESIAN_POINT ( 'NONE',  ( 2.302462449073379200, 1.917659127564141000, 2.481292882286179100 ) ) ;
#703 = CIRCLE ( 'NONE', #4772, 2.649999999999999500 ) ;
#704 = CARTESIAN_POINT ( 'NONE',  ( 1.327143326740344700, 1.529999999999999100, 0.5321852965315774200 ) ) ;
#705 = B_SPLINE_SURFACE_WITH_KNOTS ( 'NONE', 3, 1, ( 
 ( #4799, #1124 ),
 ( #1557, #2355 ),
 ( #5200, #4735 ),
 ( #745, #5165 ),
 ( #3568, #5243 ),
 ( #448, #4424 ) ),
 .UNSPECIFIED., .F., .F., .F.,
 ( 4, 1, 1, 4 ),
 ( 2, 2 ),
 ( 0.0000000000000000000, 0.2552740279713690000, 0.5940928137246722600, 1.000000000000000000 ),
 ( 0.0000000000000000000, 1.000000000000000000 ),
 .UNSPECIFIED. ) ;
#706 = DIRECTION ( 'NONE',  ( -0.6427876096865378100, 0.0000000000000000000, -0.7660444431189793500 ) ) ;
#707 = LINE ( 'NONE', #313, #364 ) ;
#708 = CIRCLE ( 'NONE', #4949, 0.2999999999999999300 ) ;
#709 = EDGE_CURVE ( 'NONE', #4138, #75, #2836, .T. ) ;
#710 = ORIENTED_EDGE ( 'NONE', *, *, #671, .T. ) ;
#711 = DIRECTION ( 'NONE',  ( 3.097720492815726700E-016, 0.0000000000000000000, -1.000000000000000000 ) ) ;
#712 = DIRECTION ( 'NONE',  ( -0.6427876096865382500, -0.0000000000000000000, -0.7660444431189789000 ) ) ;
#713 = FACE_OUTER_BOUND ( 'NONE', #5239, .T. ) ;
#714 = DIRECTION ( 'NONE',  ( -1.000000000000000000, 0.0000000000000000000, 7.109392656820623600E-016 ) ) ;
#715 = VECTOR ( 'NONE', #4809, 1000.000000000000000 ) ;
#716 = ORIENTED_EDGE ( 'NONE', *, *, #3721, .F. ) ;
#717 = ORIENTED_EDGE ( 'NONE', *, *, #3959, .F. ) ;
#718 = DIRECTION ( 'NONE',  ( -0.9510565162951555300, -0.3090169943749412300, 0.0000000000000000000 ) ) ;
#719 = EDGE_CURVE ( 'NONE', #3296, #4020, #5037, .T. ) ;
#720 = CARTESIAN_POINT ( 'NONE',  ( 0.0000000000000000000, 2.500000000000000000, 2.374999999999999600 ) ) ;
#721 = CARTESIAN_POINT ( 'NONE',  ( -2.984869000508068900, 0.06180339887498820200, 0.6999999999999999600 ) ) ;
#722 = VECTOR ( 'NONE', #4947, 1000.000000000000000 ) ;
#723 = VERTEX_POINT ( 'NONE', #1820 ) ;
#724 = AXIS2_PLACEMENT_3D ( 'NONE', #4165, #79, #2914 ) ;
#725 = ORIENTED_EDGE ( 'NONE', *, *, #2605, .F. ) ;
#726 = ADVANCED_FACE ( 'NONE', ( #2361 ), #3812, .T. ) ;
#727 = DIRECTION ( 'NONE',  ( -0.0000000000000000000, -1.000000000000000000, -0.0000000000000000000 ) ) ;
#728 = DIRECTION ( 'NONE',  ( 2.375994358662888400E-016, -0.0000000000000000000, 1.000000000000000000 ) ) ;
#729 = EDGE_CURVE ( 'NONE', #4036, #4281, #2732, .T. ) ;
#730 = DIRECTION ( 'NONE',  ( 0.0000000000000000000, -0.0000000000000000000, -1.000000000000000000 ) ) ;
#731 = ADVANCED_FACE ( 'NONE', ( #225 ), #4923, .T. ) ;
#732 = AXIS2_PLACEMENT_3D ( 'NONE', #3742, #4190, #3286 ) ;
#733 = DIRECTION ( 'NONE',  ( -1.000000000000000000, 0.0000000000000000000, 0.0000000000000000000 ) ) ;
#734 = DIRECTION ( 'NONE',  ( 0.9510565162951554200, -0.3090169943749417900, 0.0000000000000000000 ) ) ;
#735 = EDGE_LOOP ( 'NONE', ( #1746, #1839, #2814, #4640, #195, #3642, #5244, #4457 ) ) ;
#736 = CARTESIAN_POINT ( 'NONE',  ( 2.945250058759915700, 1.979999999999997800, 1.715248439167198500 ) ) ;
#737 = DIRECTION ( 'NONE',  ( -0.0000000000000000000, 1.000000000000000000, -0.0000000000000000000 ) ) ;
#738 = EDGE_CURVE ( 'NONE', #1245, #2649, #5162, .T. ) ;
#739 = B_SPLINE_CURVE_WITH_KNOTS ( 'NONE', 3,
 ( #2570, #3306, #911, #1317, #551, #2559, #1349, #3357, #4140, #4156, #4990, #4597, #2541, #1303, #4567, #4171 ),
 .UNSPECIFIED., .F., .F.,
 ( 4, 3, 3, 3, 3, 4 ),
 ( 1.025387560846719300E-011, 3.413131053919292100E-005, 6.838679621364509700E-005, 0.0001010405496996957500, 0.0001336621012928189600, 0.0001586730678299180500 ),
 .UNSPECIFIED. ) ;
#740 = ADVANCED_FACE ( 'NONE', ( #4401 ), #1604, .T. ) ;
#741 = EDGE_LOOP ( 'NONE', ( #1613, #3756, #3009, #2432 ) ) ;
#742 = DIRECTION ( 'NONE',  ( -1.000000000000000000, 0.0000000000000000000, 0.0000000000000000000 ) ) ;
#743 = B_SPLINE_SURFACE_WITH_KNOTS ( 'NONE', 2, 1, ( 
 ( #636, #1868 ),
 ( #222, #1045 ),
 ( #1080, #3843 ) ),
 .UNSPECIFIED., .F., .F., .F.,
 ( 3, 3 ),
 ( 2, 2 ),
 ( 0.0000000000000000000, 1.000000000000000000 ),
 ( 0.0000000000000000000, 1.000000000000000000 ),
 .UNSPECIFIED. ) ;
#744 = EDGE_CURVE ( 'NONE', #3115, #479, #1039, .T. ) ;
#745 = CARTESIAN_POINT ( 'NONE',  ( -1.971149465046496700, 1.782692105289978700, -2.136011452005908100 ) ) ;
#746 = LINE ( 'NONE', #3982, #2828 ) ;
#747 = ORIENTED_EDGE ( 'NONE', *, *, #2673, .F. ) ;
#748 = DIRECTION ( 'NONE',  ( -1.000000000000000000, 0.0000000000000000000, 2.375994358662888400E-016 ) ) ;
#749 = CIRCLE ( 'NONE', #4819, 0.2000000000000000900 ) ;
#750 = ORIENTED_EDGE ( 'NONE', *, *, #3647, .T. ) ;
#751 = EDGE_CURVE ( 'NONE', #3445, #1683, #1253, .T. ) ;
#752 = CARTESIAN_POINT ( 'NONE',  ( -2.870868622581371100, 1.897171052452769400, 1.721375756010442100 ) ) ;
#753 = ORIENTED_EDGE ( 'NONE', *, *, #4867, .F. ) ;
#754 = CARTESIAN_POINT ( 'NONE',  ( 0.0000000000000000000, 2.500000000000000000, 0.0000000000000000000 ) ) ;
#755 = LINE ( 'NONE', #4464, #2524 ) ;
#756 = DIRECTION ( 'NONE',  ( 0.0000000000000000000, 0.0000000000000000000, -1.000000000000000000 ) ) ;
#757 = ORIENTED_EDGE ( 'NONE', *, *, #4974, .F. ) ;
#758 = LINE ( 'NONE', #857, #27 ) ;
#759 = AXIS2_PLACEMENT_3D ( 'NONE', #5209, #2760, #1587 ) ;
#760 = DIRECTION ( 'NONE',  ( 0.0000000000000000000, -0.0000000000000000000, -1.000000000000000000 ) ) ;
#761 = DIRECTION ( 'NONE',  ( -0.0000000000000000000, 1.000000000000000000, -0.0000000000000000000 ) ) ;
#762 = VECTOR ( 'NONE', #3155, 1000.000000000000000 ) ;
#763 = ORIENTED_EDGE ( 'NONE', *, *, #4067, .T. ) ;
#764 = DIRECTION ( 'NONE',  ( -0.6427876096865374800, 0.0000000000000000000, -0.7660444431189795700 ) ) ;
#765 = B_SPLINE_SURFACE_WITH_KNOTS ( 'NONE', 2, 1, ( 
 ( #4309, #646 ),
 ( #3473, #3440 ),
 ( #3885, #1827 ) ),
 .UNSPECIFIED., .F., .F., .F.,
 ( 3, 3 ),
 ( 2, 2 ),
 ( 0.0000000000000000000, 1.000000000000000000 ),
 ( 0.0000000000000000000, 1.000000000000000000 ),
 .UNSPECIFIED. ) ;
#766 = VECTOR ( 'NONE', #2751, 1000.000000000000000 ) ;
#767 = VERTEX_POINT ( 'NONE', #4229 ) ;
#768 = PLANE ( 'NONE',  #1647 ) ;
#769 = CARTESIAN_POINT ( 'NONE',  ( 0.0000000000000000000, 5.000000000000000000, -1.999999999999998700 ) ) ;
#770 = ORIENTED_EDGE ( 'NONE', *, *, #3169, .F. ) ;
#771 = COLOUR_RGB ( '',0.7921568627450980000, 0.8196078431372548800, 0.9333333333333333500 ) ;
#772 = CARTESIAN_POINT ( 'NONE',  ( -1.825260516351813000, 0.0000000000000000000, 3.049999999999999800 ) ) ;
#773 = PRODUCT_DEFINITION_CONTEXT ( 'detailed design', #4502, 'design' ) ;
#774 = CARTESIAN_POINT ( 'NONE',  ( 2.945250058759915700, 1.879999999999998100, 1.715248439167198500 ) ) ;
#775 = ORIENTED_EDGE ( 'NONE', *, *, #3758, .T. ) ;
#776 = FACE_OUTER_BOUND ( 'NONE', #440, .T. ) ;
#777 = EDGE_CURVE ( 'NONE', #3711, #427, #4851, .T. ) ;
#778 = B_SPLINE_CURVE_WITH_KNOTS ( 'NONE', 2,
 ( #5187, #324, #1095 ),
 .UNSPECIFIED., .F., .F.,
 ( 3, 3 ),
 ( 0.2445457786001995500, 1.000000000000000000 ),
 .UNSPECIFIED. ) ;
#779 = CARTESIAN_POINT ( 'NONE',  ( 2.888691067737098300, 1.975781244707013100, 1.671791007930206300 ) ) ;
#780 = CARTESIAN_POINT ( 'NONE',  ( 2.000000000000000400, 0.2000000000000000100, 0.6999999999999996200 ) ) ;
#781 = VECTOR ( 'NONE', #700, 1000.000000000000000 ) ;
#782 = ORIENTED_EDGE ( 'NONE', *, *, #4232, .F. ) ;
#783 = ORIENTED_EDGE ( 'NONE', *, *, #4359, .T. ) ;
#784 = DIRECTION ( 'NONE',  ( 0.0000000000000000000, 0.0000000000000000000, -1.000000000000000000 ) ) ;
#785 = PLANE ( 'NONE',  #3976 ) ;
#786 = EDGE_CURVE ( 'NONE', #256, #574, #3294, .T. ) ;
#787 = CARTESIAN_POINT ( 'NONE',  ( 2.075908249563816400, 1.583790327172668300, -2.011164794201589300 ) ) ;
#788 = EDGE_CURVE ( 'NONE', #191, #3313, #4711, .T. ) ;
#789 = CARTESIAN_POINT ( 'NONE',  ( 2.260995797172754300, 1.969597858640604000, 2.446267565461552400 ) ) ;
#790 = FILL_AREA_STYLE_COLOUR ( '', #771 ) ;
#791 = FACE_OUTER_BOUND ( 'NONE', #5057, .T. ) ;
#792 = ORIENTED_EDGE ( 'NONE', *, *, #3952, .T. ) ;
#793 = VERTEX_POINT ( 'NONE', #2997 ) ;
#794 = PLANE ( 'NONE',  #3636 ) ;
#795 = SURFACE_SIDE_STYLE ('',( #2420 ) ) ;
#796 = EDGE_LOOP ( 'NONE', ( #2854, #514, #900, #309 ) ) ;
#797 = ORIENTED_EDGE ( 'NONE', *, *, #2933, .T. ) ;
#798 = AXIS2_PLACEMENT_3D ( 'NONE', #5181, #1106, #2265 ) ;
#799 = AXIS2_PLACEMENT_3D ( 'NONE', #990, #2154, #4609 ) ;
#800 = ORIENTED_EDGE ( 'NONE', *, *, #462, .T. ) ;
#801 = CARTESIAN_POINT ( 'NONE',  ( -2.870497659733809200, 1.891696579382596200, -1.724932093081512600 ) ) ;
#802 = DIRECTION ( 'NONE',  ( 0.0000000000000000000, 1.000000000000000000, 0.0000000000000000000 ) ) ;
#803 = ORIENTED_EDGE ( 'NONE', *, *, #268, .T. ) ;
#804 = MANIFOLD_SOLID_BREP ( 'Fillet1', #1857 ) ;
#805 = EDGE_CURVE ( 'NONE', #4798, #2616, #2548, .T. ) ;
#806 = CARTESIAN_POINT ( 'NONE',  ( 2.580809704034067800, 1.979999999999997800, 1.409446671930623300 ) ) ;
#807 = AXIS2_PLACEMENT_3D ( 'NONE', #3716, #1558, #3508 ) ;
#808 = DIRECTION ( 'NONE',  ( -0.6427876096865378100, 0.0000000000000000000, -0.7660444431189793500 ) ) ;
#809 = ORIENTED_EDGE ( 'NONE', *, *, #411, .F. ) ;
#810 = DIRECTION ( 'NONE',  ( 0.0000000000000000000, 1.000000000000000000, 0.0000000000000000000 ) ) ;
#811 = ORIENTED_EDGE ( 'NONE', *, *, #4468, .T. ) ;
#812 = B_SPLINE_CURVE_WITH_KNOTS ( 'NONE', 3,
 ( #287, #1113, #4763, #695, #3890, #5172, #2324, #3510, #5117, #3928, #1128, #1474, #5133, #1904, #1508, #1940 ),
 .UNSPECIFIED., .F., .F.,
 ( 4, 3, 3, 3, 3, 4 ),
 ( 0.0000000000000000000, 1.505757082738861300E-005, 3.004938285979951400E-005, 4.597288288167389700E-005, 6.415682265449895200E-005, 8.377018052941210400E-005 ),
 .UNSPECIFIED. ) ;
#813 = VECTOR ( 'NONE', #4784, 1000.000000000000000 ) ;
#814 = DIRECTION ( 'NONE',  ( 1.000000000000000000, 0.0000000000000000000, 2.375994358662888400E-016 ) ) ;
#815 = SURFACE_STYLE_USAGE ( .BOTH. , #1643 ) ;
#816 = ORIENTED_EDGE ( 'NONE', *, *, #3544, .T. ) ;
#817 = ORIENTED_EDGE ( 'NONE', *, *, #3442, .F. ) ;
#818 = EDGE_CURVE ( 'NONE', #4657, #2310, #107, .T. ) ;
#819 = PLANE ( 'NONE',  #3035 ) ;
#820 = PLANE ( 'NONE',  #4228 ) ;
#821 = CIRCLE ( 'NONE', #973, 0.5000000000000000000 ) ;
#822 = EDGE_LOOP ( 'NONE', ( #4368, #601, #4896, #1212 ) ) ;
#823 = VERTEX_POINT ( 'NONE', #4323 ) ;
#824 = DIRECTION ( 'NONE',  ( 0.0000000000000000000, 1.000000000000000000, -0.0000000000000000000 ) ) ;
#825 = LINE ( 'NONE', #1318, #3659 ) ;
#826 = EDGE_CURVE ( 'NONE', #1999, #4957, #2125, .T. ) ;
#827 = CARTESIAN_POINT ( 'NONE',  ( -2.241184430183501800, 1.927984453373825300, 2.422259910846949800 ) ) ;
#828 = ORIENTED_EDGE ( 'NONE', *, *, #4622, .T. ) ;
#829 = PLANE ( 'NONE',  #1877 ) ;
#830 = VECTOR ( 'NONE', #642, 1000.000000000000200 ) ;
#831 = ADVANCED_FACE ( 'NONE', ( #4787 ), #3167, .T. ) ;
#832 = LINE ( 'NONE', #2917, #332 ) ;
#833 = ORIENTED_EDGE ( 'NONE', *, *, #1555, .F. ) ;
#834 = PRESENTATION_LAYER_ASSIGNMENT (  '', '', ( #2021 ) ) ;
#835 = CARTESIAN_POINT ( 'NONE',  ( -2.549999999999999800, 4.800000000000004300, 0.4999999999999997800 ) ) ;
#836 = FILL_AREA_STYLE_COLOUR ( '', #1020 ) ;
#837 = DIRECTION ( 'NONE',  ( -0.0000000000000000000, 0.0000000000000000000, -1.000000000000000000 ) ) ;
#838 = DIRECTION ( 'NONE',  ( 0.0000000000000000000, 1.000000000000000000, 0.0000000000000000000 ) ) ;
#839 = AXIS2_PLACEMENT_3D ( 'NONE', #2506, #4969, #3738 ) ;
#840 = ORIENTED_EDGE ( 'NONE', *, *, #2933, .F. ) ;
#841 = CARTESIAN_POINT ( 'NONE',  ( 3.000000000000001300, 0.0000000000000000000, 1.650000000000000600 ) ) ;
#842 = DIRECTION ( 'NONE',  ( -0.0000000000000000000, 0.0000000000000000000, 1.000000000000000000 ) ) ;
#843 = DIRECTION ( 'NONE',  ( -0.0000000000000000000, -0.0000000000000000000, -1.000000000000000000 ) ) ;
#844 = LINE ( 'NONE', #1504, #2543 ) ;
#845 = CARTESIAN_POINT ( 'NONE',  ( 2.275498925137190700, 1.957677461331832200, 2.457280979971422600 ) ) ;
#846 = FILL_AREA_STYLE ('',( #790 ) ) ;
#847 = DIRECTION ( 'NONE',  ( 0.0000000000000000000, 0.0000000000000000000, 1.000000000000000000 ) ) ;
#848 = CARTESIAN_POINT ( 'NONE',  ( 3.000000000000001800, 0.2000000000000000100, 0.6999999999999992900 ) ) ;
#849 = FACE_OUTER_BOUND ( 'NONE', #3441, .T. ) ;
#850 = ORIENTED_EDGE ( 'NONE', *, *, #4873, .F. ) ;
#851 = LINE ( 'NONE', #2583, #3237 ) ;
#852 = VECTOR ( 'NONE', #3912, 1000.000000000000000 ) ;
#853 = ORIENTED_EDGE ( 'NONE', *, *, #5197, .T. ) ;
#854 = EDGE_CURVE ( 'NONE', #4581, #427, #1471, .T. ) ;
#855 = ORIENTED_EDGE ( 'NONE', *, *, #2815, .T. ) ;
#856 = B_SPLINE_CURVE_WITH_KNOTS ( 'NONE', 3,
 ( #2319, #3113, #2695, #2669 ),
 .UNSPECIFIED., .F., .F.,
 ( 4, 4 ),
 ( 0.8953217436920752900, 1.000000000000000000 ),
 .UNSPECIFIED. ) ;
#857 = CARTESIAN_POINT ( 'NONE',  ( 2.244994432064365300, 2.500000000000000000, 0.4999999999999963400 ) ) ;
#858 = CARTESIAN_POINT ( 'NONE',  ( 2.395368093107166800, 15.41086354534016500, 1.514924142463396100 ) ) ;
#859 = CARTESIAN_POINT ( 'NONE',  ( 2.349999999999999600, 5.000000000000000000, 0.2999999999999963300 ) ) ;
#860 = DIRECTION ( 'NONE',  ( 0.0000000000000000000, 0.0000000000000000000, 1.000000000000000000 ) ) ;
#861 = CARTESIAN_POINT ( 'NONE',  ( -0.2675583237300288000, 16.83777582424696100, -2.236458333333332300 ) ) ;
#862 = LINE ( 'NONE', #4393, #1534 ) ;
#863 = CARTESIAN_POINT ( 'NONE',  ( 0.4013374855950431200, 2.500000000000000000, -1.754687499999999700 ) ) ;
#864 = VERTEX_POINT ( 'NONE', #4728 ) ;
#865 = CARTESIAN_POINT ( 'NONE',  ( 2.244994432064365300, 2.500000000000000000, 0.4999999999999968900 ) ) ;
#866 = EDGE_CURVE ( 'NONE', #2322, #3064, #4004, .T. ) ;
#867 = CARTESIAN_POINT ( 'NONE',  ( -2.000000000000000400, 0.0000000000000000000, 0.7000000000000000700 ) ) ;
#868 = CARTESIAN_POINT ( 'NONE',  ( 2.277159011000101000, 1.880000009701114200, 2.433662154171969800 ) ) ;
#869 = FILL_AREA_STYLE_COLOUR ( '', #1633 ) ;
#870 = VERTEX_POINT ( 'NONE', #1479 ) ;
#871 = AXIS2_PLACEMENT_3D ( 'NONE', #647, #1406, #3455 ) ;
#872 = CARTESIAN_POINT ( 'NONE',  ( 2.244994432064365300, 4.800000000000000700, 0.4999999999999963400 ) ) ;
#873 = DIRECTION ( 'NONE',  ( -0.0000000000000000000, -1.000000000000000000, -0.0000000000000000000 ) ) ;
#874 = DIRECTION ( 'NONE',  ( -0.7660444431189792300, 0.0000000000000000000, -0.6427876096865378100 ) ) ;
#875 = CARTESIAN_POINT ( 'NONE',  ( -2.300129680946712900, 1.922502988173395000, -2.470365482325426000 ) ) ;
#876 = CARTESIAN_POINT ( 'NONE',  ( -2.362731470142131600, 1.930000000000000200, 1.199999999999999100 ) ) ;
#877 = ORIENTED_EDGE ( 'NONE', *, *, #223, .T. ) ;
#878 = CARTESIAN_POINT ( 'NONE',  ( -2.000000000000000000, 0.0000000000000000000, 0.6999999999999999600 ) ) ;
#879 = CARTESIAN_POINT ( 'NONE',  ( 2.323564181761109900, 1.847159435199323500, 2.456144816545613500 ) ) ;
#880 = CIRCLE ( 'NONE', #3291, 0.2500000000000002200 ) ;
#881 = VERTEX_POINT ( 'NONE', #2725 ) ;
#882 = ORIENTED_EDGE ( 'NONE', *, *, #3249, .F. ) ;
#883 = CARTESIAN_POINT ( 'NONE',  ( 2.277159011000101000, 1.880000009701114200, 2.433662154171969800 ) ) ;
#884 = EDGE_CURVE ( 'NONE', #4555, #251, #1535, .T. ) ;
#885 = DIRECTION ( 'NONE',  ( 0.7660444431189789000, -0.0000000000000000000, -0.6427876096865382500 ) ) ;
#886 = LINE ( 'NONE', #4746, #625 ) ;
#887 = CLOSED_SHELL ( 'NONE', ( #1226, #1946, #2241, #2195, #3579, #4237, #2155, #1174, #2534, #609, #1938, #3316, #3829, #1609 ) ) ;
#888 = ORIENTED_EDGE ( 'NONE', *, *, #3093, .T. ) ;
#889 = CARTESIAN_POINT ( 'NONE',  ( -2.624999999999999600, 2.500000000000000000, 0.5749999999999997300 ) ) ;
#890 = CARTESIAN_POINT ( 'NONE',  ( 1.825260516351813000, 1.530000000000000000, 3.050000000000000700 ) ) ;
#891 = DIRECTION ( 'NONE',  ( 0.0000000000000000000, 0.0000000000000000000, 1.000000000000000000 ) ) ;
#892 = LINE ( 'NONE', #1879, #3008 ) ;
#893 = CARTESIAN_POINT ( 'NONE',  ( -2.304667936094097600, 1.912042694794992900, -2.470461655863165400 ) ) ;
#894 = EDGE_CURVE ( 'NONE', #3832, #1219, #3031, .T. ) ;
#895 = ORIENTED_EDGE ( 'NONE', *, *, #1127, .F. ) ;
#896 = DIRECTION ( 'NONE',  ( 0.0000000000000000000, 1.000000000000000000, 0.0000000000000000000 ) ) ;
#897 = ADVANCED_FACE ( 'NONE', ( #3681 ), #2977, .T. ) ;
#898 = LINE ( 'NONE', #3280, #2343 ) ;
#899 = CARTESIAN_POINT ( 'NONE',  ( 2.428795789979630600, 1.674522915955187800, 2.330734669396723900 ) ) ;
#900 = ORIENTED_EDGE ( 'NONE', *, *, #2110, .T. ) ;
#901 = CIRCLE ( 'NONE', #262, 0.2000000000000000900 ) ;
#902 = EDGE_CURVE ( 'NONE', #668, #3477, #4978, .T. ) ;
#903 = SURFACE_STYLE_USAGE ( .BOTH. , #3660 ) ;
#904 = VERTEX_POINT ( 'NONE', #4791 ) ;
#905 = ORIENTED_EDGE ( 'NONE', *, *, #1939, .F. ) ;
#906 = CARTESIAN_POINT ( 'NONE',  ( -2.847066435774785000, 1.929999999995545900, -1.676686741907602600 ) ) ;
#907 = VECTOR ( 'NONE', #4977, 1000.000000000000000 ) ;
#908 = EDGE_CURVE ( 'NONE', #1069, #1222, #3813, .T. ) ;
#909 = VERTEX_POINT ( 'NONE', #1930 ) ;
#910 = DIRECTION ( 'NONE',  ( -1.000000000000000000, 0.0000000000000000000, -0.0000000000000000000 ) ) ;
#911 = CARTESIAN_POINT ( 'NONE',  ( -2.309195983346786100, 1.901605929748477800, 2.470557613077821300 ) ) ;
#912 = LINE ( 'NONE', #4766, #283 ) ;
#913 = AXIS2_PLACEMENT_3D ( 'NONE', #1809, #1843, #1089 ) ;
#914 = CARTESIAN_POINT ( 'NONE',  ( 2.304343724360582000, 2.500000000000000000, -0.5750000000000012900 ) ) ;
#915 = CARTESIAN_POINT ( 'NONE',  ( -2.440348604289665600, 1.529999999999999100, 2.316966561438165600 ) ) ;
#916 = VERTEX_POINT ( 'NONE', #2348 ) ;
#917 = ORIENTED_EDGE ( 'NONE', *, *, #818, .T. ) ;
#918 = DIRECTION ( 'NONE',  ( 0.0000000000000000000, 0.0000000000000000000, 1.000000000000000000 ) ) ;
#919 = VECTOR ( 'NONE', #554, 1000.000000000000000 ) ;
#920 = ORIENTED_EDGE ( 'NONE', *, *, #4629, .F. ) ;
#921 = ORIENTED_EDGE ( 'NONE', *, *, #4155, .F. ) ;
#922 = DIRECTION ( 'NONE',  ( 0.0000000000000000000, 1.000000000000000000, 0.0000000000000000000 ) ) ;
#923 = EDGE_CURVE ( 'NONE', #4830, #439, #473, .T. ) ;
#924 = ORIENTED_EDGE ( 'NONE', *, *, #60, .T. ) ;
#925 = EDGE_LOOP ( 'NONE', ( #2127, #177, #2327, #800 ) ) ;
#926 = DIRECTION ( 'NONE',  ( 0.7660444431189792300, 0.0000000000000000000, 0.6427876096865378100 ) ) ;
#927 = ADVANCED_FACE ( 'NONE', ( #4073 ), #4745, .T. ) ;
#928 = ADVANCED_FACE ( 'NONE', ( #1415 ), #3931, .T. ) ;
#929 = CARTESIAN_POINT ( 'NONE',  ( 2.000000000000000400, 0.2000000000000000100, 0.6999999999999996200 ) ) ;
#930 = CARTESIAN_POINT ( 'NONE',  ( 2.580809704034067800, 1.979999999999997800, 1.409446671930623600 ) ) ;
#931 = ORIENTED_EDGE ( 'NONE', *, *, #1714, .F. ) ;
#932 = EDGE_CURVE ( 'NONE', #4909, #1999, #2795, .T. ) ;
#933 = DIRECTION ( 'NONE',  ( -0.0000000000000000000, 1.000000000000000000, -0.0000000000000000000 ) ) ;
#934 = DIRECTION ( 'NONE',  ( -1.000000000000000000, -1.224646799147352200E-016, 0.0000000000000000000 ) ) ;
#935 = ORIENTED_EDGE ( 'NONE', *, *, #4665, .F. ) ;
#936 = ORIENTED_EDGE ( 'NONE', *, *, #219, .T. ) ;
#937 = DIRECTION ( 'NONE',  ( -1.000000000000000000, 1.224646799147352200E-016, 0.0000000000000000000 ) ) ;
#938 = EDGE_LOOP ( 'NONE', ( #4130, #685, #2617, #1342 ) ) ;
#939 = CARTESIAN_POINT ( 'NONE',  ( -2.867423636778977600, 1.879999990299078300, 1.730212165818714200 ) ) ;
#940 = CARTESIAN_POINT ( 'NONE',  ( 2.349999999999999600, 5.000000000000000000, -0.3000000000000013800 ) ) ;
#941 = VERTEX_POINT ( 'NONE', #5175 ) ;
#942 = PRODUCT_RELATED_PRODUCT_CATEGORY ( 'part', '', ( #3123 ) ) ;
#943 = VERTEX_POINT ( 'NONE', #15 ) ;
#944 = CARTESIAN_POINT ( 'NONE',  ( -2.993444671765758800, 0.1999999999999999000, 0.6999999999999999600 ) ) ;
#945 = VECTOR ( 'NONE', #2373, 1000.000000000000000 ) ;
#946 = CARTESIAN_POINT ( 'NONE',  ( -2.000000000000000400, 0.2000000000000000100, 0.7000000000000000700 ) ) ;
#947 = ADVANCED_FACE ( 'NONE', ( #2726 ), #5154, .F. ) ;
#948 = DIRECTION ( 'NONE',  ( 1.000000000000000000, -0.0000000000000000000, 6.805308102864044200E-016 ) ) ;
#949 = ORIENTED_EDGE ( 'NONE', *, *, #1299, .T. ) ;
#950 = EDGE_CURVE ( 'NONE', #2225, #3628, #3225, .T. ) ;
#951 = FACE_OUTER_BOUND ( 'NONE', #544, .T. ) ;
#952 = VECTOR ( 'NONE', #5113, 1000.000000000000100 ) ;
#953 = ORIENTED_EDGE ( 'NONE', *, *, #5125, .F. ) ;
#954 = PLANE ( 'NONE',  #4398 ) ;
#955 = FACE_OUTER_BOUND ( 'NONE', #2597, .T. ) ;
#956 = DIRECTION ( 'NONE',  ( 0.0000000000000000000, 0.0000000000000000000, 1.000000000000000000 ) ) ;
#957 = EDGE_CURVE ( 'NONE', #2950, #166, #1531, .T. ) ;
#958 = FACE_OUTER_BOUND ( 'NONE', #5014, .T. ) ;
#959 = DIRECTION ( 'NONE',  ( -1.000000000000000000, 0.0000000000000000000, 6.805308102864045200E-016 ) ) ;
#960 = DIRECTION ( 'NONE',  ( -1.000000000000000000, 0.0000000000000000000, -1.084202172485503000E-016 ) ) ;
#961 = VERTEX_POINT ( 'NONE', #4941 ) ;
#962 = FACE_OUTER_BOUND ( 'NONE', #2318, .T. ) ;
#963 = CARTESIAN_POINT ( 'NONE',  ( 2.868645614448017700, 1.879999999999998100, -1.650969678198544300 ) ) ;
#964 = CARTESIAN_POINT ( 'NONE',  ( 2.229335656545687400, 1.929999999999985100, -2.412869617309902000 ) ) ;
#965 = VERTEX_POINT ( 'NONE', #859 ) ;
#966 = DIRECTION ( 'NONE',  ( 0.7660444431189789000, 0.0000000000000000000, 0.6427876096865382500 ) ) ;
#967 = CARTESIAN_POINT ( 'NONE',  ( -1.508301782570044400, 1.929999999999999500, 2.987418474506293700 ) ) ;
#968 = LINE ( 'NONE', #4782, #4466 ) ;
#969 = AXIS2_PLACEMENT_3D ( 'NONE', #2924, #4999, #4191 ) ;
#970 = CARTESIAN_POINT ( 'NONE',  ( 2.895368093107166800, 15.41086354534016500, -1.199999999999999300 ) ) ;
#971 = FACE_OUTER_BOUND ( 'NONE', #2702, .T. ) ;
#972 = CARTESIAN_POINT ( 'NONE',  ( -0.4013374855950431200, 5.000000000000000000, -1.754687499999999700 ) ) ;
#973 = AXIS2_PLACEMENT_3D ( 'NONE', #1141, #5146, #3114 ) ;
#974 = VECTOR ( 'NONE', #4910, 1000.000000000000000 ) ;
#975 = CARTESIAN_POINT ( 'NONE',  ( -2.895368093107167700, 3.499999999999999600, -1.199999999999999300 ) ) ;
#976 = VECTOR ( 'NONE', #706, 1000.000000000000000 ) ;
#977 = DIRECTION ( 'NONE',  ( -0.0000000000000000000, -1.000000000000000000, -0.0000000000000000000 ) ) ;
#978 = EDGE_LOOP ( 'NONE', ( #1150, #2644, #155, #2065 ) ) ;
#979 = DIRECTION ( 'NONE',  ( 0.0000000000000000000, 0.0000000000000000000, 1.000000000000000000 ) ) ;
#980 = VECTOR ( 'NONE', #1658, 1000.000000000000000 ) ;
#981 = ORIENTED_EDGE ( 'NONE', *, *, #102, .F. ) ;
#982 = EDGE_CURVE ( 'NONE', #3820, #4287, #2179, .T. ) ;
#983 = CARTESIAN_POINT ( 'NONE',  ( 2.315461233156051300, 1.880000009701113800, -2.465801534656297800 ) ) ;
#984 = DIRECTION ( 'NONE',  ( 0.9748263888888888400, -0.0000000000000000000, 0.2229652697750233200 ) ) ;
#985 = CARTESIAN_POINT ( 'NONE',  ( 2.549999999999999800, 2.500000000000000000, 0.4999999999999963400 ) ) ;
#986 = EDGE_CURVE ( 'NONE', #16, #3737, #3352, .T. ) ;
#987 = CARTESIAN_POINT ( 'NONE',  ( 1.266093033428751900, 1.530000000000000000, -3.050000000000000700 ) ) ;
#988 = DIRECTION ( 'NONE',  ( 0.0000000000000000000, 0.0000000000000000000, -1.000000000000000000 ) ) ;
#989 = CARTESIAN_POINT ( 'NONE',  ( 2.868833010024125100, 1.915212737652416800, 1.706486119929993900 ) ) ;
#990 = CARTESIAN_POINT ( 'NONE',  ( -2.868645614448017700, 1.879999999999998100, 1.650969678198544300 ) ) ;
#991 = VERTEX_POINT ( 'NONE', #1644 ) ;
#992 = DIRECTION ( 'NONE',  ( 0.2675583237300286400, 0.0000000000000000000, -0.9635416666666664100 ) ) ;
#993 = VERTEX_POINT ( 'NONE', #3234 ) ;
#994 = EDGE_CURVE ( 'NONE', #2290, #2441, #595, .T. ) ;
#995 = CARTESIAN_POINT ( 'NONE',  ( 2.268425618714968300, 1.902337289414777000, -2.436458075157263500 ) ) ;
#996 = AXIS2_PLACEMENT_3D ( 'NONE', #1533, #4382, #3991 ) ;
#997 = CARTESIAN_POINT ( 'NONE',  ( 2.000000000000000400, 0.0000000000000000000, 0.6999999999999996200 ) ) ;
#998 = ORIENTED_EDGE ( 'NONE', *, *, #2354, .F. ) ;
#999 = DIRECTION ( 'NONE',  ( 0.0000000000000000000, 1.000000000000000000, 0.0000000000000000000 ) ) ;
#1000 = EDGE_CURVE ( 'NONE', #4497, #5032, #3096, .T. ) ;
#1001 = LINE ( 'NONE', #5152, #4945 ) ;
#1002 = VERTEX_POINT ( 'NONE', #2497 ) ;
#1003 = AXIS2_PLACEMENT_3D ( 'NONE', #4375, #4356, #4433 ) ;
#1004 = DIRECTION ( 'NONE',  ( 1.000000000000000000, 0.0000000000000000000, -0.0000000000000000000 ) ) ;
#1005 = LINE ( 'NONE', #3773, #4372 ) ;
#1006 = EDGE_LOOP ( 'NONE', ( #4595, #3761, #1889, #4083 ) ) ;
#1007 = DIRECTION ( 'NONE',  ( 0.0000000000000000000, 0.0000000000000000000, -1.000000000000000000 ) ) ;
#1008 = ORIENTED_EDGE ( 'NONE', *, *, #4352, .F. ) ;
#1009 = CARTESIAN_POINT ( 'NONE',  ( 2.362731470142131100, 1.930000000000000200, -1.199999999999999100 ) ) ;
#1010 = CARTESIAN_POINT ( 'NONE',  ( 1.508301782570043500, 1.929999999999999500, 2.987418474506293700 ) ) ;
#1011 = VECTOR ( 'NONE', #4847, 1000.000000000000000 ) ;
#1012 = LINE ( 'NONE', #4755, #1638 ) ;
#1013 = DIRECTION ( 'NONE',  ( 0.9748263888888887300, 0.0000000000000000000, -0.2229652697750238400 ) ) ;
#1014 = ORIENTED_EDGE ( 'NONE', *, *, #390, .F. ) ;
#1015 = EDGE_CURVE ( 'NONE', #4641, #236, #575, .T. ) ;
#1016 = CARTESIAN_POINT ( 'NONE',  ( 1.508301782570043100, 1.530000000000000000, 2.987418474506292800 ) ) ;
#1017 = VECTOR ( 'NONE', #933, 1000.000000000000000 ) ;
#1018 = CARTESIAN_POINT ( 'NONE',  ( 1.266093033428751900, 3.499999999999999600, -2.550000000000000700 ) ) ;
#1019 = DIRECTION ( 'NONE',  ( -0.0000000000000000000, -1.000000000000000000, -0.0000000000000000000 ) ) ;
#1020 = COLOUR_RGB ( '',0.2509803921568627400, 0.2509803921568627400, 0.2509803921568627400 ) ;
#1021 = EDGE_CURVE ( 'NONE', #4422, #3345, #5092, .T. ) ;
#1022 = ORIENTED_EDGE ( 'NONE', *, *, #476, .F. ) ;
#1023 = CARTESIAN_POINT ( 'NONE',  ( 0.0000000000000000000, 3.500000000000000000, 0.0000000000000000000 ) ) ;
#1024 = LINE ( 'NONE', #3864, #1151 ) ;
#1025 = ORIENTED_EDGE ( 'NONE', *, *, #2668, .T. ) ;
#1026 = CARTESIAN_POINT ( 'NONE',  ( 2.870497659733809200, 1.891696579382596200, 1.724932093081512600 ) ) ;
#1027 = CARTESIAN_POINT ( 'NONE',  ( 3.231208800839547600, 0.1727457514062645200, 0.6999999999999999600 ) ) ;
#1028 = ADVANCED_FACE ( 'NONE', ( #2295 ), #2479, .F. ) ;
#1029 = VECTOR ( 'NONE', #511, 1000.000000000000000 ) ;
#1030 = EDGE_CURVE ( 'NONE', #1429, #1568, #3547, .T. ) ;
#1031 = CARTESIAN_POINT ( 'NONE',  ( -2.913951416075375900, 1.927016772409185600, 1.735334214648759800 ) ) ;
#1032 = CARTESIAN_POINT ( 'NONE',  ( 2.362731470142131100, 1.930000000000000200, 1.199999999999999100 ) ) ;
#1033 = ORIENTED_EDGE ( 'NONE', *, *, #1628, .T. ) ;
#1034 = DIRECTION ( 'NONE',  ( 0.0000000000000000000, 0.0000000000000000000, 1.000000000000000000 ) ) ;
#1035 = CARTESIAN_POINT ( 'NONE',  ( -2.395368093107167700, 1.530000000000000000, 1.514924142463396100 ) ) ;
#1036 = LINE ( 'NONE', #3892, #1789 ) ;
#1037 = AXIS2_PLACEMENT_3D ( 'NONE', #3978, #1109, #3924 ) ;
#1038 = CARTESIAN_POINT ( 'NONE',  ( -2.580809704034067800, 1.929999999999998200, -1.409446671930623300 ) ) ;
#1039 = LINE ( 'NONE', #4300, #3749 ) ;
#1040 = ORIENTED_EDGE ( 'NONE', *, *, #2578, .F. ) ;
#1041 = ORIENTED_EDGE ( 'NONE', *, *, #5002, .T. ) ;
#1042 = LINE ( 'NONE', #2372, #4473 ) ;
#1043 = VERTEX_POINT ( 'NONE', #1258 ) ;
#1044 = CARTESIAN_POINT ( 'NONE',  ( 2.895368093107166800, 1.530000000000000000, -1.514924142463395200 ) ) ;
#1045 = CARTESIAN_POINT ( 'NONE',  ( -2.852201663015489200, 1.782187993630922800, 1.826139199080773200 ) ) ;
#1046 = AXIS2_PLACEMENT_3D ( 'NONE', #1516, #3932, #4792 ) ;
#1047 = DIRECTION ( 'NONE',  ( -0.0000000000000000000, -1.000000000000000000, -0.0000000000000000000 ) ) ;
#1048 = PLANE ( 'NONE',  #4262 ) ;
#1049 = ORIENTED_EDGE ( 'NONE', *, *, #3098, .F. ) ;
#1050 = VERTEX_POINT ( 'NONE', #4477 ) ;
#1051 = PLANE ( 'NONE',  #2972 ) ;
#1052 = EDGE_CURVE ( 'NONE', #2961, #3623, #4594, .T. ) ;
#1053 = DIRECTION ( 'NONE',  ( -0.0000000000000000000, -1.000000000000000000, -0.0000000000000000000 ) ) ;
#1054 = CARTESIAN_POINT ( 'NONE',  ( 2.945250058759915700, 1.979999999999997800, 1.715248439167198500 ) ) ;
#1055 = CARTESIAN_POINT ( 'NONE',  ( -0.1871594614189955600, 15.41086354534016500, -0.07451084703774665800 ) ) ;
#1056 = ORIENTED_EDGE ( 'NONE', *, *, #2093, .F. ) ;
#1057 = EDGE_CURVE ( 'NONE', #2302, #3977, #466, .T. ) ;
#1058 = VERTEX_POINT ( 'NONE', #4533 ) ;
#1059 = CARTESIAN_POINT ( 'NONE',  ( 2.244994432064364400, 4.800000000000004300, -0.5000000000000013300 ) ) ;
#1060 = CARTESIAN_POINT ( 'NONE',  ( 2.000000000000000000, 0.2000000000000000100, -0.6999999999999996200 ) ) ;
#1061 = EDGE_CURVE ( 'NONE', #49, #496, #3483, .T. ) ;
#1062 = EDGE_LOOP ( 'NONE', ( #1104, #1659, #1640, #3493 ) ) ;
#1063 = CARTESIAN_POINT ( 'NONE',  ( 2.078460969082653000, 5.000000000000000000, 0.2999999999999963300 ) ) ;
#1064 = CARTESIAN_POINT ( 'NONE',  ( -3.000000000000001300, 1.530000000000000000, 1.649999999999998800 ) ) ;
#1065 = MECHANICAL_DESIGN_GEOMETRIC_PRESENTATION_REPRESENTATION (  '', ( #3 ), #3383 ) ;
#1066 = CARTESIAN_POINT ( 'NONE',  ( -2.132817797046185400E-016, 4.800000000000000700, -0.2999999999999997700 ) ) ;
#1067 = DIRECTION ( 'NONE',  ( 0.0000000000000000000, 0.0000000000000000000, 1.000000000000000000 ) ) ;
#1068 = LINE ( 'NONE', #4268, #3654 ) ;
#1069 = VERTEX_POINT ( 'NONE', #2839 ) ;
#1070 = DIRECTION ( 'NONE',  ( 1.000000000000000000, -1.224646799147352200E-016, 0.0000000000000000000 ) ) ;
#1071 = CLOSED_SHELL ( 'NONE', ( #2827, #3624, #1661, #1578, #1655, #2923, #428, #2703, #2749, #3629, #187, #3210, #1985, #2630, #2663, #162, #4093, #3418, #4157, #4780, #3958, #3133, #2375, #4437, #1819, #1869, #3793, #4009, #80, #2149, #3540, #3192, #3874, #2896, #1718, #4125, #2153, #1762, #3587, #4000, #2582, #4322, #4408, #1395, #4313, #3416, #2291, #947, #1207, #1183, #1146, #1569, #4737, #726 ) ) ;
#1072 = DIRECTION ( 'NONE',  ( 0.0000000000000000000, 0.0000000000000000000, 1.000000000000000000 ) ) ;
#1073 = EDGE_CURVE ( 'NONE', #3157, #3477, #2490, .T. ) ;
#1074 = VECTOR ( 'NONE', #264, 1000.000000000000000 ) ;
#1075 = AXIS2_PLACEMENT_3D ( 'NONE', #4992, #2121, #2158 ) ;
#1076 = DIRECTION ( 'NONE',  ( -0.3090169943749417300, -0.9510565162951553100, 0.0000000000000000000 ) ) ;
#1077 = ORIENTED_EDGE ( 'NONE', *, *, #4704, .T. ) ;
#1078 = CARTESIAN_POINT ( 'NONE',  ( 2.268245417573944600, 1.963639257452510300, -2.451772796796013700 ) ) ;
#1079 = LINE ( 'NONE', #3789, #2468 ) ;
#1080 = CARTESIAN_POINT ( 'NONE',  ( -2.580809704034067400, 1.979999999999997800, 1.409446671930623100 ) ) ;
#1081 = LINE ( 'NONE', #4292, #3464 ) ;
#1082 = CARTESIAN_POINT ( 'NONE',  ( 2.362731470142131100, 1.930000000000000200, -1.199999999999999100 ) ) ;
#1083 = ORIENTED_EDGE ( 'NONE', *, *, #4721, .F. ) ;
#1084 = VECTOR ( 'NONE', #3165, 1000.000000000000100 ) ;
#1085 = DIRECTION ( 'NONE',  ( 1.224646799147352200E-016, -1.000000000000000000, 0.0000000000000000000 ) ) ;
#1086 = CIRCLE ( 'NONE', #5115, 2.375000000000000000 ) ;
#1087 = VERTEX_POINT ( 'NONE', #2439 ) ;
#1088 = CARTESIAN_POINT ( 'NONE',  ( 2.815618732174173900, 1.720516484374826400, -1.791950846995489000 ) ) ;
#1089 = DIRECTION ( 'NONE',  ( 0.0000000000000000000, 0.0000000000000000000, 1.000000000000000000 ) ) ;
#1090 = CARTESIAN_POINT ( 'NONE',  ( 2.315461233156051300, 1.880000009701113800, 2.465801534656297800 ) ) ;
#1091 = EDGE_CURVE ( 'NONE', #2627, #2500, #3914, .T. ) ;
#1092 = ORIENTED_EDGE ( 'NONE', *, *, #2990, .F. ) ;
#1093 = CARTESIAN_POINT ( 'NONE',  ( -3.040997497580516300, 0.2345491502812527800, -0.6999999999999999600 ) ) ;
#1094 = CARTESIAN_POINT ( 'NONE',  ( 0.0000000000000000000, 3.500000000000000000, 0.0000000000000000000 ) ) ;
#1095 = CARTESIAN_POINT ( 'NONE',  ( 2.820929990822352600, 1.529999999999999100, 1.785621135420324600 ) ) ;
#1096 = EDGE_CURVE ( 'NONE', #380, #1683, #1664, .T. ) ;
#1097 = DIRECTION ( 'NONE',  ( 0.9510565162951554200, -0.3090169943749417900, 0.0000000000000000000 ) ) ;
#1098 = LINE ( 'NONE', #3769, #105 ) ;
#1099 = CARTESIAN_POINT ( 'NONE',  ( 0.6499999999999982500, 0.0000000000000000000, 3.050000000000000300 ) ) ;
#1100 = AXIS2_PLACEMENT_3D ( 'NONE', #3713, #4111, #2143 ) ;
#1101 = ADVANCED_FACE ( 'NONE', ( #1228 ), #140, .T. ) ;
#1102 = CARTESIAN_POINT ( 'NONE',  ( -2.882966385121572100, 1.978521125689651300, -1.664407577412007700 ) ) ;
#1103 = FACE_OUTER_BOUND ( 'NONE', #4545, .T. ) ;
#1104 = ORIENTED_EDGE ( 'NONE', *, *, #94, .F. ) ;
#1105 = EDGE_LOOP ( 'NONE', ( #5138, #483, #226, #2540 ) ) ;
#1106 = DIRECTION ( 'NONE',  ( 0.0000000000000000000, 1.000000000000000000, 0.0000000000000000000 ) ) ;
#1107 = AXIS2_PLACEMENT_3D ( 'NONE', #2031, #3240, #452 ) ;
#1108 = DIRECTION ( 'NONE',  ( -0.7660444431189796800, 0.0000000000000000000, 0.6427876096865372500 ) ) ;
#1109 = DIRECTION ( 'NONE',  ( 0.0000000000000000000, 1.000000000000000000, 0.0000000000000000000 ) ) ;
#1110 = VECTOR ( 'NONE', #196, 1000.000000000000000 ) ;
#1111 = ORIENTED_EDGE ( 'NONE', *, *, #3656, .T. ) ;
#1112 = ORIENTED_EDGE ( 'NONE', *, *, #4536, .T. ) ;
#1113 = CARTESIAN_POINT ( 'NONE',  ( 2.850911358594515400, 1.929999999995545900, -1.679913015227543400 ) ) ;
#1114 = CARTESIAN_POINT ( 'NONE',  ( 2.294567611640753800, 1.932696151556233100, -2.468513956879300000 ) ) ;
#1115 = VERTEX_POINT ( 'NONE', #2936 ) ;
#1116 = AXIS2_PLACEMENT_3D ( 'NONE', #4395, #810, #2416 ) ;
#1117 = DIRECTION ( 'NONE',  ( 0.0000000000000000000, 1.000000000000000000, -0.0000000000000000000 ) ) ;
#1118 = ORIENTED_EDGE ( 'NONE', *, *, #2938, .T. ) ;
#1119 = B_SPLINE_CURVE_WITH_KNOTS ( 'NONE', 3,
 ( #2198, #2640, #2625, #5033, #4243, #3434, #588, #5104, #989, #3810, #1392, #3029, #237, #1026, #634, #4225 ),
 .UNSPECIFIED., .F., .F.,
 ( 4, 3, 3, 3, 3, 4 ),
 ( 0.0000000000000000000, 1.505757082738861300E-005, 3.004938285979951400E-005, 4.597288288167389700E-005, 6.415682265449895200E-005, 8.377018052941210400E-005 ),
 .UNSPECIFIED. ) ;
#1120 = ADVANCED_FACE ( 'NONE', ( #971 ), #160, .T. ) ;
#1121 = CARTESIAN_POINT ( 'NONE',  ( -2.913369848965735400, 1.936660994072719500, -1.727034296280352200 ) ) ;
#1122 = VERTEX_POINT ( 'NONE', #3706 ) ;
#1123 = EDGE_CURVE ( 'NONE', #627, #3599, #1668, .T. ) ;
#1124 = CARTESIAN_POINT ( 'NONE',  ( -2.440348604289665600, 1.530000000000000000, -2.316966561438165200 ) ) ;
#1125 = CARTESIAN_POINT ( 'NONE',  ( -1.825260516351813000, 1.530000000000000000, 3.049999999999999800 ) ) ;
#1126 = ORIENTED_EDGE ( 'NONE', *, *, #1426, .F. ) ;
#1127 = EDGE_CURVE ( 'NONE', #870, #1829, #739, .T. ) ;
#1128 = CARTESIAN_POINT ( 'NONE',  ( 2.870869630134545800, 1.907118555828421400, -1.714237394205214000 ) ) ;
#1129 = DIRECTION ( 'NONE',  ( 0.9510565162951555300, -0.3090169943749412300, 0.0000000000000000000 ) ) ;
#1130 = VECTOR ( 'NONE', #756, 1000.000000000000000 ) ;
#1131 = ORIENTED_EDGE ( 'NONE', *, *, #786, .F. ) ;
#1132 = ORIENTED_EDGE ( 'NONE', *, *, #1525, .F. ) ;
#1133 = LINE ( 'NONE', #2501, #2332 ) ;
#1134 = CARTESIAN_POINT ( 'NONE',  ( -2.850911358594515400, 1.929999999995545900, -1.679913015227543400 ) ) ;
#1135 = ORIENTED_EDGE ( 'NONE', *, *, #455, .T. ) ;
#1136 = DIRECTION ( 'NONE',  ( 0.0000000000000000000, 0.0000000000000000000, 1.000000000000000000 ) ) ;
#1137 = ORIENTED_EDGE ( 'NONE', *, *, #4468, .F. ) ;
#1138 = AXIS2_PLACEMENT_3D ( 'NONE', #1486, #316, #2738 ) ;
#1139 = CARTESIAN_POINT ( 'NONE',  ( -2.390493567823680300, 1.674522915955187800, 2.298595288912396000 ) ) ;
#1140 = LINE ( 'NONE', #3639, #4343 ) ;
#1141 = CARTESIAN_POINT ( 'NONE',  ( -0.4013374855950431200, 4.799999999999998900, -1.754687499999999700 ) ) ;
#1142 = CIRCLE ( 'NONE', #3189, 0.5000000000000000000 ) ;
#1143 = ORIENTED_EDGE ( 'NONE', *, *, #3308, .T. ) ;
#1144 = CARTESIAN_POINT ( 'NONE',  ( -2.261420457685837000, 1.912147283479140200, -2.434209801124263000 ) ) ;
#1145 = CARTESIAN_POINT ( 'NONE',  ( 2.549999999999999800, 5.000000000000000000, 0.2999999999999963300 ) ) ;
#1146 = ADVANCED_FACE ( 'NONE', ( #4781 ), #1716, .F. ) ;
#1147 = FACE_OUTER_BOUND ( 'NONE', #1463, .T. ) ;
#1148 = CARTESIAN_POINT ( 'NONE',  ( -2.335589819772346100, 1.782692105289978700, 2.441813219242484400 ) ) ;
#1149 = VECTOR ( 'NONE', #3808, 1000.000000000000000 ) ;
#1150 = ORIENTED_EDGE ( 'NONE', *, *, #381, .T. ) ;
#1151 = VECTOR ( 'NONE', #3917, 1000.000000000000000 ) ;
#1152 = DIRECTION ( 'NONE',  ( -0.0000000000000000000, -1.000000000000000000, -0.0000000000000000000 ) ) ;
#1153 = VERTEX_POINT ( 'NONE', #4120 ) ;
#1154 = EDGE_CURVE ( 'NONE', #1087, #272, #1098, .T. ) ;
#1155 = B_SPLINE_CURVE_WITH_KNOTS ( 'NONE', 3,
 ( #2017, #1657, #530, #1341, #4198, #5027 ),
 .UNSPECIFIED., .F., .F.,
 ( 4, 1, 1, 4 ),
 ( 0.0000000000000000000, 0.2552740279713690000, 0.5940928137246722600, 0.7940126489242030900 ),
 .UNSPECIFIED. ) ;
#1156 = ADVANCED_FACE ( 'NONE', ( #4195 ), #954, .F. ) ;
#1157 = CARTESIAN_POINT ( 'NONE',  ( 2.899142650420860200, 1.969021239404721700, 1.686890823535522700 ) ) ;
#1158 = DIRECTION ( 'NONE',  ( 0.0000000000000000000, 1.000000000000000000, 0.0000000000000000000 ) ) ;
#1159 = LINE ( 'NONE', #4560, #3158 ) ;
#1160 = LINE ( 'NONE', #2203, #2229 ) ;
#1161 = ORIENTED_EDGE ( 'NONE', *, *, #1754, .F. ) ;
#1162 = CARTESIAN_POINT ( 'NONE',  ( 1.266093033428751900, 1.530000000000000000, 3.050000000000001200 ) ) ;
#1163 = VECTOR ( 'NONE', #21, 1000.000000000000000 ) ;
#1164 = EDGE_CURVE ( 'NONE', #1122, #241, #4396, .T. ) ;
#1165 = DIRECTION ( 'NONE',  ( 1.000000000000000000, -0.0000000000000000000, 0.0000000000000000000 ) ) ;
#1166 = EDGE_LOOP ( 'NONE', ( #4700, #181, #1241, #492 ) ) ;
#1167 = ORIENTED_EDGE ( 'NONE', *, *, #5080, .F. ) ;
#1168 = FILL_AREA_STYLE ('',( #3574 ) ) ;
#1169 = CARTESIAN_POINT ( 'NONE',  ( 0.1871594614189947000, 15.41086354534016500, -0.07451084703774665800 ) ) ;
#1170 = EDGE_CURVE ( 'NONE', #767, #1002, #5155, .T. ) ;
#1171 = VECTOR ( 'NONE', #3672, 1000.000000000000000 ) ;
#1172 = AXIS2_PLACEMENT_3D ( 'NONE', #2488, #3348, #3733 ) ;
#1173 = ORIENTED_EDGE ( 'NONE', *, *, #1295, .T. ) ;
#1174 = ADVANCED_FACE ( 'NONE', ( #4331 ), #4651, .T. ) ;
#1175 = CARTESIAN_POINT ( 'NONE',  ( -2.857540934028677300, 1.927751539156337300, -1.687267845319136300 ) ) ;
#1176 = CARTESIAN_POINT ( 'NONE',  ( -2.304343724360582400, 2.500000000000000000, -0.5749999999999997300 ) ) ;
#1177 = ORIENTED_EDGE ( 'NONE', *, *, #1242, .F. ) ;
#1178 = EDGE_CURVE ( 'NONE', #436, #2004, #1294, .T. ) ;
#1179 = CARTESIAN_POINT ( 'NONE',  ( -2.315461233156051300, 1.880000009701113800, -2.465801534656297800 ) ) ;
#1180 = AXIS2_PLACEMENT_3D ( 'NONE', #1766, #3861, #5088 ) ;
#1181 = CARTESIAN_POINT ( 'NONE',  ( -2.268425618714968300, 1.902337289414777000, -2.436458075157263500 ) ) ;
#1182 = CARTESIAN_POINT ( 'NONE',  ( 1.825260516351813000, 0.0000000000000000000, -3.050000000000000700 ) ) ;
#1183 = ADVANCED_FACE ( 'NONE', ( #4066 ), #184, .F. ) ;
#1184 = CARTESIAN_POINT ( 'NONE',  ( -2.231814160412024100, 1.930000000000363600, 2.414949328990048500 ) ) ;
#1185 = DIRECTION ( 'NONE',  ( -1.000000000000000000, 0.0000000000000000000, 0.0000000000000000000 ) ) ;
#1186 = ORIENTED_EDGE ( 'NONE', *, *, #2187, .F. ) ;
#1187 = DIRECTION ( 'NONE',  ( -1.000000000000000000, 0.0000000000000000000, 0.0000000000000000000 ) ) ;
#1188 = ORIENTED_EDGE ( 'NONE', *, *, #3337, .T. ) ;
#1189 = ORIENTED_EDGE ( 'NONE', *, *, #3679, .T. ) ;
#1190 = CARTESIAN_POINT ( 'NONE',  ( 2.909593174420214400, 1.952305692168599500, 1.710636061428622200 ) ) ;
#1191 = CARTESIAN_POINT ( 'NONE',  ( 2.993444671765758800, 0.2499999999999998900, 0.6999999999999999600 ) ) ;
#1192 = EDGE_CURVE ( 'NONE', #3599, #2680, #1119, .T. ) ;
#1193 = DIRECTION ( 'NONE',  ( -0.7660444431189789000, 0.0000000000000000000, -0.6427876096865382500 ) ) ;
#1194 = DIRECTION ( 'NONE',  ( 0.0000000000000000000, 1.000000000000000000, 0.0000000000000000000 ) ) ;
#1195 = ORIENTED_EDGE ( 'NONE', *, *, #614, .F. ) ;
#1196 = DIRECTION ( 'NONE',  ( 0.0000000000000000000, -1.000000000000000000, -0.0000000000000000000 ) ) ;
#1197 = CYLINDRICAL_SURFACE ( 'NONE', #4743, 0.5000000000000000000 ) ;
#1198 = ORIENTED_EDGE ( 'NONE', *, *, #1830, .T. ) ;
#1199 = EDGE_CURVE ( 'NONE', #2161, #680, #1919, .T. ) ;
#1200 = DIRECTION ( 'NONE',  ( -0.0000000000000000000, -1.000000000000000000, -0.0000000000000000000 ) ) ;
#1201 = ORIENTED_EDGE ( 'NONE', *, *, #2347, .F. ) ;
#1202 = CARTESIAN_POINT ( 'NONE',  ( 2.402046382133715200, 1.583790327172668300, 2.284827180953837600 ) ) ;
#1203 = DIRECTION ( 'NONE',  ( 0.0000000000000000000, 1.000000000000000000, 0.0000000000000000000 ) ) ;
#1204 = LINE ( 'NONE', #5064, #3904 ) ;
#1205 = VERTEX_POINT ( 'NONE', #3859 ) ;
#1206 = CYLINDRICAL_SURFACE ( 'NONE', #5072, 0.1999999999999999800 ) ;
#1207 = ADVANCED_FACE ( 'NONE', ( #849 ), #4643, .F. ) ;
#1208 = VECTOR ( 'NONE', #1943, 1000.000000000000000 ) ;
#1209 = CARTESIAN_POINT ( 'NONE',  ( -2.865156719790234800, 1.921468196360363500, -1.698587407301395800 ) ) ;
#1210 = CARTESIAN_POINT ( 'NONE',  ( 2.244994432064364400, 16.83777582424696100, -0.5000000000000013300 ) ) ;
#1211 = LINE ( 'NONE', #2552, #637 ) ;
#1212 = ORIENTED_EDGE ( 'NONE', *, *, #631, .T. ) ;
#1213 = DIRECTION ( 'NONE',  ( -1.000000000000000000, -1.224646799147352200E-016, 0.0000000000000000000 ) ) ;
#1214 = CARTESIAN_POINT ( 'NONE',  ( 2.912391288227678100, 1.905253062325500200, -1.750608053066104800 ) ) ;
#1215 = SURFACE_STYLE_FILL_AREA ( #4029 ) ;
#1216 = FACE_OUTER_BOUND ( 'NONE', #3613, .T. ) ;
#1217 = EDGE_LOOP ( 'NONE', ( #2037, #4967, #3775, #2204, #2830, #2072, #5044, #1884 ) ) ;
#1218 = CARTESIAN_POINT ( 'NONE',  ( -2.580809704034067800, 1.929999999999998200, 1.409446671930623300 ) ) ;
#1219 = VERTEX_POINT ( 'NONE', #5065 ) ;
#1220 = FACE_OUTER_BOUND ( 'NONE', #4248, .T. ) ;
#1221 = AXIS2_PLACEMENT_3D ( 'NONE', #4037, #1583, #2916 ) ;
#1222 = VERTEX_POINT ( 'NONE', #1044 ) ;
#1223 = VECTOR ( 'NONE', #1565, 1000.000000000000200 ) ;
#1224 = EDGE_CURVE ( 'NONE', #3599, #1491, #2424, .T. ) ;
#1225 = B_SPLINE_CURVE_WITH_KNOTS ( 'NONE', 3,
 ( #4856, #3222, #1231, #2026 ),
 .UNSPECIFIED., .F., .F.,
 ( 4, 4 ),
 ( 0.8953217436920752900, 1.000000000000000000 ),
 .UNSPECIFIED. ) ;
#1226 = ADVANCED_FACE ( 'NONE', ( #1352 ), #4263, .T. ) ;
#1227 =( LENGTH_UNIT ( ) NAMED_UNIT ( * ) SI_UNIT ( .MILLI., .METRE. ) );
#1228 = FACE_OUTER_BOUND ( 'NONE', #3520, .T. ) ;
#1229 = ORIENTED_EDGE ( 'NONE', *, *, #190, .F. ) ;
#1230 = PLANE ( 'NONE',  #2314 ) ;
#1231 = CARTESIAN_POINT ( 'NONE',  ( -1.938022094347529900, 1.963923088715963500, 2.175491115049602800 ) ) ;
#1232 = EDGE_CURVE ( 'NONE', #75, #2344, #1410, .T. ) ;
#1233 = CARTESIAN_POINT ( 'NONE',  ( 2.236860996473609500, 1.929058250561763700, 2.418927340129111100 ) ) ;
#1234 = DIRECTION ( 'NONE',  ( 1.000000000000000000, 0.0000000000000000000, -0.0000000000000000000 ) ) ;
#1235 = FACE_OUTER_BOUND ( 'NONE', #2984, .T. ) ;
#1236 = ORIENTED_EDGE ( 'NONE', *, *, #2084, .F. ) ;
#1237 = ORIENTED_EDGE ( 'NONE', *, *, #4426, .F. ) ;
#1238 = CARTESIAN_POINT ( 'NONE',  ( -2.271064451175584000, 1.896881317356592400, 2.436357779578034700 ) ) ;
#1239 = CARTESIAN_POINT ( 'NONE',  ( -2.868645614448017700, 1.879999999999998100, -1.650969678198544300 ) ) ;
#1240 = LINE ( 'NONE', #1275, #980 ) ;
#1241 = ORIENTED_EDGE ( 'NONE', *, *, #1530, .F. ) ;
#1242 = EDGE_CURVE ( 'NONE', #2958, #356, #708, .T. ) ;
#1243 = AXIS2_PLACEMENT_3D ( 'NONE', #4454, #1203, #2452 ) ;
#1244 = EDGE_LOOP ( 'NONE', ( #3734, #1177, #1818, #4154, #4509 ) ) ;
#1245 = VERTEX_POINT ( 'NONE', #3010 ) ;
#1246 = DIRECTION ( 'NONE',  ( 0.7660444431189793500, 0.0000000000000000000, -0.6427876096865378100 ) ) ;
#1247 = DIRECTION ( 'NONE',  ( 1.000000000000000000, 0.0000000000000000000, 0.0000000000000000000 ) ) ;
#1248 = ORIENTED_EDGE ( 'NONE', *, *, #2371, .T. ) ;
#1249 = ORIENTED_EDGE ( 'NONE', *, *, #4689, .F. ) ;
#1250 = EDGE_CURVE ( 'NONE', #2962, #5186, #220, .T. ) ;
#1251 = CARTESIAN_POINT ( 'NONE',  ( -1.825260516351813000, 1.530000000000000000, 3.049999999999999800 ) ) ;
#1252 = VERTEX_POINT ( 'NONE', #253 ) ;
#1253 = B_SPLINE_CURVE_WITH_KNOTS ( 'NONE', 3,
 ( #240, #4283, #1428, #1398, #5087, #3030, #4246, #1851, #3435, #2213, #2277, #1031, #4694, #4265, #2609, #5120 ),
 .UNSPECIFIED., .F., .F.,
 ( 4, 3, 3, 3, 3, 4 ),
 ( 0.0000000000000000000, 2.920866079746523700E-005, 5.823910330299548700E-005, 8.967654631213475800E-005, 0.0001270026944289869400, 0.0001695827093730595500 ),
 .UNSPECIFIED. ) ;
#1254 = VECTOR ( 'NONE', #3081, 1000.000000000000000 ) ;
#1255 = DIRECTION ( 'NONE',  ( -0.0000000000000000000, 1.000000000000000000, -0.0000000000000000000 ) ) ;
#1256 = DIRECTION ( 'NONE',  ( 0.0000000000000000000, 0.0000000000000000000, -1.000000000000000000 ) ) ;
#1257 = ORIENTED_EDGE ( 'NONE', *, *, #1865, .F. ) ;
#1258 = CARTESIAN_POINT ( 'NONE',  ( -3.309788696740969100, 1.061803398874988400, -0.6999999999999999600 ) ) ;
#1259 = ORIENTED_EDGE ( 'NONE', *, *, #3614, .T. ) ;
#1260 = DIRECTION ( 'NONE',  ( -0.0000000000000000000, -0.0000000000000000000, 1.000000000000000000 ) ) ;
#1261 = EDGE_CURVE ( 'NONE', #2942, #793, #5223, .T. ) ;
#1262 = DIRECTION ( 'NONE',  ( -0.6427876096865378100, 0.0000000000000000000, -0.7660444431189793500 ) ) ;
#1263 = DIRECTION ( 'NONE',  ( 0.0000000000000000000, 0.0000000000000000000, -1.000000000000000000 ) ) ;
#1264 = DIRECTION ( 'NONE',  ( 0.7660444431189793500, 0.0000000000000000000, -0.6427876096865378100 ) ) ;
#1265 = LINE ( 'NONE', #914, #3134 ) ;
#1266 = ORIENTED_EDGE ( 'NONE', *, *, #4968, .F. ) ;
#1267 = EDGE_LOOP ( 'NONE', ( #3948, #5084, #1618, #3498, #775, #1907, #3646, #295 ) ) ;
#1268 = CARTESIAN_POINT ( 'NONE',  ( -2.859232212978299000, 1.530000000000000000, -1.817760515904649900 ) ) ;
#1269 = CARTESIAN_POINT ( 'NONE',  ( 2.253846438605227000, 1.920278858396989000, 2.430602398166910500 ) ) ;
#1270 = CARTESIAN_POINT ( 'NONE',  ( -0.1871594614189955600, 1.530000000000000000, -0.07451084703774665800 ) ) ;
#1271 = VECTOR ( 'NONE', #2949, 1000.000000000000000 ) ;
#1272 = EDGE_CURVE ( 'NONE', #2680, #723, #778, .T. ) ;
#1273 = DIRECTION ( 'NONE',  ( 0.0000000000000000000, 0.0000000000000000000, 1.000000000000000000 ) ) ;
#1274 = LINE ( 'NONE', #946, #1769 ) ;
#1275 = CARTESIAN_POINT ( 'NONE',  ( -2.549999999999999800, 2.500000000000000000, -0.4999999999999997800 ) ) ;
#1276 = ORIENTED_EDGE ( 'NONE', *, *, #23, .F. ) ;
#1277 = DIRECTION ( 'NONE',  ( 0.7660444431189795700, 0.0000000000000000000, -0.6427876096865374800 ) ) ;
#1278 = AXIS2_PLACEMENT_3D ( 'NONE', #5140, #296, #4285 ) ;
#1279 = PLANE ( 'NONE',  #3354 ) ;
#1280 = LINE ( 'NONE', #4128, #3080 ) ;
#1281 = CYLINDRICAL_SURFACE ( 'NONE', #3431, 2.649999999999999500 ) ;
#1282 = ORIENTED_EDGE ( 'NONE', *, *, #284, .T. ) ;
#1283 = EDGE_CURVE ( 'NONE', #3230, #916, #1036, .T. ) ;
#1284 = DIRECTION ( 'NONE',  ( -0.0000000000000000000, -0.0000000000000000000, -1.000000000000000000 ) ) ;
#1285 = VECTOR ( 'NONE', #3451, 1000.000000000000200 ) ;
#1286 = CARTESIAN_POINT ( 'NONE',  ( 2.349999999999999600, 5.000000000000000000, -0.5000000000000015500 ) ) ;
#1287 = PRESENTATION_LAYER_ASSIGNMENT (  '', '', ( #2357 ) ) ;
#1288 = ORIENTED_EDGE ( 'NONE', *, *, #2205, .F. ) ;
#1289 = DIRECTION ( 'NONE',  ( -0.0000000000000000000, -1.000000000000000000, -0.0000000000000000000 ) ) ;
#1290 = CYLINDRICAL_SURFACE ( 'NONE', #3109, 0.2000000000000000900 ) ;
#1291 = CARTESIAN_POINT ( 'NONE',  ( -2.349999999999999600, 5.000000000000000000, -0.2999999999999998200 ) ) ;
#1292 = DIRECTION ( 'NONE',  ( -0.0000000000000000000, -0.0000000000000000000, -1.000000000000000000 ) ) ;
#1293 = CARTESIAN_POINT ( 'NONE',  ( 0.9082597180517073500, 1.529999999999999100, 1.031391342065090000 ) ) ;
#1294 = LINE ( 'NONE', #4692, #3420 ) ;
#1295 = EDGE_CURVE ( 'NONE', #3034, #4869, #2356, .T. ) ;
#1296 = CIRCLE ( 'NONE', #3112, 0.5000000000000000000 ) ;
#1297 = VECTOR ( 'NONE', #1377, 1000.000000000000000 ) ;
#1298 = ORIENTED_EDGE ( 'NONE', *, *, #675, .F. ) ;
#1299 = EDGE_CURVE ( 'NONE', #3989, #2557, #346, .T. ) ;
#1300 = ORIENTED_EDGE ( 'NONE', *, *, #4168, .T. ) ;
#1301 = CARTESIAN_POINT ( 'NONE',  ( 1.499999999999999600, 1.930000000000000200, 3.050000000000000700 ) ) ;
#1302 = CARTESIAN_POINT ( 'NONE',  ( -2.624999999999999600, 3.500000000000000000, 0.5749999999999997300 ) ) ;
#1303 = CARTESIAN_POINT ( 'NONE',  ( -2.238755315870455800, 1.978927709411263800, 2.427846175314624800 ) ) ;
#1304 = DIRECTION ( 'NONE',  ( 0.0000000000000000000, 0.0000000000000000000, 1.000000000000000000 ) ) ;
#1305 = LINE ( 'NONE', #3289, #3432 ) ;
#1306 = ORIENTED_EDGE ( 'NONE', *, *, #719, .F. ) ;
#1307 = CARTESIAN_POINT ( 'NONE',  ( -2.277159011000101000, 1.880000009701114200, -2.433662154171969800 ) ) ;
#1308 = ORIENTED_EDGE ( 'NONE', *, *, #291, .F. ) ;
#1309 = EDGE_CURVE ( 'NONE', #2950, #2126, #2803, .T. ) ;
#1310 = CARTESIAN_POINT ( 'NONE',  ( 2.349999999999999600, 5.000000000000000000, 0.2999999999999963300 ) ) ;
#1311 = ORIENTED_EDGE ( 'NONE', *, *, #151, .T. ) ;
#1312 = ORIENTED_EDGE ( 'NONE', *, *, #4997, .T. ) ;
#1313 = AXIS2_PLACEMENT_3D ( 'NONE', #5190, #1152, #3895 ) ;
#1314 = ORIENTED_EDGE ( 'NONE', *, *, #1386, .T. ) ;
#1315 = AXIS2_PLACEMENT_3D ( 'NONE', #1027, #3879, #1458 ) ;
#1316 = DIRECTION ( 'NONE',  ( 0.0000000000000000000, 1.000000000000000000, -0.0000000000000000000 ) ) ;
#1317 = CARTESIAN_POINT ( 'NONE',  ( -2.304667936094097600, 1.912042694794992900, 2.470461655863165400 ) ) ;
#1318 = CARTESIAN_POINT ( 'NONE',  ( 2.549999999999999800, 4.800000000000000700, 0.4999999999999963400 ) ) ;
#1319 = DIRECTION ( 'NONE',  ( 0.0000000000000000000, 0.0000000000000000000, 1.000000000000000000 ) ) ;
#1320 = ORIENTED_EDGE ( 'NONE', *, *, #151, .F. ) ;
#1321 = ORIENTED_EDGE ( 'NONE', *, *, #2883, .F. ) ;
#1322 = CARTESIAN_POINT ( 'NONE',  ( 1.266093033428751900, 3.499999999999999600, -3.050000000000000300 ) ) ;
#1323 = CARTESIAN_POINT ( 'NONE',  ( 2.000000000000000000, 0.2000000000000000100, 0.6999999999999999600 ) ) ;
#1324 = ORIENTED_EDGE ( 'NONE', *, *, #3927, .T. ) ;
#1325 = EDGE_CURVE ( 'NONE', #5108, #3446, #912, .T. ) ;
#1326 = LINE ( 'NONE', #3395, #193 ) ;
#1327 = ORIENTED_EDGE ( 'NONE', *, *, #788, .F. ) ;
#1328 = CARTESIAN_POINT ( 'NONE',  ( 2.945250058759915700, 1.979999999999997800, -1.715248439167198500 ) ) ;
#1329 = CARTESIAN_POINT ( 'NONE',  ( -2.244994432064364400, 4.800000000000004300, -0.5000000000000012200 ) ) ;
#1330 = FACE_OUTER_BOUND ( 'NONE', #796, .T. ) ;
#1331 = DIRECTION ( 'NONE',  ( -0.0000000000000000000, -1.000000000000000000, -0.0000000000000000000 ) ) ;
#1332 = EDGE_CURVE ( 'NONE', #278, #372, #5029, .T. ) ;
#1333 = ORIENTED_EDGE ( 'NONE', *, *, #4968, .T. ) ;
#1334 = DIRECTION ( 'NONE',  ( 0.0000000000000000000, 0.0000000000000000000, -1.000000000000000000 ) ) ;
#1335 = LINE ( 'NONE', #1719, #263 ) ;
#1336 = CARTESIAN_POINT ( 'NONE',  ( -2.467157287525379300, 5.000000000000000900, -0.4171572875253792300 ) ) ;
#1337 = CARTESIAN_POINT ( 'NONE',  ( 2.440348604289665600, 1.529999999999999100, 2.316966561438165600 ) ) ;
#1338 = EDGE_LOOP ( 'NONE', ( #4854, #303, #2399, #4591 ) ) ;
#1339 = FACE_OUTER_BOUND ( 'NONE', #978, .T. ) ;
#1340 = EDGE_CURVE ( 'NONE', #4909, #395, #4973, .T. ) ;
#1341 = CARTESIAN_POINT ( 'NONE',  ( 2.316486848523843900, 1.760410620510888700, -2.386793062514087600 ) ) ;
#1342 = ORIENTED_EDGE ( 'NONE', *, *, #5054, .T. ) ;
#1343 = AXIS2_PLACEMENT_3D ( 'NONE', #1614, #1284, #2422 ) ;
#1344 = ORIENTED_EDGE ( 'NONE', *, *, #2339, .T. ) ;
#1345 = FACE_OUTER_BOUND ( 'NONE', #4994, .T. ) ;
#1346 = CARTESIAN_POINT ( 'NONE',  ( 0.0000000000000000000, 5.000000000000000000, 0.0000000000000000000 ) ) ;
#1347 = EDGE_CURVE ( 'NONE', #1948, #380, #2292, .T. ) ;
#1348 = ORIENTED_EDGE ( 'NONE', *, *, #3337, .F. ) ;
#1349 = CARTESIAN_POINT ( 'NONE',  ( -2.288294191084494500, 1.941604619803089400, 2.465151497256729200 ) ) ;
#1350 = AXIS2_PLACEMENT_3D ( 'NONE', #2185, #5020, #3415 ) ;
#1351 = DIRECTION ( 'NONE',  ( 0.7660444431189792300, -0.0000000000000000000, 0.6427876096865378100 ) ) ;
#1352 = FACE_OUTER_BOUND ( 'NONE', #323, .T. ) ;
#1353 = VERTEX_POINT ( 'NONE', #2744 ) ;
#1354 = LINE ( 'NONE', #2498, #5237 ) ;
#1355 = VERTEX_POINT ( 'NONE', #3461 ) ;
#1356 = ORIENTED_EDGE ( 'NONE', *, *, #1386, .F. ) ;
#1357 = EDGE_CURVE ( 'NONE', #5170, #2290, #3990, .T. ) ;
#1358 = ORIENTED_EDGE ( 'NONE', *, *, #2700, .T. ) ;
#1359 = VERTEX_POINT ( 'NONE', #666 ) ;
#1360 = CARTESIAN_POINT ( 'NONE',  ( -2.221288740796601300, 4.916888302951043100, -0.4703051951730413700 ) ) ;
#1361 = DIRECTION ( 'NONE',  ( 7.109392656820623600E-016, -0.0000000000000000000, 1.000000000000000000 ) ) ;
#1362 = CARTESIAN_POINT ( 'NONE',  ( 0.5128201204825547600, 16.83777582424696100, -2.242100694444443900 ) ) ;
#1363 = CARTESIAN_POINT ( 'NONE',  ( -1.938022094347529900, 1.963923088715963500, -2.175491115049602800 ) ) ;
#1364 = ORIENTED_EDGE ( 'NONE', *, *, #3027, .T. ) ;
#1365 = VERTEX_POINT ( 'NONE', #4320 ) ;
#1366 = EDGE_CURVE ( 'NONE', #4284, #1568, #3543, .T. ) ;
#1367 = CARTESIAN_POINT ( 'NONE',  ( 2.493996089497432200, 15.41086354534016500, -2.175245786865135600 ) ) ;
#1368 = ORIENTED_EDGE ( 'NONE', *, *, #3235, .F. ) ;
#1369 = AXIS2_PLACEMENT_3D ( 'NONE', #2188, #4216, #192 ) ;
#1370 = CARTESIAN_POINT ( 'NONE',  ( -3.175080303767100300, -1.439058332749477800E-016, -0.6999999999999999600 ) ) ;
#1371 = ADVANCED_FACE ( 'NONE', ( #1407 ), #1887, .F. ) ;
#1372 = ORIENTED_EDGE ( 'NONE', *, *, #4683, .T. ) ;
#1373 = EDGE_CURVE ( 'NONE', #5021, #767, #3997, .T. ) ;
#1374 = AXIS2_PLACEMENT_3D ( 'NONE', #3384, #999, #1409 ) ;
#1375 = CARTESIAN_POINT ( 'NONE',  ( -1.825260516351813000, 0.0000000000000000000, 3.049999999999999800 ) ) ;
#1376 = VERTEX_POINT ( 'NONE', #376 ) ;
#1377 = DIRECTION ( 'NONE',  ( -0.0000000000000000000, -1.000000000000000000, -0.0000000000000000000 ) ) ;
#1378 = FACE_OUTER_BOUND ( 'NONE', #2624, .T. ) ;
#1379 = ORIENTED_EDGE ( 'NONE', *, *, #4443, .T. ) ;
#1380 = EDGE_LOOP ( 'NONE', ( #3016, #4097, #2058, #518 ) ) ;
#1381 = DIRECTION ( 'NONE',  ( 0.0000000000000000000, 0.0000000000000000000, -1.000000000000000000 ) ) ;
#1382 = DIRECTION ( 'NONE',  ( 1.000000000000000000, 0.0000000000000000000, 0.0000000000000000000 ) ) ;
#1383 = LINE ( 'NONE', #3436, #5066 ) ;
#1384 = ORIENTED_EDGE ( 'NONE', *, *, #932, .T. ) ;
#1385 = ORIENTED_EDGE ( 'NONE', *, *, #2268, .T. ) ;
#1386 = EDGE_CURVE ( 'NONE', #4147, #864, #3803, .T. ) ;
#1387 = LINE ( 'NONE', #3748, #3335 ) ;
#1388 = FACE_OUTER_BOUND ( 'NONE', #3764, .T. ) ;
#1389 = ORIENTED_EDGE ( 'NONE', *, *, #1366, .T. ) ;
#1390 = CARTESIAN_POINT ( 'NONE',  ( -2.428795789979630600, 1.674522915955187800, 2.330734669396723900 ) ) ;
#1391 = CARTESIAN_POINT ( 'NONE',  ( -0.6500000000000006900, 0.4000000000000000200, 3.149999999999999900 ) ) ;
#1392 = CARTESIAN_POINT ( 'NONE',  ( 2.870869630134545800, 1.907118555828421400, 1.714237394205214000 ) ) ;
#1393 = LINE ( 'NONE', #3712, #4898 ) ;
#1394 = CARTESIAN_POINT ( 'NONE',  ( 0.0000000000000000000, 2.500000000000000000, 0.0000000000000000000 ) ) ;
#1395 = ADVANCED_FACE ( 'NONE', ( #651 ), #3557, .F. ) ;
#1396 = EDGE_CURVE ( 'NONE', #3615, #2307, #4775, .T. ) ;
#1397 = CIRCLE ( 'NONE', #3077, 0.2500000000000002200 ) ;
#1398 = CARTESIAN_POINT ( 'NONE',  ( -2.888691067737098300, 1.975781244707013100, 1.671791007930206300 ) ) ;
#1399 = CARTESIAN_POINT ( 'NONE',  ( -0.3210699884760344100, 4.799999999999999800, -2.043749999999999700 ) ) ;
#1400 = ORIENTED_EDGE ( 'NONE', *, *, #4027, .T. ) ;
#1401 = CIRCLE ( 'NONE', #4810, 3.500000000000000400 ) ;
#1402 = CARTESIAN_POINT ( 'NONE',  ( 2.859232212978315000, 1.529999999999999100, 1.817760515904662600 ) ) ;
#1403 = ORIENTED_EDGE ( 'NONE', *, *, #2960, .T. ) ;
#1404 = DIRECTION ( 'NONE',  ( -1.000000000000000000, -0.0000000000000000000, 3.252606517456508900E-016 ) ) ;
#1405 = DIRECTION ( 'NONE',  ( 0.0000000000000000000, -1.000000000000000000, -0.0000000000000000000 ) ) ;
#1406 = DIRECTION ( 'NONE',  ( -1.000000000000000000, 0.0000000000000000000, 0.0000000000000000000 ) ) ;
#1407 = FACE_OUTER_BOUND ( 'NONE', #1782, .T. ) ;
#1408 = AXIS2_PLACEMENT_3D ( 'NONE', #1055, #4293, #5059 ) ;
#1409 = DIRECTION ( 'NONE',  ( 0.0000000000000000000, -0.0000000000000000000, 1.000000000000000000 ) ) ;
#1410 = LINE ( 'NONE', #2606, #2970 ) ;
#1411 = CARTESIAN_POINT ( 'NONE',  ( -2.906947836603966700, 1.529999999999999100, -1.683109058682871600 ) ) ;
#1412 = DIRECTION ( 'NONE',  ( 0.0000000000000000000, 0.0000000000000000000, 1.000000000000000000 ) ) ;
#1413 = LINE ( 'NONE', #628, #3811 ) ;
#1414 = FILL_AREA_STYLE ('',( #3831 ) ) ;
#1415 = FACE_OUTER_BOUND ( 'NONE', #2849, .T. ) ;
#1416 = ORIENTED_EDGE ( 'NONE', *, *, #1123, .T. ) ;
#1417 = ORIENTED_EDGE ( 'NONE', *, *, #744, .F. ) ;
#1418 = CARTESIAN_POINT ( 'NONE',  ( 2.549999999999999800, 16.83777582424696100, 0.4999999999999963400 ) ) ;
#1419 = LINE ( 'NONE', #2987, #4549 ) ;
#1420 = CLOSED_SHELL ( 'NONE', ( #2636, #4078, #3183, #4063, #3717, #4210, #405, #5227, #1424, #3317, #2767, #4878, #3987, #1120, #2400, #286, #4133, #3036, #4159, #897, #3341, #4804, #3724, #4861, #2196, #1567, #3475, #3392, #1371, #579, #928, #2764, #4849, #2384, #4575, #4017, #388, #3369, #831, #1561, #5185, #1156, #3693, #3605, #1028, #4430, #2777, #2246 ) ) ;
#1421 = EDGE_CURVE ( 'NONE', #2557, #4771, #3926, .T. ) ;
#1422 = ORIENTED_EDGE ( 'NONE', *, *, #291, .T. ) ;
#1423 = CARTESIAN_POINT ( 'NONE',  ( -2.624999999999999600, 2.500000000000000000, 0.5749999999999997300 ) ) ;
#1424 = ADVANCED_FACE ( 'NONE', ( #4911 ), #2485, .T. ) ;
#1425 = ORIENTED_EDGE ( 'NONE', *, *, #3308, .F. ) ;
#1426 = EDGE_CURVE ( 'NONE', #1376, #1205, #1662, .T. ) ;
#1427 = CARTESIAN_POINT ( 'NONE',  ( -2.362731470142131600, 1.930000000000000200, -1.199999999999999700 ) ) ;
#1428 = CARTESIAN_POINT ( 'NONE',  ( -2.882966385121572100, 1.978521125689651300, 1.664407577412007700 ) ) ;
#1429 = VERTEX_POINT ( 'NONE', #5251 ) ;
#1430 = DIRECTION ( 'NONE',  ( 0.0000000000000000000, 1.000000000000000000, 0.0000000000000000000 ) ) ;
#1431 = AXIS2_PLACEMENT_3D ( 'NONE', #3052, #728, #1860 ) ;
#1432 = CARTESIAN_POINT ( 'NONE',  ( -2.912391288227678100, 1.905253062325500200, -1.750608053066104800 ) ) ;
#1433 = ORIENTED_EDGE ( 'NONE', *, *, #2637, .F. ) ;
#1434 = ORIENTED_EDGE ( 'NONE', *, *, #4762, .T. ) ;
#1435 = CARTESIAN_POINT ( 'NONE',  ( 2.895368093107166800, 15.41086354534016500, 1.514924142463396100 ) ) ;
#1436 = EDGE_LOOP ( 'NONE', ( #152, #2564, #2833, #2983 ) ) ;
#1437 = CARTESIAN_POINT ( 'NONE',  ( -1.499999999999999600, 1.929999999999999500, -2.991913488127979600 ) ) ;
#1438 = CARTESIAN_POINT ( 'NONE',  ( -2.868645614448017700, 1.979999999999997800, 1.650969678198544300 ) ) ;
#1439 = EDGE_CURVE ( 'NONE', #294, #4281, #3223, .T. ) ;
#1440 = ORIENTED_EDGE ( 'NONE', *, *, #5034, .T. ) ;
#1441 = AXIS2_PLACEMENT_3D ( 'NONE', #2711, #1430, #3105 ) ;
#1442 = PLANE ( 'NONE',  #202 ) ;
#1443 = MANIFOLD_SOLID_BREP ( 'Mirror3', #4522 ) ;
#1444 = LINE ( 'NONE', #277, #379 ) ;
#1445 = ORIENTED_EDGE ( 'NONE', *, *, #1916, .T. ) ;
#1446 = EDGE_LOOP ( 'NONE', ( #4877, #373, #549, #1167 ) ) ;
#1447 = VECTOR ( 'NONE', #645, 1000.000000000000000 ) ;
#1448 = VERTEX_POINT ( 'NONE', #3196 ) ;
#1449 = VECTOR ( 'NONE', #4928, 1000.000000000000000 ) ;
#1450 = CARTESIAN_POINT ( 'NONE',  ( -1.266093033428752800, 15.41086354534016500, -3.050000000000000300 ) ) ;
#1451 = CARTESIAN_POINT ( 'NONE',  ( -2.362731470142131600, 3.500000000000000000, 1.199999999999999100 ) ) ;
#1452 = VECTOR ( 'NONE', #988, 1000.000000000000000 ) ;
#1453 = EDGE_CURVE ( 'NONE', #4718, #3954, #2602, .T. ) ;
#1454 = ORIENTED_EDGE ( 'NONE', *, *, #1460, .F. ) ;
#1455 = FACE_OUTER_BOUND ( 'NONE', #1436, .T. ) ;
#1456 = VERTEX_POINT ( 'NONE', #769 ) ;
#1457 = CARTESIAN_POINT ( 'NONE',  ( 2.078460969082652500, 5.000000000000000000, -0.3000000000000012100 ) ) ;
#1458 = DIRECTION ( 'NONE',  ( -1.000000000000000000, 0.0000000000000000000, 0.0000000000000000000 ) ) ;
#1459 = LINE ( 'NONE', #4091, #4461 ) ;
#1460 = EDGE_CURVE ( 'NONE', #916, #2853, #3675, .T. ) ;
#1461 = CARTESIAN_POINT ( 'NONE',  ( 0.4013374855950431200, 16.83777582424696100, -1.754687499999999700 ) ) ;
#1462 = PLANE ( 'NONE',  #3771 ) ;
#1463 = EDGE_LOOP ( 'NONE', ( #2482, #3108, #2448, #3941 ) ) ;
#1464 = CARTESIAN_POINT ( 'NONE',  ( 2.244994432064365300, 4.861292545844874800, 0.4999999999999965600 ) ) ;
#1465 = CARTESIAN_POINT ( 'NONE',  ( -2.906780257682583600, 1.958780359463073300, -1.702560427921723000 ) ) ;
#1466 = VECTOR ( 'NONE', #2776, 1000.000000000000000 ) ;
#1467 = DIRECTION ( 'NONE',  ( -0.0000000000000000000, -0.0000000000000000000, -1.000000000000000000 ) ) ;
#1468 = AXIS2_PLACEMENT_3D ( 'NONE', #301, #2739, #4820 ) ;
#1469 = DIRECTION ( 'NONE',  ( 0.0000000000000000000, -1.000000000000000000, 0.0000000000000000000 ) ) ;
#1470 = ADVANCED_FACE ( 'NONE', ( #1528 ), #4410, .T. ) ;
#1471 = CIRCLE ( 'NONE', #3593, 3.500000000000000400 ) ;
#1472 = ORIENTED_EDGE ( 'NONE', *, *, #3401, .F. ) ;
#1473 = DIRECTION ( 'NONE',  ( -1.000000000000000000, 0.0000000000000000000, -0.0000000000000000000 ) ) ;
#1474 = CARTESIAN_POINT ( 'NONE',  ( 2.871212941351963400, 1.902252326358104600, -1.718074849690113300 ) ) ;
#1475 = VECTOR ( 'NONE', #4387, 1000.000000000000000 ) ;
#1476 = ORIENTED_EDGE ( 'NONE', *, *, #2799, .T. ) ;
#1477 = CARTESIAN_POINT ( 'NONE',  ( 0.0000000000000000000, 3.500000000000000000, 0.0000000000000000000 ) ) ;
#1478 = AXIS2_PLACEMENT_3D ( 'NONE', #2868, #1690, #1677 ) ;
#1479 = CARTESIAN_POINT ( 'NONE',  ( -2.315461233156051300, 1.880000009701113800, 2.465801534656297800 ) ) ;
#1480 = CARTESIAN_POINT ( 'NONE',  ( -2.362731470142131600, 1.930000000000000200, 1.199999999999999100 ) ) ;
#1481 = ORIENTED_EDGE ( 'NONE', *, *, #462, .F. ) ;
#1482 = CARTESIAN_POINT ( 'NONE',  ( 2.117917008207068200, 4.999999999999999100, 0.3455803026213534200 ) ) ;
#1483 = CARTESIAN_POINT ( 'NONE',  ( -2.909593174420214400, 1.952305692168599500, -1.710636061428622200 ) ) ;
#1484 = EDGE_CURVE ( 'NONE', #3807, #123, #3350, .T. ) ;
#1485 = ORIENTED_EDGE ( 'NONE', *, *, #1824, .F. ) ;
#1486 = CARTESIAN_POINT ( 'NONE',  ( 0.4013374855950431200, 4.800000000000000700, -1.754687499999999700 ) ) ;
#1487 = ORIENTED_EDGE ( 'NONE', *, *, #3447, .T. ) ;
#1488 = CARTESIAN_POINT ( 'NONE',  ( 2.993444671765758800, 0.1999999999999999000, 0.6999999999999999600 ) ) ;
#1489 = EDGE_CURVE ( 'NONE', #2950, #236, #3609, .T. ) ;
#1490 = DIRECTION ( 'NONE',  ( 0.0000000000000000000, 1.000000000000000000, 0.0000000000000000000 ) ) ;
#1491 = VERTEX_POINT ( 'NONE', #1527 ) ;
#1492 = DIRECTION ( 'NONE',  ( 1.000000000000000000, 0.0000000000000000000, -6.805308102864041200E-016 ) ) ;
#1493 = CARTESIAN_POINT ( 'NONE',  ( 2.304343724360582400, 3.500000000000000000, 0.5749999999999962900 ) ) ;
#1494 = EDGE_LOOP ( 'NONE', ( #1743, #3576, #4733, #2131 ) ) ;
#1495 = CARTESIAN_POINT ( 'NONE',  ( 2.304343724360582400, 2.500000000000000000, 0.5749999999999962900 ) ) ;
#1496 = AXIS2_PLACEMENT_3D ( 'NONE', #449, #1264, #2068 ) ;
#1497 = DIRECTION ( 'NONE',  ( 0.0000000000000000000, -1.000000000000000000, 0.0000000000000000000 ) ) ;
#1498 = LINE ( 'NONE', #3966, #5001 ) ;
#1499 = ORIENTED_EDGE ( 'NONE', *, *, #17, .F. ) ;
#1500 = CARTESIAN_POINT ( 'NONE',  ( -2.304343724360582400, 3.500000000000000000, -0.5749999999999997300 ) ) ;
#1501 = ORIENTED_EDGE ( 'NONE', *, *, #1635, .F. ) ;
#1502 = CARTESIAN_POINT ( 'NONE',  ( -2.245550092837354400, 1.925959712014151600, -2.425361892238864700 ) ) ;
#1503 = UNCERTAINTY_MEASURE_WITH_UNIT (LENGTH_MEASURE( 1.000000000000000100E-005 ), #1870, 'distance_accuracy_value', 'NONE');
#1504 = CARTESIAN_POINT ( 'NONE',  ( -1.825260516351813000, 1.530000000000000000, 3.049999999999999800 ) ) ;
#1505 = VECTOR ( 'NONE', #2561, 1000.000000000000000 ) ;
#1506 = ORIENTED_EDGE ( 'NONE', *, *, #1073, .T. ) ;
#1507 = AXIS2_PLACEMENT_3D ( 'NONE', #3344, #73, #2879 ) ;
#1508 = CARTESIAN_POINT ( 'NONE',  ( 2.869319307447162800, 1.885835889324815900, -1.727952993489551700 ) ) ;
#1509 = EDGE_LOOP ( 'NONE', ( #3522, #4705, #4370, #5134 ) ) ;
#1510 = CARTESIAN_POINT ( 'NONE',  ( 0.0000000000000000000, 4.800000000000000700, 2.099999999999999600 ) ) ;
#1511 = CARTESIAN_POINT ( 'NONE',  ( 2.157258517720237500, 4.984726485385306400, -0.3924275958082587000 ) ) ;
#1512 = LINE ( 'NONE', #2123, #2708 ) ;
#1513 = CARTESIAN_POINT ( 'NONE',  ( -2.549999999999999800, 16.83777582424696100, 0.4999999999999997800 ) ) ;
#1514 = LINE ( 'NONE', #4170, #1645 ) ;
#1515 = CARTESIAN_POINT ( 'NONE',  ( 2.895368093107166800, 15.41086354534016500, -1.514924142463395200 ) ) ;
#1516 = CARTESIAN_POINT ( 'NONE',  ( 0.4013374855950431200, 2.500000000000000000, -1.754687499999999700 ) ) ;
#1517 = ORIENTED_EDGE ( 'NONE', *, *, #1739, .T. ) ;
#1518 = EDGE_CURVE ( 'NONE', #1353, #5186, #844, .T. ) ;
#1519 = B_SPLINE_CURVE_WITH_KNOTS ( 'NONE', 2,
 ( #930, #2483, #3710 ),
 .UNSPECIFIED., .F., .F.,
 ( 3, 3 ),
 ( 0.0000000000000000000, 0.1242604036668389600 ),
 .UNSPECIFIED. ) ;
#1520 = CIRCLE ( 'NONE', #2981, 0.2000000000000000700 ) ;
#1521 = ORIENTED_EDGE ( 'NONE', *, *, #4462, .F. ) ;
#1522 = CARTESIAN_POINT ( 'NONE',  ( -2.000000000000000000, 0.2000000000000000100, 0.6999999999999999600 ) ) ;
#1523 = DIRECTION ( 'NONE',  ( -0.9510565162951553100, -0.3090169943749418400, 0.0000000000000000000 ) ) ;
#1524 = FACE_OUTER_BOUND ( 'NONE', #3471, .T. ) ;
#1525 = EDGE_CURVE ( 'NONE', #2791, #197, #2049, .T. ) ;
#1526 = ORIENTED_EDGE ( 'NONE', *, *, #1563, .F. ) ;
#1527 = CARTESIAN_POINT ( 'NONE',  ( 2.229335656545687400, 1.929999999999985100, 2.412869617309902000 ) ) ;
#1528 = FACE_OUTER_BOUND ( 'NONE', #1679, .T. ) ;
#1529 = FACE_OUTER_BOUND ( 'NONE', #4846, .T. ) ;
#1530 = EDGE_CURVE ( 'NONE', #436, #4696, #4329, .T. ) ;
#1531 = LINE ( 'NONE', #1210, #2862 ) ;
#1532 = DIRECTION ( 'NONE',  ( -0.6427876096865378100, 0.0000000000000000000, -0.7660444431189793500 ) ) ;
#1533 = CARTESIAN_POINT ( 'NONE',  ( -2.993444671765758800, -1.216618837407928800E-016, -0.6999999999999999600 ) ) ;
#1534 = VECTOR ( 'NONE', #1954, 1000.000000000000000 ) ;
#1535 = LINE ( 'NONE', #720, #4137 ) ;
#1536 = ORIENTED_EDGE ( 'NONE', *, *, #3150, .T. ) ;
#1537 = ORIENTED_EDGE ( 'NONE', *, *, #2912, .T. ) ;
#1538 = CARTESIAN_POINT ( 'NONE',  ( 2.778390314666656200, 1.929999999999999500, -1.836317947306664400 ) ) ;
#1539 = EDGE_CURVE ( 'NONE', #4675, #965, #4706, .T. ) ;
#1540 = DIRECTION ( 'NONE',  ( -0.0000000000000000000, -1.000000000000000000, -0.0000000000000000000 ) ) ;
#1541 = DIRECTION ( 'NONE',  ( 1.000000000000000000, 0.0000000000000000000, 0.0000000000000000000 ) ) ;
#1542 = AXIS2_PLACEMENT_3D ( 'NONE', #673, #1541, #4389 ) ;
#1543 = CYLINDRICAL_SURFACE ( 'NONE', #3940, 0.5000000000000000000 ) ;
#1544 = ORIENTED_EDGE ( 'NONE', *, *, #5139, .T. ) ;
#1545 = ADVANCED_FACE ( 'NONE', ( #776 ), #3097, .F. ) ;
#1546 = DIRECTION ( 'NONE',  ( -0.7660444431189792300, -0.0000000000000000000, 0.6427876096865378100 ) ) ;
#1547 = ORIENTED_EDGE ( 'NONE', *, *, #3856, .T. ) ;
#1548 = ORIENTED_EDGE ( 'NONE', *, *, #2938, .F. ) ;
#1549 = CARTESIAN_POINT ( 'NONE',  ( 3.175080303767100300, -1.439058332749477800E-016, 0.6999999999999999600 ) ) ;
#1550 = DIRECTION ( 'NONE',  ( 0.0000000000000000000, 1.000000000000000000, 0.0000000000000000000 ) ) ;
#1551 = EDGE_CURVE ( 'NONE', #1771, #1353, #403, .T. ) ;
#1552 = B_SPLINE_CURVE_WITH_KNOTS ( 'NONE', 3,
 ( #4786, #2360, #1637, #1390, #3233, #3201 ),
 .UNSPECIFIED., .F., .F.,
 ( 4, 1, 1, 4 ),
 ( 0.2059873510754549100, 0.4059071862753277400, 0.7447259720286310000, 1.000000000000000000 ),
 .UNSPECIFIED. ) ;
#1553 = LINE ( 'NONE', #997, #490 ) ;
#1554 = ORIENTED_EDGE ( 'NONE', *, *, #4572, .T. ) ;
#1555 = EDGE_CURVE ( 'NONE', #4555, #1957, #4592, .T. ) ;
#1556 = CARTESIAN_POINT ( 'NONE',  ( 2.778390314666656200, 15.41086354534016500, -1.836317947306664400 ) ) ;
#1557 = CARTESIAN_POINT ( 'NONE',  ( -2.075908249563816400, 1.583790327172668300, -2.011164794201589300 ) ) ;
#1558 = DIRECTION ( 'NONE',  ( 0.0000000000000000000, 1.000000000000000000, 0.0000000000000000000 ) ) ;
#1559 = CARTESIAN_POINT ( 'NONE',  ( -0.1871594614189955600, 1.929999999999999500, -0.07451084703774665800 ) ) ;
#1560 = EDGE_LOOP ( 'NONE', ( #434, #164, #3046, #1041 ) ) ;
#1561 = ADVANCED_FACE ( 'NONE', ( #4061 ), #3945, .F. ) ;
#1562 = ORIENTED_EDGE ( 'NONE', *, *, #1, .T. ) ;
#1563 = EDGE_CURVE ( 'NONE', #991, #4231, #968, .T. ) ;
#1564 = CARTESIAN_POINT ( 'NONE',  ( -1.971149465046496700, 1.782692105289978700, 2.136011452005908100 ) ) ;
#1565 = DIRECTION ( 'NONE',  ( 0.3090169943749417300, 0.9510565162951553100, 0.0000000000000000000 ) ) ;
#1566 = CYLINDRICAL_SURFACE ( 'NONE', #1478, 3.500000000000000400 ) ;
#1567 = ADVANCED_FACE ( 'NONE', ( #2228 ), #1953, .F. ) ;
#1568 = VERTEX_POINT ( 'NONE', #1923 ) ;
#1569 = ADVANCED_FACE ( 'NONE', ( #2175 ), #2321, .F. ) ;
#1570 = FACE_OUTER_BOUND ( 'NONE', #4984, .T. ) ;
#1571 = CARTESIAN_POINT ( 'NONE',  ( 2.882966385121572100, 1.978521125689651300, 1.664407577412007700 ) ) ;
#1572 = VERTEX_POINT ( 'NONE', #2358 ) ;
#1573 = CARTESIAN_POINT ( 'NONE',  ( 2.624999999999999600, 3.500000000000000000, -0.5750000000000015100 ) ) ;
#1574 = VERTEX_POINT ( 'NONE', #3620 ) ;
#1575 = CARTESIAN_POINT ( 'NONE',  ( -2.316486848523843900, 1.760410620510888700, 2.386793062514087600 ) ) ;
#1576 = LINE ( 'NONE', #1450, #1447 ) ;
#1577 = VERTEX_POINT ( 'NONE', #2071 ) ;
#1578 = ADVANCED_FACE ( 'NONE', ( #2792 ), #4072, .T. ) ;
#1579 = DIRECTION ( 'NONE',  ( -0.7660444431189793500, 0.0000000000000000000, 0.6427876096865378100 ) ) ;
#1580 = DIRECTION ( 'NONE',  ( -0.0000000000000000000, -0.0000000000000000000, -1.000000000000000000 ) ) ;
#1581 = FACE_OUTER_BOUND ( 'NONE', #1494, .T. ) ;
#1582 = ADVANCED_FACE ( 'NONE', ( #3478 ), #4056, .T. ) ;
#1583 = DIRECTION ( 'NONE',  ( -1.000000000000000000, 0.0000000000000000000, 0.0000000000000000000 ) ) ;
#1584 = CARTESIAN_POINT ( 'NONE',  ( -2.302462449073379200, 1.917659127564141000, 2.481292882286179100 ) ) ;
#1585 = LINE ( 'NONE', #1944, #517 ) ;
#1586 = ORIENTED_EDGE ( 'NONE', *, *, #709, .T. ) ;
#1587 = DIRECTION ( 'NONE',  ( 0.0000000000000000000, 0.0000000000000000000, -1.000000000000000000 ) ) ;
#1588 = LINE ( 'NONE', #1620, #4892 ) ;
#1589 = ORIENTED_EDGE ( 'NONE', *, *, #682, .F. ) ;
#1590 = EDGE_CURVE ( 'NONE', #8, #31, #5022, .T. ) ;
#1591 = B_SPLINE_CURVE_WITH_KNOTS ( 'NONE', 3,
 ( #5067, #3482, #2661, #3012, #238, #4297 ),
 .UNSPECIFIED., .F., .F.,
 ( 4, 2, 4 ),
 ( -2.843068344695974700E-006, 0.0001780119760909299500, 0.0003588670205265558400 ),
 .UNSPECIFIED. ) ;
#1592 = CARTESIAN_POINT ( 'NONE',  ( 2.911321534255761900, 1.945146042190219800, 1.718140560466067300 ) ) ;
#1593 = DIRECTION ( 'NONE',  ( 0.0000000000000000000, -1.000000000000000000, 0.0000000000000000000 ) ) ;
#1594 = FACE_OUTER_BOUND ( 'NONE', #2029, .T. ) ;
#1595 = CARTESIAN_POINT ( 'NONE',  ( -2.285261959605199100, 1.847159435199213100, 2.424005436061238000 ) ) ;
#1596 = CARTESIAN_POINT ( 'NONE',  ( -0.2675583237300288000, 2.500000000000000000, -2.236458333333332300 ) ) ;
#1597 = ORIENTED_EDGE ( 'NONE', *, *, #1170, .T. ) ;
#1598 = CARTESIAN_POINT ( 'NONE',  ( -2.993444671765758800, 0.1999999999999999000, -0.6999999999999999600 ) ) ;
#1599 = VECTOR ( 'NONE', #3535, 1000.000000000000000 ) ;
#1600 = EDGE_CURVE ( 'NONE', #1245, #496, #2959, .T. ) ;
#1601 = CARTESIAN_POINT ( 'NONE',  ( 2.238755315870455800, 1.978927709411263800, 2.427846175314624800 ) ) ;
#1602 = DIRECTION ( 'NONE',  ( 0.7660444431189809000, 0.0000000000000000000, -0.6427876096865360300 ) ) ;
#1603 = CARTESIAN_POINT ( 'NONE',  ( -2.275765474800151000, 1.885647895128067700, 2.435322905944670600 ) ) ;
#1604 = CYLINDRICAL_SURFACE ( 'NONE', #2514, 0.5000000000000000000 ) ;
#1605 = ORIENTED_EDGE ( 'NONE', *, *, #1015, .F. ) ;
#1606 = ORIENTED_EDGE ( 'NONE', *, *, #3479, .F. ) ;
#1607 = EDGE_CURVE ( 'NONE', #3719, #4581, #2352, .T. ) ;
#1608 = LINE ( 'NONE', #3204, #1767 ) ;
#1609 = ADVANCED_FACE ( 'NONE', ( #1220 ), #431, .F. ) ;
#1610 = MANIFOLD_SOLID_BREP ( 'Base-Flange2', #887 ) ;
#1611 = FACE_OUTER_BOUND ( 'NONE', #2665, .T. ) ;
#1612 = ORIENTED_EDGE ( 'NONE', *, *, #2578, .T. ) ;
#1613 = ORIENTED_EDGE ( 'NONE', *, *, #354, .F. ) ;
#1614 = CARTESIAN_POINT ( 'NONE',  ( -2.993444671765758800, 0.2499999999999998900, -0.6999999999999999600 ) ) ;
#1615 = CARTESIAN_POINT ( 'NONE',  ( 2.349999999999999600, 5.000000000000000000, -0.3000000000000013800 ) ) ;
#1616 = CARTESIAN_POINT ( 'NONE',  ( 1.825260516351813000, 1.530000000000000000, -3.050000000000000700 ) ) ;
#1617 = EDGE_CURVE ( 'NONE', #4101, #2898, #5086, .T. ) ;
#1618 = ORIENTED_EDGE ( 'NONE', *, *, #3959, .T. ) ;
#1619 = AXIS2_PLACEMENT_3D ( 'NONE', #3815, #2951, #960 ) ;
#1620 = CARTESIAN_POINT ( 'NONE',  ( 2.000000000000000000, 0.0000000000000000000, 0.6999999999999999600 ) ) ;
#1621 = DIRECTION ( 'NONE',  ( 0.0000000000000000000, 1.000000000000000000, 0.0000000000000000000 ) ) ;
#1622 = CARTESIAN_POINT ( 'NONE',  ( 1.941499746131745600, 1.929999999999998200, 2.171346611041971500 ) ) ;
#1623 = ORIENTED_EDGE ( 'NONE', *, *, #2990, .T. ) ;
#1624 = VECTOR ( 'NONE', #4233, 1000.000000000000000 ) ;
#1625 = ORIENTED_EDGE ( 'NONE', *, *, #2605, .T. ) ;
#1626 = LINE ( 'NONE', #1992, #44 ) ;
#1627 = CARTESIAN_POINT ( 'NONE',  ( -2.349999999999999600, 5.000000000000000000, 0.2999999999999998200 ) ) ;
#1628 = EDGE_CURVE ( 'NONE', #1069, #1122, #3282, .T. ) ;
#1629 = CARTESIAN_POINT ( 'NONE',  ( -1.499999999999999600, 3.500000000000000000, -2.184605227495348200 ) ) ;
#1630 = CARTESIAN_POINT ( 'NONE',  ( 2.895368093107166800, 1.929999999999999500, 1.514924142463396100 ) ) ;
#1631 = EDGE_LOOP ( 'NONE', ( #4033, #57, #3569, #2733 ) ) ;
#1632 = DIRECTION ( 'NONE',  ( 0.0000000000000000000, 1.000000000000000000, 0.0000000000000000000 ) ) ;
#1633 = COLOUR_RGB ( '',0.7921568627450980000, 0.8196078431372548800, 0.9333333333333333500 ) ;
#1634 = ORIENTED_EDGE ( 'NONE', *, *, #2522, .F. ) ;
#1635 = EDGE_CURVE ( 'NONE', #31, #3580, #2538, .T. ) ;
#1636 = ORIENTED_EDGE ( 'NONE', *, *, #2905, .T. ) ;
#1637 = CARTESIAN_POINT ( 'NONE',  ( -2.354789070679762700, 1.760410620510926000, 2.418932442998453300 ) ) ;
#1638 = VECTOR ( 'NONE', #367, 1000.000000000000000 ) ;
#1639 = ORIENTED_EDGE ( 'NONE', *, *, #3430, .T. ) ;
#1640 = ORIENTED_EDGE ( 'NONE', *, *, #2522, .T. ) ;
#1641 = LINE ( 'NONE', #4173, #571 ) ;
#1642 = EDGE_CURVE ( 'NONE', #3580, #3084, #1459, .T. ) ;
#1643 = SURFACE_SIDE_STYLE ('',( #5078 ) ) ;
#1644 = CARTESIAN_POINT ( 'NONE',  ( -2.000000000000000000, 0.0000000000000000000, 0.6999999999999999600 ) ) ;
#1645 = VECTOR ( 'NONE', #4607, 1000.000000000000000 ) ;
#1646 = CARTESIAN_POINT ( 'NONE',  ( -2.275498925137190700, 1.957677461331832200, -2.457280979971422600 ) ) ;
#1647 = AXIS2_PLACEMENT_3D ( 'NONE', #3998, #1579, #4427 ) ;
#1648 = ORIENTED_EDGE ( 'NONE', *, *, #1489, .T. ) ;
#1649 = CARTESIAN_POINT ( 'NONE',  ( 0.2675583237300285800, 2.500000000000000000, -2.236458333333332300 ) ) ;
#1650 = CARTESIAN_POINT ( 'NONE',  ( 2.913369848965735400, 1.936660994072719500, -1.727034296280352200 ) ) ;
#1651 = FACE_OUTER_BOUND ( 'NONE', #1852, .T. ) ;
#1652 = CARTESIAN_POINT ( 'NONE',  ( 2.253094770514529000, 1.974117340242609800, 2.439783769723732600 ) ) ;
#1653 = CARTESIAN_POINT ( 'NONE',  ( -2.993444671765758800, 0.2499999999999998900, -0.6999999999999999600 ) ) ;
#1654 = VERTEX_POINT ( 'NONE', #3212 ) ;
#1655 = ADVANCED_FACE ( 'NONE', ( #5216 ), #1722, .F. ) ;
#1656 = VECTOR ( 'NONE', #4631, 1000.000000000000000 ) ;
#1657 = CARTESIAN_POINT ( 'NONE',  ( 2.402046382133715200, 1.583790327172668300, -2.284827180953837600 ) ) ;
#1658 = DIRECTION ( 'NONE',  ( 0.0000000000000000000, 0.0000000000000000000, 1.000000000000000000 ) ) ;
#1659 = ORIENTED_EDGE ( 'NONE', *, *, #4926, .T. ) ;
#1660 = CARTESIAN_POINT ( 'NONE',  ( 0.0000000000000000000, 1.930000000000000200, 0.0000000000000000000 ) ) ;
#1661 = ADVANCED_FACE ( 'NONE', ( #32 ), #5246, .T. ) ;
#1662 = LINE ( 'NONE', #774, #2856 ) ;
#1663 = EDGE_CURVE ( 'NONE', #3650, #3832, #3860, .T. ) ;
#1664 = B_SPLINE_CURVE_WITH_KNOTS ( 'NONE', 2,
 ( #3339, #4608, #2907 ),
 .UNSPECIFIED., .F., .F.,
 ( 3, 3 ),
 ( 0.0000000000000000000, 0.7554542213998001200 ),
 .UNSPECIFIED. ) ;
#1665 = CARTESIAN_POINT ( 'NONE',  ( -2.869319307447162800, 1.885835889324815900, -1.727952993489551700 ) ) ;
#1666 = CARTESIAN_POINT ( 'NONE',  ( -2.493996089497433100, 1.929999999999999500, -2.175245786865135600 ) ) ;
#1667 = DIRECTION ( 'NONE',  ( -0.7660444431189792300, -0.0000000000000000000, 0.6427876096865378100 ) ) ;
#1668 = LINE ( 'NONE', #2151, #4535 ) ;
#1669 = DIRECTION ( 'NONE',  ( -0.6427876096865378100, 0.0000000000000000000, -0.7660444431189793500 ) ) ;
#1670 = EDGE_CURVE ( 'NONE', #75, #380, #4321, .T. ) ;
#1671 = FACE_OUTER_BOUND ( 'NONE', #4475, .T. ) ;
#1672 = DIRECTION ( 'NONE',  ( -1.000000000000000000, 0.0000000000000000000, 0.0000000000000000000 ) ) ;
#1673 = CARTESIAN_POINT ( 'NONE',  ( 2.231814160412024100, 1.930000000000363600, 2.414949328990048500 ) ) ;
#1674 = VECTOR ( 'NONE', #3104, 1000.000000000000000 ) ;
#1675 = ORIENTED_EDGE ( 'NONE', *, *, #3873, .T. ) ;
#1676 = EDGE_LOOP ( 'NONE', ( #3209, #2818, #1547, #1358 ) ) ;
#1677 = DIRECTION ( 'NONE',  ( 0.0000000000000000000, 0.0000000000000000000, -1.000000000000000000 ) ) ;
#1678 = LINE ( 'NONE', #4504, #470 ) ;
#1679 = EDGE_LOOP ( 'NONE', ( #2300, #2055, #4226, #1597 ) ) ;
#1680 = EDGE_LOOP ( 'NONE', ( #5164, #949, #334, #528 ) ) ;
#1681 = AXIS2_PLACEMENT_3D ( 'NONE', #371, #4760, #3172 ) ;
#1682 = AXIS2_PLACEMENT_3D ( 'NONE', #4874, #1632, #3257 ) ;
#1683 = VERTEX_POINT ( 'NONE', #1707 ) ;
#1684 = DIRECTION ( 'NONE',  ( -0.7660444431189789000, 0.0000000000000000000, 0.6427876096865382500 ) ) ;
#1685 = CARTESIAN_POINT ( 'NONE',  ( -2.549999999999999800, 5.000000000000000000, -0.2999999999999998200 ) ) ;
#1686 = DIRECTION ( 'NONE',  ( 1.776356839400250500E-015, 0.0000000000000000000, 1.000000000000000000 ) ) ;
#1687 = CARTESIAN_POINT ( 'NONE',  ( -1.499999999999999600, 1.929999999999999500, 2.991913488127980500 ) ) ;
#1688 = DIRECTION ( 'NONE',  ( 0.0000000000000000000, 0.0000000000000000000, 1.000000000000000000 ) ) ;
#1689 = ORIENTED_EDGE ( 'NONE', *, *, #1670, .T. ) ;
#1690 = DIRECTION ( 'NONE',  ( -0.0000000000000000000, -1.000000000000000000, -0.0000000000000000000 ) ) ;
#1691 = CARTESIAN_POINT ( 'NONE',  ( 2.859232212978300300, 1.530000000000000000, -1.817760515904649700 ) ) ;
#1692 = EDGE_CURVE ( 'NONE', #961, #4101, #1159, .T. ) ;
#1693 = DIRECTION ( 'NONE',  ( 0.0000000000000000000, -0.0000000000000000000, 1.000000000000000000 ) ) ;
#1694 = ORIENTED_EDGE ( 'NONE', *, *, #3347, .T. ) ;
#1695 = LINE ( 'NONE', #2748, #4816 ) ;
#1696 = PLANE ( 'NONE',  #2421 ) ;
#1697 = DIRECTION ( 'NONE',  ( 0.6427876096865382500, 0.0000000000000000000, -0.7660444431189789000 ) ) ;
#1698 = DIRECTION ( 'NONE',  ( -0.0000000000000000000, -1.000000000000000000, -0.0000000000000000000 ) ) ;
#1699 = EDGE_LOOP ( 'NONE', ( #3456, #2270, #3567, #1928, #2014, #2144 ) ) ;
#1700 = CARTESIAN_POINT ( 'NONE',  ( -2.238755315870455800, 1.978927709411263800, -2.427846175314624800 ) ) ;
#1701 = EDGE_CURVE ( 'NONE', #1205, #128, #4062, .T. ) ;
#1702 = CARTESIAN_POINT ( 'NONE',  ( -2.493996089497433100, 1.530000000000000000, -2.175245786865135600 ) ) ;
#1703 = CARTESIAN_POINT ( 'NONE',  ( -2.285261959605199100, 1.847159435199213100, -2.424005436061238000 ) ) ;
#1704 = CIRCLE ( 'NONE', #1995, 2.375000000000000000 ) ;
#1705 = ORIENTED_EDGE ( 'NONE', *, *, #805, .F. ) ;
#1706 = EDGE_LOOP ( 'NONE', ( #4726, #169, #783, #1288 ) ) ;
#1707 = CARTESIAN_POINT ( 'NONE',  ( -2.905725858934928000, 1.879999990299078300, 1.762351546303042100 ) ) ;
#1708 = VECTOR ( 'NONE', #2066, 1000.000000000000000 ) ;
#1709 = ORIENTED_EDGE ( 'NONE', *, *, #5054, .F. ) ;
#1710 = AXIS2_PLACEMENT_3D ( 'NONE', #3049, #3111, #5091 ) ;
#1711 = LINE ( 'NONE', #4709, #4754 ) ;
#1712 = FACE_OUTER_BOUND ( 'NONE', #2676, .T. ) ;
#1713 = VERTEX_POINT ( 'NONE', #4129 ) ;
#1714 = EDGE_CURVE ( 'NONE', #185, #2302, #4256, .T. ) ;
#1715 = CARTESIAN_POINT ( 'NONE',  ( 2.624999999999999600, 3.500000000000000000, 0.5749999999999962900 ) ) ;
#1716 = PLANE ( 'NONE',  #3631 ) ;
#1717 = FACE_OUTER_BOUND ( 'NONE', #3947, .T. ) ;
#1718 = ADVANCED_FACE ( 'NONE', ( #153 ), #133, .F. ) ;
#1719 = CARTESIAN_POINT ( 'NONE',  ( -1.825260516351813000, 1.530000000000000000, -3.049999999999999800 ) ) ;
#1720 = ORIENTED_EDGE ( 'NONE', *, *, #884, .F. ) ;
#1721 = CARTESIAN_POINT ( 'NONE',  ( 0.4013374855950431200, 2.500000000000000000, -2.254687499999999700 ) ) ;
#1722 = CYLINDRICAL_SURFACE ( 'NONE', #3863, 0.05000000000000001700 ) ;
#1723 = CARTESIAN_POINT ( 'NONE',  ( 2.859232212978300300, 1.530000000000000000, -1.817760515904649700 ) ) ;
#1724 = CARTESIAN_POINT ( 'NONE',  ( -1.327143326740344700, 1.529999999999999100, 0.5321852965315774200 ) ) ;
#1725 = ORIENTED_EDGE ( 'NONE', *, *, #1525, .T. ) ;
#1726 = VECTOR ( 'NONE', #3132, 1000.000000000000000 ) ;
#1727 = VECTOR ( 'NONE', #3088, 1000.000000000000000 ) ;
#1728 = ORIENTED_EDGE ( 'NONE', *, *, #1224, .T. ) ;
#1729 = EDGE_CURVE ( 'NONE', #2680, #557, #2112, .T. ) ;
#1730 = ORIENTED_EDGE ( 'NONE', *, *, #1325, .T. ) ;
#1731 = DIRECTION ( 'NONE',  ( 0.0000000000000000000, -0.0000000000000000000, -1.000000000000000000 ) ) ;
#1732 = DIRECTION ( 'NONE',  ( -1.224646799147352200E-016, -1.000000000000000000, 0.0000000000000000000 ) ) ;
#1733 = PLANE ( 'NONE',  #4042 ) ;
#1734 = CARTESIAN_POINT ( 'NONE',  ( -2.362731470142131600, 3.500000000000000000, -1.199999999999999700 ) ) ;
#1735 = FACE_OUTER_BOUND ( 'NONE', #1338, .T. ) ;
#1736 = ORIENTED_EDGE ( 'NONE', *, *, #5093, .T. ) ;
#1737 = DIRECTION ( 'NONE',  ( 1.000000000000000000, -0.0000000000000000000, 1.084202172485503000E-016 ) ) ;
#1738 = ORIENTED_EDGE ( 'NONE', *, *, #4598, .T. ) ;
#1739 = EDGE_CURVE ( 'NONE', #627, #5157, #2662, .T. ) ;
#1740 = CARTESIAN_POINT ( 'NONE',  ( -2.549999999999999800, 4.800000000000004300, -0.4999999999999997800 ) ) ;
#1741 = DIRECTION ( 'NONE',  ( -0.6427876096865378100, 0.0000000000000000000, 0.7660444431189793500 ) ) ;
#1742 = ORIENTED_EDGE ( 'NONE', *, *, #3235, .T. ) ;
#1743 = ORIENTED_EDGE ( 'NONE', *, *, #1692, .F. ) ;
#1744 = CARTESIAN_POINT ( 'NONE',  ( 1.266093033428751900, 1.530000000000000000, 3.050000000000001200 ) ) ;
#1745 = STYLED_ITEM ( 'NONE', ( #1785 ), #1443 ) ;
#1746 = ORIENTED_EDGE ( 'NONE', *, *, #2075, .T. ) ;
#1747 = CARTESIAN_POINT ( 'NONE',  ( 2.867423636778977600, 1.879999990299078300, 1.730212165818714200 ) ) ;
#1748 = CARTESIAN_POINT ( 'NONE',  ( 1.266093033428751900, 1.530000000000000000, -2.550000000000000700 ) ) ;
#1749 = VERTEX_POINT ( 'NONE', #472 ) ;
#1750 = AXIS2_PLACEMENT_3D ( 'NONE', #3163, #2727, #344 ) ;
#1751 = ORIENTED_EDGE ( 'NONE', *, *, #3027, .F. ) ;
#1752 = DIRECTION ( 'NONE',  ( -0.3090169943749417300, 0.9510565162951553100, 0.0000000000000000000 ) ) ;
#1753 = DIRECTION ( 'NONE',  ( 0.0000000000000000000, 1.000000000000000000, 0.0000000000000000000 ) ) ;
#1754 = EDGE_CURVE ( 'NONE', #993, #128, #1846, .T. ) ;
#1755 = DIRECTION ( 'NONE',  ( 0.0000000000000000000, 1.000000000000000000, -0.0000000000000000000 ) ) ;
#1756 = LINE ( 'NONE', #3117, #1821 ) ;
#1757 = ORIENTED_EDGE ( 'NONE', *, *, #2010, .T. ) ;
#1758 = DIRECTION ( 'NONE',  ( 0.7660444431189792300, 0.0000000000000000000, -0.6427876096865378100 ) ) ;
#1759 = CIRCLE ( 'NONE', #429, 0.5000000000000000000 ) ;
#1760 = ORIENTED_EDGE ( 'NONE', *, *, #908, .F. ) ;
#1761 = DIRECTION ( 'NONE',  ( 1.000000000000000000, 0.0000000000000000000, -7.109392656820623600E-016 ) ) ;
#1762 = ADVANCED_FACE ( 'NONE', ( #1594 ), #4187, .F. ) ;
#1763 = EDGE_CURVE ( 'NONE', #1683, #870, #3992, .T. ) ;
#1764 = ORIENTED_EDGE ( 'NONE', *, *, #908, .T. ) ;
#1765 = CARTESIAN_POINT ( 'NONE',  ( -0.4013374855950431200, 16.83777582424696100, -1.754687499999999700 ) ) ;
#1766 = CARTESIAN_POINT ( 'NONE',  ( 2.580809704034067800, 1.929999999999998200, 1.409446671930623300 ) ) ;
#1767 = VECTOR ( 'NONE', #4870, 1000.000000000000000 ) ;
#1768 = LINE ( 'NONE', #4472, #1011 ) ;
#1769 = VECTOR ( 'NONE', #4182, 1000.000000000000000 ) ;
#1770 = DIRECTION ( 'NONE',  ( -0.0000000000000000000, -1.000000000000000000, -0.0000000000000000000 ) ) ;
#1771 = VERTEX_POINT ( 'NONE', #915 ) ;
#1772 = CARTESIAN_POINT ( 'NONE',  ( -2.244994432064364400, 2.500000000000000000, -0.5000000000000012200 ) ) ;
#1773 = DIRECTION ( 'NONE',  ( 0.0000000000000000000, 1.000000000000000000, 0.0000000000000000000 ) ) ;
#1774 = FACE_OUTER_BOUND ( 'NONE', #4418, .T. ) ;
#1775 = CARTESIAN_POINT ( 'NONE',  ( 2.993444671765758800, -1.216618837407928800E-016, 0.6999999999999999600 ) ) ;
#1776 = FACE_OUTER_BOUND ( 'NONE', #2232, .T. ) ;
#1777 = AXIS2_PLACEMENT_3D ( 'NONE', #59, #3674, #4089 ) ;
#1778 = ORIENTED_EDGE ( 'NONE', *, *, #3407, .T. ) ;
#1779 = CARTESIAN_POINT ( 'NONE',  ( 1.941499746131745600, 1.929999999999998200, -2.171346611041971500 ) ) ;
#1780 = CIRCLE ( 'NONE', #2251, 2.099999999999999600 ) ;
#1781 = PLANE ( 'NONE',  #2097 ) ;
#1782 = EDGE_LOOP ( 'NONE', ( #816, #422, #2882, #1876 ) ) ;
#1783 = EDGE_LOOP ( 'NONE', ( #4606, #924, #1625, #1634 ) ) ;
#1784 = CARTESIAN_POINT ( 'NONE',  ( -2.302462449073377800, 1.979999999999997800, 2.481292882286177700 ) ) ;
#1785 = PRESENTATION_STYLE_ASSIGNMENT (( #4828 ) ) ;
#1786 = LINE ( 'NONE', #4217, #3413 ) ;
#1787 = CARTESIAN_POINT ( 'NONE',  ( -2.244994432064364400, 4.800000000000004300, 0.4999999999999997800 ) ) ;
#1788 = DIRECTION ( 'NONE',  ( -0.6427876096865378100, 0.0000000000000000000, -0.7660444431189793500 ) ) ;
#1789 = VECTOR ( 'NONE', #3497, 1000.000000000000000 ) ;
#1790 = ORIENTED_EDGE ( 'NONE', *, *, #529, .T. ) ;
#1791 = EDGE_CURVE ( 'NONE', #2961, #185, #2045, .T. ) ;
#1792 = DIRECTION ( 'NONE',  ( 0.0000000000000000000, 0.0000000000000000000, 1.000000000000000000 ) ) ;
#1793 = PLANE ( 'NONE',  #4160 ) ;
#1794 = ADVANCED_FACE ( 'NONE', ( #962 ), #3023, .T. ) ;
#1795 = LINE ( 'NONE', #2811, #3365 ) ;
#1796 = ORIENTED_EDGE ( 'NONE', *, *, #2855, .F. ) ;
#1797 = EDGE_CURVE ( 'NONE', #965, #2550, #4104, .T. ) ;
#1798 = VECTOR ( 'NONE', #1019, 1000.000000000000000 ) ;
#1799 = ORIENTED_EDGE ( 'NONE', *, *, #1518, .T. ) ;
#1800 = ORIENTED_EDGE ( 'NONE', *, *, #252, .F. ) ;
#1801 = DIRECTION ( 'NONE',  ( 0.7660444431189789000, -0.0000000000000000000, -0.6427876096865382500 ) ) ;
#1802 = DIRECTION ( 'NONE',  ( 0.0000000000000000000, -0.0000000000000000000, -1.000000000000000000 ) ) ;
#1803 = CARTESIAN_POINT ( 'NONE',  ( -1.939222910958121800, 1.947099858118876500, -2.174060037539883500 ) ) ;
#1804 = ORIENTED_EDGE ( 'NONE', *, *, #5132, .T. ) ;
#1805 = EDGE_CURVE ( 'NONE', #4304, #168, #3606, .T. ) ;
#1806 = DIRECTION ( 'NONE',  ( -1.000000000000000000, 0.0000000000000000000, 0.0000000000000000000 ) ) ;
#1807 = CARTESIAN_POINT ( 'NONE',  ( -2.000000000000000000, 0.2000000000000000100, 0.6999999999999999600 ) ) ;
#1808 = CARTESIAN_POINT ( 'NONE',  ( -2.624999999999999600, 3.500000000000000000, -0.5749999999999997300 ) ) ;
#1809 = CARTESIAN_POINT ( 'NONE',  ( 0.4013374855950431200, 4.799999999999998900, -1.754687499999999700 ) ) ;
#1810 = CARTESIAN_POINT ( 'NONE',  ( 0.0000000000000000000, 3.500000000000000000, 0.0000000000000000000 ) ) ;
#1811 = FACE_OUTER_BOUND ( 'NONE', #2520, .T. ) ;
#1812 = ORIENTED_EDGE ( 'NONE', *, *, #3122, .F. ) ;
#1813 = EDGE_CURVE ( 'NONE', #508, #1574, #275, .T. ) ;
#1814 = ADVANCED_FACE ( 'NONE', ( #2415 ), #3087, .T. ) ;
#1815 = AXIS2_PLACEMENT_3D ( 'NONE', #2133, #480, #4505 ) ;
#1816 = DIRECTION ( 'NONE',  ( -0.6427876096865378100, 0.0000000000000000000, 0.7660444431189793500 ) ) ;
#1817 = DIRECTION ( 'NONE',  ( 0.0000000000000000000, 1.000000000000000000, 0.0000000000000000000 ) ) ;
#1818 = ORIENTED_EDGE ( 'NONE', *, *, #4704, .F. ) ;
#1819 = ADVANCED_FACE ( 'NONE', ( #4703 ), #3916, .T. ) ;
#1820 = CARTESIAN_POINT ( 'NONE',  ( 2.820929990822352600, 1.529999999999999100, 1.785621135420324600 ) ) ;
#1821 = VECTOR ( 'NONE', #712, 1000.000000000000000 ) ;
#1822 = ORIENTED_EDGE ( 'NONE', *, *, #1617, .F. ) ;
#1823 = CARTESIAN_POINT ( 'NONE',  ( 0.0000000000000000000, 16.83777582424696100, -3.199999999999999700 ) ) ;
#1824 = EDGE_CURVE ( 'NONE', #4866, #4489, #454, .T. ) ;
#1825 = CARTESIAN_POINT ( 'NONE',  ( -0.6500000000000006900, 0.4000000000000000200, 3.050000000000000300 ) ) ;
#1826 = VECTOR ( 'NONE', #3290, 1000.000000000000000 ) ;
#1827 = CARTESIAN_POINT ( 'NONE',  ( 2.945250058759928600, 1.979999999999997800, -1.715248439167209100 ) ) ;
#1828 = ORIENTED_EDGE ( 'NONE', *, *, #1123, .F. ) ;
#1829 = VERTEX_POINT ( 'NONE', #2202 ) ;
#1830 = EDGE_CURVE ( 'NONE', #350, #793, #308, .T. ) ;
#1831 = VECTOR ( 'NONE', #1971, 1000.000000000000000 ) ;
#1832 = EDGE_LOOP ( 'NONE', ( #1126, #3170, #605, #1368 ) ) ;
#1833 = LINE ( 'NONE', #228, #2169 ) ;
#1834 = EDGE_CURVE ( 'NONE', #4486, #356, #2224, .T. ) ;
#1835 = LINE ( 'NONE', #3929, #5207 ) ;
#1836 = ORIENTED_EDGE ( 'NONE', *, *, #200, .T. ) ;
#1837 = FACE_OUTER_BOUND ( 'NONE', #2282, .T. ) ;
#1838 = CARTESIAN_POINT ( 'NONE',  ( 1.971149465046496700, 1.782692105289978700, 2.136011452005908100 ) ) ;
#1839 = ORIENTED_EDGE ( 'NONE', *, *, #1453, .T. ) ;
#1840 = ORIENTED_EDGE ( 'NONE', *, *, #1813, .T. ) ;
#1841 = CARTESIAN_POINT ( 'NONE',  ( -0.4013374855950431200, 16.83777582424696100, -2.254687499999999700 ) ) ;
#1842 = AXIS2_PLACEMENT_3D ( 'NONE', #4280, #5048, #608 ) ;
#1843 = DIRECTION ( 'NONE',  ( -0.0000000000000000000, -1.000000000000000000, -0.0000000000000000000 ) ) ;
#1844 = DIRECTION ( 'NONE',  ( 0.0000000000000000000, 1.000000000000000000, 0.0000000000000000000 ) ) ;
#1845 = DIRECTION ( 'NONE',  ( 0.0000000000000000000, 0.0000000000000000000, -1.000000000000000000 ) ) ;
#1846 = LINE ( 'NONE', #1293, #3740 ) ;
#1847 = VERTEX_POINT ( 'NONE', #5075 ) ;
#1848 = CARTESIAN_POINT ( 'NONE',  ( -2.945250058759915700, 1.979999999999997800, 1.715248439167198500 ) ) ;
#1849 = CARTESIAN_POINT ( 'NONE',  ( 1.825260516351813000, 1.530000000000000000, -3.050000000000000700 ) ) ;
#1850 = AXIS2_PLACEMENT_3D ( 'NONE', #4132, #2851, #2489 ) ;
#1851 = CARTESIAN_POINT ( 'NONE',  ( -2.906780257682583600, 1.958780359463073300, 1.702560427921723000 ) ) ;
#1852 = EDGE_LOOP ( 'NONE', ( #2391, #5043, #2316, #3770 ) ) ;
#1853 = DIRECTION ( 'NONE',  ( -0.0000000000000000000, -0.0000000000000000000, -1.000000000000000000 ) ) ;
#1854 = VERTEX_POINT ( 'NONE', #3399 ) ;
#1855 = VECTOR ( 'NONE', #4364, 1000.000000000000000 ) ;
#1856 = VECTOR ( 'NONE', #4494, 1000.000000000000000 ) ;
#1857 = CLOSED_SHELL ( 'NONE', ( #432, #3550, #602, #740, #3496, #1864, #3979, #731, #1863, #5228, #2787, #1794, #3443, #2128, #2682, #2965, #4965, #3585, #347, #654, #1981, #3144, #1582, #5068, #1814, #5213, #3184, #54, #603, #218 ) ) ;
#1858 = EDGE_CURVE ( 'NONE', #3623, #1749, #3279, .T. ) ;
#1859 = ORIENTED_EDGE ( 'NONE', *, *, #4527, .T. ) ;
#1860 = DIRECTION ( 'NONE',  ( 1.000000000000000000, 0.0000000000000000000, -2.375994358662888400E-016 ) ) ;
#1861 = CARTESIAN_POINT ( 'NONE',  ( -0.2675583237300288000, 4.800000000000006000, -2.236458333333332300 ) ) ;
#1862 = ORIENTED_EDGE ( 'NONE', *, *, #2040, .T. ) ;
#1863 = ADVANCED_FACE ( 'NONE', ( #1837 ), #3419, .F. ) ;
#1864 = ADVANCED_FACE ( 'NONE', ( #2106 ), #4583, .F. ) ;
#1865 = EDGE_CURVE ( 'NONE', #4979, #3655, #2784, .T. ) ;
#1866 = CARTESIAN_POINT ( 'NONE',  ( 3.231208800839547600, 0.1727457514062645200, 0.6999999999999999600 ) ) ;
#1867 = DIRECTION ( 'NONE',  ( -0.6427876096865378100, 0.0000000000000000000, -0.7660444431189793500 ) ) ;
#1868 = CARTESIAN_POINT ( 'NONE',  ( -2.859232212978315000, 1.529999999999999100, 1.817760515904662600 ) ) ;
#1869 = ADVANCED_FACE ( 'NONE', ( #2346 ), #4021, .T. ) ;
#1870 =( LENGTH_UNIT ( ) NAMED_UNIT ( * ) SI_UNIT ( .MILLI., .METRE. ) );
#1871 = ORIENTED_EDGE ( 'NONE', *, *, #5205, .T. ) ;
#1872 = DIRECTION ( 'NONE',  ( -1.000000000000000000, 0.0000000000000000000, -6.805308102864042200E-016 ) ) ;
#1873 = EDGE_CURVE ( 'NONE', #4515, #1932, #3578, .T. ) ;
#1874 = CARTESIAN_POINT ( 'NONE',  ( -3.040997497580516300, 0.2345491502812527800, -0.6999999999999999600 ) ) ;
#1875 = LINE ( 'NONE', #4653, #3503 ) ;
#1876 = ORIENTED_EDGE ( 'NONE', *, *, #2741, .F. ) ;
#1877 = AXIS2_PLACEMENT_3D ( 'NONE', #1251, #4096, #4529 ) ;
#1878 = CARTESIAN_POINT ( 'NONE',  ( -2.244994432064364400, 4.800000000000000700, -0.4999999999999997800 ) ) ;
#1879 = CARTESIAN_POINT ( 'NONE',  ( 2.549999999999999800, 2.500000000000000000, -0.5000000000000015500 ) ) ;
#1880 = CARTESIAN_POINT ( 'NONE',  ( 2.624999999999999600, 2.500000000000000000, 0.5749999999999962900 ) ) ;
#1881 = PLANE ( 'NONE',  #3045 ) ;
#1882 = DIRECTION ( 'NONE',  ( -1.000000000000000000, 0.0000000000000000000, 0.0000000000000000000 ) ) ;
#1883 = EDGE_CURVE ( 'NONE', #2441, #3782, #1973, .T. ) ;
#1884 = ORIENTED_EDGE ( 'NONE', *, *, #1763, .F. ) ;
#1885 = AXIS2_PLACEMENT_3D ( 'NONE', #2679, #3485, #4301 ) ;
#1886 = CARTESIAN_POINT ( 'NONE',  ( -2.993444671765758800, 0.2499999999999998900, 0.6999999999999999600 ) ) ;
#1887 = PLANE ( 'NONE',  #3563 ) ;
#1888 = LINE ( 'NONE', #3142, #1130 ) ;
#1889 = ORIENTED_EDGE ( 'NONE', *, *, #5093, .F. ) ;
#1890 = ORIENTED_EDGE ( 'NONE', *, *, #1642, .T. ) ;
#1891 = DIRECTION ( 'NONE',  ( 0.0000000000000000000, 0.0000000000000000000, 1.000000000000000000 ) ) ;
#1892 = DIRECTION ( 'NONE',  ( 0.0000000000000000000, 0.0000000000000000000, -1.000000000000000000 ) ) ;
#1893 = CIRCLE ( 'NONE', #1507, 0.2999999999999999300 ) ;
#1894 = ORIENTED_EDGE ( 'NONE', *, *, #2235, .F. ) ;
#1895 = CARTESIAN_POINT ( 'NONE',  ( 2.559230525366472400, 1.929999999999998200, -1.435163735632962100 ) ) ;
#1896 = ORIENTED_EDGE ( 'NONE', *, *, #5125, .T. ) ;
#1897 = VECTOR ( 'NONE', #1497, 1000.000000000000000 ) ;
#1898 = CARTESIAN_POINT ( 'NONE',  ( 2.244994432064364400, 2.500000000000000000, -0.5000000000000013300 ) ) ;
#1899 = VECTOR ( 'NONE', #1667, 1000.000000000000200 ) ;
#1900 = FACE_OUTER_BOUND ( 'NONE', #2671, .T. ) ;
#1901 = EDGE_CURVE ( 'NONE', #2191, #3006, #2533, .T. ) ;
#1902 = ORIENTED_EDGE ( 'NONE', *, *, #2147, .T. ) ;
#1903 = VECTOR ( 'NONE', #3694, 1000.000000000000000 ) ;
#1904 = CARTESIAN_POINT ( 'NONE',  ( 2.870497659733809200, 1.891696579382596200, -1.724932093081512600 ) ) ;
#1905 = DIRECTION ( 'NONE',  ( -0.0000000000000000000, -1.000000000000000000, -0.0000000000000000000 ) ) ;
#1906 = VECTOR ( 'NONE', #4416, 1000.000000000000000 ) ;
#1907 = ORIENTED_EDGE ( 'NONE', *, *, #3063, .T. ) ;
#1908 = DIRECTION ( 'NONE',  ( 0.0000000000000000000, 0.0000000000000000000, 1.000000000000000000 ) ) ;
#1909 = EDGE_CURVE ( 'NONE', #3000, #1574, #1024, .T. ) ;
#1910 = DIRECTION ( 'NONE',  ( 0.0000000000000000000, 0.0000000000000000000, 1.000000000000000000 ) ) ;
#1911 = ORIENTED_EDGE ( 'NONE', *, *, #3176, .F. ) ;
#1912 = AXIS2_PLACEMENT_3D ( 'NONE', #1218, #2813, #808 ) ;
#1913 = ORIENTED_EDGE ( 'NONE', *, *, #3601, .T. ) ;
#1914 = CARTESIAN_POINT ( 'NONE',  ( -2.909834721983365600, 1.892649291817416700, -1.757454794003611200 ) ) ;
#1915 = PLANE ( 'NONE',  #1431 ) ;
#1916 = EDGE_CURVE ( 'NONE', #5149, #3230, #211, .T. ) ;
#1917 = CARTESIAN_POINT ( 'NONE',  ( -1.499999999999999600, 1.930000000000000200, 3.050000000000000700 ) ) ;
#1918 = LINE ( 'NONE', #704, #1982 ) ;
#1919 = LINE ( 'NONE', #1427, #3162 ) ;
#1920 = AXIS2_PLACEMENT_3D ( 'NONE', #4894, #4865, #2450 ) ;
#1921 = ORIENTED_EDGE ( 'NONE', *, *, #2573, .F. ) ;
#1922 = CARTESIAN_POINT ( 'NONE',  ( -2.868645614448017700, 1.979999999999997800, 1.650969678198544300 ) ) ;
#1923 = CARTESIAN_POINT ( 'NONE',  ( -1.941499746131745600, 1.929999999999998200, 2.171346611041971500 ) ) ;
#1924 = CARTESIAN_POINT ( 'NONE',  ( -1.499999999999999600, 3.500000000000000000, 2.184605227495346500 ) ) ;
#1925 = VECTOR ( 'NONE', #7, 1000.000000000000000 ) ;
#1926 = FACE_OUTER_BOUND ( 'NONE', #2258, .T. ) ;
#1927 = ORIENTED_EDGE ( 'NONE', *, *, #3805, .T. ) ;
#1928 = ORIENTED_EDGE ( 'NONE', *, *, #3131, .T. ) ;
#1929 = CARTESIAN_POINT ( 'NONE',  ( 2.868645614448017700, 1.929999999999998200, -1.650969678198544300 ) ) ;
#1930 = CARTESIAN_POINT ( 'NONE',  ( -2.549999999999999800, 4.800000000000004300, -0.4999999999999997800 ) ) ;
#1931 = CIRCLE ( 'NONE', #1777, 2.299999999999999400 ) ;
#1932 = VERTEX_POINT ( 'NONE', #2315 ) ;
#1933 = CARTESIAN_POINT ( 'NONE',  ( -2.624999999999999600, 2.500000000000000000, -0.5749999999999997300 ) ) ;
#1934 = EDGE_CURVE ( 'NONE', #5021, #2810, #2480, .T. ) ;
#1935 = CARTESIAN_POINT ( 'NONE',  ( -1.266093033428752800, 3.499999999999999600, -3.050000000000000300 ) ) ;
#1936 = CARTESIAN_POINT ( 'NONE',  ( 2.580809704034067800, 1.929999999999998200, -1.409446671930623300 ) ) ;
#1937 = CARTESIAN_POINT ( 'NONE',  ( 2.304343724360582400, 2.500000000000000000, -0.5750000000000015100 ) ) ;
#1938 = ADVANCED_FACE ( 'NONE', ( #1339 ), #1051, .F. ) ;
#1939 = EDGE_CURVE ( 'NONE', #5123, #3807, #4697, .T. ) ;
#1940 = CARTESIAN_POINT ( 'NONE',  ( 2.867423636778977600, 1.879999990299078300, -1.730212165818714200 ) ) ;
#1941 = VERTEX_POINT ( 'NONE', #1895 ) ;
#1942 = CARTESIAN_POINT ( 'NONE',  ( 2.315461233156051300, 1.880000009701113800, -2.465801534656297800 ) ) ;
#1943 = DIRECTION ( 'NONE',  ( -0.0000000000000000000, -1.000000000000000000, -0.0000000000000000000 ) ) ;
#1944 = CARTESIAN_POINT ( 'NONE',  ( 1.499999999999999600, 3.500000000000000000, 3.050000000000000700 ) ) ;
#1945 = CARTESIAN_POINT ( 'NONE',  ( 1.391581993854363700, 1.929999999999998200, -0.4553902834964626000 ) ) ;
#1946 = ADVANCED_FACE ( 'NONE', ( #5210 ), #2694, .T. ) ;
#1947 = AXIS2_PLACEMENT_3D ( 'NONE', #1549, #1097, #292 ) ;
#1948 = VERTEX_POINT ( 'NONE', #1064 ) ;
#1949 = DIRECTION ( 'NONE',  ( 0.0000000000000000000, 0.0000000000000000000, 1.000000000000000000 ) ) ;
#1950 = DIRECTION ( 'NONE',  ( 0.0000000000000000000, -0.0000000000000000000, -1.000000000000000000 ) ) ;
#1951 = LINE ( 'NONE', #4316, #2944 ) ;
#1952 = ORIENTED_EDGE ( 'NONE', *, *, #738, .F. ) ;
#1953 = PLANE ( 'NONE',  #3739 ) ;
#1954 = DIRECTION ( 'NONE',  ( -0.0000000000000000000, -0.0000000000000000000, -1.000000000000000000 ) ) ;
#1955 = CYLINDRICAL_SURFACE ( 'NONE', #1075, 2.649999999999998600 ) ;
#1956 = ORIENTED_EDGE ( 'NONE', *, *, #1272, .T. ) ;
#1957 = VERTEX_POINT ( 'NONE', #1495 ) ;
#1958 = CARTESIAN_POINT ( 'NONE',  ( 1.266093033428751900, 1.530000000000000000, -3.050000000000000300 ) ) ;
#1959 = LINE ( 'NONE', #2772, #3975 ) ;
#1960 =( NAMED_UNIT ( * ) SI_UNIT ( $, .STERADIAN. ) SOLID_ANGLE_UNIT ( ) );
#1961 = DIRECTION ( 'NONE',  ( 0.6427876096865374800, 0.0000000000000000000, -0.7660444431189795700 ) ) ;
#1962 = ORIENTED_EDGE ( 'NONE', *, *, #2877, .T. ) ;
#1963 = EDGE_CURVE ( 'NONE', #385, #916, #3536, .T. ) ;
#1964 = PRESENTATION_STYLE_ASSIGNMENT (( #2838 ) ) ;
#1965 = LINE ( 'NONE', #3616, #3634 ) ;
#1966 = CARTESIAN_POINT ( 'NONE',  ( -2.854499541568711300, 1.929216154553597100, -1.683553399914070200 ) ) ;
#1967 = DIRECTION ( 'NONE',  ( 0.0000000000000000000, 0.0000000000000000000, 1.000000000000000000 ) ) ;
#1968 = LINE ( 'NONE', #375, #1906 ) ;
#1969 = VERTEX_POINT ( 'NONE', #3068 ) ;
#1970 = CARTESIAN_POINT ( 'NONE',  ( 2.820929990822352600, 1.529999999999999100, -1.785621135420324600 ) ) ;
#1971 = DIRECTION ( 'NONE',  ( -0.0000000000000000000, 1.000000000000000000, -0.0000000000000000000 ) ) ;
#1972 = CARTESIAN_POINT ( 'NONE',  ( 1.938022094347529500, 1.917659127564141000, -2.175491115049602400 ) ) ;
#1973 = LINE ( 'NONE', #3037, #1285 ) ;
#1974 = EDGE_CURVE ( 'NONE', #1456, #1572, #901, .T. ) ;
#1975 = ORIENTED_EDGE ( 'NONE', *, *, #1670, .F. ) ;
#1976 = ORIENTED_EDGE ( 'NONE', *, *, #321, .F. ) ;
#1977 = VECTOR ( 'NONE', #2447, 1000.000000000000000 ) ;
#1978 = CARTESIAN_POINT ( 'NONE',  ( -2.234346644547877700, 1.929682731982899300, 2.416989238110138300 ) ) ;
#1979 = DIRECTION ( 'NONE',  ( -1.000000000000000000, 0.0000000000000000000, 0.0000000000000000000 ) ) ;
#1980 = EDGE_LOOP ( 'NONE', ( #716, #3876, #5212, #3256 ) ) ;
#1981 = ADVANCED_FACE ( 'NONE', ( #1455 ), #641, .T. ) ;
#1982 = VECTOR ( 'NONE', #4348, 1000.000000000000200 ) ;
#1983 = AXIS2_PLACEMENT_3D ( 'NONE', #2120, #2461, #3309 ) ;
#1984 = VECTOR ( 'NONE', #615, 1000.000000000000000 ) ;
#1985 = ADVANCED_FACE ( 'NONE', ( #1524 ), #4010, .F. ) ;
#1986 = AXIS2_PLACEMENT_3D ( 'NONE', #363, #5178, #1967 ) ;
#1987 = CARTESIAN_POINT ( 'NONE',  ( -2.860574822982070700, 1.926290537153732900, -1.690973126709404800 ) ) ;
#1988 = CARTESIAN_POINT ( 'NONE',  ( 1.825260516351813000, 1.530000000000000000, 3.050000000000000700 ) ) ;
#1989 = VECTOR ( 'NONE', #3880, 1000.000000000000000 ) ;
#1990 = ORIENTED_EDGE ( 'NONE', *, *, #2366, .T. ) ;
#1991 = ORIENTED_EDGE ( 'NONE', *, *, #1332, .F. ) ;
#1992 = CARTESIAN_POINT ( 'NONE',  ( -3.309788696740969100, 1.061803398874988400, 0.6999999999999999600 ) ) ;
#1993 = EDGE_CURVE ( 'NONE', #1365, #49, #4121, .T. ) ;
#1994 = CARTESIAN_POINT ( 'NONE',  ( -2.428795789979630600, 1.674522915955187800, -2.330734669396723900 ) ) ;
#1995 = AXIS2_PLACEMENT_3D ( 'NONE', #4648, #617, #158 ) ;
#1996 = CARTESIAN_POINT ( 'NONE',  ( -2.241184430183501800, 1.927984453373825300, -2.422259910846949800 ) ) ;
#1997 = CARTESIAN_POINT ( 'NONE',  ( -2.868645614448017700, 1.879999999999998100, 1.650969678198544300 ) ) ;
#1998 = FACE_OUTER_BOUND ( 'NONE', #1446, .T. ) ;
#1999 = VERTEX_POINT ( 'NONE', #5241 ) ;
#2000 = VERTEX_POINT ( 'NONE', #2788 ) ;
#2001 = CARTESIAN_POINT ( 'NONE',  ( -2.870869630134545800, 1.907118555828421400, 1.714237394205214000 ) ) ;
#2002 = CARTESIAN_POINT ( 'NONE',  ( 0.6499999999999992500, 0.0000000000000000000, 3.149999999999999900 ) ) ;
#2003 = ORIENTED_EDGE ( 'NONE', *, *, #1250, .F. ) ;
#2004 = VERTEX_POINT ( 'NONE', #1573 ) ;
#2005 = UNCERTAINTY_MEASURE_WITH_UNIT (LENGTH_MEASURE( 1.000000000000000100E-005 ), #456, 'distance_accuracy_value', 'NONE');
#2006 = B_SPLINE_CURVE_WITH_KNOTS ( 'NONE', 3,
 ( #4023, #2394, #374, #2016, #2434, #4432, #5248, #2035, #3224, #4844, #2001, #4057, #752, #3572, #4864, #358 ),
 .UNSPECIFIED., .F., .F.,
 ( 4, 3, 3, 3, 3, 4 ),
 ( 0.0000000000000000000, 1.505757082738861300E-005, 3.004938285979951400E-005, 4.597288288167389700E-005, 6.415682265449895200E-005, 8.377018052941210400E-005 ),
 .UNSPECIFIED. ) ;
#2007 = ORIENTED_EDGE ( 'NONE', *, *, #4721, .T. ) ;
#2008 = DIRECTION ( 'NONE',  ( 0.0000000000000000000, -0.0000000000000000000, 1.000000000000000000 ) ) ;
#2009 = ORIENTED_EDGE ( 'NONE', *, *, #1805, .F. ) ;
#2010 = EDGE_CURVE ( 'NONE', #4798, #4657, #699, .T. ) ;
#2011 = CARTESIAN_POINT ( 'NONE',  ( -2.440348604289665600, 1.583790327172668300, -2.316966561438165600 ) ) ;
#2012 = CARTESIAN_POINT ( 'NONE',  ( 2.075908249563816400, 1.530000000000000000, -2.011164794201589300 ) ) ;
#2013 = DIRECTION ( 'NONE',  ( 0.0000000000000000000, 0.0000000000000000000, -1.000000000000000000 ) ) ;
#2014 = ORIENTED_EDGE ( 'NONE', *, *, #1590, .T. ) ;
#2015 = EDGE_CURVE ( 'NONE', #3782, #1948, #394, .T. ) ;
#2016 = CARTESIAN_POINT ( 'NONE',  ( -2.857540934028677300, 1.927751539156337300, 1.687267845319136300 ) ) ;
#2017 = CARTESIAN_POINT ( 'NONE',  ( 2.402046382133715200, 1.530000000000000000, -2.284827180953837200 ) ) ;
#2018 = DIRECTION ( 'NONE',  ( 0.6427876096865378100, 0.0000000000000000000, -0.7660444431189793500 ) ) ;
#2019 = ORIENTED_EDGE ( 'NONE', *, *, #522, .F. ) ;
#2020 = ADVANCED_FACE ( 'NONE', ( #1717 ), #3794, .T. ) ;
#2021 = STYLED_ITEM ( 'NONE', ( #97 ), #1610 ) ;
#2022 = CARTESIAN_POINT ( 'NONE',  ( -2.871212941351963400, 1.902252326358104600, -1.718074849690113300 ) ) ;
#2023 = ORIENTED_EDGE ( 'NONE', *, *, #4034, .T. ) ;
#2024 = AXIS2_PLACEMENT_3D ( 'NONE', #4224, #3444, #2639 ) ;
#2025 = CARTESIAN_POINT ( 'NONE',  ( -2.000000000000000000, -0.0000000000000000000, -0.7000000000000000700 ) ) ;
#2026 = CARTESIAN_POINT ( 'NONE',  ( -1.938022094347530100, 1.979999999999997800, 2.175491115049602400 ) ) ;
#2027 = CARTESIAN_POINT ( 'NONE',  ( 2.440348604289665600, 1.583790327172668300, -2.316966561438165200 ) ) ;
#2028 = FACE_OUTER_BOUND ( 'NONE', #2098, .T. ) ;
#2029 = EDGE_LOOP ( 'NONE', ( #4811, #4465, #4279, #1562 ) ) ;
#2030 = CARTESIAN_POINT ( 'NONE',  ( 2.300129680946712900, 1.922502988173395000, 2.470365482325426000 ) ) ;
#2031 = CARTESIAN_POINT ( 'NONE',  ( 2.395368093107166800, 1.929999999999999500, -1.514924142463395200 ) ) ;
#2032 = LINE ( 'NONE', #4753, #4043 ) ;
#2033 = FACE_OUTER_BOUND ( 'NONE', #4800, .T. ) ;
#2034 = PRESENTATION_LAYER_ASSIGNMENT (  '', '', ( #4414 ) ) ;
#2035 = CARTESIAN_POINT ( 'NONE',  ( -2.867288249460014300, 1.918646332507891700, 1.702563856571186300 ) ) ;
#2036 = VECTOR ( 'NONE', #1469, 1000.000000000000000 ) ;
#2037 = ORIENTED_EDGE ( 'NONE', *, *, #1096, .F. ) ;
#2038 = LINE ( 'NONE', #5159, #1084 ) ;
#2039 = FACE_OUTER_BOUND ( 'NONE', #3058, .T. ) ;
#2040 = EDGE_CURVE ( 'NONE', #1058, #4149, #269, .T. ) ;
#2041 = ORIENTED_EDGE ( 'NONE', *, *, #1199, .F. ) ;
#2042 = B_SPLINE_CURVE_WITH_KNOTS ( 'NONE', 2,
 ( #335, #1088, #1970 ),
 .UNSPECIFIED., .F., .F.,
 ( 3, 3 ),
 ( 0.2445457786001995500, 1.000000000000000000 ),
 .UNSPECIFIED. ) ;
#2043 = CARTESIAN_POINT ( 'NONE',  ( -2.549999999999997600, 4.917157287525381700, 0.4999999999999978400 ) ) ;
#2044 = CARTESIAN_POINT ( 'NONE',  ( 2.624999999999999600, 2.500000000000000000, -0.5750000000000015100 ) ) ;
#2045 = CIRCLE ( 'NONE', #3595, 0.5000000000000000000 ) ;
#2046 = DIRECTION ( 'NONE',  ( 0.0000000000000000000, 0.0000000000000000000, -1.000000000000000000 ) ) ;
#2047 = ORIENTED_EDGE ( 'NONE', *, *, #3267, .T. ) ;
#2048 = CARTESIAN_POINT ( 'NONE',  ( -3.000000000000001300, 0.2000000000000000100, -0.7000000000000001800 ) ) ;
#2049 = LINE ( 'NONE', #3549, #1466 ) ;
#2050 = EDGE_CURVE ( 'NONE', #2161, #256, #5081, .T. ) ;
#2051 = CARTESIAN_POINT ( 'NONE',  ( -2.945250058759915700, 1.979999999999997800, -1.715248439167198500 ) ) ;
#2052 =( LENGTH_UNIT ( ) NAMED_UNIT ( * ) SI_UNIT ( .MILLI., .METRE. ) );
#2053 = FACE_OUTER_BOUND ( 'NONE', #2312, .T. ) ;
#2054 = VECTOR ( 'NONE', #3270, 1000.000000000000000 ) ;
#2055 = ORIENTED_EDGE ( 'NONE', *, *, #2255, .F. ) ;
#2056 =( GEOMETRIC_REPRESENTATION_CONTEXT ( 3 ) GLOBAL_UNCERTAINTY_ASSIGNED_CONTEXT ( ( #1503 ) ) GLOBAL_UNIT_ASSIGNED_CONTEXT ( ( #1870, #2691, #1960 ) ) REPRESENTATION_CONTEXT ( 'NONE', 'WORKASPACE' ) );
#2057 = VECTOR ( 'NONE', #764, 1000.000000000000000 ) ;
#2058 = ORIENTED_EDGE ( 'NONE', *, *, #4752, .F. ) ;
#2059 = AXIS2_PLACEMENT_3D ( 'NONE', #4095, #2145, #918 ) ;
#2060 = ORIENTED_EDGE ( 'NONE', *, *, #4943, .F. ) ;
#2061 = CARTESIAN_POINT ( 'NONE',  ( -0.6500000000000006900, 0.0000000000000000000, 3.149999999999999900 ) ) ;
#2062 = DIRECTION ( 'NONE',  ( 0.0000000000000000000, 0.0000000000000000000, 1.000000000000000000 ) ) ;
#2063 = CARTESIAN_POINT ( 'NONE',  ( 2.624999999999999600, 2.500000000000000000, -0.5750000000000015100 ) ) ;
#2064 = CYLINDRICAL_SURFACE ( 'NONE', #1408, 3.500000000000000400 ) ;
#2065 = ORIENTED_EDGE ( 'NONE', *, *, #1805, .T. ) ;
#2066 = DIRECTION ( 'NONE',  ( 0.6427876096865378100, 0.0000000000000000000, -0.7660444431189793500 ) ) ;
#2067 = ORIENTED_EDGE ( 'NONE', *, *, #719, .T. ) ;
#2068 = DIRECTION ( 'NONE',  ( -0.6427876096865378100, 0.0000000000000000000, -0.7660444431189793500 ) ) ;
#2069 = AXIS2_PLACEMENT_3D ( 'NONE', #4482, #4886, #2544 ) ;
#2070 = CARTESIAN_POINT ( 'NONE',  ( 2.268425618714968300, 1.902337289414777000, 2.436458075157263500 ) ) ;
#2071 = CARTESIAN_POINT ( 'NONE',  ( -2.493996089497433100, 1.530000000000000000, 2.175245786865136500 ) ) ;
#2072 = ORIENTED_EDGE ( 'NONE', *, *, #1551, .F. ) ;
#2073 =( NAMED_UNIT ( * ) PLANE_ANGLE_UNIT ( ) SI_UNIT ( $, .RADIAN. ) );
#2074 = CARTESIAN_POINT ( 'NONE',  ( 1.941499746131745600, 1.929999999999998200, -2.171346611041971500 ) ) ;
#2075 = EDGE_CURVE ( 'NONE', #3737, #4718, #3406, .T. ) ;
#2076 = CARTESIAN_POINT ( 'NONE',  ( 2.993444671765758800, 0.2499999999999998900, -0.6999999999999999600 ) ) ;
#2077 = ORIENTED_EDGE ( 'NONE', *, *, #2806, .F. ) ;
#2078 = CARTESIAN_POINT ( 'NONE',  ( -1.266093033428752800, 1.530000000000000000, -3.050000000000000300 ) ) ;
#2079 = CARTESIAN_POINT ( 'NONE',  ( 2.549999999999999800, 4.800000000000004300, 0.4999999999999963400 ) ) ;
#2080 = EDGE_CURVE ( 'NONE', #4203, #4957, #4455, .T. ) ;
#2081 = EDGE_LOOP ( 'NONE', ( #4222, #3839, #3197, #3515 ) ) ;
#2082 = CARTESIAN_POINT ( 'NONE',  ( 2.257879880957131700, 1.916477995765639900, 2.432773583231585800 ) ) ;
#2083 = LINE ( 'NONE', #3559, #4035 ) ;
#2084 = EDGE_CURVE ( 'NONE', #365, #3295, #4966, .T. ) ;
#2085 = ORIENTED_EDGE ( 'NONE', *, *, #3507, .F. ) ;
#2086 = AXIS2_PLACEMENT_3D ( 'NONE', #3001, #1013, #3437 ) ;
#2087 = CARTESIAN_POINT ( 'NONE',  ( -2.559230525366472400, 1.929999999999998200, 1.435163735632962100 ) ) ;
#2088 = DIRECTION ( 'NONE',  ( 1.000000000000000000, 0.0000000000000000000, -1.084202172485503000E-016 ) ) ;
#2089 = LINE ( 'NONE', #2173, #3264 ) ;
#2090 = VERTEX_POINT ( 'NONE', #3612 ) ;
#2091 = ORIENTED_EDGE ( 'NONE', *, *, #614, .T. ) ;
#2092 = LINE ( 'NONE', #2051, #4588 ) ;
#2093 = EDGE_CURVE ( 'NONE', #4311, #1058, #3340, .T. ) ;
#2094 = PLANE ( 'NONE',  #3492 ) ;
#2095 = LINE ( 'NONE', #4146, #3389 ) ;
#2096 = CARTESIAN_POINT ( 'NONE',  ( -2.225858004761479800, 1.979999999999997800, -2.417014121317523600 ) ) ;
#2097 = AXIS2_PLACEMENT_3D ( 'NONE', #1411, #2946, #1816 ) ;
#2098 = EDGE_LOOP ( 'NONE', ( #2114, #1314, #1537, #1308 ) ) ;
#2099 = DIRECTION ( 'NONE',  ( -0.0000000000000000000, -1.000000000000000000, -0.0000000000000000000 ) ) ;
#2100 = CARTESIAN_POINT ( 'NONE',  ( -2.402046382133715200, 1.583790327172668300, -2.284827180953837600 ) ) ;
#2101 = VECTOR ( 'NONE', #1255, 1000.000000000000000 ) ;
#2102 = LINE ( 'NONE', #2780, #2221 ) ;
#2103 = DIRECTION ( 'NONE',  ( 1.224646799147352200E-016, -1.000000000000000000, 0.0000000000000000000 ) ) ;
#2104 = DIRECTION ( 'NONE',  ( 0.0000000000000000000, 0.0000000000000000000, 1.000000000000000000 ) ) ;
#2105 = ORIENTED_EDGE ( 'NONE', *, *, #653, .T. ) ;
#2106 = FACE_OUTER_BOUND ( 'NONE', #4013, .T. ) ;
#2107 = CARTESIAN_POINT ( 'NONE',  ( 2.304667936094097600, 1.912042694794992900, 2.470461655863165400 ) ) ;
#2108 = DIRECTION ( 'NONE',  ( 0.6427876096865378100, 0.0000000000000000000, -0.7660444431189793500 ) ) ;
#2109 = VERTEX_POINT ( 'NONE', #3937 ) ;
#2110 = EDGE_CURVE ( 'NONE', #1577, #1115, #1401, .T. ) ;
#2111 = DIRECTION ( 'NONE',  ( 0.0000000000000000000, 0.0000000000000000000, -1.000000000000000000 ) ) ;
#2112 = LINE ( 'NONE', #146, #1029 ) ;
#2113 = EDGE_CURVE ( 'NONE', #4149, #1153, #4639, .T. ) ;
#2114 = ORIENTED_EDGE ( 'NONE', *, *, #4211, .F. ) ;
#2115 = DIRECTION ( 'NONE',  ( -0.0000000000000000000, 0.0000000000000000000, 1.000000000000000000 ) ) ;
#2116 = CARTESIAN_POINT ( 'NONE',  ( -2.304343724360582400, 2.500000000000000000, -0.5749999999999997300 ) ) ;
#2117 = LINE ( 'NONE', #3002, #4649 ) ;
#2118 = CARTESIAN_POINT ( 'NONE',  ( 0.0000000000000000000, 3.500000000000000000, 0.0000000000000000000 ) ) ;
#2119 = VECTOR ( 'NONE', #1867, 1000.000000000000000 ) ;
#2120 = CARTESIAN_POINT ( 'NONE',  ( 3.040997497580516300, 0.2345491502812527800, -0.6999999999999999600 ) ) ;
#2121 = DIRECTION ( 'NONE',  ( -0.0000000000000000000, 1.000000000000000000, -0.0000000000000000000 ) ) ;
#2122 = EDGE_CURVE ( 'NONE', #4344, #2000, #3152, .T. ) ;
#2123 = CARTESIAN_POINT ( 'NONE',  ( -2.895368093107167700, 1.530000000000000000, 1.514924142463396100 ) ) ;
#2124 = CARTESIAN_POINT ( 'NONE',  ( 2.467157287525379300, 5.000000000000000900, 0.4171572875253756800 ) ) ;
#2125 = LINE ( 'NONE', #3141, #1674 ) ;
#2126 = VERTEX_POINT ( 'NONE', #5195 ) ;
#2127 = ORIENTED_EDGE ( 'NONE', *, *, #950, .T. ) ;
#2128 = ADVANCED_FACE ( 'NONE', ( #4390 ), #2392, .F. ) ;
#2129 = DIRECTION ( 'NONE',  ( 0.0000000000000000000, 0.0000000000000000000, -1.000000000000000000 ) ) ;
#2130 = LINE ( 'NONE', #861, #1171 ) ;
#2131 = ORIENTED_EDGE ( 'NONE', *, *, #312, .T. ) ;
#2132 = ORIENTED_EDGE ( 'NONE', *, *, #2193, .T. ) ;
#2133 = CARTESIAN_POINT ( 'NONE',  ( -2.778390314666657100, 15.41086354534016500, -1.836317947306664400 ) ) ;
#2134 = AXIS2_PLACEMENT_3D ( 'NONE', #2044, #70, #837 ) ;
#2135 = ORIENTED_EDGE ( 'NONE', *, *, #3577, .T. ) ;
#2136 = DIRECTION ( 'NONE',  ( 0.0000000000000000000, 0.0000000000000000000, 1.000000000000000000 ) ) ;
#2137 = CARTESIAN_POINT ( 'NONE',  ( 3.500000000000000000, 1.000000000000000000, 0.6999999999999999600 ) ) ;
#2138 = DIRECTION ( 'NONE',  ( 0.6427876096865381400, 0.0000000000000000000, 0.7660444431189790100 ) ) ;
#2139 = DIRECTION ( 'NONE',  ( -0.0000000000000000000, -1.000000000000000000, -0.0000000000000000000 ) ) ;
#2140 = CARTESIAN_POINT ( 'NONE',  ( 2.304343724360582400, 3.500000000000000000, 0.5749999999999962900 ) ) ;
#2141 = ORIENTED_EDGE ( 'NONE', *, *, #2255, .T. ) ;
#2142 = CARTESIAN_POINT ( 'NONE',  ( -2.624999999999999600, 3.500000000000000000, -0.5749999999999997300 ) ) ;
#2143 = DIRECTION ( 'NONE',  ( 0.7660444431189809000, 0.0000000000000000000, 0.6427876096865360300 ) ) ;
#2144 = ORIENTED_EDGE ( 'NONE', *, *, #653, .F. ) ;
#2145 = DIRECTION ( 'NONE',  ( 0.0000000000000000000, 1.000000000000000000, 0.0000000000000000000 ) ) ;
#2146 = ORIENTED_EDGE ( 'NONE', *, *, #5166, .F. ) ;
#2147 = EDGE_CURVE ( 'NONE', #4412, #823, #1780, .T. ) ;
#2148 = PLANE ( 'NONE',  #4853 ) ;
#2149 = ADVANCED_FACE ( 'NONE', ( #3735 ), #4767, .F. ) ;
#2150 = CARTESIAN_POINT ( 'NONE',  ( -2.847066435774785000, 1.929999999995545900, 1.676686741907602600 ) ) ;
#2151 = CARTESIAN_POINT ( 'NONE',  ( 1.391581993854363700, 1.929999999999998200, 0.4553902834964626000 ) ) ;
#2152 = ORIENTED_EDGE ( 'NONE', *, *, #1901, .F. ) ;
#2153 = ADVANCED_FACE ( 'NONE', ( #3986 ), #2176, .T. ) ;
#2154 = DIRECTION ( 'NONE',  ( 0.6427876096865378100, -0.0000000000000000000, 0.7660444431189793500 ) ) ;
#2155 = ADVANCED_FACE ( 'NONE', ( #2594 ), #5004, .T. ) ;
#2156 = EDGE_CURVE ( 'NONE', #3562, #4637, #4904, .T. ) ;
#2157 = DIRECTION ( 'NONE',  ( 0.0000000000000000000, 0.0000000000000000000, -1.000000000000000000 ) ) ;
#2158 = DIRECTION ( 'NONE',  ( 0.0000000000000000000, 0.0000000000000000000, 1.000000000000000000 ) ) ;
#2159 = CIRCLE ( 'NONE', #4783, 0.5000000000000000000 ) ;
#2160 = ORIENTED_EDGE ( 'NONE', *, *, #2050, .F. ) ;
#2161 = VERTEX_POINT ( 'NONE', #2595 ) ;
#2162 = LINE ( 'NONE', #4778, #2901 ) ;
#2163 = CARTESIAN_POINT ( 'NONE',  ( -2.362731470142131600, 1.930000000000000200, -1.199999999999999100 ) ) ;
#2164 = ORIENTED_EDGE ( 'NONE', *, *, #1057, .T. ) ;
#2165 = FACE_OUTER_BOUND ( 'NONE', #735, .T. ) ;
#2166 = FACE_OUTER_BOUND ( 'NONE', #4600, .T. ) ;
#2167 = VERTEX_POINT ( 'NONE', #573 ) ;
#2168 = EDGE_CURVE ( 'NONE', #214, #2898, #337, .T. ) ;
#2169 = VECTOR ( 'NONE', #2647, 1000.000000000000000 ) ;
#2170 = DIRECTION ( 'NONE',  ( -1.000000000000000000, 0.0000000000000000000, 0.0000000000000000000 ) ) ;
#2171 = AXIS2_PLACEMENT_3D ( 'NONE', #5056, #5112, #2652 ) ;
#2172 = FACE_OUTER_BOUND ( 'NONE', #130, .T. ) ;
#2173 = CARTESIAN_POINT ( 'NONE',  ( 2.580809704034067800, 1.979999999999997800, -1.409446671930623300 ) ) ;
#2174 = ORIENTED_EDGE ( 'NONE', *, *, #4795, .T. ) ;
#2175 = FACE_OUTER_BOUND ( 'NONE', #3583, .T. ) ;
#2176 = PLANE ( 'NONE',  #2518 ) ;
#2177 = CARTESIAN_POINT ( 'NONE',  ( 2.257879880957131700, 1.916477995765639900, -2.432773583231585800 ) ) ;
#2178 = ORIENTED_EDGE ( 'NONE', *, *, #246, .F. ) ;
#2179 = CIRCLE ( 'NONE', #36, 0.5000000000000000000 ) ;
#2180 = EDGE_CURVE ( 'NONE', #2584, #3820, #2279, .T. ) ;
#2181 = EDGE_LOOP ( 'NONE', ( #138, #953, #5144, #2932, #3486, #1321, #328, #921, #3882, #3887, #3862, #1049, #458, #660, #2466, #5163, #1501, #663, #2919, #2929 ) ) ;
#2182 = CARTESIAN_POINT ( 'NONE',  ( -2.244994432064364000, 4.861292370908048000, -0.5000000000000004400 ) ) ;
#2183 = LINE ( 'NONE', #4907, #2367 ) ;
#2184 = VERTEX_POINT ( 'NONE', #593 ) ;
#2185 = CARTESIAN_POINT ( 'NONE',  ( 2.000000000000000000, 0.2000000000000000100, 0.6999999999999999600 ) ) ;
#2186 = ORIENTED_EDGE ( 'NONE', *, *, #3514, .T. ) ;
#2187 = EDGE_CURVE ( 'NONE', #4274, #3780, #3981, .T. ) ;
#2188 = CARTESIAN_POINT ( 'NONE',  ( 0.0000000000000000000, 4.800000000000000700, -3.199999999999999700 ) ) ;
#2189 = TOROIDAL_SURFACE ( 'NONE', #1138, 0.3000000000000000400, 0.2000000000000000100 ) ;
#2190 = AXIS2_PLACEMENT_3D ( 'NONE', #1035, #3378, #3847 ) ;
#2191 = VERTEX_POINT ( 'NONE', #3777 ) ;
#2192 = CARTESIAN_POINT ( 'NONE',  ( 2.428795789979630600, 1.674522915955187800, -2.330734669396723900 ) ) ;
#2193 = EDGE_CURVE ( 'NONE', #4675, #4616, #4420, .T. ) ;
#2194 = ORIENTED_EDGE ( 'NONE', *, *, #2765, .T. ) ;
#2195 = ADVANCED_FACE ( 'NONE', ( #4181 ), #212, .T. ) ;
#2196 = ADVANCED_FACE ( 'NONE', ( #4381 ), #3846, .F. ) ;
#2197 = ORIENTED_EDGE ( 'NONE', *, *, #4867, .T. ) ;
#2198 = CARTESIAN_POINT ( 'NONE',  ( 2.847066435774785000, 1.929999999995545900, 1.676686741907602600 ) ) ;
#2199 = DIRECTION ( 'NONE',  ( 3.097720492815727200E-016, -0.0000000000000000000, -1.000000000000000000 ) ) ;
#2200 = DIRECTION ( 'NONE',  ( -1.000000000000000000, 0.0000000000000000000, 0.0000000000000000000 ) ) ;
#2201 = ORIENTED_EDGE ( 'NONE', *, *, #1299, .F. ) ;
#2202 = CARTESIAN_POINT ( 'NONE',  ( -2.225858004761479800, 1.979999999999997800, 2.417014121317523600 ) ) ;
#2203 = CARTESIAN_POINT ( 'NONE',  ( 3.000000000000001300, 0.0000000000000000000, 1.650000000000000600 ) ) ;
#2204 = ORIENTED_EDGE ( 'NONE', *, *, #1250, .T. ) ;
#2205 = EDGE_CURVE ( 'NONE', #4380, #4075, #1833, .T. ) ;
#2206 = PLANE ( 'NONE',  #1374 ) ;
#2207 = LINE ( 'NONE', #3059, #5060 ) ;
#2208 = ORIENTED_EDGE ( 'NONE', *, *, #2980, .T. ) ;
#2209 = PLANE ( 'NONE',  #2024 ) ;
#2210 = CIRCLE ( 'NONE', #2525, 1.200000000000001100 ) ;
#2211 = EDGE_CURVE ( 'NONE', #2791, #3376, #4052, .T. ) ;
#2212 = ORIENTED_EDGE ( 'NONE', *, *, #4658, .F. ) ;
#2213 = CARTESIAN_POINT ( 'NONE',  ( -2.911321534255761900, 1.945146042190219800, 1.718140560466067300 ) ) ;
#2214 = LINE ( 'NONE', #1849, #635 ) ;
#2215 = LINE ( 'NONE', #2873, #4834 ) ;
#2216 = CARTESIAN_POINT ( 'NONE',  ( 2.277159011000101000, 1.880000009701114200, -2.433662154171969800 ) ) ;
#2217 = EDGE_LOOP ( 'NONE', ( #4488, #3622, #2635, #3913 ) ) ;
#2218 = CARTESIAN_POINT ( 'NONE',  ( -2.000000000000000000, -0.0000000000000000000, -0.7000000000000000700 ) ) ;
#2219 = DIRECTION ( 'NONE',  ( -1.000000000000000000, 0.0000000000000000000, 7.109392656820622600E-016 ) ) ;
#2220 = DIRECTION ( 'NONE',  ( -0.0000000000000000000, -0.0000000000000000000, -1.000000000000000000 ) ) ;
#2221 = VECTOR ( 'NONE', #2794, 1000.000000000000000 ) ;
#2222 = AXIS2_PLACEMENT_3D ( 'NONE', #1513, #2831, #4897 ) ;
#2223 = ORIENTED_EDGE ( 'NONE', *, *, #2613, .T. ) ;
#2224 = CIRCLE ( 'NONE', #2086, 0.2000000000000000900 ) ;
#2225 = VERTEX_POINT ( 'NONE', #3450 ) ;
#2226 = VERTEX_POINT ( 'NONE', #2629 ) ;
#2227 = DIRECTION ( 'NONE',  ( -1.084202172485503000E-016, 0.0000000000000000000, -1.000000000000000000 ) ) ;
#2228 = FACE_OUTER_BOUND ( 'NONE', #2632, .T. ) ;
#2229 = VECTOR ( 'NONE', #5045, 1000.000000000000000 ) ;
#2230 = DIRECTION ( 'NONE',  ( -0.6427876096865379200, 0.0000000000000000000, 0.7660444431189791200 ) ) ;
#2231 = DIRECTION ( 'NONE',  ( 1.000000000000000000, 0.0000000000000000000, 0.0000000000000000000 ) ) ;
#2232 = EDGE_LOOP ( 'NONE', ( #2223, #1189, #4299, #2433, #4571, #4840, #2425, #1871, #4738, #1476, #3608, #1902, #1544, #3995 ) ) ;
#2233 = DIRECTION ( 'NONE',  ( 0.3090169943749417300, -0.9510565162951553100, 0.0000000000000000000 ) ) ;
#2234 = VECTOR ( 'NONE', #3669, 1000.000000000000000 ) ;
#2235 = EDGE_CURVE ( 'NONE', #278, #2745, #2038, .T. ) ;
#2236 = DIRECTION ( 'NONE',  ( -0.0000000000000000000, 0.0000000000000000000, -1.000000000000000000 ) ) ;
#2237 = DIRECTION ( 'NONE',  ( 0.6427876096865378100, -0.0000000000000000000, 0.7660444431189793500 ) ) ;
#2238 = COLOUR_RGB ( '',0.2509803921568627400, 0.2509803921568627400, 0.2509803921568627400 ) ;
#2239 = ORIENTED_EDGE ( 'NONE', *, *, #3952, .F. ) ;
#2240 = ORIENTED_EDGE ( 'NONE', *, *, #125, .T. ) ;
#2241 = ADVANCED_FACE ( 'NONE', ( #955 ), #4363, .T. ) ;
#2242 = EDGE_CURVE ( 'NONE', #4344, #3034, #450, .T. ) ;
#2243 = VECTOR ( 'NONE', #3253, 1000.000000000000000 ) ;
#2244 = ORIENTED_EDGE ( 'NONE', *, *, #2347, .T. ) ;
#2245 = EDGE_LOOP ( 'NONE', ( #3671, #4015, #1400, #2935 ) ) ;
#2246 = ADVANCED_FACE ( 'NONE', ( #3531 ), #310, .T. ) ;
#2247 = CARTESIAN_POINT ( 'NONE',  ( -1.825260516351813000, 1.530000000000000000, -3.049999999999999800 ) ) ;
#2248 = EDGE_LOOP ( 'NONE', ( #931, #392, #1896, #3900 ) ) ;
#2249 = ORIENTED_EDGE ( 'NONE', *, *, #2718, .F. ) ;
#2250 = CARTESIAN_POINT ( 'NONE',  ( 3.000000000000001300, 1.530000000000000000, -1.650000000000000600 ) ) ;
#2251 = AXIS2_PLACEMENT_3D ( 'NONE', #4215, #3833, #3817 ) ;
#2252 = CARTESIAN_POINT ( 'NONE',  ( 2.354789070679762700, 1.760410620510926000, -2.418932442998453300 ) ) ;
#2253 = DIRECTION ( 'NONE',  ( -0.0000000000000000000, -0.0000000000000000000, -1.000000000000000000 ) ) ;
#2254 = ORIENTED_EDGE ( 'NONE', *, *, #2371, .F. ) ;
#2255 = EDGE_CURVE ( 'NONE', #2575, #2745, #3851, .T. ) ;
#2256 = AXIS2_PLACEMENT_3D ( 'NONE', #217, #4254, #5077 ) ;
#2257 = CARTESIAN_POINT ( 'NONE',  ( -2.302462449073379200, 1.979999999999997800, 2.481292882286179100 ) ) ;
#2258 = EDGE_LOOP ( 'NONE', ( #2872, #3154, #5129, #1976, #2516, #3871, #3630, #1481 ) ) ;
#2259 = CARTESIAN_POINT ( 'NONE',  ( 2.868645614448017700, 1.929999999999998200, 1.650969678198544300 ) ) ;
#2260 = VERTEX_POINT ( 'NONE', #3935 ) ;
#2261 = DIRECTION ( 'NONE',  ( 0.0000000000000000000, 0.0000000000000000000, -1.000000000000000000 ) ) ;
#2262 = DIRECTION ( 'NONE',  ( 0.0000000000000000000, 1.000000000000000000, 0.0000000000000000000 ) ) ;
#2263 = ORIENTED_EDGE ( 'NONE', *, *, #3795, .T. ) ;
#2264 = CARTESIAN_POINT ( 'NONE',  ( -2.902807972020364800, 1.964106595699988100, -1.694410736178879800 ) ) ;
#2265 = DIRECTION ( 'NONE',  ( 0.0000000000000000000, -0.0000000000000000000, 1.000000000000000000 ) ) ;
#2266 = VECTOR ( 'NONE', #293, 1000.000000000000000 ) ;
#2267 = ORIENTED_EDGE ( 'NONE', *, *, #2799, .F. ) ;
#2268 = EDGE_CURVE ( 'NONE', #4147, #1376, #3502, .T. ) ;
#2269 = PLANE ( 'NONE',  #3528 ) ;
#2270 = ORIENTED_EDGE ( 'NONE', *, *, #3139, .T. ) ;
#2271 = DIRECTION ( 'NONE',  ( -0.0000000000000000000, -0.0000000000000000000, -1.000000000000000000 ) ) ;
#2272 = LINE ( 'NONE', #1878, #1855 ) ;
#2273 = CARTESIAN_POINT ( 'NONE',  ( 2.282305285929959300, 1.950109066607531800, -2.461941533635617900 ) ) ;
#2274 = CIRCLE ( 'NONE', #3219, 0.2500000000000002200 ) ;
#2275 = EDGE_CURVE ( 'NONE', #3376, #5170, #3090, .T. ) ;
#2276 = VECTOR ( 'NONE', #2237, 1000.000000000000000 ) ;
#2277 = CARTESIAN_POINT ( 'NONE',  ( -2.913369848965735400, 1.936660994072719500, 1.727034296280352200 ) ) ;
#2278 = ORIENTED_EDGE ( 'NONE', *, *, #1178, .F. ) ;
#2279 = LINE ( 'NONE', #5074, #4115 ) ;
#2280 = CARTESIAN_POINT ( 'NONE',  ( 2.064355435253781400, 1.674522915955187800, 2.024932902160147700 ) ) ;
#2281 = ORIENTED_EDGE ( 'NONE', *, *, #1295, .F. ) ;
#2282 = EDGE_LOOP ( 'NONE', ( #4729, #1836, #2927, #1636 ) ) ;
#2283 = DIRECTION ( 'NONE',  ( 0.0000000000000000000, 0.0000000000000000000, 1.000000000000000000 ) ) ;
#2284 = AXIS2_PLACEMENT_3D ( 'NONE', #5168, #3116, #711 ) ;
#2285 = DIRECTION ( 'NONE',  ( 0.0000000000000000000, 0.0000000000000000000, 1.000000000000000000 ) ) ;
#2286 = CIRCLE ( 'NONE', #1682, 3.500000000000000400 ) ;
#2287 = AXIS2_PLACEMENT_3D ( 'NONE', #1886, #2271, #3028 ) ;
#2288 = DIRECTION ( 'NONE',  ( 0.0000000000000000000, 0.0000000000000000000, 1.000000000000000000 ) ) ;
#2289 = MANIFOLD_SOLID_BREP ( 'Cut-Extrude3', #1420 ) ;
#2290 = VERTEX_POINT ( 'NONE', #4812 ) ;
#2291 = ADVANCED_FACE ( 'NONE', ( #1147 ), #2369, .F. ) ;
#2292 = LINE ( 'NONE', #2345, #2667 ) ;
#2293 = CARTESIAN_POINT ( 'NONE',  ( 2.225858004761479800, 1.979999999999997800, -2.417014121317523600 ) ) ;
#2294 = DIRECTION ( 'NONE',  ( -0.0000000000000000000, 1.000000000000000000, -0.0000000000000000000 ) ) ;
#2295 = FACE_OUTER_BOUND ( 'NONE', #3320, .T. ) ;
#2296 = EDGE_LOOP ( 'NONE', ( #2875, #1606, #4946, #143 ) ) ;
#2297 = DIRECTION ( 'NONE',  ( -0.9510565162951553100, 0.3090169943749418400, 0.0000000000000000000 ) ) ;
#2298 = DIRECTION ( 'NONE',  ( 1.000000000000000000, 1.224646799147352200E-016, 0.0000000000000000000 ) ) ;
#2299 = LINE ( 'NONE', #505, #2675 ) ;
#2300 = ORIENTED_EDGE ( 'NONE', *, *, #4873, .T. ) ;
#2301 = EDGE_CURVE ( 'NONE', #2931, #3078, #758, .T. ) ;
#2302 = VERTEX_POINT ( 'NONE', #4868 ) ;
#2303 = CARTESIAN_POINT ( 'NONE',  ( 2.395368093107166800, 15.41086354534016500, -1.514924142463395200 ) ) ;
#2304 = CARTESIAN_POINT ( 'NONE',  ( 0.0000000000000000000, 5.000000000000000000, -3.199999999999999700 ) ) ;
#2305 = LINE ( 'NONE', #806, #974 ) ;
#2306 = EDGE_LOOP ( 'NONE', ( #4553, #2903, #4751, #710, #453, #1161, #5208, #2581, #232, #4568, #2194, #117, #3534, #567, #1440, #3792, #2978, #2899, #5179, #2335, #4453, #2915, #4860, #1975 ) ) ;
#2307 = VERTEX_POINT ( 'NONE', #2078 ) ;
#2308 = EDGE_CURVE ( 'NONE', #2898, #5108, #3788, .T. ) ;
#2309 = DIRECTION ( 'NONE',  ( 0.0000000000000000000, 0.0000000000000000000, 1.000000000000000000 ) ) ;
#2310 = VERTEX_POINT ( 'NONE', #2820 ) ;
#2311 = DIRECTION ( 'NONE',  ( 0.6427876096865378100, 0.0000000000000000000, 0.7660444431189793500 ) ) ;
#2312 = EDGE_LOOP ( 'NONE', ( #3720, #4563, #920, #4332 ) ) ;
#2313 = DIRECTION ( 'NONE',  ( 0.0000000000000000000, 0.0000000000000000000, 1.000000000000000000 ) ) ;
#2314 = AXIS2_PLACEMENT_3D ( 'NONE', #876, #4586, #959 ) ;
#2315 = CARTESIAN_POINT ( 'NONE',  ( -2.905725858934928000, 1.879999990299078300, -1.762351546303042100 ) ) ;
#2316 = ORIENTED_EDGE ( 'NONE', *, *, #284, .F. ) ;
#2317 = AXIS2_PLACEMENT_3D ( 'NONE', #3571, #4822, #4935 ) ;
#2318 = EDGE_LOOP ( 'NONE', ( #1320, #1111, #797, #3753, #2593 ) ) ;
#2319 = CARTESIAN_POINT ( 'NONE',  ( 1.941499746131745600, 1.929999999999998200, 2.171346611041971500 ) ) ;
#2320 = CARTESIAN_POINT ( 'NONE',  ( -3.500000000000000000, 1.000000000000000000, 0.6999999999999999600 ) ) ;
#2321 = PLANE ( 'NONE',  #2284 ) ;
#2322 = VERTEX_POINT ( 'NONE', #463 ) ;
#2323 = AXIS2_PLACEMENT_3D ( 'NONE', #1748, #242, #3033 ) ;
#2324 = CARTESIAN_POINT ( 'NONE',  ( 2.865156719790234800, 1.921468196360363500, -1.698587407301395800 ) ) ;
#2325 = CARTESIAN_POINT ( 'NONE',  ( 3.040997497580516300, 0.2345491502812527800, -0.6999999999999999600 ) ) ;
#2326 = LINE ( 'NONE', #4361, #68 ) ;
#2327 = ORIENTED_EDGE ( 'NONE', *, *, #4572, .F. ) ;
#2328 = ORIENTED_EDGE ( 'NONE', *, *, #2330, .T. ) ;
#2329 = CARTESIAN_POINT ( 'NONE',  ( 2.000000000000000000, 0.2000000000000000100, 0.6999999999999999600 ) ) ;
#2330 = EDGE_CURVE ( 'NONE', #5186, #2532, #2778, .T. ) ;
#2331 = B_SPLINE_CURVE_WITH_KNOTS ( 'NONE', 3,
 ( #1779, #5010, #198, #4618 ),
 .UNSPECIFIED., .F., .F.,
 ( 4, 4 ),
 ( 0.8953217436920752900, 1.000000000000000000 ),
 .UNSPECIFIED. ) ;
#2332 = VECTOR ( 'NONE', #4559, 1000.000000000000000 ) ;
#2333 = ORIENTED_EDGE ( 'NONE', *, *, #5063, .T. ) ;
#2334 = CARTESIAN_POINT ( 'NONE',  ( 1.508301782570043100, 15.41086354534016500, -2.987418474506292400 ) ) ;
#2335 = ORIENTED_EDGE ( 'NONE', *, *, #994, .T. ) ;
#2336 = CARTESIAN_POINT ( 'NONE',  ( 3.040997497580516300, 0.2345491502812527800, -0.6999999999999999600 ) ) ;
#2337 = LINE ( 'NONE', #4558, #1899 ) ;
#2338 = LINE ( 'NONE', #1784, #2529 ) ;
#2339 = EDGE_CURVE ( 'NONE', #2550, #4616, #2713, .T. ) ;
#2340 = ORIENTED_EDGE ( 'NONE', *, *, #1283, .T. ) ;
#2341 = CARTESIAN_POINT ( 'NONE',  ( -2.249620753808918100, 1.923172360841530300, -2.427933183690476100 ) ) ;
#2342 = DIRECTION ( 'NONE',  ( 1.000000000000000000, 0.0000000000000000000, -6.805308102864042200E-016 ) ) ;
#2343 = VECTOR ( 'NONE', #4915, 1000.000000000000000 ) ;
#2344 = VERTEX_POINT ( 'NONE', #2804 ) ;
#2345 = CARTESIAN_POINT ( 'NONE',  ( -1.825260516351813000, 1.530000000000000000, 3.049999999999999800 ) ) ;
#2346 = FACE_OUTER_BOUND ( 'NONE', #290, .T. ) ;
#2347 = EDGE_CURVE ( 'NONE', #4311, #4038, #4314, .T. ) ;
#2348 = CARTESIAN_POINT ( 'NONE',  ( 1.825260516351813000, 0.0000000000000000000, -3.050000000000000700 ) ) ;
#2349 = CARTESIAN_POINT ( 'NONE',  ( 2.493996089497432200, 1.929999999999999500, -2.175245786865135600 ) ) ;
#2350 = ORIENTED_EDGE ( 'NONE', *, *, #86, .F. ) ;
#2351 = AXIS2_PLACEMENT_3D ( 'NONE', #3187, #802, #1949 ) ;
#2352 = LINE ( 'NONE', #4019, #1977 ) ;
#2353 = CARTESIAN_POINT ( 'NONE',  ( 2.993444671765758800, 0.1999999999999999000, 0.6999999999999999600 ) ) ;
#2354 = EDGE_CURVE ( 'NONE', #1847, #2322, #4516, .T. ) ;
#2355 = CARTESIAN_POINT ( 'NONE',  ( -2.440348604289665600, 1.583790327172668300, -2.316966561438165200 ) ) ;
#2356 = LINE ( 'NONE', #5153, #4135 ) ;
#2357 = STYLED_ITEM ( 'NONE', ( #2781 ), #3709 ) ;
#2358 = CARTESIAN_POINT ( 'NONE',  ( 0.0000000000000000000, 4.800000000000002500, -2.199999999999998800 ) ) ;
#2359 = VECTOR ( 'NONE', #4483, 1000.000000000000200 ) ;
#2360 = CARTESIAN_POINT ( 'NONE',  ( -2.323564181761109900, 1.847159435199323500, 2.456144816545613500 ) ) ;
#2361 = FACE_OUTER_BOUND ( 'NONE', #4602, .T. ) ;
#2362 = ORIENTED_EDGE ( 'NONE', *, *, #3401, .T. ) ;
#2363 = ORIENTED_EDGE ( 'NONE', *, *, #2718, .T. ) ;
#2364 = DIRECTION ( 'NONE',  ( -0.0000000000000000000, 0.0000000000000000000, 1.000000000000000000 ) ) ;
#2365 = DIRECTION ( 'NONE',  ( -0.6427876096865378100, 0.0000000000000000000, -0.7660444431189793500 ) ) ;
#2366 = EDGE_CURVE ( 'NONE', #3767, #1050, #4960, .T. ) ;
#2367 = VECTOR ( 'NONE', #72, 1000.000000000000100 ) ;
#2368 = ORIENTED_EDGE ( 'NONE', *, *, #550, .F. ) ;
#2369 = PLANE ( 'NONE',  #333 ) ;
#2370 = CARTESIAN_POINT ( 'NONE',  ( -2.000000000000000000, 0.2000000000000000100, -0.7000000000000000700 ) ) ;
#2371 = EDGE_CURVE ( 'NONE', #1957, #4939, #87, .T. ) ;
#2372 = CARTESIAN_POINT ( 'NONE',  ( 2.362731470142131100, 1.930000000000000200, 1.199999999999999100 ) ) ;
#2373 = DIRECTION ( 'NONE',  ( 0.6427876096865382500, 0.0000000000000000000, -0.7660444431189789000 ) ) ;
#2374 = ORIENTED_EDGE ( 'NONE', *, *, #4108, .F. ) ;
#2375 = ADVANCED_FACE ( 'NONE', ( #148 ), #2094, .T. ) ;
#2376 = CARTESIAN_POINT ( 'NONE',  ( -2.257879880957131700, 1.916477995765639900, -2.432773583231585800 ) ) ;
#2377 = CARTESIAN_POINT ( 'NONE',  ( 2.993444671765758800, 0.2499999999999998900, -0.6999999999999999600 ) ) ;
#2378 = CARTESIAN_POINT ( 'NONE',  ( 2.905725858934928000, 1.879999990299078300, 1.762351546303042100 ) ) ;
#2379 = EDGE_CURVE ( 'NONE', #941, #2950, #4761, .T. ) ;
#2380 = CARTESIAN_POINT ( 'NONE',  ( -2.265136491934274700, 1.907601957559131000, 2.435717192514523300 ) ) ;
#2381 = CARTESIAN_POINT ( 'NONE',  ( 2.993444671765758800, 0.2499999999999998900, 0.6999999999999999600 ) ) ;
#2382 = CARTESIAN_POINT ( 'NONE',  ( -2.559230525366472400, 1.929999999999998200, -1.435163735632962100 ) ) ;
#2383 = ORIENTED_EDGE ( 'NONE', *, *, #2700, .F. ) ;
#2384 = ADVANCED_FACE ( 'NONE', ( #4519 ), #1696, .F. ) ;
#2385 = ORIENTED_EDGE ( 'NONE', *, *, #3795, .F. ) ;
#2386 = DIRECTION ( 'NONE',  ( 0.0000000000000000000, 1.000000000000000000, 0.0000000000000000000 ) ) ;
#2387 = DIRECTION ( 'NONE',  ( -0.0000000000000000000, -1.000000000000000000, -0.0000000000000000000 ) ) ;
#2388 = AXIS2_PLACEMENT_3D ( 'NONE', #534, #922, #4948 ) ;
#2389 = DIRECTION ( 'NONE',  ( 0.0000000000000000000, 0.0000000000000000000, -1.000000000000000000 ) ) ;
#2390 = CARTESIAN_POINT ( 'NONE',  ( 2.302462449073379200, 1.917659127564141000, -2.481292882286178600 ) ) ;
#2391 = ORIENTED_EDGE ( 'NONE', *, *, #3551, .F. ) ;
#2392 = PLANE ( 'NONE',  #3421 ) ;
#2393 = FACE_OUTER_BOUND ( 'NONE', #161, .T. ) ;
#2394 = CARTESIAN_POINT ( 'NONE',  ( -2.850911358594515400, 1.929999999995545900, 1.679913015227543400 ) ) ;
#2395 = ORIENTED_EDGE ( 'NONE', *, *, #1015, .T. ) ;
#2396 = CARTESIAN_POINT ( 'NONE',  ( -2.440348604289665600, 1.530000000000000000, 2.316966561438165600 ) ) ;
#2397 = DIRECTION ( 'NONE',  ( -0.7660444431189792300, 0.0000000000000000000, -0.6427876096865378100 ) ) ;
#2398 = FACE_OUTER_BOUND ( 'NONE', #3891, .T. ) ;
#2399 = ORIENTED_EDGE ( 'NONE', *, *, #4108, .T. ) ;
#2400 = ADVANCED_FACE ( 'NONE', ( #1774 ), #500, .F. ) ;
#2401 = EDGE_CURVE ( 'NONE', #4038, #2511, #1280, .T. ) ;
#2402 = CYLINDRICAL_SURFACE ( 'NONE', #5218, 2.374999999999999600 ) ;
#2403 = CARTESIAN_POINT ( 'NONE',  ( -2.867423636778977600, 1.879999990299078300, -1.730212165818714200 ) ) ;
#2404 = DIRECTION ( 'NONE',  ( 0.0000000000000000000, 0.0000000000000000000, 1.000000000000000000 ) ) ;
#2405 = FACE_OUTER_BOUND ( 'NONE', #1380, .T. ) ;
#2406 = EDGE_LOOP ( 'NONE', ( #3284, #410, #1416, #1728 ) ) ;
#2407 = DIRECTION ( 'NONE',  ( 1.000000000000000000, 0.0000000000000000000, -0.0000000000000000000 ) ) ;
#2408 = DIRECTION ( 'NONE',  ( 0.0000000000000000000, 0.0000000000000000000, 1.000000000000000000 ) ) ;
#2409 = VECTOR ( 'NONE', #4715, 1000.000000000000000 ) ;
#2410 = EDGE_CURVE ( 'NONE', #4149, #3750, #2589, .T. ) ;
#2411 = VERTEX_POINT ( 'NONE', #3312 ) ;
#2412 = CARTESIAN_POINT ( 'NONE',  ( 2.261420457685837000, 1.912147283479140200, 2.434209801124263000 ) ) ;
#2413 = CARTESIAN_POINT ( 'NONE',  ( -0.4013374855950431200, 4.800000000000000700, -1.754687499999999700 ) ) ;
#2414 = ORIENTED_EDGE ( 'NONE', *, *, #3093, .F. ) ;
#2415 = FACE_OUTER_BOUND ( 'NONE', #4503, .T. ) ;
#2416 = DIRECTION ( 'NONE',  ( 0.0000000000000000000, 0.0000000000000000000, 1.000000000000000000 ) ) ;
#2417 = VERTEX_POINT ( 'NONE', #867 ) ;
#2418 = EDGE_CURVE ( 'NONE', #2999, #508, #2845, .T. ) ;
#2419 = DIRECTION ( 'NONE',  ( -0.0000000000000000000, -1.000000000000000000, -0.0000000000000000000 ) ) ;
#2420 = SURFACE_STYLE_FILL_AREA ( #1168 ) ;
#2421 = AXIS2_PLACEMENT_3D ( 'NONE', #1301, #910, #2115 ) ;
#2422 = DIRECTION ( 'NONE',  ( 1.000000000000000000, -2.168404344971003300E-015, 0.0000000000000000000 ) ) ;
#2423 = CARTESIAN_POINT ( 'NONE',  ( 0.1871594614189947000, 1.929999999999999500, -0.07451084703774665800 ) ) ;
#2424 = LINE ( 'NONE', #2259, #1984 ) ;
#2425 = ORIENTED_EDGE ( 'NONE', *, *, #1242, .T. ) ;
#2426 = DIRECTION ( 'NONE',  ( 1.000000000000000000, 0.0000000000000000000, -0.0000000000000000000 ) ) ;
#2427 = CARTESIAN_POINT ( 'NONE',  ( 2.868645614448017700, 1.979999999999997800, -1.650969678198544300 ) ) ;
#2428 = CARTESIAN_POINT ( 'NONE',  ( 2.428795789979630600, 1.674522915955187800, -2.330734669396723500 ) ) ;
#2429 = AXIS2_PLACEMENT_3D ( 'NONE', #1054, #1405, #2236 ) ;
#2430 = CARTESIAN_POINT ( 'NONE',  ( 2.273698166652609900, 1.891435925022549600, 2.436257678482859100 ) ) ;
#2431 = VECTOR ( 'NONE', #2139, 1000.000000000000000 ) ;
#2432 = ORIENTED_EDGE ( 'NONE', *, *, #3849, .T. ) ;
#2433 = ORIENTED_EDGE ( 'NONE', *, *, #4462, .T. ) ;
#2434 = CARTESIAN_POINT ( 'NONE',  ( -2.860574822982070700, 1.926290537153732900, 1.690973126709404800 ) ) ;
#2435 = ORIENTED_EDGE ( 'NONE', *, *, #1489, .F. ) ;
#2436 = B_SPLINE_SURFACE_WITH_KNOTS ( 'NONE', 3, 1, ( 
 ( #4407, #5222 ),
 ( #1972, #2390 ),
 ( #3618, #4838 ),
 ( #383, #2428 ),
 ( #787, #2027 ),
 ( #2012, #4872 ) ),
 .UNSPECIFIED., .F., .F., .F.,
 ( 4, 1, 1, 4 ),
 ( 2, 2 ),
 ( 0.0000000000000000000, 0.4059071862753277400, 0.7447259720286310000, 1.000000000000000000 ),
 ( 0.0000000000000000000, 1.000000000000000000 ),
 .UNSPECIFIED. ) ;
#2437 = VERTEX_POINT ( 'NONE', #451 ) ;
#2438 = ORIENTED_EDGE ( 'NONE', *, *, #805, .T. ) ;
#2439 = CARTESIAN_POINT ( 'NONE',  ( 2.402046382133715200, 1.530000000000000000, -2.284827180953837200 ) ) ;
#2440 = DIRECTION ( 'NONE',  ( 0.0000000000000000000, 0.0000000000000000000, 1.000000000000000000 ) ) ;
#2441 = VERTEX_POINT ( 'NONE', #1268 ) ;
#2442 = EDGE_CURVE ( 'NONE', #2853, #4362, #1393, .T. ) ;
#2443 = CARTESIAN_POINT ( 'NONE',  ( 1.825260516351813000, 0.0000000000000000000, 3.050000000000000700 ) ) ;
#2444 = CARTESIAN_POINT ( 'NONE',  ( 2.304343724360582400, 2.500000000000000000, 0.5749999999999962900 ) ) ;
#2445 = DIRECTION ( 'NONE',  ( -0.6427876096865375900, -0.0000000000000000000, 0.7660444431189795700 ) ) ;
#2446 = CIRCLE ( 'NONE', #4039, 3.500000000000000400 ) ;
#2447 = DIRECTION ( 'NONE',  ( -0.0000000000000000000, -1.000000000000000000, -0.0000000000000000000 ) ) ;
#2448 = ORIENTED_EDGE ( 'NONE', *, *, #3020, .F. ) ;
#2449 = EDGE_CURVE ( 'NONE', #4714, #3512, #3665, .T. ) ;
#2450 = DIRECTION ( 'NONE',  ( 0.0000000000000000000, 0.0000000000000000000, 1.000000000000000000 ) ) ;
#2451 = AXIS2_PLACEMENT_3D ( 'NONE', #1823, #3778, #1381 ) ;
#2452 = DIRECTION ( 'NONE',  ( 0.0000000000000000000, 0.0000000000000000000, 1.000000000000000000 ) ) ;
#2453 = ORIENTED_EDGE ( 'NONE', *, *, #3063, .F. ) ;
#2454 = EDGE_CURVE ( 'NONE', #16, #4118, #2956, .T. ) ;
#2455 = LINE ( 'NONE', #271, #813 ) ;
#2456 = CARTESIAN_POINT ( 'NONE',  ( 2.304343724360582400, 2.500000000000000000, 0.5749999999999962900 ) ) ;
#2457 =( NAMED_UNIT ( * ) PLANE_ANGLE_UNIT ( ) SI_UNIT ( $, .RADIAN. ) );
#2458 = ORIENTED_EDGE ( 'NONE', *, *, #923, .F. ) ;
#2459 = ORIENTED_EDGE ( 'NONE', *, *, #366, .T. ) ;
#2460 = AXIS2_PLACEMENT_3D ( 'NONE', #3095, #3546, #1108 ) ;
#2461 = DIRECTION ( 'NONE',  ( 0.0000000000000000000, 0.0000000000000000000, -1.000000000000000000 ) ) ;
#2462 = CARTESIAN_POINT ( 'NONE',  ( 2.876103991879633200, 1.979999999999998200, -1.657227999950593200 ) ) ;
#2463 = CARTESIAN_POINT ( 'NONE',  ( 2.859232212978300300, 1.529999999999999600, 1.817760515904649900 ) ) ;
#2464 = FACE_OUTER_BOUND ( 'NONE', #4585, .T. ) ;
#2465 = ORIENTED_EDGE ( 'NONE', *, *, #2568, .F. ) ;
#2466 = ORIENTED_EDGE ( 'NONE', *, *, #4359, .F. ) ;
#2467 = DIRECTION ( 'NONE',  ( 0.6427876096865378100, -0.0000000000000000000, 0.7660444431189793500 ) ) ;
#2468 = VECTOR ( 'NONE', #2937, 1000.000000000000000 ) ;
#2469 = FACE_OUTER_BOUND ( 'NONE', #4273, .T. ) ;
#2470 = CARTESIAN_POINT ( 'NONE',  ( 1.266093033428751900, 15.41086354534016500, -2.550000000000000700 ) ) ;
#2471 = VERTEX_POINT ( 'NONE', #119 ) ;
#2472 = CARTESIAN_POINT ( 'NONE',  ( -2.304343724360582000, 3.500000000000000000, 0.5749999999999996200 ) ) ;
#2473 = CARTESIAN_POINT ( 'NONE',  ( -0.4013374855950431200, 2.500000000000000000, -2.254687499999999700 ) ) ;
#2474 = VECTOR ( 'NONE', #4902, 1000.000000000000000 ) ;
#2475 = FACE_OUTER_BOUND ( 'NONE', #5025, .T. ) ;
#2476 = EDGE_CURVE ( 'NONE', #1359, #3623, #1512, .T. ) ;
#2477 = ORIENTED_EDGE ( 'NONE', *, *, #5182, .T. ) ;
#2478 =( NAMED_UNIT ( * ) PLANE_ANGLE_UNIT ( ) SI_UNIT ( $, .RADIAN. ) );
#2479 = PLANE ( 'NONE',  #2134 ) ;
#2480 = LINE ( 'NONE', #4347, #4249 ) ;
#2481 = CARTESIAN_POINT ( 'NONE',  ( -2.288294191084494500, 1.941604619803089400, -2.465151497256729200 ) ) ;
#2482 = ORIENTED_EDGE ( 'NONE', *, *, #1061, .T. ) ;
#2483 = CARTESIAN_POINT ( 'NONE',  ( 2.569247472818311500, 1.955419800238429300, 1.423226002520405100 ) ) ;
#2484 = CARTESIAN_POINT ( 'NONE',  ( -2.315461233156051300, 1.880000009701113800, -2.465801534656297800 ) ) ;
#2485 = CYLINDRICAL_SURFACE ( 'NONE', #759, 3.500000000000000400 ) ;
#2486 = EDGE_CURVE ( 'NONE', #66, #909, #5225, .T. ) ;
#2487 = LINE ( 'NONE', #2551, #5217 ) ;
#2488 = CARTESIAN_POINT ( 'NONE',  ( 0.0000000000000000000, 16.83777582424696100, 0.0000000000000000000 ) ) ;
#2489 = DIRECTION ( 'NONE',  ( 0.0000000000000000000, 0.0000000000000000000, -1.000000000000000000 ) ) ;
#2490 = LINE ( 'NONE', #38, #4470 ) ;
#2491 = CARTESIAN_POINT ( 'NONE',  ( -2.895368093107167700, 15.41086354534016500, 1.514924142463396100 ) ) ;
#2492 = VECTOR ( 'NONE', #4981, 1000.000000000000000 ) ;
#2493 = VECTOR ( 'NONE', #2364, 1000.000000000000000 ) ;
#2494 = VERTEX_POINT ( 'NONE', #1687 ) ;
#2495 = AXIS2_PLACEMENT_3D ( 'NONE', #2607, #207, #1007 ) ;
#2496 = EDGE_LOOP ( 'NONE', ( #2047, #3854, #3242, #45 ) ) ;
#2497 = CARTESIAN_POINT ( 'NONE',  ( 3.500000000000000000, 1.000000000000000000, -0.6999999999999999600 ) ) ;
#2498 = CARTESIAN_POINT ( 'NONE',  ( 2.993444671765758800, 0.1999999999999999000, 0.6999999999999999600 ) ) ;
#2499 = FACE_OUTER_BOUND ( 'NONE', #4092, .T. ) ;
#2500 = VERTEX_POINT ( 'NONE', #510 ) ;
#2501 = CARTESIAN_POINT ( 'NONE',  ( 2.624999999999999600, 2.500000000000000000, 0.5749999999999962900 ) ) ;
#2502 = ORIENTED_EDGE ( 'NONE', *, *, #3647, .F. ) ;
#2503 = DIRECTION ( 'NONE',  ( 1.000000000000000000, 1.224646799147352200E-016, 0.0000000000000000000 ) ) ;
#2504 =( NAMED_UNIT ( * ) SI_UNIT ( $, .STERADIAN. ) SOLID_ANGLE_UNIT ( ) );
#2505 = EDGE_CURVE ( 'NONE', #904, #4274, #2952, .T. ) ;
#2506 = CARTESIAN_POINT ( 'NONE',  ( -2.362731470142131600, 1.930000000000000200, -1.199999999999999100 ) ) ;
#2507 = VECTOR ( 'NONE', #3850, 1000.000000000000000 ) ;
#2508 = VERTEX_POINT ( 'NONE', #1723 ) ;
#2509 = EDGE_CURVE ( 'NONE', #236, #2991, #1387, .T. ) ;
#2510 = CARTESIAN_POINT ( 'NONE',  ( -2.549999999999999800, 2.500000000000000000, 0.4999999999999997800 ) ) ;
#2511 = VERTEX_POINT ( 'NONE', #2142 ) ;
#2512 = CARTESIAN_POINT ( 'NONE',  ( -2.580809704034067800, 1.979999999999997800, -1.409446671930623600 ) ) ;
#2513 = ORIENTED_EDGE ( 'NONE', *, *, #550, .T. ) ;
#2514 = AXIS2_PLACEMENT_3D ( 'NONE', #1461, #5050, #5070 ) ;
#2515 = PLANE ( 'NONE',  #3644 ) ;
#2516 = ORIENTED_EDGE ( 'NONE', *, *, #2015, .F. ) ;
#2517 = CARTESIAN_POINT ( 'NONE',  ( 0.5128201204825547600, 2.500000000000000000, -2.242100694444443900 ) ) ;
#2518 = AXIS2_PLACEMENT_3D ( 'NONE', #3363, #4178, #3417 ) ;
#2519 = CIRCLE ( 'NONE', #76, 0.5000000000000000000 ) ;
#2520 = EDGE_LOOP ( 'NONE', ( #535, #3702, #3278, #1921 ) ) ;
#2521 = EDGE_LOOP ( 'NONE', ( #1962, #3970, #4883, #4340 ) ) ;
#2522 = EDGE_CURVE ( 'NONE', #4486, #191, #4578, .T. ) ;
#2523 = DIRECTION ( 'NONE',  ( -3.252606517456508900E-016, 0.0000000000000000000, 1.000000000000000000 ) ) ;
#2524 = VECTOR ( 'NONE', #3617, 1000.000000000000000 ) ;
#2525 = AXIS2_PLACEMENT_3D ( 'NONE', #506, #3691, #1686 ) ;
#2526 = ORIENTED_EDGE ( 'NONE', *, *, #4905, .F. ) ;
#2527 = CARTESIAN_POINT ( 'NONE',  ( 2.580809704034067800, 1.979999999999997800, -1.409446671930623600 ) ) ;
#2528 = LINE ( 'NONE', #1286, #4376 ) ;
#2529 = VECTOR ( 'NONE', #1801, 1000.000000000000000 ) ;
#2530 = CARTESIAN_POINT ( 'NONE',  ( 1.499999999999999600, 1.930000000000000200, 2.184605227495346500 ) ) ;
#2531 = CARTESIAN_POINT ( 'NONE',  ( -2.778390314666657100, 1.929999999999999500, 1.836317947306665300 ) ) ;
#2532 = VERTEX_POINT ( 'NONE', #2546 ) ;
#2533 = LINE ( 'NONE', #4750, #4523 ) ;
#2534 = ADVANCED_FACE ( 'NONE', ( #1581 ), #3277, .T. ) ;
#2535 = ORIENTED_EDGE ( 'NONE', *, *, #3884, .T. ) ;
#2536 = EDGE_CURVE ( 'NONE', #1050, #4830, #3596, .T. ) ;
#2537 = ORIENTED_EDGE ( 'NONE', *, *, #445, .T. ) ;
#2538 = CIRCLE ( 'NONE', #3351, 3.500000000000000400 ) ;
#2539 = EDGE_CURVE ( 'NONE', #251, #4939, #3396, .T. ) ;
#2540 = ORIENTED_EDGE ( 'NONE', *, *, #2941, .T. ) ;
#2541 = CARTESIAN_POINT ( 'NONE',  ( -2.244998032662672800, 1.976833503381027400, 2.433043236355381600 ) ) ;
#2542 = DIRECTION ( 'NONE',  ( -1.000000000000000000, 0.0000000000000000000, 0.0000000000000000000 ) ) ;
#2543 = VECTOR ( 'NONE', #4736, 1000.000000000000000 ) ;
#2544 = DIRECTION ( 'NONE',  ( -0.7660444431189796800, 0.0000000000000000000, -0.6427876096865372500 ) ) ;
#2545 = EDGE_CURVE ( 'NONE', #909, #1448, #3524, .T. ) ;
#2546 = CARTESIAN_POINT ( 'NONE',  ( -0.6500000000000012400, 0.0000000000000000000, 3.050000000000000300 ) ) ;
#2547 = DIRECTION ( 'NONE',  ( 0.7660444431189792300, 0.0000000000000000000, 0.6427876096865378100 ) ) ;
#2548 = LINE ( 'NONE', #1009, #715 ) ;
#2549 = EDGE_LOOP ( 'NONE', ( #3469, #750, #4189, #629 ) ) ;
#2550 = VERTEX_POINT ( 'NONE', #2079 ) ;
#2551 = CARTESIAN_POINT ( 'NONE',  ( -2.000000000000000400, 0.2000000000000000100, 0.7000000000000000700 ) ) ;
#2552 = CARTESIAN_POINT ( 'NONE',  ( 8.166369723436837100E-016, 3.500000000000000000, -1.199999999999997500 ) ) ;
#2553 = LINE ( 'NONE', #5019, #2431 ) ;
#2554 = ORIENTED_EDGE ( 'NONE', *, *, #1763, .T. ) ;
#2555 = ORIENTED_EDGE ( 'NONE', *, *, #744, .T. ) ;
#2556 = AXIS2_PLACEMENT_3D ( 'NONE', #1653, #2793, #1234 ) ;
#2557 = VERTEX_POINT ( 'NONE', #4122 ) ;
#2558 = ORIENTED_EDGE ( 'NONE', *, *, #2401, .T. ) ;
#2559 = CARTESIAN_POINT ( 'NONE',  ( -2.294567611640753800, 1.932696151556233100, 2.468513956879300000 ) ) ;
#2560 = CARTESIAN_POINT ( 'NONE',  ( 2.993444671765758800, 0.2499999999999998900, 0.6999999999999999600 ) ) ;
#2561 = DIRECTION ( 'NONE',  ( -0.0000000000000000000, -1.000000000000000000, -0.0000000000000000000 ) ) ;
#2562 = CARTESIAN_POINT ( 'NONE',  ( 2.993444671765758800, -1.216618837407928800E-016, 0.6999999999999999600 ) ) ;
#2563 = CARTESIAN_POINT ( 'NONE',  ( 2.275765474800151000, 1.885647895128067700, -2.435322905944670600 ) ) ;
#2564 = ORIENTED_EDGE ( 'NONE', *, *, #5205, .F. ) ;
#2565 = CARTESIAN_POINT ( 'NONE',  ( 2.304343724360582400, 2.500000000000000000, 0.5749999999999962900 ) ) ;
#2566 = CARTESIAN_POINT ( 'NONE',  ( -3.500000000000000000, 1.000000000000000000, 0.6999999999999999600 ) ) ;
#2567 = ORIENTED_EDGE ( 'NONE', *, *, #1061, .F. ) ;
#2568 = EDGE_CURVE ( 'NONE', #236, #2550, #825, .T. ) ;
#2569 = CARTESIAN_POINT ( 'NONE',  ( 2.895368093107166800, 1.929999999999999500, 1.514924142463396100 ) ) ;
#2570 = CARTESIAN_POINT ( 'NONE',  ( -2.315461233156051300, 1.880000009701113800, 2.465801534656297800 ) ) ;
#2571 = EDGE_LOOP ( 'NONE', ( #1312, #4788, #882, #3025 ) ) ;
#2572 = PLANE ( 'NONE',  #2753 ) ;
#2573 = EDGE_CURVE ( 'NONE', #2500, #66, #516, .T. ) ;
#2574 = CARTESIAN_POINT ( 'NONE',  ( -0.7738512146196364600, 1.929999999999998200, -1.191573158905472100 ) ) ;
#2575 = VERTEX_POINT ( 'NONE', #2894 ) ;
#2576 = ORIENTED_EDGE ( 'NONE', *, *, #5238, .T. ) ;
#2577 = DIRECTION ( 'NONE',  ( 0.0000000000000000000, 0.0000000000000000000, 1.000000000000000000 ) ) ;
#2578 = EDGE_CURVE ( 'NONE', #2934, #2260, #4901, .T. ) ;
#2579 = LINE ( 'NONE', #3575, #3899 ) ;
#2580 = DIRECTION ( 'NONE',  ( 0.0000000000000000000, -1.000000000000000000, 0.0000000000000000000 ) ) ;
#2581 = ORIENTED_EDGE ( 'NONE', *, *, #246, .T. ) ;
#2582 = ADVANCED_FACE ( 'NONE', ( #3783 ), #3936, .T. ) ;
#2583 = CARTESIAN_POINT ( 'NONE',  ( 2.778390314666656200, 1.530000000000000000, -1.836317947306664400 ) ) ;
#2584 = VERTEX_POINT ( 'NONE', #504 ) ;
#2585 = CYLINDRICAL_SURFACE ( 'NONE', #5143, 2.374999999999999600 ) ;
#2586 = CYLINDRICAL_SURFACE ( 'NONE', #4479, 0.5000000000000000000 ) ;
#2587 = ORIENTED_EDGE ( 'NONE', *, *, #2877, .F. ) ;
#2588 = DIRECTION ( 'NONE',  ( -0.0000000000000000000, 1.000000000000000000, -0.0000000000000000000 ) ) ;
#2589 = LINE ( 'NONE', #889, #1903 ) ;
#2590 = FACE_OUTER_BOUND ( 'NONE', #4662, .T. ) ;
#2591 = CARTESIAN_POINT ( 'NONE',  ( -1.938022094347530100, 1.979999999999997800, 2.175491115049602400 ) ) ;
#2592 = CARTESIAN_POINT ( 'NONE',  ( 2.362731470142131100, 3.500000000000000000, -1.199999999999999100 ) ) ;
#2593 = ORIENTED_EDGE ( 'NONE', *, *, #2806, .T. ) ;
#2594 = FACE_OUTER_BOUND ( 'NONE', #35, .T. ) ;
#2595 = CARTESIAN_POINT ( 'NONE',  ( -2.362731470142131600, 1.930000000000000200, -1.199999999999999700 ) ) ;
#2596 = DIRECTION ( 'NONE',  ( 0.0000000000000000000, 0.0000000000000000000, -1.000000000000000000 ) ) ;
#2597 = EDGE_LOOP ( 'NONE', ( #1822, #4180, #3736, #3697 ) ) ;
#2598 = EDGE_CURVE ( 'NONE', #793, #2989, #2337, .T. ) ;
#2599 = ORIENTED_EDGE ( 'NONE', *, *, #86, .T. ) ;
#2600 = CARTESIAN_POINT ( 'NONE',  ( 0.0000000000000000000, 3.500000000000000000, 0.0000000000000000000 ) ) ;
#2601 = DIRECTION ( 'NONE',  ( 0.0000000000000000000, 0.0000000000000000000, 1.000000000000000000 ) ) ;
#2602 = CIRCLE ( 'NONE', #5111, 3.500000000000000400 ) ;
#2603 = VECTOR ( 'NONE', #1792, 1000.000000000000000 ) ;
#2604 = VECTOR ( 'NONE', #3394, 1000.000000000000000 ) ;
#2605 = EDGE_CURVE ( 'NONE', #3345, #191, #4693, .T. ) ;
#2606 = CARTESIAN_POINT ( 'NONE',  ( -2.906947836603966700, 1.529999999999999100, 1.683109058682871600 ) ) ;
#2607 = CARTESIAN_POINT ( 'NONE',  ( -2.395368093107167700, 15.41086354534016500, -1.514924142463395200 ) ) ;
#2608 = LINE ( 'NONE', #3868, #3819 ) ;
#2609 = CARTESIAN_POINT ( 'NONE',  ( -2.909834721983365600, 1.892649291817416700, 1.757454794003611200 ) ) ;
#2610 = ORIENTED_EDGE ( 'NONE', *, *, #1754, .T. ) ;
#2611 = CARTESIAN_POINT ( 'NONE',  ( 1.938022094347530100, 1.979999999999997800, -2.175491115049602400 ) ) ;
#2612 = ORIENTED_EDGE ( 'NONE', *, *, #2366, .F. ) ;
#2613 = EDGE_CURVE ( 'NONE', #965, #4641, #2528, .T. ) ;
#2614 = CARTESIAN_POINT ( 'NONE',  ( 2.249620753808918100, 1.923172360841530300, -2.427933183690476100 ) ) ;
#2615 = LINE ( 'NONE', #47, #2869 ) ;
#2616 = VERTEX_POINT ( 'NONE', #424 ) ;
#2617 = ORIENTED_EDGE ( 'NONE', *, *, #932, .F. ) ;
#2618 = DIRECTION ( 'NONE',  ( 0.0000000000000000000, -0.0000000000000000000, 1.000000000000000000 ) ) ;
#2619 = CARTESIAN_POINT ( 'NONE',  ( 2.868645614448017700, 1.979999999999997800, 1.650969678198544300 ) ) ;
#2620 = CARTESIAN_POINT ( 'NONE',  ( 2.895368093107166800, 1.530000000000000000, 1.514924142463396100 ) ) ;
#2621 = DIRECTION ( 'NONE',  ( -0.7660444431189809000, 0.0000000000000000000, -0.6427876096865360300 ) ) ;
#2622 = ORIENTED_EDGE ( 'NONE', *, *, #2122, .T. ) ;
#2623 = EDGE_CURVE ( 'NONE', #2762, #2888, #3072, .T. ) ;
#2624 = EDGE_LOOP ( 'NONE', ( #2132, #3405, #4561, #3870 ) ) ;
#2625 = CARTESIAN_POINT ( 'NONE',  ( 2.854499541568711300, 1.929216154553597100, 1.683553399914070200 ) ) ;
#2626 = FACE_OUTER_BOUND ( 'NONE', #4471, .T. ) ;
#2627 = VERTEX_POINT ( 'NONE', #3391 ) ;
#2628 = DIRECTION ( 'NONE',  ( 0.0000000000000000000, -1.000000000000000000, 0.0000000000000000000 ) ) ;
#2629 = CARTESIAN_POINT ( 'NONE',  ( -2.895368093107167700, 1.930000000000000200, -1.199999999999999500 ) ) ;
#2630 = ADVANCED_FACE ( 'NONE', ( #5011 ), #539, .F. ) ;
#2631 = CARTESIAN_POINT ( 'NONE',  ( 2.440348604289665600, 1.530000000000000000, 2.316966561438165600 ) ) ;
#2632 = EDGE_LOOP ( 'NONE', ( #1705, #1757, #917, #1472 ) ) ;
#2633 = DIRECTION ( 'NONE',  ( -0.0000000000000000000, 0.0000000000000000000, 1.000000000000000000 ) ) ;
#2634 = PLANE ( 'NONE',  #4335 ) ;
#2635 = ORIENTED_EDGE ( 'NONE', *, *, #3884, .F. ) ;
#2636 = ADVANCED_FACE ( 'NONE', ( #389 ), #2402, .F. ) ;
#2637 = EDGE_CURVE ( 'NONE', #2126, #2979, #3909, .T. ) ;
#2638 = ORIENTED_EDGE ( 'NONE', *, *, #3347, .F. ) ;
#2639 = DIRECTION ( 'NONE',  ( -1.000000000000000000, 0.0000000000000000000, -0.0000000000000000000 ) ) ;
#2640 = CARTESIAN_POINT ( 'NONE',  ( 2.850911358594515400, 1.929999999995545900, 1.679913015227543400 ) ) ;
#2641 = LINE ( 'NONE', #2574, #3518 ) ;
#2642 = ORIENTED_EDGE ( 'NONE', *, *, #3301, .F. ) ;
#2643 = EDGE_CURVE ( 'NONE', #4036, #2853, #1335, .T. ) ;
#2644 = ORIENTED_EDGE ( 'NONE', *, *, #2168, .F. ) ;
#2645 = CARTESIAN_POINT ( 'NONE',  ( 2.395368093107166800, 1.929999999999999500, 1.514924142463396100 ) ) ;
#2646 = LINE ( 'NONE', #3040, #1074 ) ;
#2647 = DIRECTION ( 'NONE',  ( -0.0000000000000000000, -1.000000000000000000, -0.0000000000000000000 ) ) ;
#2648 = CARTESIAN_POINT ( 'NONE',  ( -0.6500000000000006900, 0.4000000000000000200, 3.149999999999999900 ) ) ;
#2649 = VERTEX_POINT ( 'NONE', #552 ) ;
#2650 = CIRCLE ( 'NONE', #3007, 0.05000000000000012800 ) ;
#2651 = AXIS2_PLACEMENT_3D ( 'NONE', #2985, #3827, #3840 ) ;
#2652 = DIRECTION ( 'NONE',  ( 0.0000000000000000000, 0.0000000000000000000, 1.000000000000000000 ) ) ;
#2653 = DIRECTION ( 'NONE',  ( 1.000000000000000000, -0.0000000000000000000, -0.0000000000000000000 ) ) ;
#2654 = CYLINDRICAL_SURFACE ( 'NONE', #115, 0.1000000000000001900 ) ;
#2655 = AXIS2_PLACEMENT_3D ( 'NONE', #3429, #3458, #2288 ) ;
#2656 = ORIENTED_EDGE ( 'NONE', *, *, #5002, .F. ) ;
#2657 = DIRECTION ( 'NONE',  ( -0.0000000000000000000, 1.000000000000000000, -0.0000000000000000000 ) ) ;
#2658 = VECTOR ( 'NONE', #4383, 1000.000000000000000 ) ;
#2659 = ORIENTED_EDGE ( 'NONE', *, *, #1052, .F. ) ;
#2660 = ORIENTED_EDGE ( 'NONE', *, *, #3824, .F. ) ;
#2661 = CARTESIAN_POINT ( 'NONE',  ( -2.157258114071168200, 4.984726757382301100, 0.3924271097404819500 ) ) ;
#2662 = LINE ( 'NONE', #3696, #4842 ) ;
#2663 = ADVANCED_FACE ( 'NONE', ( #5135 ), #2572, .F. ) ;
#2664 = CARTESIAN_POINT ( 'NONE',  ( -2.493996089497433100, 15.41086354534016500, -2.175245786865135600 ) ) ;
#2665 = EDGE_LOOP ( 'NONE', ( #2656, #2009, #877, #3984 ) ) ;
#2666 = CARTESIAN_POINT ( 'NONE',  ( 2.440348604289665600, 1.583790327172668300, 2.316966561438165600 ) ) ;
#2667 = VECTOR ( 'NONE', #3060, 1000.000000000000200 ) ;
#2668 = EDGE_CURVE ( 'NONE', #365, #3628, #1641, .T. ) ;
#2669 = CARTESIAN_POINT ( 'NONE',  ( 1.938022094347530100, 1.979999999999997800, 2.175491115049602400 ) ) ;
#2670 = PRESENTATION_STYLE_ASSIGNMENT (( #4679 ) ) ;
#2671 = EDGE_LOOP ( 'NONE', ( #2091, #1333, #1736, #1282, #3333, #1403, #3261, #5203 ) ) ;
#2672 = ORIENTED_EDGE ( 'NONE', *, *, #3243, .T. ) ;
#2673 = EDGE_CURVE ( 'NONE', #1932, #2934, #4307, .T. ) ;
#2674 = CARTESIAN_POINT ( 'NONE',  ( -2.277159011000101000, 1.880000009701114200, -2.433662154171969800 ) ) ;
#2675 = VECTOR ( 'NONE', #2099, 1000.000000000000000 ) ;
#2676 = EDGE_LOOP ( 'NONE', ( #4932, #4113, #338, #2363 ) ) ;
#2677 = CARTESIAN_POINT ( 'NONE',  ( 2.304667936094097600, 1.912042694794992900, -2.470461655863165400 ) ) ;
#2678 = DIRECTION ( 'NONE',  ( -0.0000000000000000000, -1.000000000000000000, -0.0000000000000000000 ) ) ;
#2679 = CARTESIAN_POINT ( 'NONE',  ( 0.1871594614189947000, 1.530000000000000000, -0.07451084703774665800 ) ) ;
#2680 = VERTEX_POINT ( 'NONE', #1747 ) ;
#2681 = AXIS2_PLACEMENT_3D ( 'NONE', #3600, #2407, #415 ) ;
#2682 = ADVANCED_FACE ( 'NONE', ( #199 ), #1733, .F. ) ;
#2683 = AXIS2_PLACEMENT_3D ( 'NONE', #4644, #5085, #3893 ) ;
#2684 = DIRECTION ( 'NONE',  ( -7.109392656820623600E-016, 0.0000000000000000000, -1.000000000000000000 ) ) ;
#2685 = ORIENTED_EDGE ( 'NONE', *, *, #6, .F. ) ;
#2686 = ORIENTED_EDGE ( 'NONE', *, *, #1484, .T. ) ;
#2687 = CARTESIAN_POINT ( 'NONE',  ( -2.895368093107167700, 3.500000000000000000, 1.199999999999999500 ) ) ;
#2688 = ORIENTED_EDGE ( 'NONE', *, *, #4098, .T. ) ;
#2689 = CYLINDRICAL_SURFACE ( 'NONE', #3699, 0.5000000000000000000 ) ;
#2690 = DIRECTION ( 'NONE',  ( 0.7660444431189792300, 0.0000000000000000000, -0.6427876096865378100 ) ) ;
#2691 =( NAMED_UNIT ( * ) PLANE_ANGLE_UNIT ( ) SI_UNIT ( $, .RADIAN. ) );
#2692 = CARTESIAN_POINT ( 'NONE',  ( -3.000000000000001300, 0.0000000000000000000, -1.649999999999998800 ) ) ;
#2693 = ORIENTED_EDGE ( 'NONE', *, *, #4443, .F. ) ;
#2694 = PLANE ( 'NONE',  #1710 ) ;
#2695 = CARTESIAN_POINT ( 'NONE',  ( 1.938022094347529900, 1.963923088715963500, 2.175491115049602800 ) ) ;
#2696 = DIRECTION ( 'NONE',  ( 0.0000000000000000000, 0.0000000000000000000, -1.000000000000000000 ) ) ;
#2697 = FACE_OUTER_BOUND ( 'NONE', #3168, .T. ) ;
#2698 = DIRECTION ( 'NONE',  ( -0.0000000000000000000, -0.0000000000000000000, 1.000000000000000000 ) ) ;
#2699 = EDGE_LOOP ( 'NONE', ( #833, #3925, #4794, #2254 ) ) ;
#2700 = EDGE_CURVE ( 'NONE', #3562, #5021, #2274, .T. ) ;
#2701 = VECTOR ( 'NONE', #3151, 1000.000000000000100 ) ;
#2702 = EDGE_LOOP ( 'NONE', ( #2, #3245, #757, #828, #3265, #2368 ) ) ;
#2703 = ADVANCED_FACE ( 'NONE', ( #3268 ), #144, .T. ) ;
#2704 = DIRECTION ( 'NONE',  ( 0.0000000000000000000, -0.0000000000000000000, -1.000000000000000000 ) ) ;
#2705 = ORIENTED_EDGE ( 'NONE', *, *, #2996, .T. ) ;
#2706 = CARTESIAN_POINT ( 'NONE',  ( -1.938022094347529500, 1.917659127564141000, 2.175491115049602400 ) ) ;
#2707 = CARTESIAN_POINT ( 'NONE',  ( 2.312840534787685300, 1.890621480548926800, -2.468924761351901400 ) ) ;
#2708 = VECTOR ( 'NONE', #2913, 1000.000000000000000 ) ;
#2709 = EDGE_CURVE ( 'NONE', #1115, #1252, #3213, .T. ) ;
#2710 = FACE_OUTER_BOUND ( 'NONE', #2406, .T. ) ;
#2711 = CARTESIAN_POINT ( 'NONE',  ( 0.0000000000000000000, 4.800000000000002500, -3.199999999999999700 ) ) ;
#2712 = ORIENTED_EDGE ( 'NONE', *, *, #515, .F. ) ;
#2713 = LINE ( 'NONE', #872, #3217 ) ;
#2714 = CARTESIAN_POINT ( 'NONE',  ( -2.899142650420860200, 1.969021239404721700, -1.686890823535522700 ) ) ;
#2715 = TOROIDAL_SURFACE ( 'NONE', #1920, 2.099999999999999600, 0.2000000000000000100 ) ;
#2716 = ORIENTED_EDGE ( 'NONE', *, *, #558, .F. ) ;
#2717 = CARTESIAN_POINT ( 'NONE',  ( 0.0000000000000000000, 3.500000000000000000, 2.374999999999999600 ) ) ;
#2718 = EDGE_CURVE ( 'NONE', #4869, #2411, #1079, .T. ) ;
#2719 = CARTESIAN_POINT ( 'NONE',  ( 3.040997497580516300, 0.2345491502812527800, 0.6999999999999999600 ) ) ;
#2720 = VECTOR ( 'NONE', #1770, 1000.000000000000000 ) ;
#2721 = ORIENTED_EDGE ( 'NONE', *, *, #4278, .T. ) ;
#2722 = VECTOR ( 'NONE', #1129, 1000.000000000000100 ) ;
#2723 = CARTESIAN_POINT ( 'NONE',  ( 3.000000000000001300, 1.530000000000000000, -1.650000000000000600 ) ) ;
#2724 = CARTESIAN_POINT ( 'NONE',  ( 2.000000000000000000, 0.2000000000000000100, 0.6999999999999999600 ) ) ;
#2725 = CARTESIAN_POINT ( 'NONE',  ( -3.500000000000000000, 1.000000000000000000, -0.6999999999999999600 ) ) ;
#2726 = FACE_OUTER_BOUND ( 'NONE', #3939, .T. ) ;
#2727 = DIRECTION ( 'NONE',  ( 0.0000000000000000000, 1.000000000000000000, 0.0000000000000000000 ) ) ;
#2728 = B_SPLINE_CURVE_WITH_KNOTS ( 'NONE', 3,
 ( #4525, #1202, #4025, #4152, #3318, #883 ),
 .UNSPECIFIED., .F., .F.,
 ( 4, 1, 1, 4 ),
 ( 0.0000000000000000000, 0.2552740279713690000, 0.5940928137246722600, 0.7940126489242030900 ),
 .UNSPECIFIED. ) ;
#2729 = ADVANCED_FACE ( 'NONE', ( #325 ), #2995, .T. ) ;
#2730 = CARTESIAN_POINT ( 'NONE',  ( -3.000000000000001300, 1.530000000000000000, -1.649999999999998800 ) ) ;
#2731 = CYLINDRICAL_SURFACE ( 'NONE', #2317, 2.299999999999999800 ) ;
#2732 = LINE ( 'NONE', #2247, #5232 ) ;
#2733 = ORIENTED_EDGE ( 'NONE', *, *, #1030, .T. ) ;
#2734 = EDGE_CURVE ( 'NONE', #4412, #4714, #1591, .T. ) ;
#2735 = ORIENTED_EDGE ( 'NONE', *, *, #3894, .T. ) ;
#2736 = CARTESIAN_POINT ( 'NONE',  ( -2.000000000000000000, 0.2000000000000000100, -0.6999999999999999600 ) ) ;
#2737 = DIRECTION ( 'NONE',  ( 0.0000000000000000000, 0.0000000000000000000, -1.000000000000000000 ) ) ;
#2738 = DIRECTION ( 'NONE',  ( 0.0000000000000000000, 0.0000000000000000000, 1.000000000000000000 ) ) ;
#2739 = DIRECTION ( 'NONE',  ( 0.3090169943749419000, 0.9510565162951554200, 0.0000000000000000000 ) ) ;
#2740 = LINE ( 'NONE', #4655, #4071 ) ;
#2741 = EDGE_CURVE ( 'NONE', #692, #2494, #1711, .T. ) ;
#2742 = CARTESIAN_POINT ( 'NONE',  ( -2.778390314666657100, 1.530000000000000000, 1.836317947306665300 ) ) ;
#2743 = CARTESIAN_POINT ( 'NONE',  ( -1.825260516351813000, 1.530000000000000000, -3.049999999999999800 ) ) ;
#2744 = CARTESIAN_POINT ( 'NONE',  ( -1.825260516351813000, 1.530000000000000000, 3.049999999999999800 ) ) ;
#2745 = VERTEX_POINT ( 'NONE', #5049 ) ;
#2746 = ORIENTED_EDGE ( 'NONE', *, *, #3687, .T. ) ;
#2747 = CARTESIAN_POINT ( 'NONE',  ( 0.1871594614189947000, 1.530000000000000000, 0.07451084703774751800 ) ) ;
#2748 = CARTESIAN_POINT ( 'NONE',  ( 2.778390314666656200, 1.929999999999999500, 1.836317947306665300 ) ) ;
#2749 = ADVANCED_FACE ( 'NONE', ( #4450 ), #743, .F. ) ;
#2750 = CARTESIAN_POINT ( 'NONE',  ( 2.913951416075375900, 1.927016772409185600, 1.735334214648759800 ) ) ;
#2751 = DIRECTION ( 'NONE',  ( -0.0000000000000000000, -1.000000000000000000, -0.0000000000000000000 ) ) ;
#2752 = ORIENTED_EDGE ( 'NONE', *, *, #190, .T. ) ;
#2753 = AXIS2_PLACEMENT_3D ( 'NONE', #3744, #186, #2138 ) ;
#2754 = CARTESIAN_POINT ( 'NONE',  ( 2.993444671765758800, -1.216618837407928800E-016, -0.6999999999999999600 ) ) ;
#2755 = CARTESIAN_POINT ( 'NONE',  ( -2.000000000000000000, 0.2000000000000000100, 0.6999999999999999600 ) ) ;
#2756 = DIRECTION ( 'NONE',  ( 0.6427876096865379200, -0.0000000000000000000, 0.7660444431189791200 ) ) ;
#2757 = CARTESIAN_POINT ( 'NONE',  ( -3.000000000000001300, 0.0000000000000000000, 1.649999999999998800 ) ) ;
#2758 = ORIENTED_EDGE ( 'NONE', *, *, #2275, .F. ) ;
#2759 = CARTESIAN_POINT ( 'NONE',  ( -2.236860996473609500, 1.929058250561763700, 2.418927340129111100 ) ) ;
#2760 = DIRECTION ( 'NONE',  ( -0.0000000000000000000, -1.000000000000000000, -0.0000000000000000000 ) ) ;
#2761 = LINE ( 'NONE', #4739, #2890 ) ;
#2762 = VERTEX_POINT ( 'NONE', #4227 ) ;
#2763 = CARTESIAN_POINT ( 'NONE',  ( 2.000000000000000000, -0.0000000000000000000, -0.6999999999999999600 ) ) ;
#2764 = ADVANCED_FACE ( 'NONE', ( #2165 ), #3062, .T. ) ;
#2765 = EDGE_CURVE ( 'NONE', #5149, #2508, #2214, .T. ) ;
#2766 = B_SPLINE_CURVE_WITH_KNOTS ( 'NONE', 2,
 ( #2527, #4143, #3343 ),
 .UNSPECIFIED., .F., .F.,
 ( 3, 3 ),
 ( 0.0000000000000000000, 0.1242604036668389600 ),
 .UNSPECIFIED. ) ;
#2767 = ADVANCED_FACE ( 'NONE', ( #2033 ), #4832, .T. ) ;
#2768 = LINE ( 'NONE', #3760, #4684 ) ;
#2769 = ORIENTED_EDGE ( 'NONE', *, *, #4177, .T. ) ;
#2770 = ORIENTED_EDGE ( 'NONE', *, *, #1439, .T. ) ;
#2771 = DIRECTION ( 'NONE',  ( -1.000000000000000000, -0.0000000000000000000, -6.805308102864041200E-016 ) ) ;
#2772 = CARTESIAN_POINT ( 'NONE',  ( 2.868645614448017700, 1.979999999999997800, 1.650969678198544300 ) ) ;
#2773 = VECTOR ( 'NONE', #2108, 1000.000000000000000 ) ;
#2774 = EDGE_CURVE ( 'NONE', #4252, #3084, #3729, .T. ) ;
#2775 = EDGE_LOOP ( 'NONE', ( #1927, #1521, #3349, #753, #4441 ) ) ;
#2776 = DIRECTION ( 'NONE',  ( 0.6427876096865378100, 0.0000000000000000000, -0.7660444431189793500 ) ) ;
#2777 = ADVANCED_FACE ( 'NONE', ( #4044 ), #2585, .F. ) ;
#2778 = LINE ( 'NONE', #3269, #3915 ) ;
#2779 = CARTESIAN_POINT ( 'NONE',  ( 0.0000000000000000000, 1.930000000000000200, 0.0000000000000000000 ) ) ;
#2780 = CARTESIAN_POINT ( 'NONE',  ( -2.549999999999999800, 4.800000000000000700, 0.4999999999999997800 ) ) ;
#2781 = PRESENTATION_STYLE_ASSIGNMENT (( #815 ) ) ;
#2782 = ORIENTED_EDGE ( 'NONE', *, *, #2156, .F. ) ;
#2783 = DIRECTION ( 'NONE',  ( 1.000000000000000000, 0.0000000000000000000, 0.0000000000000000000 ) ) ;
#2784 = LINE ( 'NONE', #1367, #2720 ) ;
#2785 = MECHANICAL_DESIGN_GEOMETRIC_PRESENTATION_REPRESENTATION (  '', ( #4546 ), #2056 ) ;
#2786 = ORIENTED_EDGE ( 'NONE', *, *, #1974, .T. ) ;
#2787 = ADVANCED_FACE ( 'NONE', ( #4511 ), #3513, .F. ) ;
#2788 = CARTESIAN_POINT ( 'NONE',  ( 1.508301782570043100, 1.530000000000000000, -2.987418474506292400 ) ) ;
#2789 = CARTESIAN_POINT ( 'NONE',  ( -2.993444671765758800, -1.216618837407928800E-016, 0.6999999999999999600 ) ) ;
#2790 = EDGE_CURVE ( 'NONE', #4866, #4712, #689, .T. ) ;
#2791 = VERTEX_POINT ( 'NONE', #2382 ) ;
#2792 = FACE_OUTER_BOUND ( 'NONE', #1631, .T. ) ;
#2793 = DIRECTION ( 'NONE',  ( 0.0000000000000000000, 0.0000000000000000000, 1.000000000000000000 ) ) ;
#2794 = DIRECTION ( 'NONE',  ( -1.000000000000000000, -0.0000000000000000000, -0.0000000000000000000 ) ) ;
#2795 = LINE ( 'NONE', #2329, #852 ) ;
#2796 = VERTEX_POINT ( 'NONE', #51 ) ;
#2797 = ORIENTED_EDGE ( 'NONE', *, *, #445, .F. ) ;
#2798 = DIRECTION ( 'NONE',  ( 0.0000000000000000000, 0.0000000000000000000, -1.000000000000000000 ) ) ;
#2799 = EDGE_CURVE ( 'NONE', #66, #1847, #1768, .T. ) ;
#2800 = VECTOR ( 'NONE', #1304, 1000.000000000000000 ) ;
#2801 = ORIENTED_EDGE ( 'NONE', *, *, #125, .F. ) ;
#2802 = EDGE_LOOP ( 'NONE', ( #3491, #4166, #2685, #2735 ) ) ;
#2803 = B_SPLINE_CURVE_WITH_KNOTS ( 'NONE', 3,
 ( #1059, #3103, #698, #1511, #3511, #1457 ),
 .UNSPECIFIED., .F., .F.,
 ( 4, 2, 4 ),
 ( 3.523240035064792100E-018, 0.0001809202235099453600, 0.0003618404470198871900 ),
 .UNSPECIFIED. ) ;
#2804 = CARTESIAN_POINT ( 'NONE',  ( -2.402046382133715200, 1.530000000000000000, 2.284827180953837200 ) ) ;
#2805 =( NAMED_UNIT ( * ) SI_UNIT ( $, .STERADIAN. ) SOLID_ANGLE_UNIT ( ) );
#2806 = EDGE_CURVE ( 'NONE', #3512, #2931, #81, .T. ) ;
#2807 = DIRECTION ( 'NONE',  ( -0.0000000000000000000, -0.0000000000000000000, -1.000000000000000000 ) ) ;
#2808 = ORIENTED_EDGE ( 'NONE', *, *, #2905, .F. ) ;
#2809 = CARTESIAN_POINT ( 'NONE',  ( 2.888691067737098300, 1.975781244707013100, -1.671791007930206300 ) ) ;
#2810 = VERTEX_POINT ( 'NONE', #377 ) ;
#2811 = CARTESIAN_POINT ( 'NONE',  ( -2.244994432064364900, 2.500000000000000000, -0.4999999999999997800 ) ) ;
#2812 = CARTESIAN_POINT ( 'NONE',  ( 2.241184430183501800, 1.927984453373825300, 2.422259910846949800 ) ) ;
#2813 = DIRECTION ( 'NONE',  ( 0.7660444431189793500, 0.0000000000000000000, -0.6427876096865378100 ) ) ;
#2814 = ORIENTED_EDGE ( 'NONE', *, *, #4940, .T. ) ;
#2815 = EDGE_CURVE ( 'NONE', #3353, #278, #2650, .T. ) ;
#2816 = ORIENTED_EDGE ( 'NONE', *, *, #4974, .T. ) ;
#2817 = DIRECTION ( 'NONE',  ( -0.0000000000000000000, -1.000000000000000000, -0.0000000000000000000 ) ) ;
#2818 = ORIENTED_EDGE ( 'NONE', *, *, #4168, .F. ) ;
#2819 = MECHANICAL_DESIGN_GEOMETRIC_PRESENTATION_REPRESENTATION (  '', ( #2021 ), #3073 ) ;
#2820 = CARTESIAN_POINT ( 'NONE',  ( 2.895368093107166800, 3.500000000000000000, -1.199999999999999500 ) ) ;
#2821 = CARTESIAN_POINT ( 'NONE',  ( -0.4013374855950431200, 2.500000000000000000, -1.754687499999999700 ) ) ;
#2822 = AXIS2_PLACEMENT_3D ( 'NONE', #3949, #3195, #4827 ) ;
#2823 = CARTESIAN_POINT ( 'NONE',  ( -2.000000000000000000, 0.2000000000000000100, -0.7000000000000000700 ) ) ;
#2824 = DIRECTION ( 'NONE',  ( 0.0000000000000000000, 1.000000000000000000, -0.0000000000000000000 ) ) ;
#2825 = ORIENTED_EDGE ( 'NONE', *, *, #2623, .T. ) ;
#2826 = CARTESIAN_POINT ( 'NONE',  ( 2.000000000000000000, 0.2000000000000000100, -0.6999999999999996200 ) ) ;
#2827 = ADVANCED_FACE ( 'NONE', ( #951 ), #829, .F. ) ;
#2828 = VECTOR ( 'NONE', #2829, 1000.000000000000100 ) ;
#2829 = DIRECTION ( 'NONE',  ( 0.9510565162951555300, 0.3090169943749412300, 0.0000000000000000000 ) ) ;
#2830 = ORIENTED_EDGE ( 'NONE', *, *, #1518, .F. ) ;
#2831 = DIRECTION ( 'NONE',  ( 0.0000000000000000000, 0.0000000000000000000, -1.000000000000000000 ) ) ;
#2832 = FACE_OUTER_BOUND ( 'NONE', #4206, .T. ) ;
#2833 = ORIENTED_EDGE ( 'NONE', *, *, #1834, .F. ) ;
#2834 = VERTEX_POINT ( 'NONE', #2472 ) ;
#2835 = EDGE_CURVE ( 'NONE', #1654, #1429, #4831, .T. ) ;
#2836 = B_SPLINE_CURVE_WITH_KNOTS ( 'NONE', 2,
 ( #939, #5000, #257 ),
 .UNSPECIFIED., .F., .F.,
 ( 3, 3 ),
 ( 0.2445457786001995500, 1.000000000000000000 ),
 .UNSPECIFIED. ) ;
#2837 = VECTOR ( 'NONE', #2199, 1000.000000000000000 ) ;
#2838 = SURFACE_STYLE_USAGE ( .BOTH. , #3684 ) ;
#2839 = CARTESIAN_POINT ( 'NONE',  ( 2.895368093107166800, 1.929999999999999500, -1.514924142463395200 ) ) ;
#2840 = LINE ( 'NONE', #626, #2036 ) ;
#2841 = CARTESIAN_POINT ( 'NONE',  ( -2.309195983346786100, 1.901605929748477800, -2.470557613077821300 ) ) ;
#2842 = EDGE_LOOP ( 'NONE', ( #210, #1589, #4682, #4806, #407, #3449, #3136, #3366 ) ) ;
#2843 = CARTESIAN_POINT ( 'NONE',  ( -2.580809704034067800, 1.979999999999997800, -1.409446671930623300 ) ) ;
#2844 = DIRECTION ( 'NONE',  ( 0.0000000000000000000, 0.0000000000000000000, 1.000000000000000000 ) ) ;
#2845 = LINE ( 'NONE', #3732, #577 ) ;
#2846 = EDGE_CURVE ( 'NONE', #3006, #4118, #3138, .T. ) ;
#2847 = FACE_OUTER_BOUND ( 'NONE', #3529, .T. ) ;
#2848 = DIRECTION ( 'NONE',  ( 1.000000000000000000, -1.224646799147352200E-016, 0.0000000000000000000 ) ) ;
#2849 = EDGE_LOOP ( 'NONE', ( #888, #2526, #2870, #5069 ) ) ;
#2850 = VECTOR ( 'NONE', #5215, 1000.000000000000000 ) ;
#2851 = DIRECTION ( 'NONE',  ( 1.000000000000000000, 0.0000000000000000000, 0.0000000000000000000 ) ) ;
#2852 = CARTESIAN_POINT ( 'NONE',  ( 2.853920954330124300, 1.720516484374826400, -1.824090227479817400 ) ) ;
#2853 = VERTEX_POINT ( 'NONE', #4425 ) ;
#2854 = ORIENTED_EDGE ( 'NONE', *, *, #1057, .F. ) ;
#2855 = EDGE_CURVE ( 'NONE', #904, #3615, #1140, .T. ) ;
#2856 = VECTOR ( 'NONE', #4434, 1000.000000000000000 ) ;
#2857 = AXIS2_PLACEMENT_3D ( 'NONE', #3182, #3592, #3227 ) ;
#2858 = CARTESIAN_POINT ( 'NONE',  ( -2.867288249460014300, 1.918646332507891700, -1.702563856571186300 ) ) ;
#2859 = CARTESIAN_POINT ( 'NONE',  ( -1.508301782570044400, 1.929999999999999500, -2.987418474506292800 ) ) ;
#2860 = CARTESIAN_POINT ( 'NONE',  ( -1.327143326740344700, 1.529999999999999100, -0.5321852965315774200 ) ) ;
#2861 = CARTESIAN_POINT ( 'NONE',  ( -2.244998032662672800, 1.976833503381027400, -2.433043236355381600 ) ) ;
#2862 = VECTOR ( 'NONE', #2892, 1000.000000000000000 ) ;
#2863 = CARTESIAN_POINT ( 'NONE',  ( 2.882966385121572100, 1.978521125689651300, -1.664407577412007700 ) ) ;
#2864 = VECTOR ( 'NONE', #2445, 1000.000000000000000 ) ;
#2865 = CARTESIAN_POINT ( 'NONE',  ( -2.000000000000000400, 0.2000000000000000100, 0.7000000000000000700 ) ) ;
#2866 = ORIENTED_EDGE ( 'NONE', *, *, #2084, .T. ) ;
#2867 = ORIENTED_EDGE ( 'NONE', *, *, #611, .T. ) ;
#2868 = CARTESIAN_POINT ( 'NONE',  ( -0.1871594614189955600, 15.41086354534016500, 0.07451084703774751800 ) ) ;
#2869 = VECTOR ( 'NONE', #84, 1000.000000000000000 ) ;
#2870 = ORIENTED_EDGE ( 'NONE', *, *, #1663, .F. ) ;
#2871 = EDGE_CURVE ( 'NONE', #2417, #2471, #224, .T. ) ;
#2872 = ORIENTED_EDGE ( 'NONE', *, *, #2623, .F. ) ;
#2873 = CARTESIAN_POINT ( 'NONE',  ( -3.000000000000001800, 0.2000000000000000100, 0.6999999999999997300 ) ) ;
#2874 = CARTESIAN_POINT ( 'NONE',  ( -2.905725858934928000, 1.879999990299078300, -1.762351546303042100 ) ) ;
#2875 = ORIENTED_EDGE ( 'NONE', *, *, #3122, .T. ) ;
#2876 = DIRECTION ( 'NONE',  ( 3.097720492815728600E-016, 0.0000000000000000000, 1.000000000000000000 ) ) ;
#2877 = EDGE_CURVE ( 'NONE', #372, #1002, #3938, .T. ) ;
#2878 = CARTESIAN_POINT ( 'NONE',  ( -3.000000000000001300, 0.0000000000000000000, -1.649999999999998800 ) ) ;
#2879 = DIRECTION ( 'NONE',  ( 0.0000000000000000000, 0.0000000000000000000, 1.000000000000000000 ) ) ;
#2880 = CARTESIAN_POINT ( 'NONE',  ( 2.282305285929959300, 1.950109066607531800, 2.461941533635617900 ) ) ;
#2881 = CARTESIAN_POINT ( 'NONE',  ( 2.549999999999997600, 4.917157287525381700, 0.4999999999999942800 ) ) ;
#2882 = ORIENTED_EDGE ( 'NONE', *, *, #4278, .F. ) ;
#2883 = EDGE_CURVE ( 'NONE', #427, #4489, #3553, .T. ) ;
#2884 = APPLICATION_PROTOCOL_DEFINITION ( 'draft international standard', 'automotive_design', 1998, #512 ) ;
#2885 = CARTESIAN_POINT ( 'NONE',  ( 2.624999999999999600, 2.500000000000000000, -0.5750000000000015100 ) ) ;
#2886 = CARTESIAN_POINT ( 'NONE',  ( -0.4013374855950431200, 16.83777582424696100, -1.754687499999999700 ) ) ;
#2887 = PLANE ( 'NONE',  #839 ) ;
#2888 = VERTEX_POINT ( 'NONE', #2048 ) ;
#2889 = EDGE_CURVE ( 'NONE', #3741, #2004, #5042, .T. ) ;
#2890 = VECTOR ( 'NONE', #4355, 1000.000000000000000 ) ;
#2891 = DIRECTION ( 'NONE',  ( 0.0000000000000000000, 0.0000000000000000000, -1.000000000000000000 ) ) ;
#2892 = DIRECTION ( 'NONE',  ( -0.0000000000000000000, -1.000000000000000000, -0.0000000000000000000 ) ) ;
#2893 = ORIENTED_EDGE ( 'NONE', *, *, #3758, .F. ) ;
#2894 = CARTESIAN_POINT ( 'NONE',  ( 3.309788696740969100, 1.061803398874988400, 0.6999999999999999600 ) ) ;
#2895 = CARTESIAN_POINT ( 'NONE',  ( -3.500000000000000000, 1.000000000000000000, 0.6999999999999999600 ) ) ;
#2896 = ADVANCED_FACE ( 'NONE', ( #4656 ), #2436, .F. ) ;
#2897 = VECTOR ( 'NONE', #525, 1000.000000000000000 ) ;
#2898 = VERTEX_POINT ( 'NONE', #1598 ) ;
#2899 = ORIENTED_EDGE ( 'NONE', *, *, #1439, .F. ) ;
#2900 = DIRECTION ( 'NONE',  ( 0.0000000000000000000, 1.000000000000000000, 0.0000000000000000000 ) ) ;
#2901 = VECTOR ( 'NONE', #3943, 1000.000000000000000 ) ;
#2902 = CARTESIAN_POINT ( 'NONE',  ( 2.905725858934928000, 1.879999990299078300, -1.762351546303042100 ) ) ;
#2903 = ORIENTED_EDGE ( 'NONE', *, *, #4835, .T. ) ;
#2904 = VECTOR ( 'NONE', #1755, 1000.000000000000000 ) ;
#2905 = EDGE_CURVE ( 'NONE', #3313, #1448, #1795, .T. ) ;
#2906 = ORIENTED_EDGE ( 'NONE', *, *, #5030, .T. ) ;
#2907 = CARTESIAN_POINT ( 'NONE',  ( -2.905725858934928000, 1.879999990299078300, 1.762351546303042100 ) ) ;
#2908 = VECTOR ( 'NONE', #2969, 1000.000000000000000 ) ;
#2909 = DIRECTION ( 'NONE',  ( 0.0000000000000000000, 1.000000000000000000, 0.0000000000000000000 ) ) ;
#2910 = VERTEX_POINT ( 'NONE', #426 ) ;
#2911 = CARTESIAN_POINT ( 'NONE',  ( 2.304343724360582400, 3.500000000000000000, -0.5750000000000015100 ) ) ;
#2912 = EDGE_CURVE ( 'NONE', #864, #1355, #2305, .T. ) ;
#2913 = DIRECTION ( 'NONE',  ( -0.0000000000000000000, -0.0000000000000000000, 1.000000000000000000 ) ) ;
#2914 = DIRECTION ( 'NONE',  ( 0.0000000000000000000, 0.0000000000000000000, 1.000000000000000000 ) ) ;
#2915 = ORIENTED_EDGE ( 'NONE', *, *, #2015, .T. ) ;
#2916 = DIRECTION ( 'NONE',  ( 0.0000000000000000000, 0.0000000000000000000, 1.000000000000000000 ) ) ;
#2917 = CARTESIAN_POINT ( 'NONE',  ( 3.231208800839547600, 0.1727457514062645200, 0.6999999999999999600 ) ) ;
#2918 = LINE ( 'NONE', #3791, #1297 ) ;
#2919 = ORIENTED_EDGE ( 'NONE', *, *, #3208, .F. ) ;
#2920 = AXIS2_PLACEMENT_3D ( 'NONE', #1346, #4169, #3826 ) ;
#2921 = ORIENTED_EDGE ( 'NONE', *, *, #52, .F. ) ;
#2922 = CARTESIAN_POINT ( 'NONE',  ( -2.078460969082652500, 5.000000000000000000, -0.2999999999999997700 ) ) ;
#2923 = ADVANCED_FACE ( 'NONE', ( #4539 ), #4070, .T. ) ;
#2924 = CARTESIAN_POINT ( 'NONE',  ( 0.0000000000000000000, 5.000000000000000000, 0.0000000000000000000 ) ) ;
#2925 = CARTESIAN_POINT ( 'NONE',  ( 0.0000000000000000000, 4.800000000000000700, 0.0000000000000000000 ) ) ;
#2926 = VECTOR ( 'NONE', #127, 1000.000000000000000 ) ;
#2927 = ORIENTED_EDGE ( 'NONE', *, *, #94, .T. ) ;
#2928 = CARTESIAN_POINT ( 'NONE',  ( -2.569247472818311500, 1.955419800238429300, -1.423226002520405100 ) ) ;
#2929 = ORIENTED_EDGE ( 'NONE', *, *, #2709, .F. ) ;
#2930 = DIRECTION ( 'NONE',  ( -0.0000000000000000000, -1.000000000000000000, -0.0000000000000000000 ) ) ;
#2931 = VERTEX_POINT ( 'NONE', #865 ) ;
#2932 = ORIENTED_EDGE ( 'NONE', *, *, #2476, .F. ) ;
#2933 = EDGE_CURVE ( 'NONE', #2090, #4714, #1931, .T. ) ;
#2934 = VERTEX_POINT ( 'NONE', #2484 ) ;
#2935 = ORIENTED_EDGE ( 'NONE', *, *, #3139, .F. ) ;
#2936 = CARTESIAN_POINT ( 'NONE',  ( -1.508301782570044000, 1.530000000000000000, 2.987418474506292800 ) ) ;
#2937 = DIRECTION ( 'NONE',  ( -0.0000000000000000000, 1.000000000000000000, -0.0000000000000000000 ) ) ;
#2938 = EDGE_CURVE ( 'NONE', #85, #1376, #4346, .T. ) ;
#2939 = ORIENTED_EDGE ( 'NONE', *, *, #5034, .F. ) ;
#2940 = DIRECTION ( 'NONE',  ( 0.6427876096865378100, -0.0000000000000000000, 0.7660444431189793500 ) ) ;
#2941 = EDGE_CURVE ( 'NONE', #3078, #2991, #2615, .T. ) ;
#2942 = VERTEX_POINT ( 'NONE', #4518 ) ;
#2943 = AXIS2_PLACEMENT_3D ( 'NONE', #2118, #838, #860 ) ;
#2944 = VECTOR ( 'NONE', #340, 1000.000000000000000 ) ;
#2945 = EDGE_LOOP ( 'NONE', ( #1298, #2208, #1186, #419, #564, #3409 ) ) ;
#2946 = DIRECTION ( 'NONE',  ( 0.7660444431189793500, 0.0000000000000000000, 0.6427876096865378100 ) ) ;
#2947 = FACE_OUTER_BOUND ( 'NONE', #3032, .T. ) ;
#2948 = ORIENTED_EDGE ( 'NONE', *, *, #60, .F. ) ;
#2949 = DIRECTION ( 'NONE',  ( 0.6427876096865378100, 0.0000000000000000000, -0.7660444431189793500 ) ) ;
#2950 = VERTEX_POINT ( 'NONE', #3298 ) ;
#2951 = DIRECTION ( 'NONE',  ( 1.084202172485503000E-016, 0.0000000000000000000, -1.000000000000000000 ) ) ;
#2952 = LINE ( 'NONE', #1322, #3462 ) ;
#2953 = LINE ( 'NONE', #3382, #4377 ) ;
#2954 = CARTESIAN_POINT ( 'NONE',  ( 2.234346644547877700, 1.929682731982899300, -2.416989238110138300 ) ) ;
#2955 = ORIENTED_EDGE ( 'NONE', *, *, #4554, .T. ) ;
#2956 = LINE ( 'NONE', #2530, #1017 ) ;
#2957 = CYLINDRICAL_SURFACE ( 'NONE', #1003, 2.375000000000000000 ) ;
#2958 = VERTEX_POINT ( 'NONE', #3661 ) ;
#2959 = LINE ( 'NONE', #2826, #3412 ) ;
#2960 = EDGE_CURVE ( 'NONE', #2508, #3216, #4747, .T. ) ;
#2961 = VERTEX_POINT ( 'NONE', #3980 ) ;
#2962 = VERTEX_POINT ( 'NONE', #2757 ) ;
#2963 = CARTESIAN_POINT ( 'NONE',  ( -1.499999999999999600, 1.930000000000000200, -3.050000000000000700 ) ) ;
#2964 = DIRECTION ( 'NONE',  ( -1.000000000000000000, 0.0000000000000000000, 0.0000000000000000000 ) ) ;
#2965 = ADVANCED_FACE ( 'NONE', ( #5161 ), #2731, .T. ) ;
#2966 = DIRECTION ( 'NONE',  ( 0.0000000000000000000, 0.0000000000000000000, 1.000000000000000000 ) ) ;
#2967 = VECTOR ( 'NONE', #1467, 1000.000000000000000 ) ;
#2968 = EDGE_CURVE ( 'NONE', #3933, #436, #4785, .T. ) ;
#2969 = DIRECTION ( 'NONE',  ( -0.0000000000000000000, -1.000000000000000000, -0.0000000000000000000 ) ) ;
#2970 = VECTOR ( 'NONE', #3411, 1000.000000000000000 ) ;
#2971 = ORIENTED_EDGE ( 'NONE', *, *, #1021, .T. ) ;
#2972 = AXIS2_PLACEMENT_3D ( 'NONE', #279, #1085, #2298 ) ;
#2973 = CARTESIAN_POINT ( 'NONE',  ( 2.349999999999999600, 4.800000000000000700, 0.0000000000000000000 ) ) ;
#2974 = PLANE ( 'NONE',  #4371 ) ;
#2975 = DIRECTION ( 'NONE',  ( 1.000000000000000000, 0.0000000000000000000, 0.0000000000000000000 ) ) ;
#2976 = CIRCLE ( 'NONE', #4510, 1.200000000000001100 ) ;
#2977 = CYLINDRICAL_SURFACE ( 'NONE', #1313, 0.5000000000000000000 ) ;
#2978 = ORIENTED_EDGE ( 'NONE', *, *, #729, .T. ) ;
#2979 = VERTEX_POINT ( 'NONE', #3262 ) ;
#2980 = EDGE_CURVE ( 'NONE', #3897, #3780, #4400, .T. ) ;
#2981 = AXIS2_PLACEMENT_3D ( 'NONE', #578, #984, #4219 ) ;
#2982 = LINE ( 'NONE', #3041, #1110 ) ;
#2983 = ORIENTED_EDGE ( 'NONE', *, *, #4926, .F. ) ;
#2984 = EDGE_LOOP ( 'NONE', ( #3226, #3342, #1506, #542 ) ) ;
#2985 = CARTESIAN_POINT ( 'NONE',  ( 0.0000000000000000000, 0.2000000000000000100, 0.0000000000000000000 ) ) ;
#2986 = CARTESIAN_POINT ( 'NONE',  ( -3.000000000000001300, 0.2000000000000000100, -0.7000000000000001800 ) ) ;
#2987 = CARTESIAN_POINT ( 'NONE',  ( -1.825260516351813000, 1.530000000000000000, 3.049999999999999800 ) ) ;
#2988 = CARTESIAN_POINT ( 'NONE',  ( -2.778390314666657100, 15.41086354534016500, -1.836317947306664400 ) ) ;
#2989 = VERTEX_POINT ( 'NONE', #2074 ) ;
#2990 = EDGE_CURVE ( 'NONE', #1448, #3064, #1240, .T. ) ;
#2991 = VERTEX_POINT ( 'NONE', #4134 ) ;
#2992 = CARTESIAN_POINT ( 'NONE',  ( 0.3210699884760341800, 4.800000000000000700, -2.043749999999999300 ) ) ;
#2993 = CARTESIAN_POINT ( 'NONE',  ( 2.000000000000000000, 0.2000000000000000100, -0.6999999999999996200 ) ) ;
#2994 = ORIENTED_EDGE ( 'NONE', *, *, #3888, .F. ) ;
#2995 = PLANE ( 'NONE',  #1315 ) ;
#2996 = EDGE_CURVE ( 'NONE', #3296, #3446, #862, .T. ) ;
#2997 = CARTESIAN_POINT ( 'NONE',  ( 2.229335656545687400, 1.929999999999985100, -2.412869617309902000 ) ) ;
#2998 = VECTOR ( 'NONE', #4724, 1000.000000000000100 ) ;
#2999 = VERTEX_POINT ( 'NONE', #104 ) ;
#3000 = VERTEX_POINT ( 'NONE', #848 ) ;
#3001 = CARTESIAN_POINT ( 'NONE',  ( -0.4682270665275501400, 4.800000000000000700, -2.047135416666666400 ) ) ;
#3002 = CARTESIAN_POINT ( 'NONE',  ( 2.244994432064365300, 16.83777582424696100, 0.4999999999999968900 ) ) ;
#3003 = AXIS2_PLACEMENT_3D ( 'NONE', #4378, #737, #1891 ) ;
#3004 = LINE ( 'NONE', #209, #1505 ) ;
#3005 = ORIENTED_EDGE ( 'NONE', *, *, #3687, .F. ) ;
#3006 = VERTEX_POINT ( 'NONE', #4079 ) ;
#3007 = AXIS2_PLACEMENT_3D ( 'NONE', #2076, #4937, #3263 ) ;
#3008 = VECTOR ( 'NONE', #2219, 1000.000000000000000 ) ;
#3009 = ORIENTED_EDGE ( 'NONE', *, *, #709, .F. ) ;
#3010 = CARTESIAN_POINT ( 'NONE',  ( 2.000000000000000000, 0.2000000000000000100, -0.6999999999999996200 ) ) ;
#3011 = VECTOR ( 'NONE', #760, 1000.000000000000000 ) ;
#3012 = CARTESIAN_POINT ( 'NONE',  ( -2.221288596192249700, 4.916888611811469200, 0.4703050144204382100 ) ) ;
#3013 = AXIS2_PLACEMENT_3D ( 'NONE', #3214, #12, #4879 ) ;
#3014 = FACE_OUTER_BOUND ( 'NONE', #4824, .T. ) ;
#3015 = DIRECTION ( 'NONE',  ( -0.0000000000000000000, -1.000000000000000000, -0.0000000000000000000 ) ) ;
#3016 = ORIENTED_EDGE ( 'NONE', *, *, #4565, .T. ) ;
#3017 = VECTOR ( 'NONE', #761, 1000.000000000000000 ) ;
#3018 = DIRECTION ( 'NONE',  ( -0.0000000000000000000, -0.0000000000000000000, -1.000000000000000000 ) ) ;
#3019 = ORIENTED_EDGE ( 'NONE', *, *, #1030, .F. ) ;
#3020 = EDGE_CURVE ( 'NONE', #1365, #1245, #1678, .T. ) ;
#3021 = PLANE ( 'NONE',  #4435 ) ;
#3022 = CARTESIAN_POINT ( 'NONE',  ( 1.266093033428751900, 15.41086354534016500, -3.050000000000000300 ) ) ;
#3023 = CYLINDRICAL_SURFACE ( 'NONE', #1172, 2.299999999999999400 ) ;
#3024 = LINE ( 'NONE', #1808, #2603 ) ;
#3025 = ORIENTED_EDGE ( 'NONE', *, *, #2536, .T. ) ;
#3026 = VECTOR ( 'NONE', #3633, 1000.000000000000000 ) ;
#3027 = EDGE_CURVE ( 'NONE', #1153, #4555, #167, .T. ) ;
#3028 = DIRECTION ( 'NONE',  ( 1.000000000000000000, -2.168404344971003300E-015, 0.0000000000000000000 ) ) ;
#3029 = CARTESIAN_POINT ( 'NONE',  ( 2.871212941351963400, 1.902252326358104600, 1.718074849690113300 ) ) ;
#3030 = CARTESIAN_POINT ( 'NONE',  ( -2.899142650420860200, 1.969021239404721700, 1.686890823535522700 ) ) ;
#3031 = LINE ( 'NONE', #4360, #781 ) ;
#3032 = EDGE_LOOP ( 'NONE', ( #1083, #2212, #2085, #46, #2770, #3371, #1612, #4552 ) ) ;
#3033 = DIRECTION ( 'NONE',  ( 0.0000000000000000000, 0.0000000000000000000, 1.000000000000000000 ) ) ;
#3034 = VERTEX_POINT ( 'NONE', #475 ) ;
#3035 = AXIS2_PLACEMENT_3D ( 'NONE', #2754, #784, #4423 ) ;
#3036 = ADVANCED_FACE ( 'NONE', ( #1671 ), #1543, .T. ) ;
#3037 = CARTESIAN_POINT ( 'NONE',  ( -1.825260516351813000, 1.530000000000000000, -3.049999999999999800 ) ) ;
#3038 = VECTOR ( 'NONE', #96, 1000.000000000000000 ) ;
#3039 = ORIENTED_EDGE ( 'NONE', *, *, #33, .F. ) ;
#3040 = CARTESIAN_POINT ( 'NONE',  ( -1.499999999999999600, 3.500000000000000000, -3.050000000000000700 ) ) ;
#3041 = CARTESIAN_POINT ( 'NONE',  ( 1.499999999999999600, 15.41086354534016500, 2.991913488127980500 ) ) ;
#3042 = DIRECTION ( 'NONE',  ( -1.000000000000000000, 0.0000000000000000000, 0.0000000000000000000 ) ) ;
#3043 = EDGE_CURVE ( 'NONE', #4489, #1359, #1296, .T. ) ;
#3044 = ORIENTED_EDGE ( 'NONE', *, *, #1261, .F. ) ;
#3045 = AXIS2_PLACEMENT_3D ( 'NONE', #65, #142, #4016 ) ;
#3046 = ORIENTED_EDGE ( 'NONE', *, *, #381, .F. ) ;
#3047 = DIRECTION ( 'NONE',  ( -0.0000000000000000000, -1.000000000000000000, -0.0000000000000000000 ) ) ;
#3048 = ORIENTED_EDGE ( 'NONE', *, *, #1073, .F. ) ;
#3049 = CARTESIAN_POINT ( 'NONE',  ( -2.993444671765758800, 0.1999999999999999000, 0.6999999999999999600 ) ) ;
#3050 = EDGE_CURVE ( 'NONE', #479, #4422, #598, .T. ) ;
#3051 = ORIENTED_EDGE ( 'NONE', *, *, #2113, .T. ) ;
#3052 = CARTESIAN_POINT ( 'NONE',  ( 1.825260516351813000, 1.530000000000000000, -3.050000000000000700 ) ) ;
#3053 = DIRECTION ( 'NONE',  ( -1.000000000000000000, 0.0000000000000000000, 0.0000000000000000000 ) ) ;
#3054 = CARTESIAN_POINT ( 'NONE',  ( -3.040997497580516300, 0.2345491502812527800, 0.6999999999999999600 ) ) ;
#3055 = EDGE_CURVE ( 'NONE', #3650, #5128, #4080, .T. ) ;
#3056 = DIRECTION ( 'NONE',  ( 0.0000000000000000000, 1.000000000000000000, 0.0000000000000000000 ) ) ;
#3057 = SURFACE_STYLE_FILL_AREA ( #4547 ) ;
#3058 = EDGE_LOOP ( 'NONE', ( #4358, #1201, #4998, #1738 ) ) ;
#3059 = CARTESIAN_POINT ( 'NONE',  ( -1.391581993854363700, 1.929999999999998200, 0.4553902834964626000 ) ) ;
#3060 = DIRECTION ( 'NONE',  ( 0.6427876096865379200, -0.0000000000000000000, 0.7660444431189791200 ) ) ;
#3061 = SHAPE_DEFINITION_REPRESENTATION ( #4862, #3310 ) ;
#3062 = PLANE ( 'NONE',  #2683 ) ;
#3063 = EDGE_CURVE ( 'NONE', #2226, #2161, #4931, .T. ) ;
#3064 = VERTEX_POINT ( 'NONE', #580 ) ;
#3065 = DIRECTION ( 'NONE',  ( 0.0000000000000000000, 1.000000000000000000, 0.0000000000000000000 ) ) ;
#3066 = DIRECTION ( 'NONE',  ( 0.0000000000000000000, -0.0000000000000000000, 1.000000000000000000 ) ) ;
#3067 = CIRCLE ( 'NONE', #3325, 0.2000000000000000900 ) ;
#3068 = CARTESIAN_POINT ( 'NONE',  ( -2.580809704034067800, 1.979999999999997800, -1.409446671930623600 ) ) ;
#3069 = EDGE_LOOP ( 'NONE', ( #1894, #3844, #2535, #2141 ) ) ;
#3070 = LINE ( 'NONE', #1522, #1897 ) ;
#3071 = DIRECTION ( 'NONE',  ( 1.000000000000000000, 0.0000000000000000000, -7.109392656820623600E-016 ) ) ;
#3072 = LINE ( 'NONE', #2986, #2837 ) ;
#3073 =( GEOMETRIC_REPRESENTATION_CONTEXT ( 3 ) GLOBAL_UNCERTAINTY_ASSIGNED_CONTEXT ( ( #4670 ) ) GLOBAL_UNIT_ASSIGNED_CONTEXT ( ( #2052, #4913, #10 ) ) REPRESENTATION_CONTEXT ( 'NONE', 'WORKASPACE' ) );
#3074 = DIRECTION ( 'NONE',  ( -1.000000000000000000, -2.168404344971003300E-015, 0.0000000000000000000 ) ) ;
#3075 = CARTESIAN_POINT ( 'NONE',  ( 2.905725858934928000, 1.879999990299078300, -1.762351546303042100 ) ) ;
#3076 = LINE ( 'NONE', #4277, #2276 ) ;
#3077 = AXIS2_PLACEMENT_3D ( 'NONE', #3476, #250, #3042 ) ;
#3078 = VERTEX_POINT ( 'NONE', #985 ) ;
#3079 = DIRECTION ( 'NONE',  ( -0.0000000000000000000, -1.000000000000000000, -0.0000000000000000000 ) ) ;
#3080 = VECTOR ( 'NONE', #1672, 1000.000000000000000 ) ;
#3081 = DIRECTION ( 'NONE',  ( 0.6427876096865375900, 0.0000000000000000000, 0.7660444431189795700 ) ) ;
#3082 = CARTESIAN_POINT ( 'NONE',  ( 2.493996089497432200, 1.530000000000000000, -2.175245786865135600 ) ) ;
#3083 = LINE ( 'NONE', #5100, #4520 ) ;
#3084 = VERTEX_POINT ( 'NONE', #4604 ) ;
#3085 = CARTESIAN_POINT ( 'NONE',  ( -1.499999999999999600, 1.930000000000000200, 3.050000000000000700 ) ) ;
#3086 = DIRECTION ( 'NONE',  ( -0.0000000000000000000, 1.000000000000000000, -0.0000000000000000000 ) ) ;
#3087 = TOROIDAL_SURFACE ( 'NONE', #1369, 1.200000000000001100, 0.2000000000000000100 ) ;
#3088 = DIRECTION ( 'NONE',  ( -0.0000000000000000000, -1.000000000000000000, -0.0000000000000000000 ) ) ;
#3089 = CARTESIAN_POINT ( 'NONE',  ( 2.000000000000000000, 0.2000000000000000100, 0.6999999999999999600 ) ) ;
#3090 = B_SPLINE_CURVE_WITH_KNOTS ( 'NONE', 3,
 ( #3110, #1134, #1966, #1175, #1987, #4045, #1209, #2858, #4512, #3200, #4927, #2022, #3232, #801, #1665, #2403 ),
 .UNSPECIFIED., .F., .F.,
 ( 4, 3, 3, 3, 3, 4 ),
 ( 0.0000000000000000000, 1.505757082738861300E-005, 3.004938285979951400E-005, 4.597288288167389700E-005, 6.415682265449895200E-005, 8.377018052941210400E-005 ),
 .UNSPECIFIED. ) ;
#3091 = CARTESIAN_POINT ( 'NONE',  ( 2.157258114071168600, 4.984726757382301100, 0.3924271097404787300 ) ) ;
#3092 = VECTOR ( 'NONE', #4803, 1000.000000000000000 ) ;
#3093 = EDGE_CURVE ( 'NONE', #5128, #3157, #5169, .T. ) ;
#3094 = CARTESIAN_POINT ( 'NONE',  ( 2.867423636778977600, 1.879999990299078300, -1.730212165818714200 ) ) ;
#3095 = CARTESIAN_POINT ( 'NONE',  ( 2.868645614448017700, 1.879999999999998100, -1.650969678198544300 ) ) ;
#3096 = LINE ( 'NONE', #4513, #4261 ) ;
#3097 = PLANE ( 'NONE',  #3186 ) ;
#3098 = EDGE_CURVE ( 'NONE', #241, #3655, #851, .T. ) ;
#3099 = CARTESIAN_POINT ( 'NONE',  ( 2.984869000508068900, 0.06180339887498820200, 0.6999999999999999600 ) ) ;
#3100 = FACE_OUTER_BOUND ( 'NONE', #536, .T. ) ;
#3101 = EDGE_LOOP ( 'NONE', ( #561, #5114, #3755, #317 ) ) ;
#3102 = VERTEX_POINT ( 'NONE', #2517 ) ;
#3103 = CARTESIAN_POINT ( 'NONE',  ( 2.244994432064364000, 4.861292370908048000, -0.5000000000000012200 ) ) ;
#3104 = DIRECTION ( 'NONE',  ( 0.0000000000000000000, -0.0000000000000000000, -1.000000000000000000 ) ) ;
#3105 = DIRECTION ( 'NONE',  ( 0.0000000000000000000, 0.0000000000000000000, 1.000000000000000000 ) ) ;
#3106 = VECTOR ( 'NONE', #948, 1000.000000000000000 ) ;
#3107 = ORIENTED_EDGE ( 'NONE', *, *, #1909, .F. ) ;
#3108 = ORIENTED_EDGE ( 'NONE', *, *, #1600, .F. ) ;
#3109 = AXIS2_PLACEMENT_3D ( 'NONE', #2973, #2618, #1382 ) ;
#3110 = CARTESIAN_POINT ( 'NONE',  ( -2.847066435774785000, 1.929999999995545900, -1.676686741907602600 ) ) ;
#3111 = DIRECTION ( 'NONE',  ( 0.0000000000000000000, 0.0000000000000000000, 1.000000000000000000 ) ) ;
#3112 = AXIS2_PLACEMENT_3D ( 'NONE', #3781, #1753, #531 ) ;
#3113 = CARTESIAN_POINT ( 'NONE',  ( 1.939222910958121800, 1.947099858118876500, 2.174060037539883500 ) ) ;
#3114 = DIRECTION ( 'NONE',  ( 6.179952383167375300E-015, 0.0000000000000000000, 1.000000000000000000 ) ) ;
#3115 = VERTEX_POINT ( 'NONE', #3425 ) ;
#3116 = DIRECTION ( 'NONE',  ( 1.000000000000000000, -0.0000000000000000000, 3.097720492815726700E-016 ) ) ;
#3117 = CARTESIAN_POINT ( 'NONE',  ( 1.825260516351813000, 1.530000000000000000, -3.050000000000000700 ) ) ;
#3118 = CARTESIAN_POINT ( 'NONE',  ( -2.428795789979630600, 1.674522915955187800, 2.330734669396723900 ) ) ;
#3119 = VERTEX_POINT ( 'NONE', #1861 ) ;
#3120 = EDGE_LOOP ( 'NONE', ( #5089, #502, #3692, #4677 ) ) ;
#3121 = CARTESIAN_POINT ( 'NONE',  ( -0.7738512146196364600, 1.929999999999998200, 1.191573158905472100 ) ) ;
#3122 = EDGE_CURVE ( 'NONE', #3750, #2834, #1413, .T. ) ;
#3123 = PRODUCT ( 'EVP-ASAC1A', 'EVP-ASAC1A', '', ( #82 ) ) ;
#3124 = ORIENTED_EDGE ( 'NONE', *, *, #4914, .T. ) ;
#3125 = CARTESIAN_POINT ( 'NONE',  ( 3.309788696740969100, 1.061803398874988400, 0.6999999999999999600 ) ) ;
#3126 = DIRECTION ( 'NONE',  ( 0.0000000000000000000, 0.0000000000000000000, 1.000000000000000000 ) ) ;
#3127 = CARTESIAN_POINT ( 'NONE',  ( -2.229335656545687400, 1.929999999999985100, -2.412869617309902000 ) ) ;
#3128 = CARTESIAN_POINT ( 'NONE',  ( 1.499999999999999600, 3.500000000000000000, 2.991913488127980500 ) ) ;
#3129 = FACE_OUTER_BOUND ( 'NONE', #3069, .T. ) ;
#3130 = EDGE_LOOP ( 'NONE', ( #498, #1648, #3148, #2769 ) ) ;
#3131 = EDGE_CURVE ( 'NONE', #3820, #8, #5035, .T. ) ;
#3132 = DIRECTION ( 'NONE',  ( -1.000000000000000000, -0.0000000000000000000, -0.0000000000000000000 ) ) ;
#3133 = ADVANCED_FACE ( 'NONE', ( #3426 ), #604, .F. ) ;
#3134 = VECTOR ( 'NONE', #3728, 1000.000000000000000 ) ;
#3135 = EDGE_LOOP ( 'NONE', ( #134, #2537, #4544, #1417 ) ) ;
#3136 = ORIENTED_EDGE ( 'NONE', *, *, #729, .F. ) ;
#3137 = DIRECTION ( 'NONE',  ( 0.0000000000000000000, 0.0000000000000000000, 1.000000000000000000 ) ) ;
#3138 = CIRCLE ( 'NONE', #3766, 2.649999999999998600 ) ;
#3139 = EDGE_CURVE ( 'NONE', #3737, #4287, #2982, .T. ) ;
#3140 = CIRCLE ( 'NONE', #270, 0.5000000000000000000 ) ;
#3141 = CARTESIAN_POINT ( 'NONE',  ( 2.000000000000000000, 0.0000000000000000000, 0.6999999999999999600 ) ) ;
#3142 = CARTESIAN_POINT ( 'NONE',  ( 2.895368093107166800, 1.530000000000000000, 1.514924142463396100 ) ) ;
#3143 = ORIENTED_EDGE ( 'NONE', *, *, #4490, .F. ) ;
#3144 = ADVANCED_FACE ( 'NONE', ( #713 ), #4922, .T. ) ;
#3145 = CARTESIAN_POINT ( 'NONE',  ( 2.913221468417620800, 1.916834036921780400, 1.742480489612134600 ) ) ;
#3146 = CARTESIAN_POINT ( 'NONE',  ( 0.1871594614189947000, 1.530000000000000000, -0.07451084703774665800 ) ) ;
#3147 = CIRCLE ( 'NONE', #2822, 2.299999999999999400 ) ;
#3148 = ORIENTED_EDGE ( 'NONE', *, *, #2509, .T. ) ;
#3149 = CARTESIAN_POINT ( 'NONE',  ( -2.402046382133715200, 1.530000000000000000, 2.284827180953837200 ) ) ;
#3150 = EDGE_CURVE ( 'NONE', #4957, #4637, #2608, .T. ) ;
#3151 = DIRECTION ( 'NONE',  ( 0.9510565162951553100, 0.3090169943749418400, 0.0000000000000000000 ) ) ;
#3152 = LINE ( 'NONE', #2334, #585 ) ;
#3153 = AXIS2_PLACEMENT_3D ( 'NONE', #2992, #565, #607 ) ;
#3154 = ORIENTED_EDGE ( 'NONE', *, *, #4001, .T. ) ;
#3155 = DIRECTION ( 'NONE',  ( 0.6427876096865378100, -0.0000000000000000000, 0.7660444431189793500 ) ) ;
#3156 = DIRECTION ( 'NONE',  ( 6.805308102864042200E-016, 0.0000000000000000000, 1.000000000000000000 ) ) ;
#3157 = VERTEX_POINT ( 'NONE', #1451 ) ;
#3158 = VECTOR ( 'NONE', #934, 1000.000000000000000 ) ;
#3159 = VECTOR ( 'NONE', #2807, 1000.000000000000000 ) ;
#3160 = EDGE_LOOP ( 'NONE', ( #108, #4269, #4970, #182 ) ) ;
#3161 = CIRCLE ( 'NONE', #3487, 3.500000000000000400 ) ;
#3162 = VECTOR ( 'NONE', #221, 1000.000000000000000 ) ;
#3163 = CARTESIAN_POINT ( 'NONE',  ( -1.266093033428752800, 1.929999999999999500, 2.550000000000001600 ) ) ;
#3164 = B_SPLINE_CURVE_WITH_KNOTS ( 'NONE', 2,
 ( #2512, #2928, #4517 ),
 .UNSPECIFIED., .F., .F.,
 ( 3, 3 ),
 ( 0.0000000000000000000, 0.1242604036668389600 ),
 .UNSPECIFIED. ) ;
#3165 = DIRECTION ( 'NONE',  ( 0.3090169943749417300, 0.9510565162951553100, 0.0000000000000000000 ) ) ;
#3166 = DIRECTION ( 'NONE',  ( -0.6427876096865381400, 0.0000000000000000000, 0.7660444431189790100 ) ) ;
#3167 = CYLINDRICAL_SURFACE ( 'NONE', #3003, 2.649999999999999500 ) ;
#3168 = EDGE_LOOP ( 'NONE', ( #1800, #4770, #2672, #5003 ) ) ;
#3169 = EDGE_CURVE ( 'NONE', #3858, #5108, #2740, .T. ) ;
#3170 = ORIENTED_EDGE ( 'NONE', *, *, #2268, .F. ) ;
#3171 = CARTESIAN_POINT ( 'NONE',  ( 2.580809704034067800, 1.929999999999998200, -1.409446671930623300 ) ) ;
#3172 = DIRECTION ( 'NONE',  ( 1.000000000000000000, 0.0000000000000000000, -0.0000000000000000000 ) ) ;
#3173 = FACE_OUTER_BOUND ( 'NONE', #1217, .T. ) ;
#3174 = ORIENTED_EDGE ( 'NONE', *, *, #611, .F. ) ;
#3175 = EDGE_LOOP ( 'NONE', ( #650, #1804, #1526, #4508 ) ) ;
#3176 = EDGE_CURVE ( 'NONE', #1456, #2958, #2976, .T. ) ;
#3177 = CARTESIAN_POINT ( 'NONE',  ( -2.277159011000101000, 1.880000009701114200, 2.433662154171969800 ) ) ;
#3178 = CARTESIAN_POINT ( 'NONE',  ( -1.499999999999999600, 1.930000000000000200, 2.184605227495346500 ) ) ;
#3179 = DIRECTION ( 'NONE',  ( -0.7660444431189789000, 0.0000000000000000000, 0.6427876096865382500 ) ) ;
#3180 = ORIENTED_EDGE ( 'NONE', *, *, #3514, .F. ) ;
#3181 = ORIENTED_EDGE ( 'NONE', *, *, #2418, .T. ) ;
#3182 = CARTESIAN_POINT ( 'NONE',  ( 0.0000000000000000000, 2.500000000000000000, 0.0000000000000000000 ) ) ;
#3183 = ADVANCED_FACE ( 'NONE', ( #3680 ), #2064, .T. ) ;
#3184 = ADVANCED_FACE ( 'NONE', ( #3946 ), #2189, .T. ) ;
#3185 = ORIENTED_EDGE ( 'NONE', *, *, #2242, .F. ) ;
#3186 = AXIS2_PLACEMENT_3D ( 'NONE', #2377, #4354, #733 ) ;
#3187 = CARTESIAN_POINT ( 'NONE',  ( 1.266093033428751900, 1.929999999999999500, 2.550000000000001600 ) ) ;
#3188 = ORIENTED_EDGE ( 'NONE', *, *, #3584, .T. ) ;
#3189 = AXIS2_PLACEMENT_3D ( 'NONE', #3722, #1316, #4139 ) ;
#3190 = CARTESIAN_POINT ( 'NONE',  ( 2.906780257682583600, 1.958780359463073300, -1.702560427921723000 ) ) ;
#3191 = EDGE_LOOP ( 'NONE', ( #2693, #1356, #1385, #1548, #2178, #359, #616, #1828 ) ) ;
#3192 = ADVANCED_FACE ( 'NONE', ( #48 ), #477, .T. ) ;
#3193 = PRODUCT_DEFINITION_FORMATION_WITH_SPECIFIED_SOURCE ( 'ANY', '', #3123, .NOT_KNOWN. ) ;
#3194 = CARTESIAN_POINT ( 'NONE',  ( -2.245550092837354400, 1.925959712014151600, 2.425361892238864700 ) ) ;
#3195 = DIRECTION ( 'NONE',  ( -0.0000000000000000000, -1.000000000000000000, -0.0000000000000000000 ) ) ;
#3196 = CARTESIAN_POINT ( 'NONE',  ( -2.549999999999999800, 2.500000000000000000, -0.4999999999999997800 ) ) ;
#3197 = ORIENTED_EDGE ( 'NONE', *, *, #1396, .T. ) ;
#3198 = EDGE_CURVE ( 'NONE', #261, #350, #4205, .T. ) ;
#3199 = CIRCLE ( 'NONE', #2323, 0.5000000000000000000 ) ;
#3200 = CARTESIAN_POINT ( 'NONE',  ( -2.869784486986004500, 1.911431262898539300, -1.710107393657158200 ) ) ;
#3201 = CARTESIAN_POINT ( 'NONE',  ( -2.440348604289665600, 1.529999999999999100, 2.316966561438165600 ) ) ;
#3202 = CARTESIAN_POINT ( 'NONE',  ( 0.0000000000000000000, 4.800000000000000700, -1.999999999999998700 ) ) ;
#3203 = ORIENTED_EDGE ( 'NONE', *, *, #3919, .T. ) ;
#3204 = CARTESIAN_POINT ( 'NONE',  ( -3.000000000000001300, 1.530000000000000000, 1.649999999999998800 ) ) ;
#3205 = CARTESIAN_POINT ( 'NONE',  ( -2.078460969082652100, 5.000000000000000000, 0.2999999999999998200 ) ) ;
#3206 = CARTESIAN_POINT ( 'NONE',  ( 2.624999999999999600, 3.500000000000000000, -0.5750000000000015100 ) ) ;
#3207 = LINE ( 'NONE', #672, #945 ) ;
#3208 = EDGE_CURVE ( 'NONE', #1252, #8, #4917, .T. ) ;
#3209 = ORIENTED_EDGE ( 'NONE', *, *, #1934, .T. ) ;
#3210 = ADVANCED_FACE ( 'NONE', ( #1926 ), #3957, .F. ) ;
#3211 = CARTESIAN_POINT ( 'NONE',  ( -3.231208800839547600, 0.1727457514062645200, 0.6999999999999999600 ) ) ;
#3212 = CARTESIAN_POINT ( 'NONE',  ( -2.580809704034067800, 1.979999999999997800, 1.409446671930623600 ) ) ;
#3213 = CIRCLE ( 'NONE', #3283, 0.5000000000000000000 ) ;
#3214 = CARTESIAN_POINT ( 'NONE',  ( -2.624999999999999600, 2.500000000000000000, -0.5749999999999997300 ) ) ;
#3215 = FACE_OUTER_BOUND ( 'NONE', #3175, .T. ) ;
#3216 = VERTEX_POINT ( 'NONE', #3075 ) ;
#3217 = VECTOR ( 'NONE', #3250, 1000.000000000000000 ) ;
#3218 = AXIS2_PLACEMENT_3D ( 'NONE', #486, #1246, #1262 ) ;
#3219 = AXIS2_PLACEMENT_3D ( 'NONE', #2560, #956, #2542 ) ;
#3220 = ORIENTED_EDGE ( 'NONE', *, *, #2889, .F. ) ;
#3221 = CARTESIAN_POINT ( 'NONE',  ( -2.895368093107167700, 15.41086354534016500, 1.514924142463396100 ) ) ;
#3222 = CARTESIAN_POINT ( 'NONE',  ( -1.939222910958121800, 1.947099858118876500, 2.174060037539883500 ) ) ;
#3223 = LINE ( 'NONE', #4845, #3865 ) ;
#3224 = CARTESIAN_POINT ( 'NONE',  ( -2.868833010024125100, 1.915212737652416800, 1.706486119929993900 ) ) ;
#3225 = LINE ( 'NONE', #2218, #2604 ) ;
#3226 = ORIENTED_EDGE ( 'NONE', *, *, #894, .F. ) ;
#3227 = DIRECTION ( 'NONE',  ( 0.0000000000000000000, 0.0000000000000000000, 1.000000000000000000 ) ) ;
#3228 = CIRCLE ( 'NONE', #3666, 2.374999999999999600 ) ;
#3229 = ORIENTED_EDGE ( 'NONE', *, *, #354, .T. ) ;
#3230 = VERTEX_POINT ( 'NONE', #5183 ) ;
#3231 = B_SPLINE_CURVE_WITH_KNOTS ( 'NONE', 3,
 ( #2427, #2462, #2863, #2809, #3638, #4871, #3254, #3190, #4444, #3994, #1650, #401, #4050, #1214, #4908, #4069 ),
 .UNSPECIFIED., .F., .F.,
 ( 4, 3, 3, 3, 3, 4 ),
 ( 0.0000000000000000000, 2.920866079746523700E-005, 5.823910330299548700E-005, 8.967654631213475800E-005, 0.0001270026944289869400, 0.0001695827093730595500 ),
 .UNSPECIFIED. ) ;
#3232 = CARTESIAN_POINT ( 'NONE',  ( -2.870868622581371100, 1.897171052452769400, -1.721375756010442100 ) ) ;
#3233 = CARTESIAN_POINT ( 'NONE',  ( -2.440348604289665600, 1.583790327172668300, 2.316966561438165600 ) ) ;
#3234 = CARTESIAN_POINT ( 'NONE',  ( 2.402046382133714800, 1.529999999999999100, 2.284827180953837600 ) ) ;
#3235 = EDGE_CURVE ( 'NONE', #1205, #1854, #5158, .T. ) ;
#3236 = DIRECTION ( 'NONE',  ( 0.0000000000000000000, 0.0000000000000000000, 1.000000000000000000 ) ) ;
#3237 = VECTOR ( 'NONE', #4183, 1000.000000000000000 ) ;
#3238 = CARTESIAN_POINT ( 'NONE',  ( 3.000000000000001300, 0.0000000000000000000, -0.6999999999999997300 ) ) ;
#3239 = ORIENTED_EDGE ( 'NONE', *, *, #2168, .T. ) ;
#3240 = DIRECTION ( 'NONE',  ( 0.0000000000000000000, 1.000000000000000000, 0.0000000000000000000 ) ) ;
#3241 = ORIENTED_EDGE ( 'NONE', *, *, #1340, .T. ) ;
#3242 = ORIENTED_EDGE ( 'NONE', *, *, #1192, .T. ) ;
#3243 = EDGE_CURVE ( 'NONE', #3655, #2000, #2286, .T. ) ;
#3244 = DIRECTION ( 'NONE',  ( 0.0000000000000000000, 0.0000000000000000000, -1.000000000000000000 ) ) ;
#3245 = ORIENTED_EDGE ( 'NONE', *, *, #2741, .T. ) ;
#3246 = DIRECTION ( 'NONE',  ( -0.6427876096865374800, 0.0000000000000000000, -0.7660444431189795700 ) ) ;
#3247 = AXIS2_PLACEMENT_3D ( 'NONE', #1988, #4, #3166 ) ;
#3248 = ORIENTED_EDGE ( 'NONE', *, *, #390, .T. ) ;
#3249 = EDGE_CURVE ( 'NONE', #1050, #5123, #694, .T. ) ;
#3250 = DIRECTION ( 'NONE',  ( -1.000000000000000000, -0.0000000000000000000, -0.0000000000000000000 ) ) ;
#3251 = DIRECTION ( 'NONE',  ( 0.0000000000000000000, 1.000000000000000000, 0.0000000000000000000 ) ) ;
#3252 = CARTESIAN_POINT ( 'NONE',  ( -2.945250058759928600, 1.979999999999997800, -1.715248439167209100 ) ) ;
#3253 = DIRECTION ( 'NONE',  ( -0.0000000000000000000, -1.000000000000000000, -0.0000000000000000000 ) ) ;
#3254 = CARTESIAN_POINT ( 'NONE',  ( 2.902807972020364800, 1.964106595699988100, -1.694410736178879800 ) ) ;
#3255 = CARTESIAN_POINT ( 'NONE',  ( 2.853920954330124300, 1.720516484374826400, 1.824090227479817400 ) ) ;
#3256 = ORIENTED_EDGE ( 'NONE', *, *, #4843, .F. ) ;
#3257 = DIRECTION ( 'NONE',  ( 0.0000000000000000000, 0.0000000000000000000, 1.000000000000000000 ) ) ;
#3258 = CARTESIAN_POINT ( 'NONE',  ( 1.266093033428751900, 1.530000000000000000, 2.550000000000001600 ) ) ;
#3259 = VECTOR ( 'NONE', #5176, 1000.000000000000200 ) ;
#3260 =( NAMED_UNIT ( * ) SI_UNIT ( $, .STERADIAN. ) SOLID_ANGLE_UNIT ( ) );
#3261 = ORIENTED_EDGE ( 'NONE', *, *, #4385, .F. ) ;
#3262 = CARTESIAN_POINT ( 'NONE',  ( 0.4682270665275501400, 5.000000000000000000, -2.047135416666666400 ) ) ;
#3263 = DIRECTION ( 'NONE',  ( -1.000000000000000000, -2.168404344971003300E-015, 0.0000000000000000000 ) ) ;
#3264 = VECTOR ( 'NONE', #5052, 1000.000000000000000 ) ;
#3265 = ORIENTED_EDGE ( 'NONE', *, *, #2709, .T. ) ;
#3266 = ORIENTED_EDGE ( 'NONE', *, *, #589, .F. ) ;
#3267 = EDGE_CURVE ( 'NONE', #557, #1491, #4458, .T. ) ;
#3268 = FACE_OUTER_BOUND ( 'NONE', #4612, .T. ) ;
#3269 = CARTESIAN_POINT ( 'NONE',  ( -1.825260516351813000, 0.0000000000000000000, 3.049999999999999800 ) ) ;
#3270 = DIRECTION ( 'NONE',  ( -0.0000000000000000000, -1.000000000000000000, -0.0000000000000000000 ) ) ;
#3271 = FACE_OUTER_BOUND ( 'NONE', #4673, .T. ) ;
#3272 = DIRECTION ( 'NONE',  ( -0.0000000000000000000, -1.000000000000000000, -0.0000000000000000000 ) ) ;
#3273 = ORIENTED_EDGE ( 'NONE', *, *, #1701, .T. ) ;
#3274 = CARTESIAN_POINT ( 'NONE',  ( -2.000000000000000000, 0.2000000000000000100, -0.7000000000000000700 ) ) ;
#3275 = EDGE_CURVE ( 'NONE', #4203, #3353, #5199, .T. ) ;
#3276 = CIRCLE ( 'NONE', #2287, 0.05000000000000012800 ) ;
#3277 = PLANE ( 'NONE',  #4403 ) ;
#3278 = ORIENTED_EDGE ( 'NONE', *, *, #2486, .F. ) ;
#3279 = CIRCLE ( 'NONE', #2190, 0.5000000000000000000 ) ;
#3280 = CARTESIAN_POINT ( 'NONE',  ( -1.499999999999999600, 3.500000000000000000, 0.0000000000000000000 ) ) ;
#3281 = VERTEX_POINT ( 'NONE', #4467 ) ;
#3282 = CIRCLE ( 'NONE', #1107, 0.5000000000000000000 ) ;
#3283 = AXIS2_PLACEMENT_3D ( 'NONE', #3463, #5105, #1412 ) ;
#3284 = ORIENTED_EDGE ( 'NONE', *, *, #537, .T. ) ;
#3285 = DIRECTION ( 'NONE',  ( -0.0000000000000000000, -1.000000000000000000, -0.0000000000000000000 ) ) ;
#3286 = DIRECTION ( 'NONE',  ( 0.0000000000000000000, -0.0000000000000000000, 1.000000000000000000 ) ) ;
#3287 = CARTESIAN_POINT ( 'NONE',  ( -2.312840534787685300, 1.890621480548926800, -2.468924761351901400 ) ) ;
#3288 = VECTOR ( 'NONE', #520, 1000.000000000000000 ) ;
#3289 = CARTESIAN_POINT ( 'NONE',  ( 0.4013374855950431200, 16.83777582424696100, -2.254687499999999700 ) ) ;
#3290 = DIRECTION ( 'NONE',  ( -0.0000000000000000000, -1.000000000000000000, -0.0000000000000000000 ) ) ;
#3291 = AXIS2_PLACEMENT_3D ( 'NONE', #4825, #4469, #5230 ) ;
#3292 = CARTESIAN_POINT ( 'NONE',  ( -2.244994432064364400, 16.83777582424696100, 0.4999999999999997800 ) ) ;
#3293 = CARTESIAN_POINT ( 'NONE',  ( 2.354789070679762700, 1.760410620510926000, 2.418932442998453300 ) ) ;
#3294 = LINE ( 'NONE', #3414, #4543 ) ;
#3295 = VERTEX_POINT ( 'NONE', #2865 ) ;
#3296 = VERTEX_POINT ( 'NONE', #3211 ) ;
#3297 = CARTESIAN_POINT ( 'NONE',  ( -2.984869000508068900, 0.06180339887498820200, -0.6999999999999999600 ) ) ;
#3298 = CARTESIAN_POINT ( 'NONE',  ( 2.244994432064364400, 4.800000000000004300, -0.5000000000000013300 ) ) ;
#3299 = VECTOR ( 'NONE', #41, 1000.000000000000000 ) ;
#3300 = EDGE_LOOP ( 'NONE', ( #71, #3786, #4621, #4841 ) ) ;
#3301 = EDGE_CURVE ( 'NONE', #4515, #1969, #2092, .T. ) ;
#3302 = ORIENTED_EDGE ( 'NONE', *, *, #751, .T. ) ;
#3303 = DIRECTION ( 'NONE',  ( 1.000000000000000000, -0.0000000000000000000, 0.0000000000000000000 ) ) ;
#3304 = ORIENTED_EDGE ( 'NONE', *, *, #4554, .F. ) ;
#3305 = PLANE ( 'NONE',  #4188 ) ;
#3306 = CARTESIAN_POINT ( 'NONE',  ( -2.312840534787685300, 1.890621480548926800, 2.468924761351901400 ) ) ;
#3307 = CARTESIAN_POINT ( 'NONE',  ( -2.268245417573944600, 1.963639257452510300, -2.451772796796013700 ) ) ;
#3308 = EDGE_CURVE ( 'NONE', #1999, #3562, #1588, .T. ) ;
#3309 = DIRECTION ( 'NONE',  ( 1.000000000000000000, 0.0000000000000000000, 0.0000000000000000000 ) ) ;
#3310 = ADVANCED_BREP_SHAPE_REPRESENTATION ( 'EVP-ASAC1A', ( #2289, #804, #3709, #1610, #1443, #145 ), #4487 ) ;
#3311 = CARTESIAN_POINT ( 'NONE',  ( -1.508301782570044000, 1.530000000000000000, -2.987418474506291900 ) ) ;
#3312 = CARTESIAN_POINT ( 'NONE',  ( 1.499999999999999600, 3.500000000000000000, -2.184605227495348200 ) ) ;
#3313 = VERTEX_POINT ( 'NONE', #1772 ) ;
#3314 = PRESENTATION_LAYER_ASSIGNMENT (  '', '', ( #4546 ) ) ;
#3315 = CARTESIAN_POINT ( 'NONE',  ( 0.0000000000000000000, 4.800000000000002500, -3.199999999999999700 ) ) ;
#3316 = ADVANCED_FACE ( 'NONE', ( #1345 ), #3670, .F. ) ;
#3317 = ADVANCED_FACE ( 'NONE', ( #3100 ), #3663, .F. ) ;
#3318 = CARTESIAN_POINT ( 'NONE',  ( 2.285261959605199100, 1.847159435199213100, 2.424005436061238000 ) ) ;
#3319 = ORIENTED_EDGE ( 'NONE', *, *, #4997, .F. ) ;
#3320 = EDGE_LOOP ( 'NONE', ( #5079, #2278, #4345, #2955 ) ) ;
#3321 = EDGE_CURVE ( 'NONE', #496, #4402, #4239, .T. ) ;
#3322 = CARTESIAN_POINT ( 'NONE',  ( -3.000000000000001300, 1.530000000000000000, -1.649999999999998800 ) ) ;
#3323 = ORIENTED_EDGE ( 'NONE', *, *, #3927, .F. ) ;
#3324 = DIRECTION ( 'NONE',  ( -0.0000000000000000000, 1.000000000000000000, -0.0000000000000000000 ) ) ;
#3325 = AXIS2_PLACEMENT_3D ( 'NONE', #1510, #1806, #1034 ) ;
#3326 = DIRECTION ( 'NONE',  ( 0.0000000000000000000, 0.0000000000000000000, 1.000000000000000000 ) ) ;
#3327 = CARTESIAN_POINT ( 'NONE',  ( -1.508301782570044000, 15.41086354534016500, 2.987418474506292800 ) ) ;
#3328 = VECTOR ( 'NONE', #3501, 1000.000000000000000 ) ;
#3329 = EDGE_LOOP ( 'NONE', ( #4351, #4528, #2146, #3124 ) ) ;
#3330 = DIRECTION ( 'NONE',  ( -0.0000000000000000000, -1.000000000000000000, -0.0000000000000000000 ) ) ;
#3331 = DIRECTION ( 'NONE',  ( -0.0000000000000000000, -1.000000000000000000, -0.0000000000000000000 ) ) ;
#3332 = LINE ( 'NONE', #2719, #5131 ) ;
#3333 = ORIENTED_EDGE ( 'NONE', *, *, #4076, .T. ) ;
#3334 = PLANE ( 'NONE',  #4294 ) ;
#3335 = VECTOR ( 'NONE', #4540, 1000.000000000000000 ) ;
#3336 = VECTOR ( 'NONE', #2253, 1000.000000000000000 ) ;
#3337 = EDGE_CURVE ( 'NONE', #3445, #1654, #349, .T. ) ;
#3338 = ORIENTED_EDGE ( 'NONE', *, *, #6, .T. ) ;
#3339 = CARTESIAN_POINT ( 'NONE',  ( -2.859232212978303000, 1.529999999999999100, 1.817760515904653000 ) ) ;
#3340 = LINE ( 'NONE', #1176, #2658 ) ;
#3341 = ADVANCED_FACE ( 'NONE', ( #3014 ), #3334, .F. ) ;
#3342 = ORIENTED_EDGE ( 'NONE', *, *, #4905, .T. ) ;
#3343 = CARTESIAN_POINT ( 'NONE',  ( 2.559230525366472400, 1.929999999999998200, -1.435163735632962100 ) ) ;
#3344 = CARTESIAN_POINT ( 'NONE',  ( 0.4013374855950431200, 5.000000000000000000, -1.754687499999999700 ) ) ;
#3345 = VERTEX_POINT ( 'NONE', #2473 ) ;
#3346 = VECTOR ( 'NONE', #3641, 1000.000000000000000 ) ;
#3347 = EDGE_CURVE ( 'NONE', #166, #3102, #4184, .T. ) ;
#3348 = DIRECTION ( 'NONE',  ( -0.0000000000000000000, -1.000000000000000000, -0.0000000000000000000 ) ) ;
#3349 = ORIENTED_EDGE ( 'NONE', *, *, #3577, .F. ) ;
#3350 = LINE ( 'NONE', #3586, #461 ) ;
#3351 = AXIS2_PLACEMENT_3D ( 'NONE', #1270, #4449, #2013 ) ;
#3352 = LINE ( 'NONE', #4903, #2234 ) ;
#3353 = VERTEX_POINT ( 'NONE', #4938 ) ;
#3354 = AXIS2_PLACEMENT_3D ( 'NONE', #584, #4223, #3825 ) ;
#3355 = ORIENTED_EDGE ( 'NONE', *, *, #3972, .F. ) ;
#3356 = CARTESIAN_POINT ( 'NONE',  ( -0.6500000000000006900, 0.0000000000000000000, 3.149999999999999900 ) ) ;
#3357 = CARTESIAN_POINT ( 'NONE',  ( -2.282305285929959300, 1.950109066607531800, 2.461941533635617900 ) ) ;
#3358 = DIRECTION ( 'NONE',  ( 0.0000000000000000000, 0.0000000000000000000, 1.000000000000000000 ) ) ;
#3359 = LINE ( 'NONE', #2878, #2800 ) ;
#3360 = EDGE_LOOP ( 'NONE', ( #840, #763, #3961, #5110 ) ) ;
#3361 = CARTESIAN_POINT ( 'NONE',  ( -1.938022094347530100, 1.979999999999997800, -2.175491115049602400 ) ) ;
#3362 = ORIENTED_EDGE ( 'NONE', *, *, #3888, .T. ) ;
#3363 = CARTESIAN_POINT ( 'NONE',  ( -2.945250058759915700, 1.929999999999998200, -1.715248439167198500 ) ) ;
#3364 = DIRECTION ( 'NONE',  ( 1.000000000000000000, 0.0000000000000000000, -0.0000000000000000000 ) ) ;
#3365 = VECTOR ( 'NONE', #4496, 1000.000000000000000 ) ;
#3366 = ORIENTED_EDGE ( 'NONE', *, *, #2643, .T. ) ;
#3367 = CARTESIAN_POINT ( 'NONE',  ( 2.493996089497431800, 15.41086354534016500, 2.175245786865136500 ) ) ;
#3368 = DIRECTION ( 'NONE',  ( 1.000000000000000000, -0.0000000000000000000, 6.805308102864045200E-016 ) ) ;
#3369 = ADVANCED_FACE ( 'NONE', ( #2475 ), #2887, .F. ) ;
#3370 = EDGE_CURVE ( 'NONE', #5021, #372, #832, .T. ) ;
#3371 = ORIENTED_EDGE ( 'NONE', *, *, #4394, .F. ) ;
#3372 = ORIENTED_EDGE ( 'NONE', *, *, #1199, .T. ) ;
#3373 = DIRECTION ( 'NONE',  ( -0.0000000000000000000, -1.000000000000000000, -0.0000000000000000000 ) ) ;
#3374 = EDGE_CURVE ( 'NONE', #2441, #1932, #18, .T. ) ;
#3375 = CARTESIAN_POINT ( 'NONE',  ( -1.266093033428752800, 1.929999999999999500, -2.550000000000000700 ) ) ;
#3376 = VERTEX_POINT ( 'NONE', #906 ) ;
#3377 = ORIENTED_EDGE ( 'NONE', *, *, #2835, .F. ) ;
#3378 = DIRECTION ( 'NONE',  ( 0.0000000000000000000, 1.000000000000000000, -0.0000000000000000000 ) ) ;
#3379 = CARTESIAN_POINT ( 'NONE',  ( 2.000000000000000400, 0.0000000000000000000, 0.6999999999999996200 ) ) ;
#3380 = AXIS2_PLACEMENT_3D ( 'NONE', #1765, #4212, #2157 ) ;
#3381 = ORIENTED_EDGE ( 'NONE', *, *, #3584, .F. ) ;
#3382 = CARTESIAN_POINT ( 'NONE',  ( -2.549999999999999800, 4.800000000000000700, -0.4999999999999997800 ) ) ;
#3383 =( GEOMETRIC_REPRESENTATION_CONTEXT ( 3 ) GLOBAL_UNCERTAINTY_ASSIGNED_CONTEXT ( ( #5122 ) ) GLOBAL_UNIT_ASSIGNED_CONTEXT ( ( #3611, #2478, #4459 ) ) REPRESENTATION_CONTEXT ( 'NONE', 'WORKASPACE' ) );
#3384 = CARTESIAN_POINT ( 'NONE',  ( 0.0000000000000000000, 0.0000000000000000000, 0.0000000000000000000 ) ) ;
#3385 = ORIENTED_EDGE ( 'NONE', *, *, #4365, .F. ) ;
#3386 = EDGE_LOOP ( 'NONE', ( #803, #77, #1379, #1517 ) ) ;
#3387 = PLANE ( 'NONE',  #2920 ) ;
#3388 = DIRECTION ( 'NONE',  ( 1.000000000000000000, 0.0000000000000000000, 0.0000000000000000000 ) ) ;
#3389 = VECTOR ( 'NONE', #1263, 1000.000000000000000 ) ;
#3390 = ORIENTED_EDGE ( 'NONE', *, *, #631, .F. ) ;
#3391 = CARTESIAN_POINT ( 'NONE',  ( -2.244994432064364400, 4.800000000000004300, -0.5000000000000012200 ) ) ;
#3392 = ADVANCED_FACE ( 'NONE', ( #4764 ), #2148, .T. ) ;
#3393 = EDGE_LOOP ( 'NONE', ( #2816, #2721, #4319, #5061, #509, #4404, #3690, #2164 ) ) ;
#3394 = DIRECTION ( 'NONE',  ( 1.000000000000000000, -0.0000000000000000000, 1.084202172485503000E-016 ) ) ;
#3395 = CARTESIAN_POINT ( 'NONE',  ( 2.549999999999999800, 16.83777582424696100, 0.4999999999999963400 ) ) ;
#3396 = CIRCLE ( 'NONE', #2943, 2.374999999999999600 ) ;
#3397 = FACE_OUTER_BOUND ( 'NONE', #203, .T. ) ;
#3398 = DIRECTION ( 'NONE',  ( 1.000000000000000000, -0.0000000000000000000, 0.0000000000000000000 ) ) ;
#3399 = CARTESIAN_POINT ( 'NONE',  ( 2.225858004761479800, 1.979999999999997800, 2.417014121317523600 ) ) ;
#3400 = EDGE_LOOP ( 'NONE', ( #1778, #4123, #2201, #2240, #215, #583, #1198, #3460 ) ) ;
#3401 = EDGE_CURVE ( 'NONE', #2616, #2310, #5142, .T. ) ;
#3402 = CARTESIAN_POINT ( 'NONE',  ( -2.820929990822352600, 1.529999999999999100, 1.785621135420324600 ) ) ;
#3403 = DIRECTION ( 'NONE',  ( 0.0000000000000000000, 0.0000000000000000000, 1.000000000000000000 ) ) ;
#3404 = CIRCLE ( 'NONE', #2655, 2.649999999999998600 ) ;
#3405 = ORIENTED_EDGE ( 'NONE', *, *, #2339, .F. ) ;
#3406 = CIRCLE ( 'NONE', #2351, 0.5000000000000000000 ) ;
#3407 = EDGE_CURVE ( 'NONE', #2989, #4771, #2331, .T. ) ;
#3408 = ORIENTED_EDGE ( 'NONE', *, *, #5174, .T. ) ;
#3409 = ORIENTED_EDGE ( 'NONE', *, *, #1607, .F. ) ;
#3410 = DIRECTION ( 'NONE',  ( 0.0000000000000000000, 0.0000000000000000000, 1.000000000000000000 ) ) ;
#3411 = DIRECTION ( 'NONE',  ( 0.6427876096865378100, -0.0000000000000000000, 0.7660444431189793500 ) ) ;
#3412 = VECTOR ( 'NONE', #4500, 1000.000000000000000 ) ;
#3413 = VECTOR ( 'NONE', #3422, 1000.000000000000000 ) ;
#3414 = CARTESIAN_POINT ( 'NONE',  ( -1.499999999999999600, 1.930000000000000200, -2.184605227495348200 ) ) ;
#3415 = DIRECTION ( 'NONE',  ( -1.000000000000000000, 1.224646799147352200E-016, 0.0000000000000000000 ) ) ;
#3416 = ADVANCED_FACE ( 'NONE', ( #3983 ), #1279, .F. ) ;
#3417 = DIRECTION ( 'NONE',  ( 0.0000000000000000000, 0.0000000000000000000, 1.000000000000000000 ) ) ;
#3418 = ADVANCED_FACE ( 'NONE', ( #2847 ), #2206, .F. ) ;
#3419 = PLANE ( 'NONE',  #622 ) ;
#3420 = VECTOR ( 'NONE', #2588, 1000.000000000000000 ) ;
#3421 = AXIS2_PLACEMENT_3D ( 'NONE', #1418, #4669, #3126 ) ;
#3422 = DIRECTION ( 'NONE',  ( 0.6427876096865378100, 0.0000000000000000000, -0.7660444431189793500 ) ) ;
#3423 = CARTESIAN_POINT ( 'NONE',  ( -2.867423636778977600, 1.879999990299078300, 1.730212165818714200 ) ) ;
#3424 = ADVANCED_FACE ( 'NONE', ( #4636 ), #2269, .T. ) ;
#3425 = CARTESIAN_POINT ( 'NONE',  ( 0.2675583237300285800, 4.800000000000002500, -2.236458333333332300 ) ) ;
#3426 = FACE_OUTER_BOUND ( 'NONE', #2496, .T. ) ;
#3427 = CIRCLE ( 'NONE', #3964, 0.5000000000000000000 ) ;
#3428 = ORIENTED_EDGE ( 'NONE', *, *, #3447, .F. ) ;
#3429 = CARTESIAN_POINT ( 'NONE',  ( 0.0000000000000000000, 1.930000000000000200, 0.0000000000000000000 ) ) ;
#3430 = EDGE_CURVE ( 'NONE', #2109, #123, #3083, .T. ) ;
#3431 = AXIS2_PLACEMENT_3D ( 'NONE', #267, #2657, #1072 ) ;
#3432 = VECTOR ( 'NONE', #3637, 1000.000000000000000 ) ;
#3433 = ORIENTED_EDGE ( 'NONE', *, *, #3993, .T. ) ;
#3434 = CARTESIAN_POINT ( 'NONE',  ( 2.863151244734972100, 1.924123180546468200, 1.694846117685706800 ) ) ;
#3435 = CARTESIAN_POINT ( 'NONE',  ( -2.909593174420214400, 1.952305692168599500, 1.710636061428622200 ) ) ;
#3436 = CARTESIAN_POINT ( 'NONE',  ( -0.9082597180517073500, 1.529999999999999100, 1.031391342065090000 ) ) ;
#3437 = DIRECTION ( 'NONE',  ( -0.2229652697750238700, 0.0000000000000000000, -0.9748263888888887300 ) ) ;
#3438 = EDGE_CURVE ( 'NONE', #2437, #4038, #1086, .T. ) ;
#3439 = DIRECTION ( 'NONE',  ( 0.0000000000000000000, -0.0000000000000000000, 1.000000000000000000 ) ) ;
#3440 = CARTESIAN_POINT ( 'NONE',  ( 2.852201663015489200, 1.782187993630922800, -1.826139199080773200 ) ) ;
#3441 = EDGE_LOOP ( 'NONE', ( #231, #2019, #1952, #643 ) ) ;
#3442 = EDGE_CURVE ( 'NONE', #3767, #2532, #5018, .T. ) ;
#3443 = ADVANCED_FACE ( 'NONE', ( #958 ), #4333, .F. ) ;
#3444 = DIRECTION ( 'NONE',  ( 0.0000000000000000000, 0.0000000000000000000, -1.000000000000000000 ) ) ;
#3445 = VERTEX_POINT ( 'NONE', #1438 ) ;
#3446 = VERTEX_POINT ( 'NONE', #4722 ) ;
#3447 = EDGE_CURVE ( 'NONE', #4637, #372, #1397, .T. ) ;
#3448 = CARTESIAN_POINT ( 'NONE',  ( 0.0000000000000000000, 1.930000000000000200, 0.0000000000000000000 ) ) ;
#3449 = ORIENTED_EDGE ( 'NONE', *, *, #4394, .T. ) ;
#3450 = CARTESIAN_POINT ( 'NONE',  ( -3.000000000000001300, 0.0000000000000000000, -0.7000000000000000700 ) ) ;
#3451 = DIRECTION ( 'NONE',  ( -0.6427876096865379200, 0.0000000000000000000, 0.7660444431189791200 ) ) ;
#3452 = PLANE ( 'NONE',  #2256 ) ;
#3453 = VECTOR ( 'NONE', #1737, 1000.000000000000000 ) ;
#3454 = ORIENTED_EDGE ( 'NONE', *, *, #4940, .F. ) ;
#3455 = DIRECTION ( 'NONE',  ( 0.0000000000000000000, 0.0000000000000000000, 1.000000000000000000 ) ) ;
#3456 = ORIENTED_EDGE ( 'NONE', *, *, #2075, .F. ) ;
#3457 = AXIS2_PLACEMENT_3D ( 'NONE', #204, #3410, #1004 ) ;
#3458 = DIRECTION ( 'NONE',  ( -0.0000000000000000000, -1.000000000000000000, -0.0000000000000000000 ) ) ;
#3459 = CYLINDRICAL_SURFACE ( 'NONE', #2069, 0.1000000000000001900 ) ;
#3460 = ORIENTED_EDGE ( 'NONE', *, *, #2598, .T. ) ;
#3461 = CARTESIAN_POINT ( 'NONE',  ( 1.938022094347530100, 1.979999999999997800, 2.175491115049602400 ) ) ;
#3462 = VECTOR ( 'NONE', #132, 1000.000000000000000 ) ;
#3463 = CARTESIAN_POINT ( 'NONE',  ( -1.266093033428752800, 1.530000000000000000, 2.550000000000001600 ) ) ;
#3464 = VECTOR ( 'NONE', #1844, 1000.000000000000000 ) ;
#3465 = DIRECTION ( 'NONE',  ( -0.0000000000000000000, 1.000000000000000000, -0.0000000000000000000 ) ) ;
#3466 = ORIENTED_EDGE ( 'NONE', *, *, #1993, .F. ) ;
#3467 = VECTOR ( 'NONE', #4399, 1000.000000000000000 ) ;
#3468 = CARTESIAN_POINT ( 'NONE',  ( -2.913951416075375900, 1.927016772409185600, -1.735334214648759800 ) ) ;
#3469 = ORIENTED_EDGE ( 'NONE', *, *, #2449, .F. ) ;
#3470 = EDGE_CURVE ( 'NONE', #2191, #16, #3404, .T. ) ;
#3471 = EDGE_LOOP ( 'NONE', ( #4207, #5097, #4952, #1118, #235, #3273, #644, #1372 ) ) ;
#3472 = DIRECTION ( 'NONE',  ( -0.0000000000000000000, -1.000000000000000000, -0.0000000000000000000 ) ) ;
#3473 = CARTESIAN_POINT ( 'NONE',  ( 2.487761308289627900, 1.782187993630922800, -1.520337431844187100 ) ) ;
#3474 = VECTOR ( 'NONE', #2596, 1000.000000000000000 ) ;
#3475 = ADVANCED_FACE ( 'NONE', ( #1712 ), #1281, .T. ) ;
#3476 = CARTESIAN_POINT ( 'NONE',  ( 2.993444671765758800, 0.2499999999999998900, -0.6999999999999999600 ) ) ;
#3477 = VERTEX_POINT ( 'NONE', #2687 ) ;
#3478 = FACE_OUTER_BOUND ( 'NONE', #1244, .T. ) ;
#3479 = EDGE_CURVE ( 'NONE', #1153, #2834, #3853, .T. ) ;
#3480 = DIRECTION ( 'NONE',  ( 0.0000000000000000000, -1.000000000000000000, 0.0000000000000000000 ) ) ;
#3481 = CARTESIAN_POINT ( 'NONE',  ( 2.309195983346786100, 1.901605929748477800, -2.470557613077821300 ) ) ;
#3482 = CARTESIAN_POINT ( 'NONE',  ( -2.117917008207040700, 4.999999999999999100, 0.3455803026213805600 ) ) ;
#3483 = LINE ( 'NONE', #4460, #3026 ) ;
#3484 = ORIENTED_EDGE ( 'NONE', *, *, #4835, .F. ) ;
#3485 = DIRECTION ( 'NONE',  ( 0.0000000000000000000, 1.000000000000000000, 0.0000000000000000000 ) ) ;
#3486 = ORIENTED_EDGE ( 'NONE', *, *, #3043, .F. ) ;
#3487 = AXIS2_PLACEMENT_3D ( 'NONE', #247, #1773, #623 ) ;
#3488 = DIRECTION ( 'NONE',  ( -0.0000000000000000000, 0.0000000000000000000, -1.000000000000000000 ) ) ;
#3489 = CARTESIAN_POINT ( 'NONE',  ( -2.911321534255761900, 1.945146042190219800, -1.718140560466067300 ) ) ;
#3490 = VECTOR ( 'NONE', #468, 1000.000000000000200 ) ;
#3491 = ORIENTED_EDGE ( 'NONE', *, *, #2871, .T. ) ;
#3492 = AXIS2_PLACEMENT_3D ( 'NONE', #3704, #111, #4954 ) ;
#3493 = ORIENTED_EDGE ( 'NONE', *, *, #788, .T. ) ;
#3494 = DIRECTION ( 'NONE',  ( 0.0000000000000000000, -0.0000000000000000000, 1.000000000000000000 ) ) ;
#3495 = CARTESIAN_POINT ( 'NONE',  ( 1.825260516351813000, 1.530000000000000000, 3.050000000000000700 ) ) ;
#3496 = ADVANCED_FACE ( 'NONE', ( #1216 ), #696, .T. ) ;
#3497 = DIRECTION ( 'NONE',  ( -0.6427876096865382500, -0.0000000000000000000, -0.7660444431189789000 ) ) ;
#3498 = ORIENTED_EDGE ( 'NONE', *, *, #2790, .T. ) ;
#3499 = ORIENTED_EDGE ( 'NONE', *, *, #4177, .F. ) ;
#3500 = ORIENTED_EDGE ( 'NONE', *, *, #488, .F. ) ;
#3501 = DIRECTION ( 'NONE',  ( 0.7660444431189789000, 0.0000000000000000000, 0.6427876096865382500 ) ) ;
#3502 = B_SPLINE_CURVE_WITH_KNOTS ( 'NONE', 3,
 ( #4797, #3564, #1571, #779, #4773, #1157, #3597, #5193, #1190, #1592, #5177, #2750, #3145, #4439, #330, #3541 ),
 .UNSPECIFIED., .F., .F.,
 ( 4, 3, 3, 3, 3, 4 ),
 ( 0.0000000000000000000, 2.920866079746523700E-005, 5.823910330299548700E-005, 8.967654631213475800E-005, 0.0001270026944289869400, 0.0001695827093730595500 ),
 .UNSPECIFIED. ) ;
#3503 = VECTOR ( 'NONE', #2633, 1000.000000000000000 ) ;
#3504 = EDGE_LOOP ( 'NONE', ( #1249, #266, #2660, #3555, #4220, #1760, #3143, #2362 ) ) ;
#3505 = CARTESIAN_POINT ( 'NONE',  ( 0.4013374855950431200, 2.500000000000000000, -1.754687499999999700 ) ) ;
#3506 = CARTESIAN_POINT ( 'NONE',  ( -3.000000000000001300, 0.0000000000000000000, -1.649999999999998800 ) ) ;
#3507 = EDGE_CURVE ( 'NONE', #4996, #300, #3610, .T. ) ;
#3508 = DIRECTION ( 'NONE',  ( 0.0000000000000000000, -0.0000000000000000000, 1.000000000000000000 ) ) ;
#3509 = ORIENTED_EDGE ( 'NONE', *, *, #522, .T. ) ;
#3510 = CARTESIAN_POINT ( 'NONE',  ( 2.867288249460014300, 1.918646332507891700, -1.702563856571186300 ) ) ;
#3511 = CARTESIAN_POINT ( 'NONE',  ( 2.117931227927153600, 4.999999999999999100, -0.3455967294892946500 ) ) ;
#3512 = VERTEX_POINT ( 'NONE', #3944 ) ;
#3513 = PLANE ( 'NONE',  #2222 ) ;
#3514 = EDGE_CURVE ( 'NONE', #3445, #1829, #3790, .T. ) ;
#3515 = ORIENTED_EDGE ( 'NONE', *, *, #4142, .F. ) ;
#3516 = CARTESIAN_POINT ( 'NONE',  ( 2.362731470142131100, 3.500000000000000000, -1.199999999999999100 ) ) ;
#3517 = CARTESIAN_POINT ( 'NONE',  ( 0.0000000000000000000, 4.800000000000000700, 0.0000000000000000000 ) ) ;
#3518 = VECTOR ( 'NONE', #1351, 1000.000000000000200 ) ;
#3519 = DIRECTION ( 'NONE',  ( 0.0000000000000000000, 0.0000000000000000000, 1.000000000000000000 ) ) ;
#3520 = EDGE_LOOP ( 'NONE', ( #1536, #2782, #1425, #5234 ) ) ;
#3521 = CARTESIAN_POINT ( 'NONE',  ( -2.876103991879633200, 1.979999999999998200, -1.657227999950593200 ) ) ;
#3522 = ORIENTED_EDGE ( 'NONE', *, *, #2846, .T. ) ;
#3523 = DIRECTION ( 'NONE',  ( 0.0000000000000000000, 1.000000000000000000, -0.0000000000000000000 ) ) ;
#3524 = LINE ( 'NONE', #485, #441 ) ;
#3525 = EDGE_CURVE ( 'NONE', #1941, #2989, #4384, .T. ) ;
#3526 = DIRECTION ( 'NONE',  ( -0.6427876096865378100, 0.0000000000000000000, 0.7660444431189793500 ) ) ;
#3527 = CIRCLE ( 'NONE', #40, 0.5000000000000000000 ) ;
#3528 = AXIS2_PLACEMENT_3D ( 'NONE', #1488, #5116, #1882 ) ;
#3529 = EDGE_LOOP ( 'NONE', ( #1022, #555, #1014, #664, #3556, #4086, #1454, #3539, #1276, #4349, #2567, #981, #620, #523, #2458, #5038, #2612, #4876, #3673, #2003 ) ) ;
#3530 = CARTESIAN_POINT ( 'NONE',  ( -2.277159011000101000, 1.880000009701114200, -2.433662154171969800 ) ) ;
#3531 = FACE_OUTER_BOUND ( 'NONE', #4717, .T. ) ;
#3532 = DIRECTION ( 'NONE',  ( 0.0000000000000000000, 1.000000000000000000, 0.0000000000000000000 ) ) ;
#3533 = FACE_OUTER_BOUND ( 'NONE', #3160, .T. ) ;
#3534 = ORIENTED_EDGE ( 'NONE', *, *, #4936, .T. ) ;
#3535 = DIRECTION ( 'NONE',  ( 1.000000000000000000, -1.224646799147352200E-016, 0.0000000000000000000 ) ) ;
#3536 = LINE ( 'NONE', #297, #766 ) ;
#3537 = CARTESIAN_POINT ( 'NONE',  ( -2.895368093107167700, 3.499999999999999600, 1.514924142463396100 ) ) ;
#3538 = DIRECTION ( 'NONE',  ( -0.3090169943749417300, 0.9510565162951553100, 0.0000000000000000000 ) ) ;
#3539 = ORIENTED_EDGE ( 'NONE', *, *, #1283, .F. ) ;
#3540 = ADVANCED_FACE ( 'NONE', ( #1651 ), #768, .T. ) ;
#3541 = CARTESIAN_POINT ( 'NONE',  ( 2.905725858934928000, 1.879999990299078300, 1.762351546303042100 ) ) ;
#3542 = CARTESIAN_POINT ( 'NONE',  ( 2.362731470142131100, 1.930000000000000200, -1.199999999999999100 ) ) ;
#3543 = LINE ( 'NONE', #3121, #339 ) ;
#3544 = EDGE_CURVE ( 'NONE', #692, #5128, #898, .T. ) ;
#3545 = CARTESIAN_POINT ( 'NONE',  ( 1.266093033428751900, 15.41086354534016500, 2.550000000000001600 ) ) ;
#3546 = DIRECTION ( 'NONE',  ( -0.6427876096865378100, 0.0000000000000000000, -0.7660444431189793500 ) ) ;
#3547 = LINE ( 'NONE', #464, #1163 ) ;
#3548 = DIRECTION ( 'NONE',  ( -0.6427876096865378100, 0.0000000000000000000, -0.7660444431189793500 ) ) ;
#3549 = CARTESIAN_POINT ( 'NONE',  ( -2.580809704034067800, 1.929999999999998200, -1.409446671930623300 ) ) ;
#3550 = ADVANCED_FACE ( 'NONE', ( #4899 ), #2715, .T. ) ;
#3551 = EDGE_CURVE ( 'NONE', #1087, #350, #1155, .T. ) ;
#3552 = CARTESIAN_POINT ( 'NONE',  ( 2.580809704034067800, 1.979999999999997800, -1.409446671930623600 ) ) ;
#3553 = LINE ( 'NONE', #4032, #2864 ) ;
#3554 = VECTOR ( 'NONE', #4666, 1000.000000000000200 ) ;
#3555 = ORIENTED_EDGE ( 'NONE', *, *, #2205, .T. ) ;
#3556 = ORIENTED_EDGE ( 'NONE', *, *, #4880, .F. ) ;
#3557 = PLANE ( 'NONE',  #3834 ) ;
#3558 = DIRECTION ( 'NONE',  ( -0.0000000000000000000, -1.000000000000000000, -0.0000000000000000000 ) ) ;
#3559 = CARTESIAN_POINT ( 'NONE',  ( 0.6499999999999992500, 0.0000000000000000000, 3.050000000000000300 ) ) ;
#3560 = FACE_OUTER_BOUND ( 'NONE', #3683, .T. ) ;
#3561 = ORIENTED_EDGE ( 'NONE', *, *, #1453, .F. ) ;
#3562 = VERTEX_POINT ( 'NONE', #1775 ) ;
#3563 = AXIS2_PLACEMENT_3D ( 'NONE', #3085, #2783, #2798 ) ;
#3564 = CARTESIAN_POINT ( 'NONE',  ( 2.876103991879633200, 1.979999999999998200, 1.657227999950593200 ) ) ;
#3565 = DIRECTION ( 'NONE',  ( 0.0000000000000000000, -0.0000000000000000000, -1.000000000000000000 ) ) ;
#3566 = CARTESIAN_POINT ( 'NONE',  ( 3.231208800839547600, 0.1727457514062645200, -0.6999999999999999600 ) ) ;
#3567 = ORIENTED_EDGE ( 'NONE', *, *, #982, .F. ) ;
#3568 = CARTESIAN_POINT ( 'NONE',  ( -1.938022094347529500, 1.917659127564141000, -2.175491115049602400 ) ) ;
#3569 = ORIENTED_EDGE ( 'NONE', *, *, #5063, .F. ) ;
#3570 = DIRECTION ( 'NONE',  ( 0.0000000000000000000, 0.0000000000000000000, 1.000000000000000000 ) ) ;
#3571 = CARTESIAN_POINT ( 'NONE',  ( 0.0000000000000000000, 16.83777582424696100, 0.0000000000000000000 ) ) ;
#3572 = CARTESIAN_POINT ( 'NONE',  ( -2.870497659733809200, 1.891696579382596200, 1.724932093081512600 ) ) ;
#3573 = ORIENTED_EDGE ( 'NONE', *, *, #2539, .F. ) ;
#3574 = FILL_AREA_STYLE_COLOUR ( '', #4848 ) ;
#3575 = CARTESIAN_POINT ( 'NONE',  ( 2.906947836603966700, 1.529999999999999100, -1.683109058682871600 ) ) ;
#3576 = ORIENTED_EDGE ( 'NONE', *, *, #183, .F. ) ;
#3577 = EDGE_CURVE ( 'NONE', #941, #2979, #1520, .T. ) ;
#3578 = B_SPLINE_CURVE_WITH_KNOTS ( 'NONE', 3,
 ( #4303, #3521, #1102, #5109, #5141, #2714, #2264, #1465, #1483, #3489, #1121, #3468, #5160, #1432, #1914, #4732 ),
 .UNSPECIFIED., .F., .F.,
 ( 4, 3, 3, 3, 3, 4 ),
 ( 0.0000000000000000000, 2.920866079746523700E-005, 5.823910330299548700E-005, 8.967654631213475800E-005, 0.0001270026944289869400, 0.0001695827093730595500 ),
 .UNSPECIFIED. ) ;
#3579 = ADVANCED_FACE ( 'NONE', ( #3533 ), #2974, .F. ) ;
#3580 = VERTEX_POINT ( 'NONE', #179 ) ;
#3581 = CARTESIAN_POINT ( 'NONE',  ( 1.266093033428751900, 1.929999999999999500, -2.550000000000000700 ) ) ;
#3582 = CARTESIAN_POINT ( 'NONE',  ( -2.440348604289661600, 1.530000000000000000, -2.316966561438162500 ) ) ;
#3583 = EDGE_LOOP ( 'NONE', ( #3248, #3800, #1236, #1025 ) ) ;
#3584 = EDGE_CURVE ( 'NONE', #3954, #3580, #4317, .T. ) ;
#3585 = ADVANCED_FACE ( 'NONE', ( #1776 ), #3387, .T. ) ;
#3586 = CARTESIAN_POINT ( 'NONE',  ( -0.6500000000000006900, 0.4000000000000000200, 3.149999999999999900 ) ) ;
#3587 = ADVANCED_FACE ( 'NONE', ( #4054 ), #1781, .T. ) ;
#3588 = LINE ( 'NONE', #4933, #3967 ) ;
#3589 = ORIENTED_EDGE ( 'NONE', *, *, #2734, .F. ) ;
#3590 = CARTESIAN_POINT ( 'NONE',  ( -2.253846438605227000, 1.920278858396989000, 2.430602398166910500 ) ) ;
#3591 = ORIENTED_EDGE ( 'NONE', *, *, #2180, .T. ) ;
#3592 = DIRECTION ( 'NONE',  ( 0.0000000000000000000, 1.000000000000000000, 0.0000000000000000000 ) ) ;
#3593 = AXIS2_PLACEMENT_3D ( 'NONE', #2747, #1117, #361 ) ;
#3594 = VECTOR ( 'NONE', #4330, 1000.000000000000000 ) ;
#3595 = AXIS2_PLACEMENT_3D ( 'NONE', #546, #4542, #1688 ) ;
#3596 = LINE ( 'NONE', #99, #19 ) ;
#3597 = CARTESIAN_POINT ( 'NONE',  ( 2.902807972020364800, 1.964106595699988100, 1.694410736178879800 ) ) ;
#3598 = DIRECTION ( 'NONE',  ( 1.000000000000000000, 0.0000000000000000000, 0.0000000000000000000 ) ) ;
#3599 = VERTEX_POINT ( 'NONE', #154 ) ;
#3600 = CARTESIAN_POINT ( 'NONE',  ( -1.499999999999999600, 1.930000000000000200, -3.050000000000000700 ) ) ;
#3601 = EDGE_CURVE ( 'NONE', #214, #3858, #3276, .T. ) ;
#3602 = VECTOR ( 'NONE', #311, 1000.000000000000000 ) ;
#3603 = EDGE_LOOP ( 'NONE', ( #2340, #5083, #2939, #2801, #2060, #4102, #50, #1445 ) ) ;
#3604 = CARTESIAN_POINT ( 'NONE',  ( 2.245550092837354400, 1.925959712014151600, 2.425361892238864700 ) ) ;
#3605 = ADVANCED_FACE ( 'NONE', ( #88 ), #2209, .F. ) ;
#3606 = LINE ( 'NONE', #1807, #4126 ) ;
#3607 =( LENGTH_UNIT ( ) NAMED_UNIT ( * ) SI_UNIT ( .MILLI., .METRE. ) );
#3608 = ORIENTED_EDGE ( 'NONE', *, *, #3730, .T. ) ;
#3609 = LINE ( 'NONE', #5226, #3092 ) ;
#3610 = B_SPLINE_CURVE_WITH_KNOTS ( 'NONE', 3,
 ( #3530, #4802, #4409, #5167, #1181, #693, #1144, #2376, #5224, #2341, #1502, #1996, #370, #4353, #5184, #4392 ),
 .UNSPECIFIED., .F., .F.,
 ( 4, 3, 3, 3, 3, 4 ),
 ( 1.025094220394016000E-011, 1.814907645125565400E-005, 3.635745375665442700E-005, 5.369280908113361300E-005, 7.037713025258060600E-005, 7.998587425224362500E-005 ),
 .UNSPECIFIED. ) ;
#3611 =( LENGTH_UNIT ( ) NAMED_UNIT ( * ) SI_UNIT ( .MILLI., .METRE. ) );
#3612 = CARTESIAN_POINT ( 'NONE',  ( 0.0000000000000000000, 4.800000000000000700, 2.299999999999999400 ) ) ;
#3613 = EDGE_LOOP ( 'NONE', ( #2797, #2197, #3643, #4291 ) ) ;
#3614 = EDGE_CURVE ( 'NONE', #120, #3119, #4245, .T. ) ;
#3615 = VERTEX_POINT ( 'NONE', #987 ) ;
#3616 = CARTESIAN_POINT ( 'NONE',  ( 2.302462449073377800, 1.979999999999997800, 2.481292882286177700 ) ) ;
#3617 = DIRECTION ( 'NONE',  ( -0.0000000000000000000, -1.000000000000000000, -0.0000000000000000000 ) ) ;
#3618 = CARTESIAN_POINT ( 'NONE',  ( 1.971149465046496700, 1.782692105289978700, -2.136011452005908100 ) ) ;
#3619 = CARTESIAN_POINT ( 'NONE',  ( 2.232283955927776700, 1.979999999999935400, 2.422406134571127600 ) ) ;
#3620 = CARTESIAN_POINT ( 'NONE',  ( 3.000000000000001800, 0.0000000000000000000, 0.6999999999999992900 ) ) ;
#3621 = LINE ( 'NONE', #929, #116 ) ;
#3622 = ORIENTED_EDGE ( 'NONE', *, *, #5106, .T. ) ;
#3623 = VERTEX_POINT ( 'NONE', #288 ) ;
#3624 = ADVANCED_FACE ( 'NONE', ( #2590 ), #1442, .F. ) ;
#3625 = EDGE_CURVE ( 'NONE', #680, #574, #581, .T. ) ;
#3626 = CARTESIAN_POINT ( 'NONE',  ( -2.249620753808918100, 1.923172360841530300, 2.427933183690476100 ) ) ;
#3627 = EDGE_LOOP ( 'NONE', ( #3433, #547, #1956, #2906 ) ) ;
#3628 = VERTEX_POINT ( 'NONE', #4740 ) ;
#3629 = ADVANCED_FACE ( 'NONE', ( #2172 ), #4264, .F. ) ;
#3630 = ORIENTED_EDGE ( 'NONE', *, *, #4880, .T. ) ;
#3631 = AXIS2_PLACEMENT_3D ( 'NONE', #538, #2523, #3757 ) ;
#3632 = EDGE_LOOP ( 'NONE', ( #4573, #4852, #150, #1694 ) ) ;
#3633 = DIRECTION ( 'NONE',  ( -3.097720492815728600E-016, -0.0000000000000000000, -1.000000000000000000 ) ) ;
#3634 = VECTOR ( 'NONE', #1193, 1000.000000000000000 ) ;
#3635 = EDGE_LOOP ( 'NONE', ( #245, #4934, #4661, #4765 ) ) ;
#3636 = AXIS2_PLACEMENT_3D ( 'NONE', #2381, #3137, #1185 ) ;
#3637 = DIRECTION ( 'NONE',  ( -0.0000000000000000000, -1.000000000000000000, -0.0000000000000000000 ) ) ;
#3638 = CARTESIAN_POINT ( 'NONE',  ( 2.894395889798241100, 1.973050869151821800, -1.679148823225136400 ) ) ;
#3639 = CARTESIAN_POINT ( 'NONE',  ( 1.266093033428751900, 15.41086354534016500, -3.050000000000000700 ) ) ;
#3640 = CARTESIAN_POINT ( 'NONE',  ( 2.268245417573944600, 1.963639257452510300, 2.451772796796013700 ) ) ;
#3641 = DIRECTION ( 'NONE',  ( 0.0000000000000000000, 1.000000000000000000, 0.0000000000000000000 ) ) ;
#3642 = ORIENTED_EDGE ( 'NONE', *, *, #411, .T. ) ;
#3643 = ORIENTED_EDGE ( 'NONE', *, *, #582, .T. ) ;
#3644 = AXIS2_PLACEMENT_3D ( 'NONE', #1323, #435, #3244 ) ;
#3645 = CARTESIAN_POINT ( 'NONE',  ( -2.867423636778977600, 1.879999990299078300, -1.730212165818714200 ) ) ;
#3646 = ORIENTED_EDGE ( 'NONE', *, *, #2050, .T. ) ;
#3647 = EDGE_CURVE ( 'NONE', #4714, #2322, #2102, .T. ) ;
#3648 = B_SPLINE_CURVE_WITH_KNOTS ( 'NONE', 3,
 ( #3149, #4030, #1139, #1575, #1595, #4012 ),
 .UNSPECIFIED., .F., .F.,
 ( 4, 1, 1, 4 ),
 ( 0.0000000000000000000, 0.2552740279713690000, 0.5940928137246722600, 0.7940126489242030900 ),
 .UNSPECIFIED. ) ;
#3649 = LINE ( 'NONE', #721, #4367 ) ;
#3650 = VERTEX_POINT ( 'NONE', #3178 ) ;
#3651 = CARTESIAN_POINT ( 'NONE',  ( 2.467157287525379300, 5.000000000000000900, -0.4171572875253810000 ) ) ;
#3652 = ORIENTED_EDGE ( 'NONE', *, *, #1096, .T. ) ;
#3653 = CARTESIAN_POINT ( 'NONE',  ( -2.294567611640753800, 1.932696151556233100, -2.468513956879300000 ) ) ;
#3654 = VECTOR ( 'NONE', #4769, 1000.000000000000000 ) ;
#3655 = VERTEX_POINT ( 'NONE', #3082 ) ;
#3656 = EDGE_CURVE ( 'NONE', #4616, #2090, #3147, .T. ) ;
#3657 = EDGE_LOOP ( 'NONE', ( #3821, #3304, #1499, #1248 ) ) ;
#3658 = DIRECTION ( 'NONE',  ( 0.0000000000000000000, 0.0000000000000000000, -1.000000000000000000 ) ) ;
#3659 = VECTOR ( 'NONE', #1260, 1000.000000000000000 ) ;
#3660 = SURFACE_SIDE_STYLE ('',( #3057 ) ) ;
#3661 = CARTESIAN_POINT ( 'NONE',  ( -0.3210699884760344600, 5.000000000000000000, -2.043749999999999300 ) ) ;
#3662 = CARTESIAN_POINT ( 'NONE',  ( -2.778390314666657100, 15.41086354534016500, 1.836317947306665300 ) ) ;
#3663 = PLANE ( 'NONE',  #1815 ) ;
#3664 = ADVANCED_FACE ( 'NONE', ( #4117 ), #794, .T. ) ;
#3665 = LINE ( 'NONE', #3292, #329 ) ;
#3666 = AXIS2_PLACEMENT_3D ( 'NONE', #4611, #3745, #3326 ) ;
#3667 = VECTOR ( 'NONE', #386, 1000.000000000000000 ) ;
#3668 = AXIS2_PLACEMENT_3D ( 'NONE', #122, #4617, #4151 ) ;
#3669 = DIRECTION ( 'NONE',  ( -0.0000000000000000000, -0.0000000000000000000, 1.000000000000000000 ) ) ;
#3670 = CYLINDRICAL_SURFACE ( 'NONE', #4580, 0.05000000000000012800 ) ;
#3671 = ORIENTED_EDGE ( 'NONE', *, *, #986, .F. ) ;
#3672 = DIRECTION ( 'NONE',  ( -0.0000000000000000000, -1.000000000000000000, -0.0000000000000000000 ) ) ;
#3673 = ORIENTED_EDGE ( 'NONE', *, *, #2330, .F. ) ;
#3674 = DIRECTION ( 'NONE',  ( -0.0000000000000000000, -1.000000000000000000, -0.0000000000000000000 ) ) ;
#3675 = LINE ( 'NONE', #1182, #532 ) ;
#3676 = AXIS2_PLACEMENT_3D ( 'NONE', #2303, #1540, #2696 ) ;
#3677 = CARTESIAN_POINT ( 'NONE',  ( 2.265136491934274700, 1.907601957559131000, 2.435717192514523300 ) ) ;
#3678 =( LENGTH_UNIT ( ) NAMED_UNIT ( * ) SI_UNIT ( .MILLI., .METRE. ) );
#3679 = EDGE_CURVE ( 'NONE', #4641, #2126, #1835, .T. ) ;
#3680 = FACE_OUTER_BOUND ( 'NONE', #613, .T. ) ;
#3681 = FACE_OUTER_BOUND ( 'NONE', #2945, .T. ) ;
#3682 = ORIENTED_EDGE ( 'NONE', *, *, #157, .F. ) ;
#3683 = EDGE_LOOP ( 'NONE', ( #4339, #2994, #998, #2267 ) ) ;
#3684 = SURFACE_SIDE_STYLE ('',( #1215 ) ) ;
#3685 = CARTESIAN_POINT ( 'NONE',  ( 1.266093033428751900, 3.499999999999999600, 2.550000000000001600 ) ) ;
#3686 = CARTESIAN_POINT ( 'NONE',  ( -2.494791858252453800, 1.529999999999999100, -1.511958748668076600 ) ) ;
#3687 = EDGE_CURVE ( 'NONE', #1654, #586, #1968, .T. ) ;
#3688 = PLANE ( 'NONE',  #3218 ) ;
#3689 = VECTOR ( 'NONE', #843, 1000.000000000000000 ) ;
#3690 = ORIENTED_EDGE ( 'NONE', *, *, #1714, .T. ) ;
#3691 = DIRECTION ( 'NONE',  ( -0.0000000000000000000, -1.000000000000000000, -0.0000000000000000000 ) ) ;
#3692 = ORIENTED_EDGE ( 'NONE', *, *, #1858, .T. ) ;
#3693 = ADVANCED_FACE ( 'NONE', ( #2039 ), #2957, .F. ) ;
#3694 = DIRECTION ( 'NONE',  ( -0.0000000000000000000, 1.000000000000000000, -0.0000000000000000000 ) ) ;
#3695 = CARTESIAN_POINT ( 'NONE',  ( -2.993444671765758800, 0.2499999999999998900, 0.6999999999999999600 ) ) ;
#3696 = CARTESIAN_POINT ( 'NONE',  ( 2.580809704034067800, 1.929999999999998200, 1.409446671930623300 ) ) ;
#3697 = ORIENTED_EDGE ( 'NONE', *, *, #2308, .F. ) ;
#3698 = ORIENTED_EDGE ( 'NONE', *, *, #4315, .T. ) ;
#3699 = AXIS2_PLACEMENT_3D ( 'NONE', #3545, #3472, #3971 ) ;
#3700 = DIRECTION ( 'NONE',  ( -0.3090169943749417300, 0.9510565162951553100, 0.0000000000000000000 ) ) ;
#3701 = AXIS2_PLACEMENT_3D ( 'NONE', #3581, #2386, #3519 ) ;
#3702 = ORIENTED_EDGE ( 'NONE', *, *, #200, .F. ) ;
#3703 = EDGE_CURVE ( 'NONE', #870, #1771, #1552, .T. ) ;
#3704 = CARTESIAN_POINT ( 'NONE',  ( 2.906947836603966700, 1.529999999999999100, 1.683109058682871600 ) ) ;
#3705 = CARTESIAN_POINT ( 'NONE',  ( 1.499999999999999600, 1.929999999999999500, 2.991913488127980500 ) ) ;
#3706 = CARTESIAN_POINT ( 'NONE',  ( 2.778390314666656200, 1.929999999999999500, -1.836317947306664200 ) ) ;
#3707 = CARTESIAN_POINT ( 'NONE',  ( -2.232283955927776700, 1.979999999999935400, -2.422406134571127600 ) ) ;
#3708 = AXIS2_PLACEMENT_3D ( 'NONE', #3768, #1731, #3388 ) ;
#3709 = MANIFOLD_SOLID_BREP ( 'Cut-Extrude4', #1071 ) ;
#3710 = CARTESIAN_POINT ( 'NONE',  ( 2.559230525366472400, 1.929999999999998200, 1.435163735632962100 ) ) ;
#3711 = VERTEX_POINT ( 'NONE', #1666 ) ;
#3712 = CARTESIAN_POINT ( 'NONE',  ( -1.825260516351813000, 0.0000000000000000000, -3.049999999999999800 ) ) ;
#3713 = CARTESIAN_POINT ( 'NONE',  ( -2.868645614448017700, 1.879999999999998100, -1.650969678198544300 ) ) ;
#3714 = LINE ( 'NONE', #2742, #1254 ) ;
#3715 = ORIENTED_EDGE ( 'NONE', *, *, #23, .T. ) ;
#3716 = CARTESIAN_POINT ( 'NONE',  ( 0.0000000000000000000, 1.930000000000000200, 0.0000000000000000000 ) ) ;
#3717 = ADVANCED_FACE ( 'NONE', ( #3918 ), #2586, .T. ) ;
#3718 = FACE_OUTER_BOUND ( 'NONE', #2181, .T. ) ;
#3719 = VERTEX_POINT ( 'NONE', #2859 ) ;
#3720 = ORIENTED_EDGE ( 'NONE', *, *, #1460, .T. ) ;
#3721 = EDGE_CURVE ( 'NONE', #4515, #2260, #201, .T. ) ;
#3722 = CARTESIAN_POINT ( 'NONE',  ( 2.395368093107166800, 1.530000000000000000, -1.514924142463395200 ) ) ;
#3723 = DIRECTION ( 'NONE',  ( -0.0000000000000000000, -1.000000000000000000, -0.0000000000000000000 ) ) ;
#3724 = ADVANCED_FACE ( 'NONE', ( #4452, #4961 ), #156, .T. ) ;
#3725 = CIRCLE ( 'NONE', #913, 0.5000000000000000000 ) ;
#3726 = ORIENTED_EDGE ( 'NONE', *, *, #3050, .T. ) ;
#3727 = DIRECTION ( 'NONE',  ( -0.7660444431189793500, 0.0000000000000000000, 0.6427876096865378100 ) ) ;
#3728 = DIRECTION ( 'NONE',  ( -0.0000000000000000000, 1.000000000000000000, -0.0000000000000000000 ) ) ;
#3729 = LINE ( 'NONE', #679, #1208 ) ;
#3730 = EDGE_CURVE ( 'NONE', #1847, #4412, #1514, .T. ) ;
#3731 = VECTOR ( 'NONE', #20, 1000.000000000000000 ) ;
#3732 = CARTESIAN_POINT ( 'NONE',  ( 3.000000000000001300, 1.530000000000000000, 1.650000000000000600 ) ) ;
#3733 = DIRECTION ( 'NONE',  ( 0.0000000000000000000, 0.0000000000000000000, -1.000000000000000000 ) ) ;
#3734 = ORIENTED_EDGE ( 'NONE', *, *, #1834, .T. ) ;
#3735 = FACE_OUTER_BOUND ( 'NONE', #1006, .T. ) ;
#3736 = ORIENTED_EDGE ( 'NONE', *, *, #1325, .F. ) ;
#3737 = VERTEX_POINT ( 'NONE', #3705 ) ;
#3738 = DIRECTION ( 'NONE',  ( 1.000000000000000000, 0.0000000000000000000, 6.805308102864045200E-016 ) ) ;
#3739 = AXIS2_PLACEMENT_3D ( 'NONE', #318, #3156, #2342 ) ;
#3740 = VECTOR ( 'NONE', #2547, 1000.000000000000200 ) ;
#3741 = VERTEX_POINT ( 'NONE', #1715 ) ;
#3742 = CARTESIAN_POINT ( 'NONE',  ( 0.0000000000000000000, 3.500000000000000000, 0.0000000000000000000 ) ) ;
#3743 = DIRECTION ( 'NONE',  ( -1.000000000000000000, 0.0000000000000000000, 6.805308102864044200E-016 ) ) ;
#3744 = CARTESIAN_POINT ( 'NONE',  ( 1.825260516351813000, 1.530000000000000000, -3.050000000000000700 ) ) ;
#3745 = DIRECTION ( 'NONE',  ( 0.0000000000000000000, 1.000000000000000000, 0.0000000000000000000 ) ) ;
#3746 = CARTESIAN_POINT ( 'NONE',  ( 2.868645614448017700, 1.979999999999997800, -1.650969678198544300 ) ) ;
#3747 = AXIS2_PLACEMENT_3D ( 'NONE', #3099, #734, #1076 ) ;
#3748 = CARTESIAN_POINT ( 'NONE',  ( 2.549999999999999800, 16.83777582424696100, -0.5000000000000015500 ) ) ;
#3749 = VECTOR ( 'NONE', #3015, 1000.000000000000000 ) ;
#3750 = VERTEX_POINT ( 'NONE', #1302 ) ;
#3751 = ORIENTED_EDGE ( 'NONE', *, *, #3625, .T. ) ;
#3752 = LINE ( 'NONE', #4175, #919 ) ;
#3753 = ORIENTED_EDGE ( 'NONE', *, *, #2449, .T. ) ;
#3754 = EDGE_CURVE ( 'NONE', #85, #2999, #5012, .T. ) ;
#3755 = ORIENTED_EDGE ( 'NONE', *, *, #2193, .F. ) ;
#3756 = ORIENTED_EDGE ( 'NONE', *, *, #1232, .F. ) ;
#3757 = DIRECTION ( 'NONE',  ( 1.000000000000000000, 0.0000000000000000000, 3.252606517456508900E-016 ) ) ;
#3758 = EDGE_CURVE ( 'NONE', #4712, #2226, #3911, .T. ) ;
#3759 = CARTESIAN_POINT ( 'NONE',  ( -1.499999999999999600, 3.500000000000000000, 2.991913488127981000 ) ) ;
#3760 = CARTESIAN_POINT ( 'NONE',  ( -2.895368093107167700, 15.41086354534016500, -1.199999999999999300 ) ) ;
#3761 = ORIENTED_EDGE ( 'NONE', *, *, #3198, .F. ) ;
#3762 = ORIENTED_EDGE ( 'NONE', *, *, #2156, .T. ) ;
#3763 = DIRECTION ( 'NONE',  ( -0.7660444431189792300, -0.0000000000000000000, 0.6427876096865378100 ) ) ;
#3764 = EDGE_LOOP ( 'NONE', ( #2948, #1259, #1790, #2971 ) ) ;
#3765 = ORIENTED_EDGE ( 'NONE', *, *, #2545, .T. ) ;
#3766 = AXIS2_PLACEMENT_3D ( 'NONE', #1477, #420, #2844 ) ;
#3767 = VERTEX_POINT ( 'NONE', #3356 ) ;
#3768 = CARTESIAN_POINT ( 'NONE',  ( 2.993444671765758800, 0.2499999999999998900, 0.6999999999999999600 ) ) ;
#3769 = CARTESIAN_POINT ( 'NONE',  ( 0.9082597180517073500, 1.529999999999999100, -1.031391342065090000 ) ) ;
#3770 = ORIENTED_EDGE ( 'NONE', *, *, #3198, .T. ) ;
#3771 = AXIS2_PLACEMENT_3D ( 'NONE', #1032, #4680, #1872 ) ;
#3772 = PLANE ( 'NONE',  #4603 ) ;
#3773 = CARTESIAN_POINT ( 'NONE',  ( 2.895368093107166800, 3.499999999999999600, 1.514924142463396100 ) ) ;
#3774 = CIRCLE ( 'NONE', #5119, 2.649999999999999500 ) ;
#3775 = ORIENTED_EDGE ( 'NONE', *, *, #321, .T. ) ;
#3776 = ORIENTED_EDGE ( 'NONE', *, *, #488, .T. ) ;
#3777 = CARTESIAN_POINT ( 'NONE',  ( 2.362731470142131100, 1.930000000000000200, 1.199999999999999100 ) ) ;
#3778 = DIRECTION ( 'NONE',  ( -0.0000000000000000000, -1.000000000000000000, -0.0000000000000000000 ) ) ;
#3779 = CIRCLE ( 'NONE', #4610, 0.05000000000000012800 ) ;
#3780 = VERTEX_POINT ( 'NONE', #519 ) ;
#3781 = CARTESIAN_POINT ( 'NONE',  ( -2.395368093107167700, 1.530000000000000000, -1.514924142463395200 ) ) ;
#3782 = VERTEX_POINT ( 'NONE', #3322 ) ;
#3783 = FACE_OUTER_BOUND ( 'NONE', #4626, .T. ) ;
#3784 = LINE ( 'NONE', #4995, #4757 ) ;
#3785 = EDGE_CURVE ( 'NONE', #1222, #241, #1142, .T. ) ;
#3786 = ORIENTED_EDGE ( 'NONE', *, *, #2410, .F. ) ;
#3787 = DIRECTION ( 'NONE',  ( 0.0000000000000000000, 0.0000000000000000000, 1.000000000000000000 ) ) ;
#3788 = CIRCLE ( 'NONE', #1343, 0.05000000000000012800 ) ;
#3789 = CARTESIAN_POINT ( 'NONE',  ( 1.499999999999999600, 1.930000000000000200, -2.184605227495348200 ) ) ;
#3790 = LINE ( 'NONE', #1922, #762 ) ;
#3791 = CARTESIAN_POINT ( 'NONE',  ( -3.000000000000001300, 1.530000000000000000, -1.649999999999998800 ) ) ;
#3792 = ORIENTED_EDGE ( 'NONE', *, *, #4629, .T. ) ;
#3793 = ADVANCED_FACE ( 'NONE', ( #2405 ), #3305, .F. ) ;
#3794 = CYLINDRICAL_SURFACE ( 'NONE', #459, 0.2500000000000002200 ) ;
#3795 = EDGE_CURVE ( 'NONE', #1829, #586, #2338, .T. ) ;
#3796 = ADVANCED_FACE ( 'NONE', ( #2166 ), #265, .F. ) ;
#3797 = CARTESIAN_POINT ( 'NONE',  ( 2.236860996473609500, 1.929058250561763700, -2.418927340129111100 ) ) ;
#3798 = ORIENTED_EDGE ( 'NONE', *, *, #2846, .F. ) ;
#3799 = AXIS2_PLACEMENT_3D ( 'NONE', #398, #727, #1136 ) ;
#3800 = ORIENTED_EDGE ( 'NONE', *, *, #3894, .F. ) ;
#3801 = CARTESIAN_POINT ( 'NONE',  ( -2.244994432064364400, 16.83777582424696100, -0.5000000000000012200 ) ) ;
#3802 = CARTESIAN_POINT ( 'NONE',  ( -2.984869000508068900, 0.06180339887498820200, 0.6999999999999999600 ) ) ;
#3803 = LINE ( 'NONE', #736, #4192 ) ;
#3804 = LINE ( 'NONE', #2565, #98 ) ;
#3805 = EDGE_CURVE ( 'NONE', #3115, #2184, #4579, .T. ) ;
#3806 = VECTOR ( 'NONE', #4369, 1000.000000000000000 ) ;
#3807 = VERTEX_POINT ( 'NONE', #1391 ) ;
#3808 = DIRECTION ( 'NONE',  ( -0.0000000000000000000, -1.000000000000000000, -0.0000000000000000000 ) ) ;
#3809 = CARTESIAN_POINT ( 'NONE',  ( 0.4013374855950431200, 4.799999999999998900, -2.254687499999999700 ) ) ;
#3810 = CARTESIAN_POINT ( 'NONE',  ( 2.869784486986004500, 1.911431262898539300, 1.710107393657158200 ) ) ;
#3811 = VECTOR ( 'NONE', #2653, 1000.000000000000000 ) ;
#3812 = PLANE ( 'NONE',  #421 ) ;
#3813 = LINE ( 'NONE', #1515, #1727 ) ;
#3814 = EDGE_LOOP ( 'NONE', ( #4386, #4906, #4005, #1257 ) ) ;
#3815 = CARTESIAN_POINT ( 'NONE',  ( -2.000000000000000000, 0.2000000000000000100, -0.7000000000000000700 ) ) ;
#3816 = VERTEX_POINT ( 'NONE', #3809 ) ;
#3817 = DIRECTION ( 'NONE',  ( 0.0000000000000000000, 0.0000000000000000000, 1.000000000000000000 ) ) ;
#3818 = CARTESIAN_POINT ( 'NONE',  ( 2.253846438605227000, 1.920278858396989000, -2.430602398166910500 ) ) ;
#3819 = VECTOR ( 'NONE', #1070, 1000.000000000000000 ) ;
#3820 = VERTEX_POINT ( 'NONE', #4642 ) ;
#3821 = ORIENTED_EDGE ( 'NONE', *, *, #4638, .T. ) ;
#3822 = DIRECTION ( 'NONE',  ( 0.0000000000000000000, 0.0000000000000000000, 1.000000000000000000 ) ) ;
#3823 = DIRECTION ( 'NONE',  ( -0.0000000000000000000, -1.000000000000000000, -0.0000000000000000000 ) ) ;
#3824 = EDGE_CURVE ( 'NONE', #4380, #2796, #443, .T. ) ;
#3825 = DIRECTION ( 'NONE',  ( -1.000000000000000000, 0.0000000000000000000, -0.0000000000000000000 ) ) ;
#3826 = DIRECTION ( 'NONE',  ( 0.0000000000000000000, -0.0000000000000000000, 1.000000000000000000 ) ) ;
#3827 = DIRECTION ( 'NONE',  ( -0.0000000000000000000, 1.000000000000000000, 0.0000000000000000000 ) ) ;
#3828 = DIRECTION ( 'NONE',  ( -0.6427876096865382500, -0.0000000000000000000, -0.7660444431189789000 ) ) ;
#3829 = ADVANCED_FACE ( 'NONE', ( #3215 ), #170, .T. ) ;
#3830 = EDGE_CURVE ( 'NONE', #256, #3897, #5136, .T. ) ;
#3831 = FILL_AREA_STYLE_COLOUR ( '', #2238 ) ;
#3832 = VERTEX_POINT ( 'NONE', #5096 ) ;
#3833 = DIRECTION ( 'NONE',  ( 0.0000000000000000000, 1.000000000000000000, 0.0000000000000000000 ) ) ;
#3834 = AXIS2_PLACEMENT_3D ( 'NONE', #2002, #1187, #393 ) ;
#3835 = PLANE ( 'NONE',  #172 ) ;
#3836 = ORIENTED_EDGE ( 'NONE', *, *, #345, .T. ) ;
#3837 = CARTESIAN_POINT ( 'NONE',  ( 1.266093033428751900, 15.41086354534016500, 3.050000000000001200 ) ) ;
#3838 = FACE_OUTER_BOUND ( 'NONE', #938, .T. ) ;
#3839 = ORIENTED_EDGE ( 'NONE', *, *, #2855, .T. ) ;
#3840 = DIRECTION ( 'NONE',  ( 0.0000000000000000000, -0.0000000000000000000, 1.000000000000000000 ) ) ;
#3841 = FACE_OUTER_BOUND ( 'NONE', #1509, .T. ) ;
#3842 = ORIENTED_EDGE ( 'NONE', *, *, #4027, .F. ) ;
#3843 = CARTESIAN_POINT ( 'NONE',  ( -2.945250058759928600, 1.979999999999997800, 1.715248439167209100 ) ) ;
#3844 = ORIENTED_EDGE ( 'NONE', *, *, #4305, .F. ) ;
#3845 = LINE ( 'NONE', #4366, #2701 ) ;
#3846 = PLANE ( 'NONE',  #1278 ) ;
#3847 = DIRECTION ( 'NONE',  ( 0.0000000000000000000, 0.0000000000000000000, -1.000000000000000000 ) ) ;
#3848 = ORIENTED_EDGE ( 'NONE', *, *, #5132, .F. ) ;
#3849 = EDGE_CURVE ( 'NONE', #4138, #943, #3076, .T. ) ;
#3850 = DIRECTION ( 'NONE',  ( -0.0000000000000000000, -1.000000000000000000, -0.0000000000000000000 ) ) ;
#3851 = LINE ( 'NONE', #3125, #3011 ) ;
#3852 = CARTESIAN_POINT ( 'NONE',  ( 1.499999999999999600, 3.500000000000000000, 2.184605227495346500 ) ) ;
#3853 = LINE ( 'NONE', #4312, #3667 ) ;
#3854 = ORIENTED_EDGE ( 'NONE', *, *, #1224, .F. ) ;
#3855 = VECTOR ( 'NONE', #331, 1000.000000000000000 ) ;
#3856 = EDGE_CURVE ( 'NONE', #395, #3562, #2840, .T. ) ;
#3857 = ORIENTED_EDGE ( 'NONE', *, *, #3703, .T. ) ;
#3858 = VERTEX_POINT ( 'NONE', #3054 ) ;
#3859 = CARTESIAN_POINT ( 'NONE',  ( 2.315461233156051300, 1.880000009701113800, 2.465801534656297800 ) ) ;
#3860 = CIRCLE ( 'NONE', #4551, 2.649999999999998600 ) ;
#3861 = DIRECTION ( 'NONE',  ( -0.7660444431189793500, 0.0000000000000000000, -0.6427876096865378100 ) ) ;
#3862 = ORIENTED_EDGE ( 'NONE', *, *, #3243, .F. ) ;
#3863 = AXIS2_PLACEMENT_3D ( 'NONE', #1997, #2467, #1602 ) ;
#3864 = CARTESIAN_POINT ( 'NONE',  ( 3.000000000000001800, 0.2000000000000000100, 0.6999999999999992900 ) ) ;
#3865 = VECTOR ( 'NONE', #2397, 1000.000000000000200 ) ;
#3866 = CARTESIAN_POINT ( 'NONE',  ( -1.499999999999999600, 1.930000000000000200, -2.184605227495348200 ) ) ;
#3867 = CARTESIAN_POINT ( 'NONE',  ( 2.000000000000000000, 0.2000000000000000100, -0.6999999999999999600 ) ) ;
#3868 = CARTESIAN_POINT ( 'NONE',  ( 2.000000000000000000, -0.0000000000000000000, -0.6999999999999999600 ) ) ;
#3869 = SURFACE_STYLE_FILL_AREA ( #1414 ) ;
#3870 = ORIENTED_EDGE ( 'NONE', *, *, #1539, .F. ) ;
#3871 = ORIENTED_EDGE ( 'NONE', *, *, #682, .T. ) ;
#3872 = DIRECTION ( 'NONE',  ( 0.0000000000000000000, 0.0000000000000000000, -1.000000000000000000 ) ) ;
#3873 = EDGE_CURVE ( 'NONE', #1219, #3477, #1081, .T. ) ;
#3874 = ADVANCED_FACE ( 'NONE', ( #1900 ), #765, .F. ) ;
#3875 = VECTOR ( 'NONE', #1213, 1000.000000000000000 ) ;
#3876 = ORIENTED_EDGE ( 'NONE', *, *, #3301, .T. ) ;
#3877 = ORIENTED_EDGE ( 'NONE', *, *, #5166, .T. ) ;
#3878 = CARTESIAN_POINT ( 'NONE',  ( 2.238755315870455800, 1.978927709411263800, -2.427846175314624800 ) ) ;
#3879 = DIRECTION ( 'NONE',  ( 0.0000000000000000000, 0.0000000000000000000, 1.000000000000000000 ) ) ;
#3880 = DIRECTION ( 'NONE',  ( 1.000000000000000000, 0.0000000000000000000, -1.084202172485503000E-016 ) ) ;
#3881 = ORIENTED_EDGE ( 'NONE', *, *, #1340, .F. ) ;
#3882 = ORIENTED_EDGE ( 'NONE', *, *, #1396, .F. ) ;
#3883 = CARTESIAN_POINT ( 'NONE',  ( 2.335589819772346100, 1.782692105289978700, 2.441813219242484400 ) ) ;
#3884 = EDGE_CURVE ( 'NONE', #2810, #2575, #22, .T. ) ;
#3885 = CARTESIAN_POINT ( 'NONE',  ( 2.580809704034067400, 1.979999999999997800, -1.409446671930623100 ) ) ;
#3886 = DIRECTION ( 'NONE',  ( -0.6427876096865378100, 0.0000000000000000000, 0.7660444431189793500 ) ) ;
#3887 = ORIENTED_EDGE ( 'NONE', *, *, #4762, .F. ) ;
#3888 = EDGE_CURVE ( 'NONE', #2322, #909, #2953, .T. ) ;
#3889 = DIRECTION ( 'NONE',  ( -0.0000000000000000000, -0.0000000000000000000, -1.000000000000000000 ) ) ;
#3890 = CARTESIAN_POINT ( 'NONE',  ( 2.860574822982070700, 1.926290537153732900, -1.690973126709404800 ) ) ;
#3891 = EDGE_LOOP ( 'NONE', ( #3500, #4357, #396, #2459 ) ) ;
#3892 = CARTESIAN_POINT ( 'NONE',  ( 1.825260516351813000, 0.0000000000000000000, -3.050000000000000700 ) ) ;
#3893 = DIRECTION ( 'NONE',  ( 0.0000000000000000000, -0.0000000000000000000, 1.000000000000000000 ) ) ;
#3894 = EDGE_CURVE ( 'NONE', #3295, #2417, #1274, .T. ) ;
#3895 = DIRECTION ( 'NONE',  ( 0.0000000000000000000, 0.0000000000000000000, -1.000000000000000000 ) ) ;
#3896 = CARTESIAN_POINT ( 'NONE',  ( 0.4013374855950431200, 4.799999999999998900, -1.754687499999999700 ) ) ;
#3897 = VERTEX_POINT ( 'NONE', #1437 ) ;
#3898 = AXIS2_PLACEMENT_3D ( 'NONE', #327, #4342, #1910 ) ;
#3899 = VECTOR ( 'NONE', #1532, 1000.000000000000000 ) ;
#3900 = ORIENTED_EDGE ( 'NONE', *, *, #4259, .F. ) ;
#3901 = CARTESIAN_POINT ( 'NONE',  ( 2.312840534787685300, 1.890621480548926800, 2.468924761351901400 ) ) ;
#3902 = ORIENTED_EDGE ( 'NONE', *, *, #537, .F. ) ;
#3903 = MECHANICAL_DESIGN_GEOMETRIC_PRESENTATION_REPRESENTATION (  '', ( #2357 ), #5013 ) ;
#3904 = VECTOR ( 'NONE', #5250, 1000.000000000000200 ) ;
#3905 = ORIENTED_EDGE ( 'NONE', *, *, #529, .F. ) ;
#3906 = CARTESIAN_POINT ( 'NONE',  ( 0.6499999999999992500, 0.4000000000000000200, 3.149999999999999900 ) ) ;
#3907 = ORIENTED_EDGE ( 'NONE', *, *, #4218, .F. ) ;
#3908 = DIRECTION ( 'NONE',  ( 0.0000000000000000000, -0.0000000000000000000, -1.000000000000000000 ) ) ;
#3909 = CIRCLE ( 'NONE', #969, 2.100000000000000100 ) ;
#3910 = PRODUCT_DEFINITION ( 'UNKNOWN', '', #3193, #773 ) ;
#3911 = LINE ( 'NONE', #112, #4310 ) ;
#3912 = DIRECTION ( 'NONE',  ( 0.0000000000000000000, -1.000000000000000000, 0.0000000000000000000 ) ) ;
#3913 = ORIENTED_EDGE ( 'NONE', *, *, #1934, .F. ) ;
#3914 = B_SPLINE_CURVE_WITH_KNOTS ( 'NONE', 3,
 ( #1329, #2182, #1360, #113, #126, #2922 ),
 .UNSPECIFIED., .F., .F.,
 ( 4, 2, 4 ),
 ( 3.523240035064792100E-018, 0.0001809202235099455200, 0.0003618404470198875100 ),
 .UNSPECIFIED. ) ;
#3915 = VECTOR ( 'NONE', #814, 1000.000000000000000 ) ;
#3916 = B_SPLINE_SURFACE_WITH_KNOTS ( 'NONE', 2, 1, ( 
 ( #4179, #4632 ),
 ( #4650, #176 ),
 ( #229, #1402 ) ),
 .UNSPECIFIED., .F., .F., .F.,
 ( 3, 3 ),
 ( 2, 2 ),
 ( 0.0000000000000000000, 1.000000000000000000 ),
 ( 0.0000000000000000000, 1.000000000000000000 ),
 .UNSPECIFIED. ) ;
#3917 = DIRECTION ( 'NONE',  ( -0.0000000000000000000, -1.000000000000000000, -0.0000000000000000000 ) ) ;
#3918 = FACE_OUTER_BOUND ( 'NONE', #1706, .T. ) ;
#3919 = EDGE_CURVE ( 'NONE', #3446, #881, #691, .T. ) ;
#3920 = ORIENTED_EDGE ( 'NONE', *, *, #4536, .F. ) ;
#3921 = CARTESIAN_POINT ( 'NONE',  ( -2.778390314666657100, 1.929999999999999500, 1.836317947306665300 ) ) ;
#3922 = CARTESIAN_POINT ( 'NONE',  ( 1.508301782570043100, 1.929999999999999500, -2.987418474506292400 ) ) ;
#3923 = EDGE_LOOP ( 'NONE', ( #1639, #4884, #905, #4925 ) ) ;
#3924 = DIRECTION ( 'NONE',  ( 0.0000000000000000000, 0.0000000000000000000, 1.000000000000000000 ) ) ;
#3925 = ORIENTED_EDGE ( 'NONE', *, *, #884, .T. ) ;
#3926 = LINE ( 'NONE', #4807, #4530 ) ;
#3927 = EDGE_CURVE ( 'NONE', #2167, #904, #3527, .T. ) ;
#3928 = CARTESIAN_POINT ( 'NONE',  ( 2.869784486986004500, 1.911431262898539300, -1.710107393657158200 ) ) ;
#3929 = CARTESIAN_POINT ( 'NONE',  ( 2.244994432064364400, 5.000000000000000000, -0.3000000000000013200 ) ) ;
#3930 = CARTESIAN_POINT ( 'NONE',  ( -2.868645614448017700, 1.929999999999998200, -1.650969678198544300 ) ) ;
#3931 = CYLINDRICAL_SURFACE ( 'NONE', #3898, 2.649999999999998600 ) ;
#3932 = DIRECTION ( 'NONE',  ( 0.0000000000000000000, -1.000000000000000000, 0.0000000000000000000 ) ) ;
#3933 = VERTEX_POINT ( 'NONE', #1880 ) ;
#3934 = AXIS2_PLACEMENT_3D ( 'NONE', #1066, #3071, #2684 ) ;
#3935 = CARTESIAN_POINT ( 'NONE',  ( -2.225858004761479800, 1.979999999999997800, -2.417014121317523600 ) ) ;
#3936 = B_SPLINE_SURFACE_WITH_KNOTS ( 'NONE', 2, 1, ( 
 ( #114, #3252 ),
 ( #465, #93 ),
 ( #3686, #4141 ) ),
 .UNSPECIFIED., .F., .F., .F.,
 ( 3, 3 ),
 ( 2, 2 ),
 ( 0.0000000000000000000, 1.000000000000000000 ),
 ( 0.0000000000000000000, 1.000000000000000000 ),
 .UNSPECIFIED. ) ;
#3937 = CARTESIAN_POINT ( 'NONE',  ( 0.6499999999999992500, 0.4000000000000000200, 3.050000000000000300 ) ) ;
#3938 = LINE ( 'NONE', #3974, #2359 ) ;
#3939 = EDGE_LOOP ( 'NONE', ( #4836, #3466, #3390, #4481 ) ) ;
#3940 = AXIS2_PLACEMENT_3D ( 'NONE', #2470, #4524, #2129 ) ;
#3941 = ORIENTED_EDGE ( 'NONE', *, *, #1993, .T. ) ;
#3942 = DIRECTION ( 'NONE',  ( 0.0000000000000000000, 1.000000000000000000, 0.0000000000000000000 ) ) ;
#3943 = DIRECTION ( 'NONE',  ( 3.097720492815729100E-016, 0.0000000000000000000, 1.000000000000000000 ) ) ;
#3944 = CARTESIAN_POINT ( 'NONE',  ( -2.244994432064364400, 2.500000000000000000, 0.4999999999999997800 ) ) ;
#3945 = PLANE ( 'NONE',  #1681 ) ;
#3946 = FACE_OUTER_BOUND ( 'NONE', #2775, .T. ) ;
#3947 = EDGE_LOOP ( 'NONE', ( #1487, #62, #2383, #3762 ) ) ;
#3948 = ORIENTED_EDGE ( 'NONE', *, *, #675, .T. ) ;
#3949 = CARTESIAN_POINT ( 'NONE',  ( 0.0000000000000000000, 4.800000000000000700, 0.0000000000000000000 ) ) ;
#3950 = CARTESIAN_POINT ( 'NONE',  ( -2.867423636778977600, 1.879999990299078300, -1.730212165818714200 ) ) ;
#3951 = ORIENTED_EDGE ( 'NONE', *, *, #4426, .T. ) ;
#3952 = EDGE_CURVE ( 'NONE', #668, #680, #1211, .T. ) ;
#3953 = CARTESIAN_POINT ( 'NONE',  ( 2.000000000000000000, 0.2000000000000000100, -0.6999999999999999600 ) ) ;
#3954 = VERTEX_POINT ( 'NONE', #4255 ) ;
#3955 = CARTESIAN_POINT ( 'NONE',  ( -2.000000000000000000, 0.2000000000000000100, -0.6999999999999999600 ) ) ;
#3956 = DIRECTION ( 'NONE',  ( -0.3090169943749419000, 0.9510565162951554200, 0.0000000000000000000 ) ) ;
#3957 = PLANE ( 'NONE',  #1542 ) ;
#3958 = ADVANCED_FACE ( 'NONE', ( #2710 ), #1793, .T. ) ;
#3959 = EDGE_CURVE ( 'NONE', #3711, #4866, #3784, .T. ) ;
#3960 = DIRECTION ( 'NONE',  ( -1.000000000000000000, -1.224646799147352200E-016, 0.0000000000000000000 ) ) ;
#3961 = ORIENTED_EDGE ( 'NONE', *, *, #2147, .F. ) ;
#3962 =( NAMED_UNIT ( * ) PLANE_ANGLE_UNIT ( ) SI_UNIT ( $, .RADIAN. ) );
#3963 = CIRCLE ( 'NONE', #1116, 2.099999999999999600 ) ;
#3964 = AXIS2_PLACEMENT_3D ( 'NONE', #3375, #540, #1319 ) ;
#3965 = ORIENTED_EDGE ( 'NONE', *, *, #1309, .F. ) ;
#3966 = CARTESIAN_POINT ( 'NONE',  ( 2.945250058759915700, 1.879999999999998100, -1.715248439167198500 ) ) ;
#3967 = VECTOR ( 'NONE', #1669, 1000.000000000000000 ) ;
#3968 = EDGE_LOOP ( 'NONE', ( #1840, #3107, #782, #3509, #3715, #5040, #3266, #3181 ) ) ;
#3969 = DIRECTION ( 'NONE',  ( 0.0000000000000000000, 0.0000000000000000000, 1.000000000000000000 ) ) ;
#3970 = ORIENTED_EDGE ( 'NONE', *, *, #1170, .F. ) ;
#3971 = DIRECTION ( 'NONE',  ( 0.0000000000000000000, 0.0000000000000000000, -1.000000000000000000 ) ) ;
#3972 = EDGE_CURVE ( 'NONE', #4101, #3446, #4630, .T. ) ;
#3973 = CARTESIAN_POINT ( 'NONE',  ( -2.493996089497433100, 15.41086354534016500, 2.175245786865136500 ) ) ;
#3974 = CARTESIAN_POINT ( 'NONE',  ( 3.175080303767100300, -1.439058332749477800E-016, -0.6999999999999999600 ) ) ;
#3975 = VECTOR ( 'NONE', #3526, 1000.000000000000000 ) ;
#3976 = AXIS2_PLACEMENT_3D ( 'NONE', #58, #1247, #2389 ) ;
#3977 = VERTEX_POINT ( 'NONE', #967 ) ;
#3978 = CARTESIAN_POINT ( 'NONE',  ( 0.0000000000000000000, 2.500000000000000000, 0.0000000000000000000 ) ) ;
#3979 = ADVANCED_FACE ( 'NONE', ( #1388 ), #326, .T. ) ;
#3980 = CARTESIAN_POINT ( 'NONE',  ( -2.895368093107167700, 1.929999999999999500, 1.514924142463396100 ) ) ;
#3981 = CIRCLE ( 'NONE', #4919, 0.5000000000000000000 ) ;
#3982 = CARTESIAN_POINT ( 'NONE',  ( -3.231208800839547600, 0.1727457514062645200, 0.6999999999999999600 ) ) ;
#3983 = FACE_OUTER_BOUND ( 'NONE', #4251, .T. ) ;
#3984 = ORIENTED_EDGE ( 'NONE', *, *, #183, .T. ) ;
#3985 =( NAMED_UNIT ( * ) SI_UNIT ( $, .STERADIAN. ) SOLID_ANGLE_UNIT ( ) );
#3986 = FACE_OUTER_BOUND ( 'NONE', #4749, .T. ) ;
#3987 = ADVANCED_FACE ( 'NONE', ( #4514 ), #4058, .F. ) ;
#3988 = ORIENTED_EDGE ( 'NONE', *, *, #3525, .T. ) ;
#3989 = VERTEX_POINT ( 'NONE', #457 ) ;
#3990 = B_SPLINE_CURVE_WITH_KNOTS ( 'NONE', 2,
 ( #3950, #4790, #342 ),
 .UNSPECIFIED., .F., .F.,
 ( 3, 3 ),
 ( 0.2445457786001995500, 1.000000000000000000 ),
 .UNSPECIFIED. ) ;
#3991 = DIRECTION ( 'NONE',  ( -1.000000000000000000, 0.0000000000000000000, 0.0000000000000000000 ) ) ;
#3992 = LINE ( 'NONE', #4963, #648 ) ;
#3993 = EDGE_CURVE ( 'NONE', #993, #557, #2728, .T. ) ;
#3994 = CARTESIAN_POINT ( 'NONE',  ( 2.911321534255761900, 1.945146042190219800, -1.718140560466067300 ) ) ;
#3995 = ORIENTED_EDGE ( 'NONE', *, *, #1539, .T. ) ;
#3996 = CIRCLE ( 'NONE', #619, 0.5000000000000000000 ) ;
#3997 = LINE ( 'NONE', #5235, #1223 ) ;
#3998 = CARTESIAN_POINT ( 'NONE',  ( 2.906947836603966700, 1.529999999999999100, -1.683109058682871600 ) ) ;
#3999 = DIRECTION ( 'NONE',  ( 0.0000000000000000000, 1.000000000000000000, 0.0000000000000000000 ) ) ;
#4000 = ADVANCED_FACE ( 'NONE', ( #2469 ), #2654, .T. ) ;
#4001 = EDGE_CURVE ( 'NONE', #2762, #2471, #2215, .T. ) ;
#4002 = CARTESIAN_POINT ( 'NONE',  ( -2.229335656545687400, 1.929999999999985100, 2.412869617309902000 ) ) ;
#4003 = CARTESIAN_POINT ( 'NONE',  ( -2.064355435253781400, 1.674522915955187800, 2.024932902160147700 ) ) ;
#4004 = LINE ( 'NONE', #667, #406 ) ;
#4005 = ORIENTED_EDGE ( 'NONE', *, *, #3098, .T. ) ;
#4006 = ORIENTED_EDGE ( 'NONE', *, *, #866, .F. ) ;
#4007 = LINE ( 'NONE', #2510, #3299 ) ;
#4008 = ORIENTED_EDGE ( 'NONE', *, *, #2941, .F. ) ;
#4009 = ADVANCED_FACE ( 'NONE', ( #3397 ), #4993, .T. ) ;
#4010 = PLANE ( 'NONE',  #3247 ) ;
#4011 = AXIS2_PLACEMENT_3D ( 'NONE', #5130, #3079, #4759 ) ;
#4012 = CARTESIAN_POINT ( 'NONE',  ( -2.277159011000101000, 1.880000009701114200, 2.433662154171969800 ) ) ;
#4013 = EDGE_LOOP ( 'NONE', ( #3905, #2174, #2576, #2555, #3726 ) ) ;
#4014 = CARTESIAN_POINT ( 'NONE',  ( 2.395368093107166800, 1.530000000000000000, 1.514924142463396100 ) ) ;
#4015 = ORIENTED_EDGE ( 'NONE', *, *, #2454, .T. ) ;
#4016 = DIRECTION ( 'NONE',  ( -0.6427876096865374800, 0.0000000000000000000, 0.7660444431189795700 ) ) ;
#4017 = ADVANCED_FACE ( 'NONE', ( #4048 ), #4663, .T. ) ;
#4018 = CARTESIAN_POINT ( 'NONE',  ( 2.288294191084494500, 1.941604619803089400, 2.465151497256729200 ) ) ;
#4019 = CARTESIAN_POINT ( 'NONE',  ( -1.508301782570044000, 15.41086354534016500, -2.987418474506291900 ) ) ;
#4020 = VERTEX_POINT ( 'NONE', #2566 ) ;
#4021 = B_SPLINE_SURFACE_WITH_KNOTS ( 'NONE', 3, 1, ( 
 ( #4614, #2631 ),
 ( #244, #2666 ),
 ( #2280, #669 ),
 ( #1838, #3883 ),
 ( #5124, #702 ),
 ( #4698, #4270 ) ),
 .UNSPECIFIED., .F., .F., .F.,
 ( 4, 1, 1, 4 ),
 ( 2, 2 ),
 ( 0.0000000000000000000, 0.2552740279713690000, 0.5940928137246722600, 1.000000000000000000 ),
 ( 0.0000000000000000000, 1.000000000000000000 ),
 .UNSPECIFIED. ) ;
#4022 = AXIS2_PLACEMENT_3D ( 'NONE', #302, #3532, #4373 ) ;
#4023 = CARTESIAN_POINT ( 'NONE',  ( -2.847066435774785000, 1.929999999995545900, 1.676686741907602600 ) ) ;
#4024 = ORIENTED_EDGE ( 'NONE', *, *, #1628, .F. ) ;
#4025 = CARTESIAN_POINT ( 'NONE',  ( 2.390493567823680300, 1.674522915955187800, 2.298595288912396000 ) ) ;
#4026 = ORIENTED_EDGE ( 'NONE', *, *, #3275, .F. ) ;
#4027 = EDGE_CURVE ( 'NONE', #4118, #4287, #1585, .T. ) ;
#4028 = B_SPLINE_CURVE_WITH_KNOTS ( 'NONE', 3,
 ( #3177, #1603, #391, #1238, #4415, #2380, #5206, #34, #3590, #3626, #3194, #827, #2759, #1978, #1184, #4002 ),
 .UNSPECIFIED., .F., .F.,
 ( 4, 3, 3, 3, 3, 4 ),
 ( 1.025094220394016000E-011, 1.814907645125565400E-005, 3.635745375665442700E-005, 5.369280908113361300E-005, 7.037713025258060600E-005, 7.998587425224362500E-005 ),
 .UNSPECIFIED. ) ;
#4029 = FILL_AREA_STYLE ('',( #69 ) ) ;
#4030 = CARTESIAN_POINT ( 'NONE',  ( -2.402046382133715200, 1.583790327172668300, 2.284827180953837600 ) ) ;
#4031 = CARTESIAN_POINT ( 'NONE',  ( -2.440348604289661600, 1.530000000000000000, -2.316966561438162500 ) ) ;
#4032 = CARTESIAN_POINT ( 'NONE',  ( -2.778390314666657100, 1.530000000000000000, -1.836317947306664400 ) ) ;
#4033 = ORIENTED_EDGE ( 'NONE', *, *, #1366, .F. ) ;
#4034 = EDGE_CURVE ( 'NONE', #3376, #300, #5073, .T. ) ;
#4035 = VECTOR ( 'NONE', #1550, 1000.000000000000000 ) ;
#4036 = VERTEX_POINT ( 'NONE', #2743 ) ;
#4037 = CARTESIAN_POINT ( 'NONE',  ( 0.0000000000000000000, 4.800000000000000700, 0.2999999999999963300 ) ) ;
#4038 = VERTEX_POINT ( 'NONE', #1500 ) ;
#4039 = AXIS2_PLACEMENT_3D ( 'NONE', #5145, #3942, #2283 ) ;
#4040 = FACE_OUTER_BOUND ( 'NONE', #124, .T. ) ;
#4041 = ORIENTED_EDGE ( 'NONE', *, *, #3785, .T. ) ;
#4042 = AXIS2_PLACEMENT_3D ( 'NONE', #4584, #1361, #1761 ) ;
#4043 = VECTOR ( 'NONE', #3494, 1000.000000000000000 ) ;
#4044 = FACE_OUTER_BOUND ( 'NONE', #4474, .T. ) ;
#4045 = CARTESIAN_POINT ( 'NONE',  ( -2.863151244734972100, 1.924123180546468200, -1.694846117685706800 ) ) ;
#4046 = CARTESIAN_POINT ( 'NONE',  ( -2.868645614448017700, 1.979999999999997800, -1.650969678198544300 ) ) ;
#4047 = DIRECTION ( 'NONE',  ( 0.0000000000000000000, 1.000000000000000000, 0.0000000000000000000 ) ) ;
#4048 = FACE_OUTER_BOUND ( 'NONE', #1267, .T. ) ;
#4049 = ORIENTED_EDGE ( 'NONE', *, *, #2476, .T. ) ;
#4050 = CARTESIAN_POINT ( 'NONE',  ( 2.913221468417620800, 1.916834036921780400, -1.742480489612134600 ) ) ;
#4051 = CARTESIAN_POINT ( 'NONE',  ( -2.000000000000000400, 0.0000000000000000000, 0.7000000000000000700 ) ) ;
#4052 = LINE ( 'NONE', #243, #830 ) ;
#4053 = AXIS2_PLACEMENT_3D ( 'NONE', #3662, #1277, #3246 ) ;
#4054 = FACE_OUTER_BOUND ( 'NONE', #273, .T. ) ;
#4055 = ORIENTED_EDGE ( 'NONE', *, *, #4658, .T. ) ;
#4056 = TOROIDAL_SURFACE ( 'NONE', #562, 0.3000000000000000400, 0.2000000000000000100 ) ;
#4057 = CARTESIAN_POINT ( 'NONE',  ( -2.871212941351963400, 1.902252326358104600, 1.718074849690113300 ) ) ;
#4058 = PLANE ( 'NONE',  #4053 ) ;
#4059 = ORIENTED_EDGE ( 'NONE', *, *, #3993, .F. ) ;
#4060 = ORIENTED_EDGE ( 'NONE', *, *, #17, .T. ) ;
#4061 = FACE_OUTER_BOUND ( 'NONE', #2296, .T. ) ;
#4062 = B_SPLINE_CURVE_WITH_KNOTS ( 'NONE', 3,
 ( #4590, #879, #3293, #899, #527, #1337 ),
 .UNSPECIFIED., .F., .F.,
 ( 4, 1, 1, 4 ),
 ( 0.2059873510754549100, 0.4059071862753277400, 0.7447259720286310000, 1.000000000000000000 ),
 .UNSPECIFIED. ) ;
#4063 = ADVANCED_FACE ( 'NONE', ( #3271 ), #1881, .F. ) ;
#4064 = LINE ( 'NONE', #281, #2967 ) ;
#4065 = CARTESIAN_POINT ( 'NONE',  ( -2.315461233156051300, 1.880000009701113800, -2.465801534656297800 ) ) ;
#4066 = FACE_OUTER_BOUND ( 'NONE', #822, .T. ) ;
#4067 = EDGE_CURVE ( 'NONE', #2090, #823, #3067, .T. ) ;
#4068 = DIRECTION ( 'NONE',  ( 0.0000000000000000000, -0.0000000000000000000, -1.000000000000000000 ) ) ;
#4069 = CARTESIAN_POINT ( 'NONE',  ( 2.905725858934928000, 1.879999990299078300, -1.762351546303042100 ) ) ;
#4070 = PLANE ( 'NONE',  #1496 ) ;
#4071 = VECTOR ( 'NONE', #2220, 1000.000000000000000 ) ;
#4072 = PLANE ( 'NONE',  #4850 ) ;
#4073 = FACE_OUTER_BOUND ( 'NONE', #2521, .T. ) ;
#4074 = ORIENTED_EDGE ( 'NONE', *, *, #1309, .T. ) ;
#4075 = VERTEX_POINT ( 'NONE', #2620 ) ;
#4076 = EDGE_CURVE ( 'NONE', #1713, #2508, #1204, .T. ) ;
#4077 = CARTESIAN_POINT ( 'NONE',  ( 0.0000000000000000000, 0.0000000000000000000, 0.0000000000000000000 ) ) ;
#4078 = ADVANCED_FACE ( 'NONE', ( #1330 ), #260, .T. ) ;
#4079 = CARTESIAN_POINT ( 'NONE',  ( 2.362731470142131100, 3.500000000000000000, 1.199999999999999100 ) ) ;
#4080 = LINE ( 'NONE', #4199, #2492 ) ;
#4081 = VERTEX_POINT ( 'NONE', #2150 ) ;
#4082 = AXIS2_PLACEMENT_3D ( 'NONE', #963, #1788, #545 ) ;
#4083 = ORIENTED_EDGE ( 'NONE', *, *, #1261, .T. ) ;
#4084 = DIRECTION ( 'NONE',  ( 0.0000000000000000000, -0.0000000000000000000, -1.000000000000000000 ) ) ;
#4085 = EDGE_CURVE ( 'NONE', #3115, #3816, #3725, .T. ) ;
#4086 = ORIENTED_EDGE ( 'NONE', *, *, #2442, .F. ) ;
#4087 = CARTESIAN_POINT ( 'NONE',  ( -3.000000000000001300, 0.2000000000000000100, -0.7000000000000001800 ) ) ;
#4088 = CARTESIAN_POINT ( 'NONE',  ( 0.0000000000000000000, 2.500000000000000000, 2.374999999999999600 ) ) ;
#4089 = DIRECTION ( 'NONE',  ( 0.0000000000000000000, 0.0000000000000000000, 1.000000000000000000 ) ) ;
#4090 = CARTESIAN_POINT ( 'NONE',  ( 2.234346644547877700, 1.929682731982899300, 2.416989238110138300 ) ) ;
#4091 = CARTESIAN_POINT ( 'NONE',  ( 2.778390314666656200, 1.530000000000000000, 1.836317947306665300 ) ) ;
#4092 = EDGE_LOOP ( 'NONE', ( #526, #855, #670, #3428 ) ) ;
#4093 = ADVANCED_FACE ( 'NONE', ( #683 ), #3452, .F. ) ;
#4094 = DIRECTION ( 'NONE',  ( 1.000000000000000000, 0.0000000000000000000, 0.0000000000000000000 ) ) ;
#4095 = CARTESIAN_POINT ( 'NONE',  ( 0.0000000000000000000, 2.500000000000000000, 0.0000000000000000000 ) ) ;
#4096 = DIRECTION ( 'NONE',  ( 2.375994358662888400E-016, 0.0000000000000000000, -1.000000000000000000 ) ) ;
#4097 = ORIENTED_EDGE ( 'NONE', *, *, #1421, .T. ) ;
#4098 = EDGE_CURVE ( 'NONE', #692, #2584, #4302, .T. ) ;
#4099 = LINE ( 'NONE', #4336, #2998 ) ;
#4100 = DIRECTION ( 'NONE',  ( 1.000000000000000000, 0.0000000000000000000, 0.0000000000000000000 ) ) ;
#4101 = VERTEX_POINT ( 'NONE', #4234 ) ;
#4102 = ORIENTED_EDGE ( 'NONE', *, *, #2960, .F. ) ;
#4103 = CARTESIAN_POINT ( 'NONE',  ( 2.000000000000000000, 0.0000000000000000000, -0.6999999999999996200 ) ) ;
#4104 =( BOUNDED_CURVE ( )  B_SPLINE_CURVE ( 3, ( #1310, #2124, #2881, #100 ),
 .UNSPECIFIED., .F., .T. ) 
 B_SPLINE_CURVE_WITH_KNOTS ( ( 4, 4 ),
 ( 1.570796326794896800, 3.141592653589775800 ),
 .UNSPECIFIED. ) 
 CURVE ( )  GEOMETRIC_REPRESENTATION_ITEM ( )  RATIONAL_B_SPLINE_CURVE ( ( 1.000000000000000000, 0.8047378541243690500, 0.8047378541243690500, 1.000000000000000000 ) ) 
 REPRESENTATION_ITEM ( '' )  );
#4105 = DIRECTION ( 'NONE',  ( -1.000000000000000000, 0.0000000000000000000, -6.805308102864042200E-016 ) ) ;
#4106 = CIRCLE ( 'NONE', #1441, 1.000000000000000900 ) ;
#4107 = ORIENTED_EDGE ( 'NONE', *, *, #2401, .F. ) ;
#4108 = EDGE_CURVE ( 'NONE', #574, #3780, #2646, .T. ) ;
#4109 = ORIENTED_EDGE ( 'NONE', *, *, #2598, .F. ) ;
#4110 = DIRECTION ( 'NONE',  ( -1.000000000000000000, 0.0000000000000000000, 0.0000000000000000000 ) ) ;
#4111 = DIRECTION ( 'NONE',  ( 0.6427876096865378100, 0.0000000000000000000, -0.7660444431189793500 ) ) ;
#4112 = LINE ( 'NONE', #4163, #513 ) ;
#4113 = ORIENTED_EDGE ( 'NONE', *, *, #2010, .F. ) ;
#4114 = DIRECTION ( 'NONE',  ( 0.0000000000000000000, 1.000000000000000000, 0.0000000000000000000 ) ) ;
#4115 = VECTOR ( 'NONE', #3398, 1000.000000000000000 ) ;
#4116 = PRESENTATION_LAYER_ASSIGNMENT (  '', '', ( #1745 ) ) ;
#4117 = FACE_OUTER_BOUND ( 'NONE', #5051, .T. ) ;
#4118 = VERTEX_POINT ( 'NONE', #3852 ) ;
#4119 = DIRECTION ( 'NONE',  ( -1.000000000000000000, 0.0000000000000000000, -0.0000000000000000000 ) ) ;
#4120 = CARTESIAN_POINT ( 'NONE',  ( -2.304343724360582400, 2.500000000000000000, 0.5749999999999997300 ) ) ;
#4121 = LINE ( 'NONE', #780, #4839 ) ;
#4122 = CARTESIAN_POINT ( 'NONE',  ( 2.225858004761479800, 1.979999999999997800, -2.417014121317523600 ) ) ;
#4123 = ORIENTED_EDGE ( 'NONE', *, *, #1421, .F. ) ;
#4124 = CARTESIAN_POINT ( 'NONE',  ( -2.778390314666657100, 15.41086354534016500, 1.836317947306665300 ) ) ;
#4125 = ADVANCED_FACE ( 'NONE', ( #4040 ), #4276, .T. ) ;
#4126 = VECTOR ( 'NONE', #3018, 1000.000000000000000 ) ;
#4127 = LINE ( 'NONE', #1841, #4912 ) ;
#4128 = CARTESIAN_POINT ( 'NONE',  ( -2.304343724360582400, 3.500000000000000000, -0.5749999999999997300 ) ) ;
#4129 = CARTESIAN_POINT ( 'NONE',  ( 2.820929990822352600, 1.529999999999999100, -1.785621135420324600 ) ) ;
#4130 = ORIENTED_EDGE ( 'NONE', *, *, #2080, .T. ) ;
#4131 = CARTESIAN_POINT ( 'NONE',  ( 1.499999999999999600, 1.930000000000000200, 2.184605227495346500 ) ) ;
#4132 = CARTESIAN_POINT ( 'NONE',  ( -2.549999999999999800, 16.83777582424696100, -0.4999999999999997800 ) ) ;
#4133 = ADVANCED_FACE ( 'NONE', ( #4172 ), #3835, .F. ) ;
#4134 = CARTESIAN_POINT ( 'NONE',  ( 2.549999999999999800, 2.500000000000000000, -0.5000000000000015500 ) ) ;
#4135 = VECTOR ( 'NONE', #1908, 1000.000000000000000 ) ;
#4136 = EDGE_CURVE ( 'NONE', #3281, #128, #4446, .T. ) ;
#4137 = VECTOR ( 'NONE', #2294, 1000.000000000000000 ) ;
#4138 = VERTEX_POINT ( 'NONE', #3423 ) ;
#4139 = DIRECTION ( 'NONE',  ( 0.0000000000000000000, 0.0000000000000000000, -1.000000000000000000 ) ) ;
#4140 = CARTESIAN_POINT ( 'NONE',  ( -2.275498925137190700, 1.957677461331832200, 2.457280979971422600 ) ) ;
#4141 = CARTESIAN_POINT ( 'NONE',  ( -2.859232212978315000, 1.529999999999999100, -1.817760515904662600 ) ) ;
#4142 = EDGE_CURVE ( 'NONE', #4274, #2307, #1576, .T. ) ;
#4143 = CARTESIAN_POINT ( 'NONE',  ( 2.569247472818311500, 1.955419800238429300, -1.423226002520405100 ) ) ;
#4144 = LINE ( 'NONE', #2025, #1475 ) ;
#4145 = EDGE_LOOP ( 'NONE', ( #4686, #2638, #3499, #4008, #4789, #2077, #2712, #1092, #2808, #1327, #725, #4633, #4605, #3682 ) ) ;
#4146 = CARTESIAN_POINT ( 'NONE',  ( 2.895368093107166800, 1.929999999999999500, 1.514924142463396100 ) ) ;
#4147 = VERTEX_POINT ( 'NONE', #2619 ) ;
#4148 = ORIENTED_EDGE ( 'NONE', *, *, #4652, .T. ) ;
#4149 = VERTEX_POINT ( 'NONE', #1423 ) ;
#4150 = AXIS2_PLACEMENT_3D ( 'NONE', #173, #1334, #2200 ) ;
#4151 = DIRECTION ( 'NONE',  ( 0.0000000000000000000, 0.0000000000000000000, 1.000000000000000000 ) ) ;
#4152 = CARTESIAN_POINT ( 'NONE',  ( 2.316486848523843900, 1.760410620510888700, 2.386793062514087600 ) ) ;
#4153 = CYLINDRICAL_SURFACE ( 'NONE', #3934, 0.2000000000000000400 ) ;
#4154 = ORIENTED_EDGE ( 'NONE', *, *, #3614, .F. ) ;
#4155 = EDGE_CURVE ( 'NONE', #2307, #4581, #1759, .T. ) ;
#4156 = CARTESIAN_POINT ( 'NONE',  ( -2.268245417573944600, 1.963639257452510300, 2.451772796796013700 ) ) ;
#4157 = ADVANCED_FACE ( 'NONE', ( #2028 ), #5095, .F. ) ;
#4158 = CARTESIAN_POINT ( 'NONE',  ( -2.945250058759915700, 1.879999999999998100, -1.715248439167198500 ) ) ;
#4159 = ADVANCED_FACE ( 'NONE', ( #4887 ), #2634, .F. ) ;
#4160 = AXIS2_PLACEMENT_3D ( 'NONE', #548, #2580, #5058 ) ;
#4161 = DIRECTION ( 'NONE',  ( 1.000000000000000000, 0.0000000000000000000, 2.375994358662888400E-016 ) ) ;
#4162 = ORIENTED_EDGE ( 'NONE', *, *, #4593, .T. ) ;
#4163 = CARTESIAN_POINT ( 'NONE',  ( -8.166369723436833100E-016, 3.500000000000000000, 1.199999999999997500 ) ) ;
#4164 = DIRECTION ( 'NONE',  ( -0.0000000000000000000, -1.000000000000000000, -0.0000000000000000000 ) ) ;
#4165 = CARTESIAN_POINT ( 'NONE',  ( -2.945250058759915700, 1.979999999999997800, -1.715248439167198500 ) ) ;
#4166 = ORIENTED_EDGE ( 'NONE', *, *, #4001, .F. ) ;
#4167 = ORIENTED_EDGE ( 'NONE', *, *, #3525, .F. ) ;
#4168 = EDGE_CURVE ( 'NONE', #395, #2810, #3779, .T. ) ;
#4169 = DIRECTION ( 'NONE',  ( 0.0000000000000000000, 1.000000000000000000, 0.0000000000000000000 ) ) ;
#4170 = CARTESIAN_POINT ( 'NONE',  ( -2.244994432064364400, 5.000000000000000000, 0.2999999999999998200 ) ) ;
#4171 = CARTESIAN_POINT ( 'NONE',  ( -2.225858004761479800, 1.979999999999997800, 2.417014121317523600 ) ) ;
#4172 = FACE_OUTER_BOUND ( 'NONE', #3504, .T. ) ;
#4173 = CARTESIAN_POINT ( 'NONE',  ( -2.000000000000000000, 0.2000000000000000100, -0.7000000000000000700 ) ) ;
#4174 = ORIENTED_EDGE ( 'NONE', *, *, #4490, .T. ) ;
#4175 = CARTESIAN_POINT ( 'NONE',  ( 3.000000000000001300, 1.530000000000000000, 1.650000000000000600 ) ) ;
#4176 = CARTESIAN_POINT ( 'NONE',  ( -2.895368093107167700, 1.929999999999999500, -1.514924142463394800 ) ) ;
#4177 = EDGE_CURVE ( 'NONE', #2991, #166, #892, .T. ) ;
#4178 = DIRECTION ( 'NONE',  ( 0.0000000000000000000, -1.000000000000000000, 0.0000000000000000000 ) ) ;
#4179 = CARTESIAN_POINT ( 'NONE',  ( 2.580809704034067400, 1.979999999999997800, 1.409446671930623100 ) ) ;
#4180 = ORIENTED_EDGE ( 'NONE', *, *, #3972, .T. ) ;
#4181 = FACE_OUTER_BOUND ( 'NONE', #1560, .T. ) ;
#4182 = DIRECTION ( 'NONE',  ( -0.0000000000000000000, -1.000000000000000000, -0.0000000000000000000 ) ) ;
#4183 = DIRECTION ( 'NONE',  ( -0.6427876096865375900, 0.0000000000000000000, -0.7660444431189795700 ) ) ;
#4184 = CIRCLE ( 'NONE', #2388, 2.299999999999999800 ) ;
#4185 = ORIENTED_EDGE ( 'NONE', *, *, #5238, .F. ) ;
#4186 = AXIS2_PLACEMENT_3D ( 'NONE', #2423, #423, #414 ) ;
#4187 = CYLINDRICAL_SURFACE ( 'NONE', #1100, 0.05000000000000001700 ) ;
#4188 = AXIS2_PLACEMENT_3D ( 'NONE', #1328, #4566, #2136 ) ;
#4189 = ORIENTED_EDGE ( 'NONE', *, *, #866, .T. ) ;
#4190 = DIRECTION ( 'NONE',  ( 0.0000000000000000000, 1.000000000000000000, 0.0000000000000000000 ) ) ;
#4191 = DIRECTION ( 'NONE',  ( 0.0000000000000000000, 0.0000000000000000000, 1.000000000000000000 ) ) ;
#4192 = VECTOR ( 'NONE', #4417, 1000.000000000000000 ) ;
#4193 = CARTESIAN_POINT ( 'NONE',  ( -3.175080303767100300, -1.439058332749477800E-016, 0.6999999999999999600 ) ) ;
#4194 = CARTESIAN_POINT ( 'NONE',  ( -2.244994432064364900, 16.83777582424696100, -0.4999999999999997800 ) ) ;
#4195 = FACE_OUTER_BOUND ( 'NONE', #5062, .T. ) ;
#4196 = ORIENTED_EDGE ( 'NONE', *, *, #2211, .F. ) ;
#4197 = CARTESIAN_POINT ( 'NONE',  ( -2.895368093107167700, 15.41086354534016500, -1.514924142463395200 ) ) ;
#4198 = CARTESIAN_POINT ( 'NONE',  ( 2.285261959605199100, 1.847159435199213100, -2.424005436061238000 ) ) ;
#4199 = CARTESIAN_POINT ( 'NONE',  ( -1.499999999999999600, 1.930000000000000200, 2.184605227495346500 ) ) ;
#4200 = CYLINDRICAL_SURFACE ( 'NONE', #3380, 0.5000000000000000000 ) ;
#4201 = ORIENTED_EDGE ( 'NONE', *, *, #2301, .T. ) ;
#4202 = EDGE_CURVE ( 'NONE', #439, #508, #3207, .T. ) ;
#4203 = VERTEX_POINT ( 'NONE', #3867 ) ;
#4204 = DIRECTION ( 'NONE',  ( 0.3090169943749417300, -0.9510565162951553100, 0.0000000000000000000 ) ) ;
#4205 = LINE ( 'NONE', #5201, #976 ) ;
#4206 = EDGE_LOOP ( 'NONE', ( #3698, #817, #1237, #2686 ) ) ;
#4207 = ORIENTED_EDGE ( 'NONE', *, *, #4202, .T. ) ;
#4208 = DIRECTION ( 'NONE',  ( 0.6427876096865379200, -0.0000000000000000000, 0.7660444431189791200 ) ) ;
#4209 = CARTESIAN_POINT ( 'NONE',  ( 3.000000000000001300, 1.530000000000000000, 1.650000000000000600 ) ) ;
#4210 = ADVANCED_FACE ( 'NONE', ( #566 ), #4956, .T. ) ;
#4211 = EDGE_CURVE ( 'NONE', #4147, #1854, #1959, .T. ) ;
#4212 = DIRECTION ( 'NONE',  ( -0.0000000000000000000, -1.000000000000000000, -0.0000000000000000000 ) ) ;
#4213 = DIRECTION ( 'NONE',  ( 0.0000000000000000000, 0.0000000000000000000, -1.000000000000000000 ) ) ;
#4214 = ORIENTED_EDGE ( 'NONE', *, *, #4498, .F. ) ;
#4215 = CARTESIAN_POINT ( 'NONE',  ( 0.0000000000000000000, 5.000000000000000000, 0.0000000000000000000 ) ) ;
#4216 = DIRECTION ( 'NONE',  ( 0.0000000000000000000, 1.000000000000000000, 0.0000000000000000000 ) ) ;
#4217 = CARTESIAN_POINT ( 'NONE',  ( -2.906947836603966700, 1.879999999999998100, -1.683109058682871600 ) ) ;
#4218 = EDGE_CURVE ( 'NONE', #1058, #2511, #4829, .T. ) ;
#4219 = DIRECTION ( 'NONE',  ( 0.2229652697750233700, 0.0000000000000000000, -0.9748263888888888400 ) ) ;
#4220 = ORIENTED_EDGE ( 'NONE', *, *, #4980, .T. ) ;
#4221 = AXIS2_PLACEMENT_3D ( 'NONE', #1810, #3823, #2601 ) ;
#4222 = ORIENTED_EDGE ( 'NONE', *, *, #2505, .F. ) ;
#4223 = DIRECTION ( 'NONE',  ( 0.0000000000000000000, 0.0000000000000000000, -1.000000000000000000 ) ) ;
#4224 = CARTESIAN_POINT ( 'NONE',  ( 2.304343724360582400, 2.500000000000000000, -0.5750000000000015100 ) ) ;
#4225 = CARTESIAN_POINT ( 'NONE',  ( 2.867423636778977600, 1.879999990299078300, 1.730212165818714200 ) ) ;
#4226 = ORIENTED_EDGE ( 'NONE', *, *, #5106, .F. ) ;
#4227 = CARTESIAN_POINT ( 'NONE',  ( -3.000000000000001800, 0.2000000000000000100, 0.6999999999999997300 ) ) ;
#4228 = AXIS2_PLACEMENT_3D ( 'NONE', #2444, #842, #4495 ) ;
#4229 = CARTESIAN_POINT ( 'NONE',  ( 3.500000000000000000, 1.000000000000000000, 0.6999999999999999600 ) ) ;
#4230 = LINE ( 'NONE', #1945, #3259 ) ;
#4231 = VERTEX_POINT ( 'NONE', #4350 ) ;
#4232 = EDGE_CURVE ( 'NONE', #2649, #3000, #2162, .T. ) ;
#4233 = DIRECTION ( 'NONE',  ( -0.0000000000000000000, -1.000000000000000000, -0.0000000000000000000 ) ) ;
#4234 = CARTESIAN_POINT ( 'NONE',  ( -2.993444671765758800, -1.216618837407928800E-016, -0.6999999999999999600 ) ) ;
#4235 = LINE ( 'NONE', #4570, #4624 ) ;
#4236 = ORIENTED_EDGE ( 'NONE', *, *, #3438, .F. ) ;
#4237 = ADVANCED_FACE ( 'NONE', ( #2398 ), #4406, .T. ) ;
#4238 = ORIENTED_EDGE ( 'NONE', *, *, #2187, .T. ) ;
#4239 = LINE ( 'NONE', #136, #239 ) ;
#4240 = FACE_OUTER_BOUND ( 'NONE', #3657, .T. ) ;
#4241 = EDGE_CURVE ( 'NONE', #4486, #120, #821, .T. ) ;
#4242 = ORIENTED_EDGE ( 'NONE', *, *, #923, .T. ) ;
#4243 = CARTESIAN_POINT ( 'NONE',  ( 2.860574822982070700, 1.926290537153732900, 1.690973126709404800 ) ) ;
#4244 = COLOUR_RGB ( '',0.5019607843137254800, 0.5019607843137254800, 0.5019607843137254800 ) ;
#4245 = CIRCLE ( 'NONE', #4929, 0.5000000000000000000 ) ;
#4246 = CARTESIAN_POINT ( 'NONE',  ( -2.902807972020364800, 1.964106595699988100, 1.694410736178879800 ) ) ;
#4247 = CARTESIAN_POINT ( 'NONE',  ( -1.941499746131745600, 1.929999999999998200, -2.171346611041971500 ) ) ;
#4248 = EDGE_LOOP ( 'NONE', ( #304, #1730, #3203, #3776 ) ) ;
#4249 = VECTOR ( 'NONE', #4328, 1000.000000000000100 ) ;
#4250 = AXIS2_PLACEMENT_3D ( 'NONE', #610, #3047, #2261 ) ;
#4251 = EDGE_LOOP ( 'NONE', ( #3951, #1990, #4989, #5102 ) ) ;
#4252 = VERTEX_POINT ( 'NONE', #352 ) ;
#4253 = DIRECTION ( 'NONE',  ( -0.0000000000000000000, -1.000000000000000000, -0.0000000000000000000 ) ) ;
#4254 = DIRECTION ( 'NONE',  ( 0.7660444431189791200, -0.0000000000000000000, 0.6427876096865380300 ) ) ;
#4255 = CARTESIAN_POINT ( 'NONE',  ( 2.493996089497432200, 1.929999999999999500, 2.175245786865136500 ) ) ;
#4256 = LINE ( 'NONE', #2531, #907 ) ;
#4257 = LINE ( 'NONE', #2789, #3159 ) ;
#4258 = CARTESIAN_POINT ( 'NONE',  ( 2.244994432064365300, 16.83777582424696100, 0.4999999999999963400 ) ) ;
#4259 = EDGE_CURVE ( 'NONE', #2302, #1577, #4688, .T. ) ;
#4260 = ORIENTED_EDGE ( 'NONE', *, *, #4727, .T. ) ;
#4261 = VECTOR ( 'NONE', #1684, 1000.000000000000000 ) ;
#4262 = AXIS2_PLACEMENT_3D ( 'NONE', #3448, #2262, #3066 ) ;
#4263 = PLANE ( 'NONE',  #1842 ) ;
#4264 = B_SPLINE_SURFACE_WITH_KNOTS ( 'NONE', 3, 1, ( 
 ( #4691, #2257 ),
 ( #2706, #1584 ),
 ( #1564, #1148 ),
 ( #4003, #3118 ),
 ( #341, #5231 ),
 ( #5173, #2396 ) ),
 .UNSPECIFIED., .F., .F., .F.,
 ( 4, 1, 1, 4 ),
 ( 2, 2 ),
 ( 0.0000000000000000000, 0.4059071862753277400, 0.7447259720286310000, 1.000000000000000000 ),
 ( 0.0000000000000000000, 1.000000000000000000 ),
 .UNSPECIFIED. ) ;
#4265 = CARTESIAN_POINT ( 'NONE',  ( -2.912391288227678100, 1.905253062325500200, 1.750608053066104800 ) ) ;
#4266 = VECTOR ( 'NONE', #1492, 1000.000000000000000 ) ;
#4267 = ORIENTED_EDGE ( 'NONE', *, *, #3479, .T. ) ;
#4268 = CARTESIAN_POINT ( 'NONE',  ( -2.868645614448017700, 1.929999999999998200, 1.650969678198544300 ) ) ;
#4269 = ORIENTED_EDGE ( 'NONE', *, *, #366, .F. ) ;
#4270 = CARTESIAN_POINT ( 'NONE',  ( 2.302462449073379200, 1.979999999999997800, 2.481292882286179100 ) ) ;
#4271 = UNCERTAINTY_MEASURE_WITH_UNIT (LENGTH_MEASURE( 1.000000000000000100E-005 ), #3607, 'distance_accuracy_value', 'NONE');
#4272 = LINE ( 'NONE', #2911, #3038 ) ;
#4273 = EDGE_LOOP ( 'NONE', ( #747, #118, #360, #1040 ) ) ;
#4274 = VERTEX_POINT ( 'NONE', #1935 ) ;
#4275 = DIRECTION ( 'NONE',  ( 1.000000000000000000, 0.0000000000000000000, 0.0000000000000000000 ) ) ;
#4276 = PLANE ( 'NONE',  #5082 ) ;
#4277 = CARTESIAN_POINT ( 'NONE',  ( -2.906947836603966700, 1.879999999999998100, 1.683109058682871600 ) ) ;
#4278 = EDGE_CURVE ( 'NONE', #2494, #3650, #14, .T. ) ;
#4279 = ORIENTED_EDGE ( 'NONE', *, *, #2275, .T. ) ;
#4280 = CARTESIAN_POINT ( 'NONE',  ( -3.231208800839547600, 0.1727457514062645200, 0.6999999999999999600 ) ) ;
#4281 = VERTEX_POINT ( 'NONE', #3582 ) ;
#4282 = EDGE_CURVE ( 'NONE', #4020, #2910, #3845, .T. ) ;
#4283 = CARTESIAN_POINT ( 'NONE',  ( -2.876103991879633200, 1.979999999999998200, 1.657227999950593200 ) ) ;
#4284 = VERTEX_POINT ( 'NONE', #336 ) ;
#4285 = DIRECTION ( 'NONE',  ( 0.0000000000000000000, 0.0000000000000000000, 1.000000000000000000 ) ) ;
#4286 = DIRECTION ( 'NONE',  ( -0.0000000000000000000, 1.000000000000000000, -0.0000000000000000000 ) ) ;
#4287 = VERTEX_POINT ( 'NONE', #3128 ) ;
#4288 = PLANE ( 'NONE',  #798 ) ;
#4289 = AXIS2_PLACEMENT_3D ( 'NONE', #3258, #824, #387 ) ;
#4290 = DIRECTION ( 'NONE',  ( 1.000000000000000000, 0.0000000000000000000, -0.0000000000000000000 ) ) ;
#4291 = ORIENTED_EDGE ( 'NONE', *, *, #4419, .T. ) ;
#4292 = CARTESIAN_POINT ( 'NONE',  ( -2.895368093107167700, 15.41086354534016500, 1.199999999999999500 ) ) ;
#4293 = DIRECTION ( 'NONE',  ( -0.0000000000000000000, -1.000000000000000000, -0.0000000000000000000 ) ) ;
#4294 = AXIS2_PLACEMENT_3D ( 'NONE', #2491, #3303, #2111 ) ;
#4295 = ORIENTED_EDGE ( 'NONE', *, *, #3805, .F. ) ;
#4296 = VECTOR ( 'NONE', #2231, 1000.000000000000000 ) ;
#4297 = CARTESIAN_POINT ( 'NONE',  ( -2.244994432064364400, 4.800000000000004300, 0.4999999999999997800 ) ) ;
#4298 = AXIS2_PLACEMENT_3D ( 'NONE', #4893, #63, #121 ) ;
#4299 = ORIENTED_EDGE ( 'NONE', *, *, #2637, .T. ) ;
#4300 = CARTESIAN_POINT ( 'NONE',  ( 0.2675583237300285800, 16.83777582424696100, -2.236458333333332300 ) ) ;
#4301 = DIRECTION ( 'NONE',  ( 0.0000000000000000000, -0.0000000000000000000, 1.000000000000000000 ) ) ;
#4302 = CIRCLE ( 'NONE', #2171, 0.5000000000000000000 ) ;
#4303 = CARTESIAN_POINT ( 'NONE',  ( -2.868645614448017700, 1.979999999999997800, -1.650969678198544300 ) ) ;
#4304 = VERTEX_POINT ( 'NONE', #2755 ) ;
#4305 = EDGE_CURVE ( 'NONE', #2810, #278, #3332, .T. ) ;
#4306 = DIRECTION ( 'NONE',  ( 0.0000000000000000000, 0.0000000000000000000, -1.000000000000000000 ) ) ;
#4307 = LINE ( 'NONE', #4158, #1271 ) ;
#4308 = DIRECTION ( 'NONE',  ( 0.7660444431189793500, 0.0000000000000000000, 0.6427876096865378100 ) ) ;
#4309 = CARTESIAN_POINT ( 'NONE',  ( 2.494791858252453800, 1.529999999999999100, -1.511958748668076600 ) ) ;
#4310 = VECTOR ( 'NONE', #501, 1000.000000000000000 ) ;
#4311 = VERTEX_POINT ( 'NONE', #4815 ) ;
#4312 = CARTESIAN_POINT ( 'NONE',  ( -2.304343724360582400, 2.500000000000000000, 0.5749999999999997300 ) ) ;
#4313 = ADVANCED_FACE ( 'NONE', ( #141 ), #5220, .F. ) ;
#4314 = LINE ( 'NONE', #397, #5015 ) ;
#4315 = EDGE_CURVE ( 'NONE', #123, #2532, #1012, .T. ) ;
#4316 = CARTESIAN_POINT ( 'NONE',  ( 2.895368093107166800, 15.41086354534016500, 1.199999999999999500 ) ) ;
#4317 = LINE ( 'NONE', #3367, #1149 ) ;
#4318 = ORIENTED_EDGE ( 'NONE', *, *, #2242, .T. ) ;
#4319 = ORIENTED_EDGE ( 'NONE', *, *, #1663, .T. ) ;
#4320 = CARTESIAN_POINT ( 'NONE',  ( 2.000000000000000400, 0.2000000000000000100, 0.6999999999999996200 ) ) ;
#4321 = LINE ( 'NONE', #1724, #399 ) ;
#4322 = ADVANCED_FACE ( 'NONE', ( #2947 ), #705, .T. ) ;
#4323 = CARTESIAN_POINT ( 'NONE',  ( 0.0000000000000000000, 5.000000000000000000, 2.099999999999999600 ) ) ;
#4324 = DIRECTION ( 'NONE',  ( -0.0000000000000000000, -1.000000000000000000, -0.0000000000000000000 ) ) ;
#4325 = EDGE_LOOP ( 'NONE', ( #4024, #1764, #4041, #5221 ) ) ;
#4326 = AXIS2_PLACEMENT_3D ( 'NONE', #4480, #896, #3236 ) ;
#4327 = DIRECTION ( 'NONE',  ( -1.000000000000000000, 0.0000000000000000000, 0.0000000000000000000 ) ) ;
#4328 = DIRECTION ( 'NONE',  ( -0.9510565162951555300, 0.3090169943749412300, 0.0000000000000000000 ) ) ;
#4329 = LINE ( 'NONE', #1937, #1726 ) ;
#4330 = DIRECTION ( 'NONE',  ( -0.0000000000000000000, -1.000000000000000000, -0.0000000000000000000 ) ) ;
#4331 = FACE_OUTER_BOUND ( 'NONE', #4900, .T. ) ;
#4332 = ORIENTED_EDGE ( 'NONE', *, *, #1963, .T. ) ;
#4333 = PLANE ( 'NONE',  #139 ) ;
#4334 = FACE_OUTER_BOUND ( 'NONE', #412, .T. ) ;
#4335 = AXIS2_PLACEMENT_3D ( 'NONE', #3022, #3439, #4290 ) ;
#4336 = CARTESIAN_POINT ( 'NONE',  ( 3.500000000000000000, 1.000000000000000000, 0.6999999999999999600 ) ) ;
#4337 = CARTESIAN_POINT ( 'NONE',  ( -0.4013374855950431200, 4.799999999999998900, -1.754687499999999700 ) ) ;
#4338 = FACE_OUTER_BOUND ( 'NONE', #1783, .T. ) ;
#4339 = ORIENTED_EDGE ( 'NONE', *, *, #2486, .T. ) ;
#4340 = ORIENTED_EDGE ( 'NONE', *, *, #3370, .T. ) ;
#4341 = CARTESIAN_POINT ( 'NONE',  ( 2.260995797172754300, 1.969597858640604000, -2.446267565461552400 ) ) ;
#4342 = DIRECTION ( 'NONE',  ( -0.0000000000000000000, 1.000000000000000000, -0.0000000000000000000 ) ) ;
#4343 = VECTOR ( 'NONE', #4445, 1000.000000000000000 ) ;
#4344 = VERTEX_POINT ( 'NONE', #3922 ) ;
#4345 = ORIENTED_EDGE ( 'NONE', *, *, #2968, .F. ) ;
#4346 = B_SPLINE_CURVE_WITH_KNOTS ( 'NONE', 2,
 ( #2463, #3255, #2378 ),
 .UNSPECIFIED., .F., .F.,
 ( 3, 3 ),
 ( 0.0000000000000000000, 0.7554542213998001200 ),
 .UNSPECIFIED. ) ;
#4347 = CARTESIAN_POINT ( 'NONE',  ( 3.231208800839547600, 0.1727457514062645200, 0.6999999999999999600 ) ) ;
#4348 = DIRECTION ( 'NONE',  ( 0.7660444431189792300, 0.0000000000000000000, 0.6427876096865378100 ) ) ;
#4349 = ORIENTED_EDGE ( 'NONE', *, *, #3321, .F. ) ;
#4350 = CARTESIAN_POINT ( 'NONE',  ( -2.993444671765758800, -1.216618837407928800E-016, 0.6999999999999999600 ) ) ;
#4351 = ORIENTED_EDGE ( 'NONE', *, *, #5191, .F. ) ;
#4352 = EDGE_CURVE ( 'NONE', #1969, #4687, #83, .T. ) ;
#4353 = CARTESIAN_POINT ( 'NONE',  ( -2.234346644547877700, 1.929682731982899300, -2.416989238110138300 ) ) ;
#4354 = DIRECTION ( 'NONE',  ( 0.0000000000000000000, 0.0000000000000000000, 1.000000000000000000 ) ) ;
#4355 = DIRECTION ( 'NONE',  ( 0.0000000000000000000, -1.000000000000000000, 0.0000000000000000000 ) ) ;
#4356 = DIRECTION ( 'NONE',  ( -0.0000000000000000000, 1.000000000000000000, -0.0000000000000000000 ) ) ;
#4357 = ORIENTED_EDGE ( 'NONE', *, *, #4593, .F. ) ;
#4358 = ORIENTED_EDGE ( 'NONE', *, *, #3438, .T. ) ;
#4359 = EDGE_CURVE ( 'NONE', #3084, #4075, #5007, .T. ) ;
#4360 = CARTESIAN_POINT ( 'NONE',  ( -2.362731470142131600, 1.930000000000000200, 1.199999999999999100 ) ) ;
#4361 = CARTESIAN_POINT ( 'NONE',  ( -2.000000000000000000, 0.2000000000000000100, -0.6999999999999999600 ) ) ;
#4362 = VERTEX_POINT ( 'NONE', #3506 ) ;
#4363 = PLANE ( 'NONE',  #996 ) ;
#4364 = DIRECTION ( 'NONE',  ( 1.000000000000000000, -0.0000000000000000000, -0.0000000000000000000 ) ) ;
#4365 = EDGE_CURVE ( 'NONE', #1568, #586, #1225, .T. ) ;
#4366 = CARTESIAN_POINT ( 'NONE',  ( -3.500000000000000000, 1.000000000000000000, 0.6999999999999999600 ) ) ;
#4367 = VECTOR ( 'NONE', #3538, 1000.000000000000100 ) ;
#4368 = ORIENTED_EDGE ( 'NONE', *, *, #3020, .T. ) ;
#4369 = DIRECTION ( 'NONE',  ( 1.000000000000000000, -0.0000000000000000000, -0.0000000000000000000 ) ) ;
#4370 = ORIENTED_EDGE ( 'NONE', *, *, #3470, .F. ) ;
#4371 = AXIS2_PLACEMENT_3D ( 'NONE', #3802, #4635, #4204 ) ;
#4372 = VECTOR ( 'NONE', #4213, 1000.000000000000000 ) ;
#4373 = DIRECTION ( 'NONE',  ( 0.0000000000000000000, 0.0000000000000000000, 1.000000000000000000 ) ) ;
#4374 = ORIENTED_EDGE ( 'NONE', *, *, #2308, .T. ) ;
#4375 = CARTESIAN_POINT ( 'NONE',  ( 0.0000000000000000000, 2.500000000000000000, 0.0000000000000000000 ) ) ;
#4376 = VECTOR ( 'NONE', #4478, 1000.000000000000000 ) ;
#4377 = VECTOR ( 'NONE', #194, 1000.000000000000000 ) ;
#4378 = CARTESIAN_POINT ( 'NONE',  ( 0.0000000000000000000, 1.930000000000000200, 0.0000000000000000000 ) ) ;
#4379 = DIRECTION ( 'NONE',  ( 0.0000000000000000000, 0.0000000000000000000, 1.000000000000000000 ) ) ;
#4380 = VERTEX_POINT ( 'NONE', #1630 ) ;
#4381 = FACE_OUTER_BOUND ( 'NONE', #5171, .T. ) ;
#4382 = DIRECTION ( 'NONE',  ( -0.0000000000000000000, 0.0000000000000000000, -1.000000000000000000 ) ) ;
#4383 = DIRECTION ( 'NONE',  ( -1.000000000000000000, 0.0000000000000000000, 0.0000000000000000000 ) ) ;
#4384 = LINE ( 'NONE', #1936, #28 ) ;
#4385 = EDGE_CURVE ( 'NONE', #4497, #3216, #3231, .T. ) ;
#4386 = ORIENTED_EDGE ( 'NONE', *, *, #417, .F. ) ;
#4387 = DIRECTION ( 'NONE',  ( -3.097720492815726700E-016, 0.0000000000000000000, 1.000000000000000000 ) ) ;
#4388 = DIRECTION ( 'NONE',  ( 0.0000000000000000000, -1.000000000000000000, 0.0000000000000000000 ) ) ;
#4389 = DIRECTION ( 'NONE',  ( 0.0000000000000000000, 0.0000000000000000000, -1.000000000000000000 ) ) ;
#4390 = FACE_OUTER_BOUND ( 'NONE', #1105, .T. ) ;
#4391 = ORIENTED_EDGE ( 'NONE', *, *, #4315, .F. ) ;
#4392 = CARTESIAN_POINT ( 'NONE',  ( -2.229335656545687400, 1.929999999999985100, -2.412869617309902000 ) ) ;
#4393 = CARTESIAN_POINT ( 'NONE',  ( -3.231208800839547600, 0.1727457514062645200, 0.6999999999999999600 ) ) ;
#4394 = EDGE_CURVE ( 'NONE', #2934, #4281, #4491, .T. ) ;
#4395 = CARTESIAN_POINT ( 'NONE',  ( 0.0000000000000000000, 5.000000000000000000, 0.0000000000000000000 ) ) ;
#4396 = LINE ( 'NONE', #4557, #343 ) ;
#4397 = DIRECTION ( 'NONE',  ( -0.0000000000000000000, -1.000000000000000000, -0.0000000000000000000 ) ) ;
#4398 = AXIS2_PLACEMENT_3D ( 'NONE', #2116, #171, #2964 ) ;
#4399 = DIRECTION ( 'NONE',  ( 0.0000000000000000000, 0.0000000000000000000, 1.000000000000000000 ) ) ;
#4400 = LINE ( 'NONE', #437, #348 ) ;
#4401 = FACE_OUTER_BOUND ( 'NONE', #3135, .T. ) ;
#4402 = VERTEX_POINT ( 'NONE', #3238 ) ;
#4403 = AXIS2_PLACEMENT_3D ( 'NONE', #878, #2103, #2503 ) ;
#4404 = ORIENTED_EDGE ( 'NONE', *, *, #1791, .T. ) ;
#4405 = DIRECTION ( 'NONE',  ( -0.7660444431189795700, 0.0000000000000000000, 0.6427876096865374800 ) ) ;
#4406 = PLANE ( 'NONE',  #4889 ) ;
#4407 = CARTESIAN_POINT ( 'NONE',  ( 1.938022094347529500, 1.979999999999997800, -2.175491115049602400 ) ) ;
#4408 = ADVANCED_FACE ( 'NONE', ( #2832 ), #785, .F. ) ;
#4409 = CARTESIAN_POINT ( 'NONE',  ( -2.273698166652609900, 1.891435925022549600, -2.436257678482859100 ) ) ;
#4410 = PLANE ( 'NONE',  #1468 ) ;
#4411 = FACE_OUTER_BOUND ( 'NONE', #3814, .T. ) ;
#4412 = VERTEX_POINT ( 'NONE', #3205 ) ;
#4413 = ORIENTED_EDGE ( 'NONE', *, *, #110, .F. ) ;
#4414 = STYLED_ITEM ( 'NONE', ( #64 ), #3310 ) ;
#4415 = CARTESIAN_POINT ( 'NONE',  ( -2.268425618714968300, 1.902337289414777000, 2.436458075157263500 ) ) ;
#4416 = DIRECTION ( 'NONE',  ( 0.6427876096865378100, -0.0000000000000000000, 0.7660444431189793500 ) ) ;
#4417 = DIRECTION ( 'NONE',  ( -0.7660444431189789000, 0.0000000000000000000, -0.6427876096865382500 ) ) ;
#4418 = EDGE_LOOP ( 'NONE', ( #4659, #2513, #4550, #4526 ) ) ;
#4419 = EDGE_CURVE ( 'NONE', #3102, #686, #3140, .T. ) ;
#4420 = B_SPLINE_CURVE_WITH_KNOTS ( 'NONE', 3,
 ( #1063, #1482, #3091, #684, #1464, #5090 ),
 .UNSPECIFIED., .F., .F.,
 ( 4, 2, 4 ),
 ( -2.843068344696006400E-006, 0.0001780119760909299000, 0.0003588670205265558400 ),
 .UNSPECIFIED. ) ;
#4421 = CARTESIAN_POINT ( 'NONE',  ( 0.0000000000000000000, 2.500000000000000000, 0.0000000000000000000 ) ) ;
#4422 = VERTEX_POINT ( 'NONE', #1596 ) ;
#4423 = DIRECTION ( 'NONE',  ( 1.000000000000000000, 0.0000000000000000000, 0.0000000000000000000 ) ) ;
#4424 = CARTESIAN_POINT ( 'NONE',  ( -2.302462449073379200, 1.979999999999997800, -2.481292882286178600 ) ) ;
#4425 = CARTESIAN_POINT ( 'NONE',  ( -1.825260516351813000, 0.0000000000000000000, -3.049999999999999800 ) ) ;
#4426 = EDGE_CURVE ( 'NONE', #3807, #3767, #755, .T. ) ;
#4427 = DIRECTION ( 'NONE',  ( 0.6427876096865378100, 0.0000000000000000000, 0.7660444431189793500 ) ) ;
#4428 = DIRECTION ( 'NONE',  ( 0.6427876096865375900, -0.0000000000000000000, -0.7660444431189795700 ) ) ;
#4429 = ORIENTED_EDGE ( 'NONE', *, *, #4795, .F. ) ;
#4430 = ADVANCED_FACE ( 'NONE', ( #4240 ), #820, .F. ) ;
#4431 = ORIENTED_EDGE ( 'NONE', *, *, #4689, .T. ) ;
#4432 = CARTESIAN_POINT ( 'NONE',  ( -2.863151244734972100, 1.924123180546468200, 1.694846117685706800 ) ) ;
#4433 = DIRECTION ( 'NONE',  ( 0.0000000000000000000, 0.0000000000000000000, 1.000000000000000000 ) ) ;
#4434 = DIRECTION ( 'NONE',  ( -0.6427876096865378100, 0.0000000000000000000, 0.7660444431189793500 ) ) ;
#4435 = AXIS2_PLACEMENT_3D ( 'NONE', #178, #4615, #3822 ) ;
#4436 = ORIENTED_EDGE ( 'NONE', *, *, #252, .T. ) ;
#4437 = ADVANCED_FACE ( 'NONE', ( #4574 ), #3459, .T. ) ;
#4438 = FACE_OUTER_BOUND ( 'NONE', #3386, .T. ) ;
#4439 = CARTESIAN_POINT ( 'NONE',  ( 2.912391288227678100, 1.905253062325500200, 1.750608053066104800 ) ) ;
#4440 = DIRECTION ( 'NONE',  ( 0.0000000000000000000, 0.0000000000000000000, 1.000000000000000000 ) ) ;
#4441 = ORIENTED_EDGE ( 'NONE', *, *, #4085, .F. ) ;
#4442 = CARTESIAN_POINT ( 'NONE',  ( 0.0000000000000000000, 4.800000000000000700, -0.2999999999999998200 ) ) ;
#4443 = EDGE_CURVE ( 'NONE', #864, #627, #1519, .T. ) ;
#4444 = CARTESIAN_POINT ( 'NONE',  ( 2.909593174420214400, 1.952305692168599500, -1.710636061428622200 ) ) ;
#4445 = DIRECTION ( 'NONE',  ( -0.0000000000000000000, -1.000000000000000000, -0.0000000000000000000 ) ) ;
#4446 = LINE ( 'NONE', #3495, #384 ) ;
#4447 = AXIS2_PLACEMENT_3D ( 'NONE', #5028, #180, #2975 ) ;
#4448 = EDGE_LOOP ( 'NONE', ( #3751, #1131, #2160, #3372 ) ) ;
#4449 = DIRECTION ( 'NONE',  ( 0.0000000000000000000, 1.000000000000000000, -0.0000000000000000000 ) ) ;
#4450 = FACE_OUTER_BOUND ( 'NONE', #5148, .T. ) ;
#4451 = DIRECTION ( 'NONE',  ( 0.0000000000000000000, 0.0000000000000000000, 1.000000000000000000 ) ) ;
#4452 = FACE_BOUND ( 'NONE', #5194, .T. ) ;
#4453 = ORIENTED_EDGE ( 'NONE', *, *, #1883, .T. ) ;
#4454 = CARTESIAN_POINT ( 'NONE',  ( -2.395368093107167700, 1.929999999999999500, -1.514924142463395200 ) ) ;
#4455 = LINE ( 'NONE', #3953, #521 ) ;
#4456 = ORIENTED_EDGE ( 'NONE', *, *, #671, .F. ) ;
#4457 = ORIENTED_EDGE ( 'NONE', *, *, #986, .T. ) ;
#4458 = B_SPLINE_CURVE_WITH_KNOTS ( 'NONE', 3,
 ( #868, #4857, #2430, #418, #2070, #3677, #2412, #2082, #1269, #4891, #3604, #2812, #1233, #4090, #1673, #404 ),
 .UNSPECIFIED., .F., .F.,
 ( 4, 3, 3, 3, 3, 4 ),
 ( 1.025094220394016000E-011, 1.814907645125565400E-005, 3.635745375665442700E-005, 5.369280908113361300E-005, 7.037713025258060600E-005, 7.998587425224362500E-005 ),
 .UNSPECIFIED. ) ;
#4459 =( NAMED_UNIT ( * ) SI_UNIT ( $, .STERADIAN. ) SOLID_ANGLE_UNIT ( ) );
#4460 = CARTESIAN_POINT ( 'NONE',  ( 2.000000000000000000, 0.0000000000000000000, -0.6999999999999996200 ) ) ;
#4461 = VECTOR ( 'NONE', #4428, 1000.000000000000000 ) ;
#4462 = EDGE_CURVE ( 'NONE', #2979, #2184, #1893, .T. ) ;
#4463 = PLANE ( 'NONE',  #4506 ) ;
#4464 = CARTESIAN_POINT ( 'NONE',  ( -0.6500000000000006900, 0.0000000000000000000, 3.149999999999999900 ) ) ;
#4465 = ORIENTED_EDGE ( 'NONE', *, *, #4034, .F. ) ;
#4466 = VECTOR ( 'NONE', #3960, 1000.000000000000000 ) ;
#4467 = CARTESIAN_POINT ( 'NONE',  ( 1.825260516351813000, 1.530000000000000000, 3.050000000000000700 ) ) ;
#4468 = EDGE_CURVE ( 'NONE', #95, #3006, #4112, .T. ) ;
#4469 = DIRECTION ( 'NONE',  ( -0.0000000000000000000, -0.0000000000000000000, -1.000000000000000000 ) ) ;
#4470 = VECTOR ( 'NONE', #3743, 1000.000000000000000 ) ;
#4471 = EDGE_LOOP ( 'NONE', ( #4109, #3044, #1266, #3988 ) ) ;
#4472 = CARTESIAN_POINT ( 'NONE',  ( -2.349999999999999600, 5.000000000000000000, 0.4999999999999997800 ) ) ;
#4473 = VECTOR ( 'NONE', #2771, 1000.000000000000000 ) ;
#4474 = EDGE_LOOP ( 'NONE', ( #1720, #1751, #4267, #2867 ) ) ;
#4475 = EDGE_LOOP ( 'NONE', ( #3323, #936, #3185, #2622, #1434, #1796 ) ) ;
#4476 = AXIS2_PLACEMENT_3D ( 'NONE', #4623, #205, #4664 ) ;
#4477 = CARTESIAN_POINT ( 'NONE',  ( 0.6499999999999992500, 0.0000000000000000000, 3.149999999999999900 ) ) ;
#4478 = DIRECTION ( 'NONE',  ( 0.0000000000000000000, 0.0000000000000000000, -1.000000000000000000 ) ) ;
#4479 = AXIS2_PLACEMENT_3D ( 'NONE', #858, #873, #1256 ) ;
#4480 = CARTESIAN_POINT ( 'NONE',  ( 0.0000000000000000000, 4.800000000000000700, -3.199999999999999700 ) ) ;
#4481 = ORIENTED_EDGE ( 'NONE', *, *, #1909, .T. ) ;
#4482 = CARTESIAN_POINT ( 'NONE',  ( 2.868645614448017700, 1.879999999999998100, 1.650969678198544300 ) ) ;
#4483 = DIRECTION ( 'NONE',  ( 0.3090169943749417300, 0.9510565162951553100, 0.0000000000000000000 ) ) ;
#4484 = CARTESIAN_POINT ( 'NONE',  ( 0.6499999999999992500, 0.0000000000000000000, 3.149999999999999900 ) ) ;
#4485 = DIRECTION ( 'NONE',  ( 0.0000000000000000000, 0.0000000000000000000, 1.000000000000000000 ) ) ;
#4486 = VERTEX_POINT ( 'NONE', #4959 ) ;
#4487 =( GEOMETRIC_REPRESENTATION_CONTEXT ( 3 ) GLOBAL_UNCERTAINTY_ASSIGNED_CONTEXT ( ( #2005 ) ) GLOBAL_UNIT_ASSIGNED_CONTEXT ( ( #456, #4562, #2504 ) ) REPRESENTATION_CONTEXT ( 'NONE', 'WORKASPACE' ) );
#4488 = ORIENTED_EDGE ( 'NONE', *, *, #1373, .T. ) ;
#4489 = VERTEX_POINT ( 'NONE', #4587 ) ;
#4490 = EDGE_CURVE ( 'NONE', #2616, #1069, #2095, .T. ) ;
#4491 = B_SPLINE_CURVE_WITH_KNOTS ( 'NONE', 3,
 ( #1179, #26, #425, #1994, #2011, #4031 ),
 .UNSPECIFIED., .F., .F.,
 ( 4, 1, 1, 4 ),
 ( 0.2059873510754549100, 0.4059071862753277400, 0.7447259720286310000, 1.000000000000000000 ),
 .UNSPECIFIED. ) ;
#4492 = ORIENTED_EDGE ( 'NONE', *, *, #3919, .F. ) ;
#4493 = CARTESIAN_POINT ( 'NONE',  ( -2.260995797172754300, 1.969597858640604000, -2.446267565461552400 ) ) ;
#4494 = DIRECTION ( 'NONE',  ( -0.0000000000000000000, -1.000000000000000000, -0.0000000000000000000 ) ) ;
#4495 = DIRECTION ( 'NONE',  ( 1.000000000000000000, 0.0000000000000000000, 0.0000000000000000000 ) ) ;
#4496 = DIRECTION ( 'NONE',  ( -1.000000000000000000, 0.0000000000000000000, 0.0000000000000000000 ) ) ;
#4497 = VERTEX_POINT ( 'NONE', #3746 ) ;
#4498 = EDGE_CURVE ( 'NONE', #2184, #1456, #2210, .T. ) ;
#4499 = CARTESIAN_POINT ( 'NONE',  ( 2.225858004761479800, 1.979999999999997800, 2.417014121317523600 ) ) ;
#4500 = DIRECTION ( 'NONE',  ( -0.0000000000000000000, -1.000000000000000000, -0.0000000000000000000 ) ) ;
#4501 = LINE ( 'NONE', #676, #5127 ) ;
#4502 = APPLICATION_CONTEXT ( 'automotive_design' ) ;
#4503 = EDGE_LOOP ( 'NONE', ( #701, #4214, #4295, #4185 ) ) ;
#4504 = CARTESIAN_POINT ( 'NONE',  ( 2.000000000000000000, 0.2000000000000000100, -0.6999999999999996200 ) ) ;
#4505 = DIRECTION ( 'NONE',  ( 0.6427876096865374800, 0.0000000000000000000, -0.7660444431189795700 ) ) ;
#4506 = AXIS2_PLACEMENT_3D ( 'NONE', #1556, #4405, #4813 ) ;
#4507 = LINE ( 'NONE', #2895, #2897 ) ;
#4508 = ORIENTED_EDGE ( 'NONE', *, *, #223, .F. ) ;
#4509 = ORIENTED_EDGE ( 'NONE', *, *, #4241, .F. ) ;
#4510 = AXIS2_PLACEMENT_3D ( 'NONE', #2304, #353, #4779 ) ;
#4511 = FACE_OUTER_BOUND ( 'NONE', #2549, .T. ) ;
#4512 = CARTESIAN_POINT ( 'NONE',  ( -2.868833010024125100, 1.915212737652416800, -1.706486119929993900 ) ) ;
#4513 = CARTESIAN_POINT ( 'NONE',  ( 2.945250058759915700, 1.979999999999997800, -1.715248439167198500 ) ) ;
#4514 = FACE_OUTER_BOUND ( 'NONE', #2248, .T. ) ;
#4515 = VERTEX_POINT ( 'NONE', #4538 ) ;
#4516 =( BOUNDED_CURVE ( )  B_SPLINE_CURVE ( 3, ( #1627, #4531, #2043, #835 ),
 .UNSPECIFIED., .F., .F. ) 
 B_SPLINE_CURVE_WITH_KNOTS ( ( 4, 4 ),
 ( 1.570796326794896800, 3.141592653589775800 ),
 .UNSPECIFIED. ) 
 CURVE ( )  GEOMETRIC_REPRESENTATION_ITEM ( )  RATIONAL_B_SPLINE_CURVE ( ( 1.000000000000000000, 0.8047378541243690500, 0.8047378541243690500, 1.000000000000000000 ) ) 
 REPRESENTATION_ITEM ( '' )  );
#4517 = CARTESIAN_POINT ( 'NONE',  ( -2.559230525366472400, 1.929999999999998200, -1.435163735632962100 ) ) ;
#4518 = CARTESIAN_POINT ( 'NONE',  ( 2.847066435774785000, 1.929999999995545900, -1.676686741907602600 ) ) ;
#4519 = FACE_OUTER_BOUND ( 'NONE', #2245, .T. ) ;
#4520 = VECTOR ( 'NONE', #4674, 1000.000000000000000 ) ;
#4521 = CARTESIAN_POINT ( 'NONE',  ( 3.000000000000001300, 0.0000000000000000000, 1.650000000000000600 ) ) ;
#4522 = CLOSED_SHELL ( 'NONE', ( #2729, #3424, #369, #503, #5017, #1470, #927, #2020, #1101, #5236, #4645, #3796, #3664, #1545 ) ) ;
#4523 = VECTOR ( 'NONE', #4286, 1000.000000000000000 ) ;
#4524 = DIRECTION ( 'NONE',  ( -0.0000000000000000000, -1.000000000000000000, -0.0000000000000000000 ) ) ;
#4525 = CARTESIAN_POINT ( 'NONE',  ( 2.402046382133714800, 1.529999999999999100, 2.284827180953837600 ) ) ;
#4526 = ORIENTED_EDGE ( 'NONE', *, *, #3131, .F. ) ;
#4527 = EDGE_CURVE ( 'NONE', #294, #4996, #53, .T. ) ;
#4528 = ORIENTED_EDGE ( 'NONE', *, *, #3849, .F. ) ;
#4529 = DIRECTION ( 'NONE',  ( -1.000000000000000000, 0.0000000000000000000, -2.375994358662888400E-016 ) ) ;
#4530 = VECTOR ( 'NONE', #3179, 1000.000000000000000 ) ;
#4531 = CARTESIAN_POINT ( 'NONE',  ( -2.467157287525379300, 5.000000000000000900, 0.4171572875253792300 ) ) ;
#4532 = FILL_AREA_STYLE ('',( #836 ) ) ;
#4533 = CARTESIAN_POINT ( 'NONE',  ( -2.624999999999999600, 2.500000000000000000, -0.5749999999999997300 ) ) ;
#4534 = CARTESIAN_POINT ( 'NONE',  ( -2.282305285929959300, 1.950109066607531800, -2.461941533635617900 ) ) ;
#4535 = VECTOR ( 'NONE', #926, 1000.000000000000200 ) ;
#4536 = EDGE_CURVE ( 'NONE', #1969, #2791, #3164, .T. ) ;
#4537 = PLANE ( 'NONE',  #1983 ) ;
#4538 = CARTESIAN_POINT ( 'NONE',  ( -2.868645614448017700, 1.979999999999997800, -1.650969678198544300 ) ) ;
#4539 = FACE_OUTER_BOUND ( 'NONE', #741, .T. ) ;
#4540 = DIRECTION ( 'NONE',  ( -0.0000000000000000000, -1.000000000000000000, -0.0000000000000000000 ) ) ;
#4541 = CARTESIAN_POINT ( 'NONE',  ( -2.945250058759915700, 1.979999999999997800, 1.715248439167198500 ) ) ;
#4542 = DIRECTION ( 'NONE',  ( 0.0000000000000000000, 1.000000000000000000, 0.0000000000000000000 ) ) ;
#4543 = VECTOR ( 'NONE', #3465, 1000.000000000000000 ) ;
#4544 = ORIENTED_EDGE ( 'NONE', *, *, #157, .T. ) ;
#4545 = EDGE_LOOP ( 'NONE', ( #2135, #1433, #3965, #4690 ) ) ;
#4546 = STYLED_ITEM ( 'NONE', ( #2670 ), #804 ) ;
#4547 = FILL_AREA_STYLE ('',( #869 ) ) ;
#4548 = DIRECTION ( 'NONE',  ( 0.0000000000000000000, 1.000000000000000000, 0.0000000000000000000 ) ) ;
#4549 = VECTOR ( 'NONE', #4161, 1000.000000000000000 ) ;
#4550 = ORIENTED_EDGE ( 'NONE', *, *, #3208, .T. ) ;
#4551 = AXIS2_PLACEMENT_3D ( 'NONE', #491, #3331, #2104 ) ;
#4552 = ORIENTED_EDGE ( 'NONE', *, *, #4843, .T. ) ;
#4553 = ORIENTED_EDGE ( 'NONE', *, *, #1232, .T. ) ;
#4554 = EDGE_CURVE ( 'NONE', #3933, #3741, #1133, .T. ) ;
#4555 = VERTEX_POINT ( 'NONE', #4088 ) ;
#4556 = DIRECTION ( 'NONE',  ( -8.881784197001252300E-016, 0.0000000000000000000, 1.000000000000000000 ) ) ;
#4557 = CARTESIAN_POINT ( 'NONE',  ( 2.778390314666656200, 15.41086354534016500, -1.836317947306664200 ) ) ;
#4558 = CARTESIAN_POINT ( 'NONE',  ( 0.7738512146196364600, 1.929999999999998200, -1.191573158905472100 ) ) ;
#4559 = DIRECTION ( 'NONE',  ( -0.0000000000000000000, 1.000000000000000000, -0.0000000000000000000 ) ) ;
#4560 = CARTESIAN_POINT ( 'NONE',  ( -2.000000000000000000, -0.0000000000000000000, -0.6999999999999999600 ) ) ;
#4561 = ORIENTED_EDGE ( 'NONE', *, *, #1797, .F. ) ;
#4562 =( NAMED_UNIT ( * ) PLANE_ANGLE_UNIT ( ) SI_UNIT ( $, .RADIAN. ) );
#4563 = ORIENTED_EDGE ( 'NONE', *, *, #2643, .F. ) ;
#4564 = ORIENTED_EDGE ( 'NONE', *, *, #3374, .F. ) ;
#4565 = EDGE_CURVE ( 'NONE', #4497, #2557, #3588, .T. ) ;
#4566 = DIRECTION ( 'NONE',  ( 0.0000000000000000000, -1.000000000000000000, 0.0000000000000000000 ) ) ;
#4567 = CARTESIAN_POINT ( 'NONE',  ( -2.232283955927776700, 1.979999999999935400, 2.422406134571127600 ) ) ;
#4568 = ORIENTED_EDGE ( 'NONE', *, *, #589, .T. ) ;
#4569 = CARTESIAN_POINT ( 'NONE',  ( -2.000000000000000000, 0.2000000000000000100, 0.6999999999999999600 ) ) ;
#4570 = CARTESIAN_POINT ( 'NONE',  ( 1.825260516351813000, 1.530000000000000000, -3.050000000000000700 ) ) ;
#4571 = ORIENTED_EDGE ( 'NONE', *, *, #4498, .T. ) ;
#4572 = EDGE_CURVE ( 'NONE', #2888, #365, #74, .T. ) ;
#4573 = ORIENTED_EDGE ( 'NONE', *, *, #582, .F. ) ;
#4574 = FACE_OUTER_BOUND ( 'NONE', #1832, .T. ) ;
#4575 = ADVANCED_FACE ( 'NONE', ( #3841 ), #1955, .T. ) ;
#4576 = ORIENTED_EDGE ( 'NONE', *, *, #2774, .F. ) ;
#4577 = CARTESIAN_POINT ( 'NONE',  ( -2.853920954330124300, 1.720516484374826400, -1.824090227479817400 ) ) ;
#4578 = LINE ( 'NONE', #4976, #4628 ) ;
#4579 = CIRCLE ( 'NONE', #3153, 0.2000000000000000700 ) ;
#4580 = AXIS2_PLACEMENT_3D ( 'NONE', #3695, #1292, #4110 ) ;
#4581 = VERTEX_POINT ( 'NONE', #3311 ) ;
#4582 = DIRECTION ( 'NONE',  ( 0.0000000000000000000, 0.0000000000000000000, -1.000000000000000000 ) ) ;
#4583 = CYLINDRICAL_SURFACE ( 'NONE', #2451, 1.000000000000000900 ) ;
#4584 = CARTESIAN_POINT ( 'NONE',  ( 2.549999999999999800, 16.83777582424696100, -0.5000000000000015500 ) ) ;
#4585 = EDGE_LOOP ( 'NONE', ( #4174, #1033, #5008, #4436, #4318, #1173, #2477, #2438 ) ) ;
#4586 = DIRECTION ( 'NONE',  ( -6.805308102864045200E-016, 0.0000000000000000000, -1.000000000000000000 ) ) ;
#4587 = CARTESIAN_POINT ( 'NONE',  ( -2.778390314666657100, 1.530000000000000000, -1.836317947306664400 ) ) ;
#4588 = VECTOR ( 'NONE', #966, 1000.000000000000000 ) ;
#4589 = AXIS2_PLACEMENT_3D ( 'NONE', #3517, #4397, #4379 ) ;
#4590 = CARTESIAN_POINT ( 'NONE',  ( 2.315461233156051300, 1.880000009701113800, 2.465801534656297800 ) ) ;
#4591 = ORIENTED_EDGE ( 'NONE', *, *, #2980, .F. ) ;
#4592 = CIRCLE ( 'NONE', #1037, 2.374999999999999600 ) ;
#4593 = EDGE_CURVE ( 'NONE', #4020, #881, #4507, .T. ) ;
#4594 = LINE ( 'NONE', #3221, #2054 ) ;
#4595 = ORIENTED_EDGE ( 'NONE', *, *, #1830, .F. ) ;
#4596 = ORIENTED_EDGE ( 'NONE', *, *, #3730, .F. ) ;
#4597 = CARTESIAN_POINT ( 'NONE',  ( -2.253094770514529000, 1.974117340242609800, 2.439783769723732600 ) ) ;
#4598 = EDGE_CURVE ( 'NONE', #4696, #2437, #1265, .T. ) ;
#4599 = LINE ( 'NONE', #4930, #3490 ) ;
#4600 = EDGE_LOOP ( 'NONE', ( #4744, #13, #1300, #600 ) ) ;
#4601 = CARTESIAN_POINT ( 'NONE',  ( 2.273698166652609900, 1.891435925022549600, -2.436257678482859100 ) ) ;
#4602 = EDGE_LOOP ( 'NONE', ( #2825, #1554, #2866, #3338 ) ) ;
#4603 = AXIS2_PLACEMENT_3D ( 'NONE', #4569, #4975, #4991 ) ;
#4604 = CARTESIAN_POINT ( 'NONE',  ( 2.778390314666656200, 1.530000000000000000, 1.836317947306665300 ) ) ;
#4605 = ORIENTED_EDGE ( 'NONE', *, *, #3050, .F. ) ;
#4606 = ORIENTED_EDGE ( 'NONE', *, *, #4241, .T. ) ;
#4607 = DIRECTION ( 'NONE',  ( 1.000000000000000000, -0.0000000000000000000, 0.0000000000000000000 ) ) ;
#4608 = CARTESIAN_POINT ( 'NONE',  ( -2.853920954330124300, 1.720516484374826400, 1.824090227479817400 ) ) ;
#4609 = DIRECTION ( 'NONE',  ( 0.7660444431189796800, 0.0000000000000000000, -0.6427876096865372500 ) ) ;
#4610 = AXIS2_PLACEMENT_3D ( 'NONE', #4720, #2285, #3074 ) ;
#4611 = CARTESIAN_POINT ( 'NONE',  ( 0.0000000000000000000, 3.500000000000000000, 0.0000000000000000000 ) ) ;
#4612 = EDGE_LOOP ( 'NONE', ( #2554, #657, #3180, #3302 ) ) ;
#4613 = DIRECTION ( 'NONE',  ( 0.0000000000000000000, 1.000000000000000000, 0.0000000000000000000 ) ) ;
#4614 = CARTESIAN_POINT ( 'NONE',  ( 2.075908249563816400, 1.530000000000000000, 2.011164794201589300 ) ) ;
#4615 = DIRECTION ( 'NONE',  ( 0.0000000000000000000, -1.000000000000000000, 0.0000000000000000000 ) ) ;
#4616 = VERTEX_POINT ( 'NONE', #487 ) ;
#4617 = DIRECTION ( 'NONE',  ( -0.0000000000000000000, -1.000000000000000000, -0.0000000000000000000 ) ) ;
#4618 = CARTESIAN_POINT ( 'NONE',  ( 1.938022094347530100, 1.979999999999997800, -2.175491115049602400 ) ) ;
#4619 = CIRCLE ( 'NONE', #4298, 2.100000000000000100 ) ;
#4620 = ORIENTED_EDGE ( 'NONE', *, *, #2996, .F. ) ;
#4621 = ORIENTED_EDGE ( 'NONE', *, *, #2040, .F. ) ;
#4622 = EDGE_CURVE ( 'NONE', #3977, #1115, #319, .T. ) ;
#4623 = CARTESIAN_POINT ( 'NONE',  ( -2.993444671765758800, 0.2499999999999998900, 0.6999999999999999600 ) ) ;
#4624 = VECTOR ( 'NONE', #4627, 1000.000000000000000 ) ;
#4625 = ORIENTED_EDGE ( 'NONE', *, *, #4365, .T. ) ;
#4626 = EDGE_LOOP ( 'NONE', ( #3920, #2642, #4964, #4564, #4668, #640, #2758, #4196 ) ) ;
#4627 = DIRECTION ( 'NONE',  ( -1.000000000000000000, 0.0000000000000000000, 2.375994358662888400E-016 ) ) ;
#4628 = VECTOR ( 'NONE', #2930, 1000.000000000000000 ) ;
#4629 = EDGE_CURVE ( 'NONE', #385, #4036, #4235, .T. ) ;
#4630 = CIRCLE ( 'NONE', #4447, 0.2500000000000002200 ) ;
#4631 = DIRECTION ( 'NONE',  ( 0.0000000000000000000, -0.0000000000000000000, -1.000000000000000000 ) ) ;
#4632 = CARTESIAN_POINT ( 'NONE',  ( 2.945250058759928600, 1.979999999999997800, 1.715248439167209100 ) ) ;
#4633 = ORIENTED_EDGE ( 'NONE', *, *, #1021, .F. ) ;
#4634 = CARTESIAN_POINT ( 'NONE',  ( -2.349999999999999600, 5.000000000000000000, -0.2999999999999998200 ) ) ;
#4635 = DIRECTION ( 'NONE',  ( -0.9510565162951554200, -0.3090169943749417900, 0.0000000000000000000 ) ) ;
#4636 = FACE_OUTER_BOUND ( 'NONE', #2217, .T. ) ;
#4637 = VERTEX_POINT ( 'NONE', #174 ) ;
#4638 = EDGE_CURVE ( 'NONE', #4939, #3741, #438, .T. ) ;
#4639 = LINE ( 'NONE', #4774, #2850 ) ;
#4640 = ORIENTED_EDGE ( 'NONE', *, *, #4814, .T. ) ;
#4641 = VERTEX_POINT ( 'NONE', #940 ) ;
#4642 = CARTESIAN_POINT ( 'NONE',  ( 1.266093033428751900, 3.499999999999999600, 3.050000000000001200 ) ) ;
#4643 = PLANE ( 'NONE',  #299 ) ;
#4644 = CARTESIAN_POINT ( 'NONE',  ( 0.0000000000000000000, 1.930000000000000200, 0.0000000000000000000 ) ) ;
#4645 = ADVANCED_FACE ( 'NONE', ( #2393 ), #5071, .F. ) ;
#4646 = VECTOR ( 'NONE', #1979, 1000.000000000000000 ) ;
#4647 = DIRECTION ( 'NONE',  ( 0.0000000000000000000, 0.0000000000000000000, 1.000000000000000000 ) ) ;
#4648 = CARTESIAN_POINT ( 'NONE',  ( 0.0000000000000000000, 2.500000000000000000, 0.0000000000000000000 ) ) ;
#4649 = VECTOR ( 'NONE', #4253, 1000.000000000000000 ) ;
#4650 = CARTESIAN_POINT ( 'NONE',  ( 2.487761308289627900, 1.782187993630922800, 1.520337431844187100 ) ) ;
#4651 = CYLINDRICAL_SURFACE ( 'NONE', #4476, 0.2500000000000002200 ) ;
#4652 = EDGE_CURVE ( 'NONE', #668, #2226, #2768, .T. ) ;
#4653 = CARTESIAN_POINT ( 'NONE',  ( -2.895368093107167700, 1.929999999999999500, 1.514924142463396100 ) ) ;
#4654 = DIRECTION ( 'NONE',  ( -0.6427876096865378100, 0.0000000000000000000, 0.7660444431189793500 ) ) ;
#4655 = CARTESIAN_POINT ( 'NONE',  ( -3.040997497580516300, 0.2345491502812527800, 0.6999999999999999600 ) ) ;
#4656 = FACE_OUTER_BOUND ( 'NONE', #3400, .T. ) ;
#4657 = VERTEX_POINT ( 'NONE', #2592 ) ;
#4658 = EDGE_CURVE ( 'NONE', #300, #197, #2641, .T. ) ;
#4659 = ORIENTED_EDGE ( 'NONE', *, *, #2180, .F. ) ;
#4660 = LINE ( 'NONE', #569, #2926 ) ;
#4661 = ORIENTED_EDGE ( 'NONE', *, *, #854, .T. ) ;
#4662 = EDGE_LOOP ( 'NONE', ( #2186, #2263, #3005, #1348 ) ) ;
#4663 = PLANE ( 'NONE',  #807 ) ;
#4664 = DIRECTION ( 'NONE',  ( -1.000000000000000000, 0.0000000000000000000, 0.0000000000000000000 ) ) ;
#4665 = EDGE_CURVE ( 'NONE', #2550, #3078, #1326, .T. ) ;
#4666 = DIRECTION ( 'NONE',  ( -0.3090169943749417300, 0.9510565162951553100, 0.0000000000000000000 ) ) ;
#4667 = PLANE ( 'NONE',  #1180 ) ;
#4668 = ORIENTED_EDGE ( 'NONE', *, *, #994, .F. ) ;
#4669 = DIRECTION ( 'NONE',  ( -1.000000000000000000, 0.0000000000000000000, 0.0000000000000000000 ) ) ;
#4670 = UNCERTAINTY_MEASURE_WITH_UNIT (LENGTH_MEASURE( 1.000000000000000100E-005 ), #2052, 'distance_accuracy_value', 'NONE');
#4671 = CARTESIAN_POINT ( 'NONE',  ( 2.323564181761109900, 1.847159435199323500, -2.456144816545613500 ) ) ;
#4672 = AXIS2_PLACEMENT_3D ( 'NONE', #2821, #3251, #2062 ) ;
#4673 = EDGE_LOOP ( 'NONE', ( #3454, #3188, #1890, #4576 ) ) ;
#4674 = DIRECTION ( 'NONE',  ( -1.000000000000000000, -0.0000000000000000000, -0.0000000000000000000 ) ) ;
#4675 = VERTEX_POINT ( 'NONE', #570 ) ;
#4676 = DIRECTION ( 'NONE',  ( -1.000000000000000000, 0.0000000000000000000, 1.084202172485503000E-016 ) ) ;
#4677 = ORIENTED_EDGE ( 'NONE', *, *, #481, .F. ) ;
#4678 =( GEOMETRIC_REPRESENTATION_CONTEXT ( 3 ) GLOBAL_UNCERTAINTY_ASSIGNED_CONTEXT ( ( #135 ) ) GLOBAL_UNIT_ASSIGNED_CONTEXT ( ( #3678, #2073, #3260 ) ) REPRESENTATION_CONTEXT ( 'NONE', 'WORKASPACE' ) );
#4679 = SURFACE_STYLE_USAGE ( .BOTH. , #5107 ) ;
#4680 = DIRECTION ( 'NONE',  ( 6.805308102864042200E-016, 0.0000000000000000000, -1.000000000000000000 ) ) ;
#4681 = LINE ( 'NONE', #3297, #563 ) ;
#4682 = ORIENTED_EDGE ( 'NONE', *, *, #1883, .F. ) ;
#4683 = EDGE_CURVE ( 'NONE', #3281, #439, #3004, .T. ) ;
#4684 = VECTOR ( 'NONE', #2628, 1000.000000000000000 ) ;
#4685 = CARTESIAN_POINT ( 'NONE',  ( 2.984869000508068900, 0.06180339887498820200, 0.6999999999999999600 ) ) ;
#4686 = ORIENTED_EDGE ( 'NONE', *, *, #4419, .F. ) ;
#4687 = VERTEX_POINT ( 'NONE', #5039 ) ;
#4688 = LINE ( 'NONE', #3973, #3594 ) ;
#4689 = EDGE_CURVE ( 'NONE', #95, #2310, #1005, .T. ) ;
#4690 = ORIENTED_EDGE ( 'NONE', *, *, #2379, .F. ) ;
#4691 = CARTESIAN_POINT ( 'NONE',  ( -1.938022094347529500, 1.979999999999997800, 2.175491115049602400 ) ) ;
#4692 = CARTESIAN_POINT ( 'NONE',  ( 2.624999999999999600, 2.500000000000000000, -0.5750000000000015100 ) ) ;
#4693 = CIRCLE ( 'NONE', #165, 0.5000000000000000000 ) ;
#4694 = CARTESIAN_POINT ( 'NONE',  ( -2.913221468417620800, 1.916834036921780400, 1.742480489612134600 ) ) ;
#4695 = PLANE ( 'NONE',  #1885 ) ;
#4696 = VERTEX_POINT ( 'NONE', #227 ) ;
#4697 = LINE ( 'NONE', #2648, #3602 ) ;
#4698 = CARTESIAN_POINT ( 'NONE',  ( 1.938022094347529500, 1.979999999999997800, 2.175491115049602400 ) ) ;
#4699 = ORIENTED_EDGE ( 'NONE', *, *, #902, .F. ) ;
#4700 = ORIENTED_EDGE ( 'NONE', *, *, #558, .T. ) ;
#4701 = CARTESIAN_POINT ( 'NONE',  ( -1.941499746131745600, 1.929999999999998200, -2.171346611041971500 ) ) ;
#4702 = DIRECTION ( 'NONE',  ( 0.0000000000000000000, 0.0000000000000000000, -1.000000000000000000 ) ) ;
#4703 = FACE_OUTER_BOUND ( 'NONE', #3191, .T. ) ;
#4704 = EDGE_CURVE ( 'NONE', #3119, #2958, #749, .T. ) ;
#4705 = ORIENTED_EDGE ( 'NONE', *, *, #2454, .F. ) ;
#4706 = LINE ( 'NONE', #1145, #5150 ) ;
#4707 = AXIS2_PLACEMENT_3D ( 'NONE', #4014, #1194, #2408 ) ;
#4708 = CARTESIAN_POINT ( 'NONE',  ( 2.288294191084494500, 1.941604619803089400, -2.465151497256729200 ) ) ;
#4709 = CARTESIAN_POINT ( 'NONE',  ( -1.499999999999999600, 15.41086354534016500, 2.991913488127980500 ) ) ;
#4710 = CARTESIAN_POINT ( 'NONE',  ( 0.0000000000000000000, 0.2000000000000000100, 0.0000000000000000000 ) ) ;
#4711 = CIRCLE ( 'NONE', #259, 2.299999999999999800 ) ;
#4712 = VERTEX_POINT ( 'NONE', #4176 ) ;
#4713 = CARTESIAN_POINT ( 'NONE',  ( -2.778390314666657100, 1.929999999999999500, -1.836317947306664400 ) ) ;
#4714 = VERTEX_POINT ( 'NONE', #1787 ) ;
#4715 = DIRECTION ( 'NONE',  ( -0.0000000000000000000, -1.000000000000000000, -0.0000000000000000000 ) ) ;
#4716 = CYLINDRICAL_SURFACE ( 'NONE', #4150, 0.2000000000000000900 ) ;
#4717 = EDGE_LOOP ( 'NONE', ( #3051, #1364, #5189, #4060, #4924, #633, #4260, #5076, #1862 ) ) ;
#4718 = VERTEX_POINT ( 'NONE', #1010 ) ;
#4719 = CARTESIAN_POINT ( 'NONE',  ( 2.549999999999999800, 4.800000000000004300, -0.5000000000000015500 ) ) ;
#4720 = CARTESIAN_POINT ( 'NONE',  ( 2.993444671765758800, 0.2499999999999998900, 0.6999999999999999600 ) ) ;
#4721 = EDGE_CURVE ( 'NONE', #197, #4687, #5240, .T. ) ;
#4722 = CARTESIAN_POINT ( 'NONE',  ( -3.231208800839547600, 0.1727457514062645200, -0.6999999999999999600 ) ) ;
#4723 = ORIENTED_EDGE ( 'NONE', *, *, #2790, .F. ) ;
#4724 = DIRECTION ( 'NONE',  ( -0.9510565162951553100, 0.3090169943749418400, 0.0000000000000000000 ) ) ;
#4725 = CARTESIAN_POINT ( 'NONE',  ( 2.275498925137190700, 1.957677461331832200, -2.457280979971422600 ) ) ;
#4726 = ORIENTED_EDGE ( 'NONE', *, *, #4814, .F. ) ;
#4727 = EDGE_CURVE ( 'NONE', #4696, #4311, #1704, .T. ) ;
#4728 = CARTESIAN_POINT ( 'NONE',  ( 2.580809704034067800, 1.979999999999997800, 1.409446671930623600 ) ) ;
#4729 = ORIENTED_EDGE ( 'NONE', *, *, #2545, .F. ) ;
#4730 = UNCERTAINTY_MEASURE_WITH_UNIT (LENGTH_MEASURE( 1.000000000000000100E-005 ), #1227, 'distance_accuracy_value', 'NONE');
#4731 = AXIS2_PLACEMENT_3D ( 'NONE', #1874, #3488, #4327 ) ;
#4732 = CARTESIAN_POINT ( 'NONE',  ( -2.905725858934928000, 1.879999990299078300, -1.762351546303042100 ) ) ;
#4733 = ORIENTED_EDGE ( 'NONE', *, *, #1563, .T. ) ;
#4734 = CARTESIAN_POINT ( 'NONE',  ( -2.993444671765758800, 0.1999999999999999000, 0.6999999999999999600 ) ) ;
#4735 = CARTESIAN_POINT ( 'NONE',  ( -2.428795789979630600, 1.674522915955187800, -2.330734669396723500 ) ) ;
#4736 = DIRECTION ( 'NONE',  ( -0.0000000000000000000, -1.000000000000000000, -0.0000000000000000000 ) ) ;
#4737 = ADVANCED_FACE ( 'NONE', ( #4823 ), #591, .F. ) ;
#4738 = ORIENTED_EDGE ( 'NONE', *, *, #2573, .T. ) ;
#4739 = CARTESIAN_POINT ( 'NONE',  ( -2.993444671765758800, 0.1999999999999999000, 0.6999999999999999600 ) ) ;
#4740 = CARTESIAN_POINT ( 'NONE',  ( -2.000000000000000000, -0.0000000000000000000, -0.7000000000000000700 ) ) ;
#4741 = CARTESIAN_POINT ( 'NONE',  ( 2.244998032662672800, 1.976833503381027400, -2.433043236355381600 ) ) ;
#4742 = DIRECTION ( 'NONE',  ( 0.0000000000000000000, 0.0000000000000000000, 1.000000000000000000 ) ) ;
#4743 = AXIS2_PLACEMENT_3D ( 'NONE', #639, #4324, #1892 ) ;
#4744 = ORIENTED_EDGE ( 'NONE', *, *, #2815, .F. ) ;
#4745 = PLANE ( 'NONE',  #1947 ) ;
#4746 = CARTESIAN_POINT ( 'NONE',  ( 0.6499999999999992500, 0.4000000000000000200, 3.149999999999999900 ) ) ;
#4747 = B_SPLINE_CURVE_WITH_KNOTS ( 'NONE', 2,
 ( #1691, #2852, #2902 ),
 .UNSPECIFIED., .F., .F.,
 ( 3, 3 ),
 ( 0.0000000000000000000, 0.7554542213998001200 ),
 .UNSPECIFIED. ) ;
#4748 = VECTOR ( 'NONE', #5137, 1000.000000000000000 ) ;
#4749 = EDGE_LOOP ( 'NONE', ( #4055, #1132, #4817, #2023 ) ) ;
#4750 = CARTESIAN_POINT ( 'NONE',  ( 2.362731470142131100, 1.930000000000000200, 1.199999999999999100 ) ) ;
#4751 = ORIENTED_EDGE ( 'NONE', *, *, #1551, .T. ) ;
#4752 = EDGE_CURVE ( 'NONE', #5032, #4771, #2089, .T. ) ;
#4753 = CARTESIAN_POINT ( 'NONE',  ( 1.499999999999999600, 3.500000000000000000, 0.0000000000000000000 ) ) ;
#4754 = VECTOR ( 'NONE', #2678, 1000.000000000000000 ) ;
#4755 = CARTESIAN_POINT ( 'NONE',  ( -0.6500000000000006900, 0.0000000000000000000, 3.050000000000000300 ) ) ;
#4756 = CARTESIAN_POINT ( 'NONE',  ( 2.309195983346786100, 1.901605929748477800, 2.470557613077821300 ) ) ;
#4757 = VECTOR ( 'NONE', #149, 1000.000000000000000 ) ;
#4758 = EDGE_LOOP ( 'NONE', ( #3385, #3019, #3377, #2746 ) ) ;
#4759 = DIRECTION ( 'NONE',  ( 0.0000000000000000000, 0.0000000000000000000, -1.000000000000000000 ) ) ;
#4760 = DIRECTION ( 'NONE',  ( 0.0000000000000000000, 0.0000000000000000000, 1.000000000000000000 ) ) ;
#4761 = CIRCLE ( 'NONE', #687, 2.299999999999999800 ) ;
#4762 = EDGE_CURVE ( 'NONE', #2000, #3615, #3199, .T. ) ;
#4763 = CARTESIAN_POINT ( 'NONE',  ( 2.854499541568711300, 1.929216154553597100, -1.683553399914070200 ) ) ;
#4764 = FACE_OUTER_BOUND ( 'NONE', #3393, .T. ) ;
#4765 = ORIENTED_EDGE ( 'NONE', *, *, #777, .F. ) ;
#4766 = CARTESIAN_POINT ( 'NONE',  ( -3.040997497580516300, 0.2345491502812527800, -0.6999999999999999600 ) ) ;
#4767 = CYLINDRICAL_SURFACE ( 'NONE', #4082, 0.05000000000000001700 ) ;
#4768 = DIRECTION ( 'NONE',  ( 1.000000000000000000, 0.0000000000000000000, 2.375994358662888400E-016 ) ) ;
#4769 = DIRECTION ( 'NONE',  ( 0.6427876096865378100, -0.0000000000000000000, 0.7660444431189793500 ) ) ;
#4770 = ORIENTED_EDGE ( 'NONE', *, *, #1865, .T. ) ;
#4771 = VERTEX_POINT ( 'NONE', #2611 ) ;
#4772 = AXIS2_PLACEMENT_3D ( 'NONE', #2600, #1053, #2577 ) ;
#4773 = CARTESIAN_POINT ( 'NONE',  ( 2.894395889798241100, 1.973050869151821800, 1.679148823225136400 ) ) ;
#4774 = CARTESIAN_POINT ( 'NONE',  ( -2.304343724360582400, 2.500000000000000000, 0.5749999999999997300 ) ) ;
#4775 = LINE ( 'NONE', #1958, #4646 ) ;
#4776 = AXIS2_PLACEMENT_3D ( 'NONE', #249, #3886, #2621 ) ;
#4777 = CARTESIAN_POINT ( 'NONE',  ( 2.440348604289662900, 1.530000000000000000, -2.316966561438162500 ) ) ;
#4778 = CARTESIAN_POINT ( 'NONE',  ( 3.000000000000001300, 0.2000000000000000100, -0.6999999999999997300 ) ) ;
#4779 = DIRECTION ( 'NONE',  ( 0.0000000000000000000, 0.0000000000000000000, 1.000000000000000000 ) ) ;
#4780 = ADVANCED_FACE ( 'NONE', ( #4438 ), #4667, .T. ) ;
#4781 = FACE_OUTER_BOUND ( 'NONE', #2802, .T. ) ;
#4782 = CARTESIAN_POINT ( 'NONE',  ( -2.000000000000000000, 0.0000000000000000000, 0.6999999999999999600 ) ) ;
#4783 = AXIS2_PLACEMENT_3D ( 'NONE', #2645, #5121, #2313 ) ;
#4784 = DIRECTION ( 'NONE',  ( -0.6427876096865378100, 0.0000000000000000000, 0.7660444431189793500 ) ) ;
#4785 = LINE ( 'NONE', #2885, #722 ) ;
#4786 = CARTESIAN_POINT ( 'NONE',  ( -2.315461233156051300, 1.880000009701113800, 2.465801534656297800 ) ) ;
#4787 = FACE_OUTER_BOUND ( 'NONE', #4448, .T. ) ;
#4788 = ORIENTED_EDGE ( 'NONE', *, *, #4801, .F. ) ;
#4789 = ORIENTED_EDGE ( 'NONE', *, *, #2301, .F. ) ;
#4790 = CARTESIAN_POINT ( 'NONE',  ( -2.815618732174173900, 1.720516484374826400, -1.791950846995489000 ) ) ;
#4791 = CARTESIAN_POINT ( 'NONE',  ( 1.266093033428751900, 3.499999999999999600, -3.050000000000000700 ) ) ;
#4792 = DIRECTION ( 'NONE',  ( 0.0000000000000000000, -0.0000000000000000000, -1.000000000000000000 ) ) ;
#4793 = VECTOR ( 'NONE', #2848, 1000.000000000000000 ) ;
#4794 = ORIENTED_EDGE ( 'NONE', *, *, #2539, .T. ) ;
#4795 = EDGE_CURVE ( 'NONE', #3119, #1572, #4106, .T. ) ;
#4796 = B_SPLINE_CURVE_WITH_KNOTS ( 'NONE', 3,
 ( #983, #4671, #2252, #2192, #5094, #216 ),
 .UNSPECIFIED., .F., .F.,
 ( 4, 1, 1, 4 ),
 ( 0.2059873510754549100, 0.4059071862753277400, 0.7447259720286310000, 1.000000000000000000 ),
 .UNSPECIFIED. ) ;
#4797 = CARTESIAN_POINT ( 'NONE',  ( 2.868645614448017700, 1.979999999999997800, 1.650969678198544300 ) ) ;
#4798 = VERTEX_POINT ( 'NONE', #1082 ) ;
#4799 = CARTESIAN_POINT ( 'NONE',  ( -2.075908249563816400, 1.530000000000000000, -2.011164794201589300 ) ) ;
#4800 = EDGE_LOOP ( 'NONE', ( #4723, #5099, #357, #2350 ) ) ;
#4801 = EDGE_CURVE ( 'NONE', #5123, #2109, #886, .T. ) ;
#4802 = CARTESIAN_POINT ( 'NONE',  ( -2.275765474800151000, 1.885647895128067700, -2.435322905944670600 ) ) ;
#4803 = DIRECTION ( 'NONE',  ( 1.000000000000000000, -0.0000000000000000000, -7.109392656820623600E-016 ) ) ;
#4804 = ADVANCED_FACE ( 'NONE', ( #3718 ), #4695, .F. ) ;
#4805 = PLANE ( 'NONE',  #3013 ) ;
#4806 = ORIENTED_EDGE ( 'NONE', *, *, #3374, .T. ) ;
#4807 = CARTESIAN_POINT ( 'NONE',  ( 2.302462449073377800, 1.979999999999997800, -2.481292882286177700 ) ) ;
#4808 = AXIS2_PLACEMENT_3D ( 'NONE', #2925, #524, #2966 ) ;
#4809 = DIRECTION ( 'NONE',  ( 1.000000000000000000, 0.0000000000000000000, -6.805308102864041200E-016 ) ) ;
#4810 = AXIS2_PLACEMENT_3D ( 'NONE', #3146, #1158, #3969 ) ;
#4811 = ORIENTED_EDGE ( 'NONE', *, *, #3507, .T. ) ;
#4812 = CARTESIAN_POINT ( 'NONE',  ( -2.820929990822352600, 1.529999999999999100, -1.785621135420324900 ) ) ;
#4813 = DIRECTION ( 'NONE',  ( 0.6427876096865374800, 0.0000000000000000000, 0.7660444431189795700 ) ) ;
#4814 = EDGE_CURVE ( 'NONE', #4252, #4380, #2159, .T. ) ;
#4815 = CARTESIAN_POINT ( 'NONE',  ( -2.304343724360582400, 2.500000000000000000, -0.5749999999999997300 ) ) ;
#4816 = VECTOR ( 'NONE', #1961, 1000.000000000000000 ) ;
#4817 = ORIENTED_EDGE ( 'NONE', *, *, #2211, .T. ) ;
#4818 = VECTOR ( 'NONE', #25, 1000.000000000000000 ) ;
#4819 = AXIS2_PLACEMENT_3D ( 'NONE', #1399, #556, #992 ) ;
#4820 = DIRECTION ( 'NONE',  ( 0.9510565162951553100, -0.3090169943749418400, 0.0000000000000000000 ) ) ;
#4821 = DIRECTION ( 'NONE',  ( 1.000000000000000000, 0.0000000000000000000, -3.252606517456508900E-016 ) ) ;
#4822 = DIRECTION ( 'NONE',  ( -0.0000000000000000000, -1.000000000000000000, -0.0000000000000000000 ) ) ;
#4823 = FACE_OUTER_BOUND ( 'NONE', #925, .T. ) ;
#4824 = EDGE_LOOP ( 'NONE', ( #4699, #4148, #2893, #2599, #4049, #2659, #4413, #1675 ) ) ;
#4825 = CARTESIAN_POINT ( 'NONE',  ( -2.993444671765758800, 0.2499999999999998900, 0.6999999999999999600 ) ) ;
#4826 = ORIENTED_EDGE ( 'NONE', *, *, #1701, .F. ) ;
#4827 = DIRECTION ( 'NONE',  ( 0.0000000000000000000, 0.0000000000000000000, 1.000000000000000000 ) ) ;
#4828 = SURFACE_STYLE_USAGE ( .BOTH. , #795 ) ;
#4829 = LINE ( 'NONE', #690, #1831 ) ;
#4830 = VERTEX_POINT ( 'NONE', #1099 ) ;
#4831 = B_SPLINE_CURVE_WITH_KNOTS ( 'NONE', 2,
 ( #4920, #460, #2087 ),
 .UNSPECIFIED., .F., .F.,
 ( 3, 3 ),
 ( 0.0000000000000000000, 0.1242604036668389600 ),
 .UNSPECIFIED. ) ;
#4832 = CYLINDRICAL_SURFACE ( 'NONE', #2495, 0.5000000000000000000 ) ;
#4833 = DIRECTION ( 'NONE',  ( 0.0000000000000000000, 1.000000000000000000, 0.0000000000000000000 ) ) ;
#4834 = VECTOR ( 'NONE', #444, 1000.000000000000000 ) ;
#4835 = EDGE_CURVE ( 'NONE', #2344, #1771, #1383, .T. ) ;
#4836 = ORIENTED_EDGE ( 'NONE', *, *, #102, .T. ) ;
#4837 = DIRECTION ( 'NONE',  ( -0.0000000000000000000, -0.0000000000000000000, -1.000000000000000000 ) ) ;
#4838 = CARTESIAN_POINT ( 'NONE',  ( 2.335589819772346100, 1.782692105289978700, -2.441813219242484000 ) ) ;
#4839 = VECTOR ( 'NONE', #2387, 1000.000000000000000 ) ;
#4840 = ORIENTED_EDGE ( 'NONE', *, *, #3176, .T. ) ;
#4841 = ORIENTED_EDGE ( 'NONE', *, *, #4218, .T. ) ;
#4842 = VECTOR ( 'NONE', #1741, 1000.000000000000000 ) ;
#4843 = EDGE_CURVE ( 'NONE', #2260, #4687, #5192, .T. ) ;
#4844 = CARTESIAN_POINT ( 'NONE',  ( -2.869784486986004500, 1.911431262898539300, 1.710107393657158200 ) ) ;
#4845 = CARTESIAN_POINT ( 'NONE',  ( -0.9082597180517073500, 1.529999999999999100, -1.031391342065090000 ) ) ;
#4846 = EDGE_LOOP ( 'NONE', ( #478, #2465, #1605, #4951 ) ) ;
#4847 = DIRECTION ( 'NONE',  ( -0.0000000000000000000, 0.0000000000000000000, 1.000000000000000000 ) ) ;
#4848 = COLOUR_RGB ( '',0.7921568627450980000, 0.8196078431372548800, 0.9333333333333333500 ) ;
#4849 = ADVANCED_FACE ( 'NONE', ( #1570 ), #1462, .F. ) ;
#4850 = AXIS2_PLACEMENT_3D ( 'NONE', #30, #1196, #3658 ) ;
#4851 = LINE ( 'NONE', #2664, #599 ) ;
#4852 = ORIENTED_EDGE ( 'NONE', *, *, #2379, .T. ) ;
#4853 = AXIS2_PLACEMENT_3D ( 'NONE', #1660, #4114, #1693 ) ;
#4854 = ORIENTED_EDGE ( 'NONE', *, *, #3830, .F. ) ;
#4855 = CARTESIAN_POINT ( 'NONE',  ( -2.906947836603966700, 1.529999999999999100, -1.683109058682871600 ) ) ;
#4856 = CARTESIAN_POINT ( 'NONE',  ( -1.941499746131745600, 1.929999999999998200, 2.171346611041971500 ) ) ;
#4857 = CARTESIAN_POINT ( 'NONE',  ( 2.275765474800151000, 1.885647895128067700, 2.435322905944670600 ) ) ;
#4858 = SURFACE_SIDE_STYLE ('',( #5147 ) ) ;
#4859 = VECTOR ( 'NONE', #1289, 1000.000000000000000 ) ;
#4860 = ORIENTED_EDGE ( 'NONE', *, *, #1347, .T. ) ;
#4861 = ADVANCED_FACE ( 'NONE', ( #2464 ), #1048, .T. ) ;
#4862 = PRODUCT_DEFINITION_SHAPE ( 'NONE', 'NONE',  #3910 ) ;
#4863 = MECHANICAL_DESIGN_GEOMETRIC_PRESENTATION_REPRESENTATION (  '', ( #4414 ), #4678 ) ;
#4864 = CARTESIAN_POINT ( 'NONE',  ( -2.869319307447162800, 1.885835889324815900, 1.727952993489551700 ) ) ;
#4865 = DIRECTION ( 'NONE',  ( 0.0000000000000000000, 1.000000000000000000, 0.0000000000000000000 ) ) ;
#4866 = VERTEX_POINT ( 'NONE', #4713 ) ;
#4867 = EDGE_CURVE ( 'NONE', #3816, #941, #2519, .T. ) ;
#4868 = CARTESIAN_POINT ( 'NONE',  ( -2.493996089497433100, 1.929999999999999500, 2.175245786865136500 ) ) ;
#4869 = VERTEX_POINT ( 'NONE', #658 ) ;
#4870 = DIRECTION ( 'NONE',  ( -0.0000000000000000000, -1.000000000000000000, -0.0000000000000000000 ) ) ;
#4871 = CARTESIAN_POINT ( 'NONE',  ( 2.899142650420860200, 1.969021239404721700, -1.686890823535522700 ) ) ;
#4872 = CARTESIAN_POINT ( 'NONE',  ( 2.440348604289665600, 1.530000000000000000, -2.316966561438165200 ) ) ;
#4873 = EDGE_CURVE ( 'NONE', #1002, #2745, #1444, .T. ) ;
#4874 = CARTESIAN_POINT ( 'NONE',  ( -0.1871594614189955600, 1.530000000000000000, 0.07451084703774751800 ) ) ;
#4875 = LINE ( 'NONE', #4197, #1624 ) ;
#4876 = ORIENTED_EDGE ( 'NONE', *, *, #3442, .T. ) ;
#4877 = ORIENTED_EDGE ( 'NONE', *, *, #3150, .F. ) ;
#4878 = ADVANCED_FACE ( 'NONE', ( #4950 ), #1197, .T. ) ;
#4879 = DIRECTION ( 'NONE',  ( 0.0000000000000000000, 0.0000000000000000000, 1.000000000000000000 ) ) ;
#4880 = EDGE_CURVE ( 'NONE', #4362, #2225, #507, .T. ) ;
#4881 = ORIENTED_EDGE ( 'NONE', *, *, #4282, .F. ) ;
#4882 = FACE_OUTER_BOUND ( 'NONE', #3101, .T. ) ;
#4883 = ORIENTED_EDGE ( 'NONE', *, *, #1373, .F. ) ;
#4884 = ORIENTED_EDGE ( 'NONE', *, *, #1484, .F. ) ;
#4885 = CARTESIAN_POINT ( 'NONE',  ( -0.4013374855950431200, 2.500000000000000000, -1.754687499999999700 ) ) ;
#4886 = DIRECTION ( 'NONE',  ( -0.6427876096865378100, 0.0000000000000000000, 0.7660444431189793500 ) ) ;
#4887 = FACE_OUTER_BOUND ( 'NONE', #2081, .T. ) ;
#4888 = EDGE_LOOP ( 'NONE', ( #2374, #5233, #2239, #4918, #3048, #2414, #446, #2688, #3591, #248, #3842, #3798, #1137, #4431, #101, #3039, #1229, #1324, #4986, #4238 ) ) ;
#4889 = AXIS2_PLACEMENT_3D ( 'NONE', #2320, #3956, #1523 ) ;
#4890 = ORIENTED_EDGE ( 'NONE', *, *, #3267, .F. ) ;
#4891 = CARTESIAN_POINT ( 'NONE',  ( 2.249620753808918100, 1.923172360841530300, 2.427933183690476100 ) ) ;
#4892 = VECTOR ( 'NONE', #489, 1000.000000000000000 ) ;
#4893 = CARTESIAN_POINT ( 'NONE',  ( 0.0000000000000000000, 5.000000000000000000, 0.0000000000000000000 ) ) ;
#4894 = CARTESIAN_POINT ( 'NONE',  ( 0.0000000000000000000, 4.800000000000000700, 0.0000000000000000000 ) ) ;
#4895 = VECTOR ( 'NONE', #1752, 1000.000000000000200 ) ;
#4896 = ORIENTED_EDGE ( 'NONE', *, *, #4232, .T. ) ;
#4897 = DIRECTION ( 'NONE',  ( -1.000000000000000000, 0.0000000000000000000, -0.0000000000000000000 ) ) ;
#4898 = VECTOR ( 'NONE', #4944, 1000.000000000000200 ) ;
#4899 = FACE_OUTER_BOUND ( 'NONE', #3360, .T. ) ;
#4900 = EDGE_LOOP ( 'NONE', ( #3355, #4987, #853, #2705 ) ) ;
#4901 = B_SPLINE_CURVE_WITH_KNOTS ( 'NONE', 3,
 ( #4065, #3287, #2841, #893, #875, #3653, #2481, #4534, #1646, #3307, #4493, #56, #2861, #1700, #3707, #2096 ),
 .UNSPECIFIED., .F., .F.,
 ( 4, 3, 3, 3, 3, 4 ),
 ( 1.025387560846719300E-011, 3.413131053919292100E-005, 6.838679621364509700E-005, 0.0001010405496996957500, 0.0001336621012928189600, 0.0001586730678299180500 ),
 .UNSPECIFIED. ) ;
#4902 = DIRECTION ( 'NONE',  ( 1.000000000000000000, 0.0000000000000000000, 0.0000000000000000000 ) ) ;
#4903 = CARTESIAN_POINT ( 'NONE',  ( 1.499999999999999600, 1.930000000000000200, 3.050000000000000700 ) ) ;
#4904 = LINE ( 'NONE', #2562, #1656 ) ;
#4905 = EDGE_CURVE ( 'NONE', #3832, #3157, #137, .T. ) ;
#4906 = ORIENTED_EDGE ( 'NONE', *, *, #1164, .T. ) ;
#4907 = CARTESIAN_POINT ( 'NONE',  ( -3.500000000000000000, 1.000000000000000000, -0.6999999999999999600 ) ) ;
#4908 = CARTESIAN_POINT ( 'NONE',  ( 2.909834721983365600, 1.892649291817416700, -1.757454794003611200 ) ) ;
#4909 = VERTEX_POINT ( 'NONE', #3089 ) ;
#4910 = DIRECTION ( 'NONE',  ( -0.6427876096865378100, 0.0000000000000000000, 0.7660444431189793500 ) ) ;
#4911 = FACE_OUTER_BOUND ( 'NONE', #3635, .T. ) ;
#4912 = VECTOR ( 'NONE', #596, 1000.000000000000000 ) ;
#4913 =( NAMED_UNIT ( * ) PLANE_ANGLE_UNIT ( ) SI_UNIT ( $, .RADIAN. ) );
#4914 = EDGE_CURVE ( 'NONE', #4081, #4284, #1068, .T. ) ;
#4915 = DIRECTION ( 'NONE',  ( 0.0000000000000000000, 0.0000000000000000000, -1.000000000000000000 ) ) ;
#4916 = DIRECTION ( 'NONE',  ( -3.097720492815728600E-016, -0.0000000000000000000, -1.000000000000000000 ) ) ;
#4917 = LINE ( 'NONE', #1162, #3806 ) ;
#4918 = ORIENTED_EDGE ( 'NONE', *, *, #902, .T. ) ;
#4919 = AXIS2_PLACEMENT_3D ( 'NONE', #559, #4613, #979 ) ;
#4920 = CARTESIAN_POINT ( 'NONE',  ( -2.580809704034067800, 1.979999999999997800, 1.409446671930623600 ) ) ;
#4921 = DIRECTION ( 'NONE',  ( 3.252606517456508900E-016, -0.0000000000000000000, 1.000000000000000000 ) ) ;
#4922 = CYLINDRICAL_SURFACE ( 'NONE', #871, 0.1999999999999999800 ) ;
#4923 = CYLINDRICAL_SURFACE ( 'NONE', #4250, 2.299999999999999800 ) ;
#4924 = ORIENTED_EDGE ( 'NONE', *, *, #2968, .T. ) ;
#4925 = ORIENTED_EDGE ( 'NONE', *, *, #4801, .T. ) ;
#4926 = EDGE_CURVE ( 'NONE', #2627, #4486, #254, .T. ) ;
#4927 = CARTESIAN_POINT ( 'NONE',  ( -2.870869630134545800, 1.907118555828421400, -1.714237394205214000 ) ) ;
#4928 = DIRECTION ( 'NONE',  ( -1.000000000000000000, 0.0000000000000000000, 0.0000000000000000000 ) ) ;
#4929 = AXIS2_PLACEMENT_3D ( 'NONE', #4337, #1905, #5118 ) ;
#4930 = CARTESIAN_POINT ( 'NONE',  ( 0.7738512146196364600, 1.929999999999998200, 1.191573158905472100 ) ) ;
#4931 = LINE ( 'NONE', #2163, #3106 ) ;
#4932 = ORIENTED_EDGE ( 'NONE', *, *, #33, .T. ) ;
#4933 = CARTESIAN_POINT ( 'NONE',  ( 2.868645614448017700, 1.979999999999997800, -1.650969678198544300 ) ) ;
#4934 = ORIENTED_EDGE ( 'NONE', *, *, #1607, .T. ) ;
#4935 = DIRECTION ( 'NONE',  ( 0.0000000000000000000, 0.0000000000000000000, -1.000000000000000000 ) ) ;
#4936 = EDGE_CURVE ( 'NONE', #1713, #1087, #2579, .T. ) ;
#4937 = DIRECTION ( 'NONE',  ( 0.0000000000000000000, 0.0000000000000000000, 1.000000000000000000 ) ) ;
#4938 = CARTESIAN_POINT ( 'NONE',  ( 2.993444671765758800, 0.1999999999999999000, -0.6999999999999999600 ) ) ;
#4939 = VERTEX_POINT ( 'NONE', #1493 ) ;
#4940 = EDGE_CURVE ( 'NONE', #3954, #4252, #1695, .T. ) ;
#4941 = CARTESIAN_POINT ( 'NONE',  ( -2.000000000000000000, -0.0000000000000000000, -0.6999999999999999600 ) ) ;
#4942 = ORIENTED_EDGE ( 'NONE', *, *, #2835, .T. ) ;
#4943 = EDGE_CURVE ( 'NONE', #3216, #3989, #1498, .T. ) ;
#4944 = DIRECTION ( 'NONE',  ( -0.6427876096865379200, 0.0000000000000000000, 0.7660444431189791200 ) ) ;
#4945 = VECTOR ( 'NONE', #2704, 1000.000000000000000 ) ;
#4946 = ORIENTED_EDGE ( 'NONE', *, *, #2113, .F. ) ;
#4947 = DIRECTION ( 'NONE',  ( -0.0000000000000000000, -0.0000000000000000000, -1.000000000000000000 ) ) ;
#4948 = DIRECTION ( 'NONE',  ( 0.0000000000000000000, 0.0000000000000000000, 1.000000000000000000 ) ) ;
#4949 = AXIS2_PLACEMENT_3D ( 'NONE', #972, #1817, #3787 ) ;
#4950 = FACE_OUTER_BOUND ( 'NONE', #3120, .T. ) ;
#4951 = ORIENTED_EDGE ( 'NONE', *, *, #2613, .F. ) ;
#4952 = ORIENTED_EDGE ( 'NONE', *, *, #3754, .F. ) ;
#4953 = AXIS2_PLACEMENT_3D ( 'NONE', #4209, #2170, #4972 ) ;
#4954 = DIRECTION ( 'NONE',  ( 0.6427876096865378100, 0.0000000000000000000, -0.7660444431189793500 ) ) ;
#4955 = CARTESIAN_POINT ( 'NONE',  ( 2.000000000000000000, 0.0000000000000000000, 0.6999999999999999600 ) ) ;
#4956 = CYLINDRICAL_SURFACE ( 'NONE', #3676, 0.5000000000000000000 ) ;
#4957 = VERTEX_POINT ( 'NONE', #2763 ) ;
#4958 = CARTESIAN_POINT ( 'NONE',  ( 2.277159011000101000, 1.880000009701114200, 2.433662154171969800 ) ) ;
#4959 = CARTESIAN_POINT ( 'NONE',  ( -0.5128201204825548800, 4.800000000000002500, -2.242100694444443900 ) ) ;
#4960 = LINE ( 'NONE', #2061, #2474 ) ;
#4961 = FACE_OUTER_BOUND ( 'NONE', #4888, .T. ) ;
#4962 = CARTESIAN_POINT ( 'NONE',  ( -2.549999999999997600, 4.917157287525381700, -0.4999999999999978400 ) ) ;
#4963 = CARTESIAN_POINT ( 'NONE',  ( -2.945250058759915700, 1.879999999999998100, 1.715248439167198500 ) ) ;
#4964 = ORIENTED_EDGE ( 'NONE', *, *, #1873, .T. ) ;
#4965 = ADVANCED_FACE ( 'NONE', ( #5188 ), #362, .T. ) ;
#4966 = LINE ( 'NONE', #2370, #3855 ) ;
#4967 = ORIENTED_EDGE ( 'NONE', *, *, #1347, .F. ) ;
#4968 = EDGE_CURVE ( 'NONE', #1941, #2942, #4230, .T. ) ;
#4969 = DIRECTION ( 'NONE',  ( -6.805308102864045200E-016, 0.0000000000000000000, 1.000000000000000000 ) ) ;
#4970 = ORIENTED_EDGE ( 'NONE', *, *, #4988, .F. ) ;
#4971 = CARTESIAN_POINT ( 'NONE',  ( -1.266093033428752800, 15.41086354534016500, 2.550000000000001600 ) ) ;
#4972 = DIRECTION ( 'NONE',  ( 0.0000000000000000000, 0.0000000000000000000, 1.000000000000000000 ) ) ;
#4973 = LINE ( 'NONE', #2724, #1599 ) ;
#4974 = EDGE_CURVE ( 'NONE', #3977, #2494, #618, .T. ) ;
#4975 = DIRECTION ( 'NONE',  ( 1.000000000000000000, 0.0000000000000000000, -0.0000000000000000000 ) ) ;
#4976 = CARTESIAN_POINT ( 'NONE',  ( -0.5128201204825548800, 16.83777582424696100, -2.242100694444443900 ) ) ;
#4977 = DIRECTION ( 'NONE',  ( 0.6427876096865374800, -0.0000000000000000000, 0.7660444431189795700 ) ) ;
#4978 = LINE ( 'NONE', #3537, #2493 ) ;
#4979 = VERTEX_POINT ( 'NONE', #2349 ) ;
#4980 = EDGE_CURVE ( 'NONE', #4075, #1222, #1888, .T. ) ;
#4981 = DIRECTION ( 'NONE',  ( -0.0000000000000000000, 1.000000000000000000, -0.0000000000000000000 ) ) ;
#4982 = LINE ( 'NONE', #4855, #4818 ) ;
#4983 = LINE ( 'NONE', #4124, #4859 ) ;
#4984 = EDGE_LOOP ( 'NONE', ( #811, #2152, #809, #674 ) ) ;
#4985 = AXIS2_PLACEMENT_3D ( 'NONE', #4193, #5023, #2233 ) ;
#4986 = ORIENTED_EDGE ( 'NONE', *, *, #2505, .T. ) ;
#4987 = ORIENTED_EDGE ( 'NONE', *, *, #312, .F. ) ;
#4988 = EDGE_CURVE ( 'NONE', #3858, #2910, #3649, .T. ) ;
#4989 = ORIENTED_EDGE ( 'NONE', *, *, #3249, .T. ) ;
#4990 = CARTESIAN_POINT ( 'NONE',  ( -2.260995797172754300, 1.969597858640604000, 2.446267565461552400 ) ) ;
#4991 = DIRECTION ( 'NONE',  ( -0.0000000000000000000, 0.0000000000000000000, -1.000000000000000000 ) ) ;
#4992 = CARTESIAN_POINT ( 'NONE',  ( 0.0000000000000000000, 1.930000000000000200, 0.0000000000000000000 ) ) ;
#4993 = PLANE ( 'NONE',  #368 ) ;
#4994 = EDGE_LOOP ( 'NONE', ( #4374, #770, #697, #3239 ) ) ;
#4995 = CARTESIAN_POINT ( 'NONE',  ( -2.778390314666657100, 1.929999999999999500, -1.836317947306664400 ) ) ;
#4996 = VERTEX_POINT ( 'NONE', #2674 ) ;
#4997 = EDGE_CURVE ( 'NONE', #4830, #2109, #2083, .T. ) ;
#4998 = ORIENTED_EDGE ( 'NONE', *, *, #4727, .F. ) ;
#4999 = DIRECTION ( 'NONE',  ( 0.0000000000000000000, 1.000000000000000000, 0.0000000000000000000 ) ) ;
#5000 = CARTESIAN_POINT ( 'NONE',  ( -2.815618732174173900, 1.720516484374826400, 1.791950846995489000 ) ) ;
#5001 = VECTOR ( 'NONE', #2365, 1000.000000000000000 ) ;
#5002 = EDGE_CURVE ( 'NONE', #168, #961, #2326, .T. ) ;
#5003 = ORIENTED_EDGE ( 'NONE', *, *, #2122, .F. ) ;
#5004 = PLANE ( 'NONE',  #4985 ) ;
#5005 = PRESENTATION_LAYER_ASSIGNMENT (  '', '', ( #3 ) ) ;
#5006 = DIRECTION ( 'NONE',  ( -1.000000000000000000, 0.0000000000000000000, -3.252606517456508900E-016 ) ) ;
#5007 = CIRCLE ( 'NONE', #4707, 0.5000000000000000000 ) ;
#5008 = ORIENTED_EDGE ( 'NONE', *, *, #417, .T. ) ;
#5009 = ORIENTED_EDGE ( 'NONE', *, *, #1, .F. ) ;
#5010 = CARTESIAN_POINT ( 'NONE',  ( 1.939222910958121800, 1.947099858118876500, -2.174060037539883500 ) ) ;
#5011 = FACE_OUTER_BOUND ( 'NONE', #3968, .T. ) ;
#5012 = LINE ( 'NONE', #890, #572 ) ;
#5013 =( GEOMETRIC_REPRESENTATION_CONTEXT ( 3 ) GLOBAL_UNCERTAINTY_ASSIGNED_CONTEXT ( ( #4730 ) ) GLOBAL_UNIT_ASSIGNED_CONTEXT ( ( #1227, #2457, #2805 ) ) REPRESENTATION_CONTEXT ( 'NONE', 'WORKASPACE' ) );
#5014 = EDGE_LOOP ( 'NONE', ( #935, #1344, #1311, #4201 ) ) ;
#5015 = VECTOR ( 'NONE', #413, 1000.000000000000000 ) ;
#5016 = DIRECTION ( 'NONE',  ( -0.0000000000000000000, -1.000000000000000000, -0.0000000000000000000 ) ) ;
#5017 = ADVANCED_FACE ( 'NONE', ( #3129 ), #322, .F. ) ;
#5018 = LINE ( 'NONE', #630, #208 ) ;
#5019 = CARTESIAN_POINT ( 'NONE',  ( 1.508301782570043100, 15.41086354534016500, 2.987418474506292800 ) ) ;
#5020 = DIRECTION ( 'NONE',  ( -1.224646799147352200E-016, -1.000000000000000000, 0.0000000000000000000 ) ) ;
#5021 = VERTEX_POINT ( 'NONE', #1866 ) ;
#5022 = CIRCLE ( 'NONE', #4289, 0.5000000000000000000 ) ;
#5023 = DIRECTION ( 'NONE',  ( -0.9510565162951554200, -0.3090169943749417900, 0.0000000000000000000 ) ) ;
#5024 = CARTESIAN_POINT ( 'NONE',  ( 2.245550092837354400, 1.925959712014151600, -2.425361892238864700 ) ) ;
#5025 = EDGE_LOOP ( 'NONE', ( #792, #2041, #2453, #5047 ) ) ;
#5026 = CARTESIAN_POINT ( 'NONE',  ( 2.859232212978300300, 1.529999999999999600, 1.817760515904649900 ) ) ;
#5027 = CARTESIAN_POINT ( 'NONE',  ( 2.277159011000101000, 1.880000009701114200, -2.433662154171969800 ) ) ;
#5028 = CARTESIAN_POINT ( 'NONE',  ( -2.993444671765758800, 0.2499999999999998900, -0.6999999999999999600 ) ) ;
#5029 = LINE ( 'NONE', #2325, #2722 ) ;
#5030 = EDGE_CURVE ( 'NONE', #723, #993, #2455, .T. ) ;
#5031 = VECTOR ( 'NONE', #4208, 1000.000000000000200 ) ;
#5032 = VERTEX_POINT ( 'NONE', #3552 ) ;
#5033 = CARTESIAN_POINT ( 'NONE',  ( 2.857540934028677300, 1.927751539156337300, 1.687267845319136300 ) ) ;
#5034 = EDGE_CURVE ( 'NONE', #272, #385, #1756, .T. ) ;
#5035 = LINE ( 'NONE', #3837, #1798 ) ;
#5036 = DIRECTION ( 'NONE',  ( -0.0000000000000000000, -1.000000000000000000, -0.0000000000000000000 ) ) ;
#5037 = LINE ( 'NONE', #655, #3554 ) ;
#5038 = ORIENTED_EDGE ( 'NONE', *, *, #2536, .F. ) ;
#5039 = CARTESIAN_POINT ( 'NONE',  ( -1.938022094347530100, 1.979999999999997800, -2.175491115049602400 ) ) ;
#5040 = ORIENTED_EDGE ( 'NONE', *, *, #1916, .F. ) ;
#5041 = CARTESIAN_POINT ( 'NONE',  ( 2.261420457685837000, 1.912147283479140200, -2.434209801124263000 ) ) ;
#5042 = LINE ( 'NONE', #3206, #3689 ) ;
#5043 = ORIENTED_EDGE ( 'NONE', *, *, #4936, .F. ) ;
#5044 = ORIENTED_EDGE ( 'NONE', *, *, #3703, .F. ) ;
#5045 = DIRECTION ( 'NONE',  ( 0.0000000000000000000, 0.0000000000000000000, -1.000000000000000000 ) ) ;
#5046 = MECHANICAL_DESIGN_GEOMETRIC_PRESENTATION_REPRESENTATION (  '', ( #1745 ), #497 ) ;
#5047 = ORIENTED_EDGE ( 'NONE', *, *, #4652, .F. ) ;
#5048 = DIRECTION ( 'NONE',  ( 0.0000000000000000000, 0.0000000000000000000, 1.000000000000000000 ) ) ;
#5049 = CARTESIAN_POINT ( 'NONE',  ( 3.309788696740969100, 1.061803398874988400, -0.6999999999999999600 ) ) ;
#5050 = DIRECTION ( 'NONE',  ( -0.0000000000000000000, -1.000000000000000000, -0.0000000000000000000 ) ) ;
#5051 = EDGE_LOOP ( 'NONE', ( #3881, #1384, #1143, #378 ) ) ;
#5052 = DIRECTION ( 'NONE',  ( -0.6427876096865378100, 0.0000000000000000000, -0.7660444431189793500 ) ) ;
#5053 = CARTESIAN_POINT ( 'NONE',  ( 2.265136491934274700, 1.907601957559131000, -2.435717192514523300 ) ) ;
#5054 = EDGE_CURVE ( 'NONE', #4909, #4203, #1001, .T. ) ;
#5055 = CARTESIAN_POINT ( 'NONE',  ( -0.4013374855950431200, 4.799999999999998900, -2.254687499999999700 ) ) ;
#5056 = CARTESIAN_POINT ( 'NONE',  ( -1.266093033428752800, 3.499999999999999600, 2.550000000000001600 ) ) ;
#5057 = EDGE_LOOP ( 'NONE', ( #1911, #2786, #4429, #1077 ) ) ;
#5058 = DIRECTION ( 'NONE',  ( 0.0000000000000000000, 0.0000000000000000000, -1.000000000000000000 ) ) ;
#5059 = DIRECTION ( 'NONE',  ( 0.0000000000000000000, 0.0000000000000000000, -1.000000000000000000 ) ) ;
#5060 = VECTOR ( 'NONE', #1546, 1000.000000000000200 ) ;
#5061 = ORIENTED_EDGE ( 'NONE', *, *, #894, .T. ) ;
#5062 = EDGE_LOOP ( 'NONE', ( #2558, #3907, #1056, #2244 ) ) ;
#5063 = EDGE_CURVE ( 'NONE', #1429, #4081, #2207, .T. ) ;
#5064 = CARTESIAN_POINT ( 'NONE',  ( 1.327143326740344700, 1.529999999999999100, -0.5321852965315774200 ) ) ;
#5065 = CARTESIAN_POINT ( 'NONE',  ( -2.895368093107167700, 1.930000000000000200, 1.199999999999999500 ) ) ;
#5066 = VECTOR ( 'NONE', #681, 1000.000000000000200 ) ;
#5067 = CARTESIAN_POINT ( 'NONE',  ( -2.078460969082652100, 5.000000000000000000, 0.2999999999999998200 ) ) ;
#5068 = ADVANCED_FACE ( 'NONE', ( #4882 ), #433, .T. ) ;
#5069 = ORIENTED_EDGE ( 'NONE', *, *, #3055, .T. ) ;
#5070 = DIRECTION ( 'NONE',  ( 0.0000000000000000000, 0.0000000000000000000, -1.000000000000000000 ) ) ;
#5071 = PLANE ( 'NONE',  #1350 ) ;
#5072 = AXIS2_PLACEMENT_3D ( 'NONE', #4442, #2426, #382 ) ;
#5073 = LINE ( 'NONE', #3930, #2773 ) ;
#5074 = CARTESIAN_POINT ( 'NONE',  ( 1.266093033428751900, 3.499999999999999600, 3.050000000000001200 ) ) ;
#5075 = CARTESIAN_POINT ( 'NONE',  ( -2.349999999999999600, 5.000000000000000000, 0.2999999999999998200 ) ) ;
#5076 = ORIENTED_EDGE ( 'NONE', *, *, #2093, .T. ) ;
#5077 = DIRECTION ( 'NONE',  ( 0.6427876096865380300, 0.0000000000000000000, -0.7660444431189791200 ) ) ;
#5078 = SURFACE_STYLE_FILL_AREA ( #4532 ) ;
#5079 = ORIENTED_EDGE ( 'NONE', *, *, #2889, .T. ) ;
#5080 = EDGE_CURVE ( 'NONE', #4637, #3353, #4501, .T. ) ;
#5081 = CIRCLE ( 'NONE', #3799, 2.649999999999999500 ) ;
#5082 = AXIS2_PLACEMENT_3D ( 'NONE', #1038, #4308, #4654 ) ;
#5083 = ORIENTED_EDGE ( 'NONE', *, *, #1963, .F. ) ;
#5084 = ORIENTED_EDGE ( 'NONE', *, *, #131, .T. ) ;
#5085 = DIRECTION ( 'NONE',  ( 0.0000000000000000000, 1.000000000000000000, 0.0000000000000000000 ) ) ;
#5086 = LINE ( 'NONE', #61, #3346 ) ;
#5087 = CARTESIAN_POINT ( 'NONE',  ( -2.894395889798241100, 1.973050869151821800, 1.679148823225136400 ) ) ;
#5088 = DIRECTION ( 'NONE',  ( 0.6427876096865378100, 0.0000000000000000000, -0.7660444431189793500 ) ) ;
#5089 = ORIENTED_EDGE ( 'NONE', *, *, #1791, .F. ) ;
#5090 = CARTESIAN_POINT ( 'NONE',  ( 2.244994432064365300, 4.800000000000004300, 0.4999999999999968900 ) ) ;
#5091 = DIRECTION ( 'NONE',  ( 1.000000000000000000, 0.0000000000000000000, -0.0000000000000000000 ) ) ;
#5092 = CIRCLE ( 'NONE', #4672, 0.5000000000000000000 ) ;
#5093 = EDGE_CURVE ( 'NONE', #2942, #261, #812, .T. ) ;
#5094 = CARTESIAN_POINT ( 'NONE',  ( 2.440348604289665600, 1.583790327172668300, -2.316966561438165600 ) ) ;
#5095 = PLANE ( 'NONE',  #2429 ) ;
#5096 = CARTESIAN_POINT ( 'NONE',  ( -2.362731470142131600, 1.930000000000000200, 1.199999999999999100 ) ) ;
#5097 = ORIENTED_EDGE ( 'NONE', *, *, #2418, .F. ) ;
#5098 = EDGE_CURVE ( 'NONE', #95, #2796, #1951, .T. ) ;
#5099 = ORIENTED_EDGE ( 'NONE', *, *, #1824, .T. ) ;
#5100 = CARTESIAN_POINT ( 'NONE',  ( -0.6500000000000006900, 0.4000000000000000200, 3.050000000000000300 ) ) ;
#5101 = TOROIDAL_SURFACE ( 'NONE', #4808, 2.100000000000000100, 0.2000000000000000100 ) ;
#5102 = ORIENTED_EDGE ( 'NONE', *, *, #1939, .T. ) ;
#5103 = ORIENTED_EDGE ( 'NONE', *, *, #2235, .T. ) ;
#5104 = CARTESIAN_POINT ( 'NONE',  ( 2.867288249460014300, 1.918646332507891700, 1.702563856571186300 ) ) ;
#5105 = DIRECTION ( 'NONE',  ( 0.0000000000000000000, 1.000000000000000000, 0.0000000000000000000 ) ) ;
#5106 = EDGE_CURVE ( 'NONE', #767, #2575, #4099, .T. ) ;
#5107 = SURFACE_SIDE_STYLE ('',( #3869 ) ) ;
#5108 = VERTEX_POINT ( 'NONE', #1093 ) ;
#5109 = CARTESIAN_POINT ( 'NONE',  ( -2.888691067737098300, 1.975781244707013100, -1.671791007930206300 ) ) ;
#5110 = ORIENTED_EDGE ( 'NONE', *, *, #2734, .T. ) ;
#5111 = AXIS2_PLACEMENT_3D ( 'NONE', #1559, #3999, #3570 ) ;
#5112 = DIRECTION ( 'NONE',  ( 0.0000000000000000000, 1.000000000000000000, 0.0000000000000000000 ) ) ;
#5113 = DIRECTION ( 'NONE',  ( 0.3090169943749417300, 0.9510565162951553100, 0.0000000000000000000 ) ) ;
#5114 = ORIENTED_EDGE ( 'NONE', *, *, #3656, .F. ) ;
#5115 = AXIS2_PLACEMENT_3D ( 'NONE', #1023, #3056, #662 ) ;
#5116 = DIRECTION ( 'NONE',  ( 0.0000000000000000000, 0.0000000000000000000, 1.000000000000000000 ) ) ;
#5117 = CARTESIAN_POINT ( 'NONE',  ( 2.868833010024125100, 1.915212737652416800, -1.706486119929993900 ) ) ;
#5118 = DIRECTION ( 'NONE',  ( 0.0000000000000000000, 0.0000000000000000000, 1.000000000000000000 ) ) ;
#5119 = AXIS2_PLACEMENT_3D ( 'NONE', #2779, #1200, #4451 ) ;
#5120 = CARTESIAN_POINT ( 'NONE',  ( -2.905725858934928000, 1.879999990299078300, 1.762351546303042100 ) ) ;
#5121 = DIRECTION ( 'NONE',  ( 0.0000000000000000000, 1.000000000000000000, 0.0000000000000000000 ) ) ;
#5122 = UNCERTAINTY_MEASURE_WITH_UNIT (LENGTH_MEASURE( 1.000000000000000100E-005 ), #3611, 'distance_accuracy_value', 'NONE');
#5123 = VERTEX_POINT ( 'NONE', #3906 ) ;
#5124 = CARTESIAN_POINT ( 'NONE',  ( 1.938022094347529500, 1.917659127564141000, 2.175491115049602400 ) ) ;
#5125 = EDGE_CURVE ( 'NONE', #1749, #1577, #3714, .T. ) ;
#5126 = CARTESIAN_POINT ( 'NONE',  ( -0.5128201204825548800, 2.500000000000000000, -2.242100694444443900 ) ) ;
#5127 = VECTOR ( 'NONE', #1490, 1000.000000000000000 ) ;
#5128 = VERTEX_POINT ( 'NONE', #1924 ) ;
#5129 = ORIENTED_EDGE ( 'NONE', *, *, #476, .T. ) ;
#5130 = CARTESIAN_POINT ( 'NONE',  ( 0.4013374855950431200, 16.83777582424696100, -1.754687499999999700 ) ) ;
#5131 = VECTOR ( 'NONE', #730, 1000.000000000000000 ) ;
#5132 = EDGE_CURVE ( 'NONE', #214, #4231, #2761, .T. ) ;
#5133 = CARTESIAN_POINT ( 'NONE',  ( 2.870868622581371100, 1.897171052452769400, -1.721375756010442100 ) ) ;
#5134 = ORIENTED_EDGE ( 'NONE', *, *, #1901, .T. ) ;
#5135 = FACE_OUTER_BOUND ( 'NONE', #3603, .T. ) ;
#5136 = LINE ( 'NONE', #2963, #3336 ) ;
#5137 = DIRECTION ( 'NONE',  ( -0.0000000000000000000, 1.000000000000000000, -0.0000000000000000000 ) ) ;
#5138 = ORIENTED_EDGE ( 'NONE', *, *, #2509, .F. ) ;
#5139 = EDGE_CURVE ( 'NONE', #823, #4675, #3963, .T. ) ;
#5140 = CARTESIAN_POINT ( 'NONE',  ( 1.499999999999999600, 1.930000000000000200, -3.050000000000000700 ) ) ;
#5141 = CARTESIAN_POINT ( 'NONE',  ( -2.894395889798241100, 1.973050869151821800, -1.679148823225136400 ) ) ;
#5142 = LINE ( 'NONE', #970, #2904 ) ;
#5143 = AXIS2_PLACEMENT_3D ( 'NONE', #754, #3086, #4742 ) ;
#5144 = ORIENTED_EDGE ( 'NONE', *, *, #1858, .F. ) ;
#5145 = CARTESIAN_POINT ( 'NONE',  ( -0.1871594614189955600, 1.929999999999999500, 0.07451084703774751800 ) ) ;
#5146 = DIRECTION ( 'NONE',  ( -0.0000000000000000000, -1.000000000000000000, -0.0000000000000000000 ) ) ;
#5147 = SURFACE_STYLE_FILL_AREA ( #846 ) ;
#5148 = EDGE_LOOP ( 'NONE', ( #4942, #2333, #3877, #1586, #1689, #3652, #568, #1188 ) ) ;
#5149 = VERTEX_POINT ( 'NONE', #2723 ) ;
#5150 = VECTOR ( 'NONE', #1165, 1000.000000000000000 ) ;
#5151 = AXIS2_PLACEMENT_3D ( 'NONE', #314, #4388, #1950 ) ;
#5152 = CARTESIAN_POINT ( 'NONE',  ( 2.000000000000000000, 0.2000000000000000100, 0.6999999999999999600 ) ) ;
#5153 = CARTESIAN_POINT ( 'NONE',  ( 1.499999999999999600, 1.930000000000000200, -3.050000000000000700 ) ) ;
#5154 = PLANE ( 'NONE',  #661 ) ;
#5155 = LINE ( 'NONE', #2137, #3288 ) ;
#5156 = DIRECTION ( 'NONE',  ( -0.0000000000000000000, -1.000000000000000000, -0.0000000000000000000 ) ) ;
#5157 = VERTEX_POINT ( 'NONE', #1622 ) ;
#5158 = B_SPLINE_CURVE_WITH_KNOTS ( 'NONE', 3,
 ( #1090, #3901, #4756, #2107, #2030, #78, #4018, #2880, #845, #3640, #789, #1652, #29, #1601, #3619, #4499 ),
 .UNSPECIFIED., .F., .F.,
 ( 4, 3, 3, 3, 3, 4 ),
 ( 1.025387560846719300E-011, 3.413131053919292100E-005, 6.838679621364509700E-005, 0.0001010405496996957500, 0.0001336621012928189600, 0.0001586730678299180500 ),
 .UNSPECIFIED. ) ;
#5159 = CARTESIAN_POINT ( 'NONE',  ( 2.984869000508068900, 0.06180339887498820200, -0.6999999999999999600 ) ) ;
#5160 = CARTESIAN_POINT ( 'NONE',  ( -2.913221468417620800, 1.916834036921780400, -1.742480489612134600 ) ) ;
#5161 = FACE_OUTER_BOUND ( 'NONE', #3632, .T. ) ;
#5162 = LINE ( 'NONE', #1060, #1989 ) ;
#5163 = ORIENTED_EDGE ( 'NONE', *, *, #1642, .F. ) ;
#5164 = ORIENTED_EDGE ( 'NONE', *, *, #4943, .T. ) ;
#5165 = CARTESIAN_POINT ( 'NONE',  ( -2.335589819772346100, 1.782692105289978700, -2.441813219242484000 ) ) ;
#5166 = EDGE_CURVE ( 'NONE', #4081, #4138, #2006, .T. ) ;
#5167 = CARTESIAN_POINT ( 'NONE',  ( -2.271064451175584000, 1.896881317356592400, -2.436357779578034700 ) ) ;
#5168 = CARTESIAN_POINT ( 'NONE',  ( -2.000000000000000000, 0.2000000000000000100, -0.7000000000000000700 ) ) ;
#5169 = CIRCLE ( 'NONE', #4221, 2.649999999999998600 ) ;
#5170 = VERTEX_POINT ( 'NONE', #3645 ) ;
#5171 = EDGE_LOOP ( 'NONE', ( #2752, #2249, #2281, #482 ) ) ;
#5172 = CARTESIAN_POINT ( 'NONE',  ( 2.863151244734972100, 1.924123180546468200, -1.694846117685706800 ) ) ;
#5173 = CARTESIAN_POINT ( 'NONE',  ( -2.075908249563816400, 1.530000000000000000, 2.011164794201589300 ) ) ;
#5174 = EDGE_CURVE ( 'NONE', #3296, #3858, #746, .T. ) ;
#5175 = CARTESIAN_POINT ( 'NONE',  ( 0.5128201204825547600, 4.800000000000004300, -2.242100694444443900 ) ) ;
#5176 = DIRECTION ( 'NONE',  ( 0.7660444431189792300, 0.0000000000000000000, -0.6427876096865378100 ) ) ;
#5177 = CARTESIAN_POINT ( 'NONE',  ( 2.913369848965735400, 1.936660994072719500, 1.727034296280352200 ) ) ;
#5178 = DIRECTION ( 'NONE',  ( 0.0000000000000000000, 1.000000000000000000, 0.0000000000000000000 ) ) ;
#5179 = ORIENTED_EDGE ( 'NONE', *, *, #345, .F. ) ;
#5180 = EDGE_LOOP ( 'NONE', ( #4006, #3362, #3765, #1623 ) ) ;
#5181 = CARTESIAN_POINT ( 'NONE',  ( 0.0000000000000000000, 1.530000000000000000, 0.0000000000000000000 ) ) ;
#5182 = EDGE_CURVE ( 'NONE', #4869, #4798, #3774, .T. ) ;
#5183 = CARTESIAN_POINT ( 'NONE',  ( 3.000000000000001300, 0.0000000000000000000, -1.650000000000000600 ) ) ;
#5184 = CARTESIAN_POINT ( 'NONE',  ( -2.231814160412024100, 1.930000000000363600, -2.414949328990048500 ) ) ;
#5185 = ADVANCED_FACE ( 'NONE', ( #678 ), #4805, .F. ) ;
#5186 = VERTEX_POINT ( 'NONE', #772 ) ;
#5187 = CARTESIAN_POINT ( 'NONE',  ( 2.867423636778977600, 1.879999990299078300, 1.730212165818714200 ) ) ;
#5188 = FACE_OUTER_BOUND ( 'NONE', #4145, .T. ) ;
#5189 = ORIENTED_EDGE ( 'NONE', *, *, #1555, .T. ) ;
#5190 = CARTESIAN_POINT ( 'NONE',  ( -1.266093033428752800, 15.41086354534016500, -2.550000000000000700 ) ) ;
#5191 = EDGE_CURVE ( 'NONE', #943, #4284, #4028, .T. ) ;
#5192 = LINE ( 'NONE', #307, #3328 ) ;
#5193 = CARTESIAN_POINT ( 'NONE',  ( 2.906780257682583600, 1.958780359463073300, 1.702560427921723000 ) ) ;
#5194 = EDGE_LOOP ( 'NONE', ( #1812, #2921, #4107, #4236, #2716, #3220, #147, #3573, #3174 ) ) ;
#5195 = CARTESIAN_POINT ( 'NONE',  ( 2.078460969082652500, 5.000000000000000000, -0.3000000000000012100 ) ) ;
#5196 = ORIENTED_EDGE ( 'NONE', *, *, #5191, .T. ) ;
#5197 = EDGE_CURVE ( 'NONE', #4231, #3296, #880, .T. ) ;
#5198 = CARTESIAN_POINT ( 'NONE',  ( 2.277159011000101000, 1.880000009701114200, -2.433662154171969800 ) ) ;
#5199 = LINE ( 'NONE', #42, #4793 ) ;
#5200 = CARTESIAN_POINT ( 'NONE',  ( -2.064355435253781400, 1.674522915955187800, -2.024932902160147700 ) ) ;
#5201 = CARTESIAN_POINT ( 'NONE',  ( 2.906947836603966700, 1.879999999999998100, -1.683109058682871600 ) ) ;
#5202 = VECTOR ( 'NONE', #2737, 1000.000000000000000 ) ;
#5203 = ORIENTED_EDGE ( 'NONE', *, *, #1000, .T. ) ;
#5204 = VECTOR ( 'NONE', #159, 1000.000000000000000 ) ;
#5205 = EDGE_CURVE ( 'NONE', #356, #2500, #4619, .T. ) ;
#5206 = CARTESIAN_POINT ( 'NONE',  ( -2.261420457685837000, 1.912147283479140200, 2.434209801124263000 ) ) ;
#5207 = VECTOR ( 'NONE', #714, 1000.000000000000000 ) ;
#5208 = ORIENTED_EDGE ( 'NONE', *, *, #5030, .F. ) ;
#5209 = CARTESIAN_POINT ( 'NONE',  ( 0.1871594614189947000, 15.41086354534016500, 0.07451084703774751800 ) ) ;
#5210 = FACE_OUTER_BOUND ( 'NONE', #89, .T. ) ;
#5211 = CARTESIAN_POINT ( 'NONE',  ( -1.825260516351813000, 0.0000000000000000000, 3.049999999999999800 ) ) ;
#5212 = ORIENTED_EDGE ( 'NONE', *, *, #4352, .T. ) ;
#5213 = ADVANCED_FACE ( 'NONE', ( #1378 ), #315, .T. ) ;
#5214 = AXIS2_PLACEMENT_3D ( 'NONE', #4955, #1732, #937 ) ;
#5215 = DIRECTION ( 'NONE',  ( 1.000000000000000000, -0.0000000000000000000, -0.0000000000000000000 ) ) ;
#5216 = FACE_OUTER_BOUND ( 'NONE', #3329, .T. ) ;
#5217 = VECTOR ( 'NONE', #5006, 1000.000000000000000 ) ;
#5218 = AXIS2_PLACEMENT_3D ( 'NONE', #1394, #3324, #3358 ) ;
#5219 = CARTESIAN_POINT ( 'NONE',  ( -2.859232212978303000, 1.529999999999999100, 1.817760515904653000 ) ) ;
#5220 = PLANE ( 'NONE',  #5151 ) ;
#5221 = ORIENTED_EDGE ( 'NONE', *, *, #1164, .F. ) ;
#5222 = CARTESIAN_POINT ( 'NONE',  ( 2.302462449073379200, 1.979999999999997800, -2.481292882286178600 ) ) ;
#5223 = LINE ( 'NONE', #1929, #2119 ) ;
#5224 = CARTESIAN_POINT ( 'NONE',  ( -2.253846438605227000, 1.920278858396989000, -2.430602398166910500 ) ) ;
#5225 =( BOUNDED_CURVE ( )  B_SPLINE_CURVE ( 3, ( #1291, #1336, #4962, #1740 ),
 .UNSPECIFIED., .F., .F. ) 
 B_SPLINE_CURVE_WITH_KNOTS ( ( 4, 4 ),
 ( 1.570796326794896800, 3.141592653589775800 ),
 .UNSPECIFIED. ) 
 CURVE ( )  GEOMETRIC_REPRESENTATION_ITEM ( )  RATIONAL_B_SPLINE_CURVE ( ( 1.000000000000000000, 0.8047378541243690500, 0.8047378541243690500, 1.000000000000000000 ) ) 
 REPRESENTATION_ITEM ( '' )  );
#5226 = CARTESIAN_POINT ( 'NONE',  ( 2.549999999999999800, 4.800000000000000700, -0.5000000000000015500 ) ) ;
#5227 = ADVANCED_FACE ( 'NONE', ( #2697 ), #1566, .T. ) ;
#5228 = ADVANCED_FACE ( 'NONE', ( #499 ), #103, .F. ) ;
#5229 = AXIS2_PLACEMENT_3D ( 'NONE', #3315, #2900, #847 ) ;
#5230 = DIRECTION ( 'NONE',  ( 1.000000000000000000, 0.0000000000000000000, 0.0000000000000000000 ) ) ;
#5231 = CARTESIAN_POINT ( 'NONE',  ( -2.440348604289665600, 1.583790327172668300, 2.316966561438165600 ) ) ;
#5232 = VECTOR ( 'NONE', #2230, 1000.000000000000200 ) ;
#5233 = ORIENTED_EDGE ( 'NONE', *, *, #3625, .F. ) ;
#5234 = ORIENTED_EDGE ( 'NONE', *, *, #826, .T. ) ;
#5235 = CARTESIAN_POINT ( 'NONE',  ( 3.175080303767100300, -1.439058332749477800E-016, 0.6999999999999999600 ) ) ;
#5236 = ADVANCED_FACE ( 'NONE', ( #3838 ), #2515, .T. ) ;
#5237 = VECTOR ( 'NONE', #4068, 1000.000000000000000 ) ;
#5238 = EDGE_CURVE ( 'NONE', #1572, #3115, #189, .T. ) ;
#5239 = EDGE_LOOP ( 'NONE', ( #175, #2502, #3589, #4596 ) ) ;
#5240 = B_SPLINE_CURVE_WITH_KNOTS ( 'NONE', 3,
 ( #4247, #1803, #1363, #3361 ),
 .UNSPECIFIED., .F., .F.,
 ( 4, 4 ),
 ( 0.8953217436920752900, 1.000000000000000000 ),
 .UNSPECIFIED. ) ;
#5241 = CARTESIAN_POINT ( 'NONE',  ( 2.000000000000000000, 0.0000000000000000000, 0.6999999999999999600 ) ) ;
#5242 = PLANE ( 'NONE',  #2681 ) ;
#5243 = CARTESIAN_POINT ( 'NONE',  ( -2.302462449073379200, 1.917659127564141000, -2.481292882286178600 ) ) ;
#5244 = ORIENTED_EDGE ( 'NONE', *, *, #3470, .T. ) ;
#5245 = EDGE_CURVE ( 'NONE', #5108, #1043, #4681, .T. ) ;
#5246 = PLANE ( 'NONE',  #1912 ) ;
#5247 = ORIENTED_EDGE ( 'NONE', *, *, #4988, .T. ) ;
#5248 = CARTESIAN_POINT ( 'NONE',  ( -2.865156719790234800, 1.921468196360363500, 1.698587407301395800 ) ) ;
#5249 = ORIENTED_EDGE ( 'NONE', *, *, #4752, .T. ) ;
#5250 = DIRECTION ( 'NONE',  ( 0.7660444431189792300, 0.0000000000000000000, -0.6427876096865378100 ) ) ;
#5251 = CARTESIAN_POINT ( 'NONE',  ( -2.559230525366472400, 1.929999999999998200, 1.435163735632962100 ) ) ;
ENDSEC;
END-ISO-10303-21;
