ISO-10303-21;
HEADER;
FILE_DESCRIPTION (( 'STEP AP214' ),
    '1' );
FILE_NAME ('OV-0100-C7.STEP',
    '2022-06-28T19:57:13',
    ( '' ),
    ( '' ),
    'SwSTEP 2.0',
    'SolidWorks 2017',
    '' );
FILE_SCHEMA (( 'AUTOMOTIVE_DESIGN' ));
ENDSEC;

DATA;
#1 = EDGE_CURVE ( 'NONE', #335, #1539, #1256, .T. ) ;
#2 = ORIENTED_EDGE ( 'NONE', *, *, #2315, .T. ) ;
#3 = EDGE_CURVE ( 'NONE', #901, #424, #1945, .T. ) ;
#4 = DIRECTION ( 'NONE',  ( 0.0000000000000000000, 0.0000000000000000000, -1.000000000000000000 ) ) ;
#5 = ORIENTED_EDGE ( 'NONE', *, *, #287, .T. ) ;
#6 = ADVANCED_FACE ( 'NONE', ( #1454 ), #1731, .T. ) ;
#7 = DIRECTION ( 'NONE',  ( 0.7071067811865404700, 0.0000000000000000000, 0.7071067811865546800 ) ) ;
#8 = DIRECTION ( 'NONE',  ( 0.0000000000000000000, -1.000000000000000000, 0.0000000000000000000 ) ) ;
#9 = EDGE_LOOP ( 'NONE', ( #1687, #1620, #1370, #496 ) ) ;
#10 = CARTESIAN_POINT ( 'NONE',  ( -1.599999999999999600, 0.09999999999999993600, 0.6999999999999996200 ) ) ;
#11 = ORIENTED_EDGE ( 'NONE', *, *, #1469, .F. ) ;
#12 = CARTESIAN_POINT ( 'NONE',  ( -1.599999999999999600, -2.934119409414458700, 0.6249999999999992200 ) ) ;
#13 = VERTEX_POINT ( 'NONE', #1077 ) ;
#14 = AXIS2_PLACEMENT_3D ( 'NONE', #1647, #1201, #345 ) ;
#15 = CARTESIAN_POINT ( 'NONE',  ( -1.592906529884324400, 1.020139996052670300, 0.6252014315718400500 ) ) ;
#16 = VECTOR ( 'NONE', #725, 1000.000000000000000 ) ;
#17 = EDGE_LOOP ( 'NONE', ( #2700, #1164, #964, #2231 ) ) ;
#18 = DIRECTION ( 'NONE',  ( 0.0000000000000000000, 1.000000000000000000, 0.0000000000000000000 ) ) ;
#19 =( GEOMETRIC_REPRESENTATION_CONTEXT ( 3 ) GLOBAL_UNCERTAINTY_ASSIGNED_CONTEXT ( ( #2205 ) ) GLOBAL_UNIT_ASSIGNED_CONTEXT ( ( #1593, #2266, #269 ) ) REPRESENTATION_CONTEXT ( 'NONE', 'WORKASPACE' ) );
#20 = VECTOR ( 'NONE', #2685, 1000.000000000000000 ) ;
#21 = EDGE_LOOP ( 'NONE', ( #511, #1753, #2649, #2732, #931, #2111, #2044, #785 ) ) ;
#22 = ADVANCED_FACE ( 'NONE', ( #1972 ), #1533, .F. ) ;
#23 = ORIENTED_EDGE ( 'NONE', *, *, #775, .T. ) ;
#24 = EDGE_CURVE ( 'NONE', #1613, #1995, #799, .T. ) ;
#25 = DIRECTION ( 'NONE',  ( -1.861946874931309400E-016, 0.0000000000000000000, 1.000000000000000000 ) ) ;
#26 = FACE_OUTER_BOUND ( 'NONE', #614, .T. ) ;
#27 = PRESENTATION_STYLE_ASSIGNMENT (( #395 ) ) ;
#28 = DIRECTION ( 'NONE',  ( 1.000000000000000000, 0.0000000000000000000, -0.0000000000000000000 ) ) ;
#29 = VECTOR ( 'NONE', #1328, 1000.000000000000100 ) ;
#30 = VECTOR ( 'NONE', #355, 1000.000000000000100 ) ;
#31 = LINE ( 'NONE', #167, #2107 ) ;
#32 = EDGE_CURVE ( 'NONE', #1917, #1409, #1356, .T. ) ;
#33 = VECTOR ( 'NONE', #2782, 1000.000000000000000 ) ;
#34 = ORIENTED_EDGE ( 'NONE', *, *, #1063, .F. ) ;
#35 = CARTESIAN_POINT ( 'NONE',  ( 1.592906529884323000, 1.084202172485504400E-016, 0.6252014315718400500 ) ) ;
#36 = ORIENTED_EDGE ( 'NONE', *, *, #2624, .F. ) ;
#37 = AXIS2_PLACEMENT_3D ( 'NONE', #643, #2369, #177 ) ;
#38 = CARTESIAN_POINT ( 'NONE',  ( 1.600000000000000100, 1.000000000000000400, 0.6249999999999992200 ) ) ;
#39 = CARTESIAN_POINT ( 'NONE',  ( -1.550000000000001600, 1.020139996052670500, -0.5822949016875161900 ) ) ;
#40 = ORIENTED_EDGE ( 'NONE', *, *, #1079, .F. ) ;
#41 = EDGE_CURVE ( 'NONE', #2401, #1976, #485, .T. ) ;
#42 = ORIENTED_EDGE ( 'NONE', *, *, #2216, .F. ) ;
#43 = ORIENTED_EDGE ( 'NONE', *, *, #2532, .F. ) ;
#44 = FILL_AREA_STYLE_COLOUR ( '', #216 ) ;
#45 = VERTEX_POINT ( 'NONE', #887 ) ;
#46 = LINE ( 'NONE', #2703, #162 ) ;
#47 = EDGE_LOOP ( 'NONE', ( #1102, #583, #1885, #2032 ) ) ;
#48 = STYLED_ITEM ( 'NONE', ( #1619 ), #1427 ) ;
#49 = ORIENTED_EDGE ( 'NONE', *, *, #1231, .F. ) ;
#50 = DIRECTION ( 'NONE',  ( 0.7071067811865431300, 5.551115123125783900E-017, -0.7071067811865520100 ) ) ;
#51 = DIRECTION ( 'NONE',  ( 0.0000000000000000000, -1.000000000000000000, 0.0000000000000000000 ) ) ;
#52 = VECTOR ( 'NONE', #1445, 1000.000000000000000 ) ;
#53 = ORIENTED_EDGE ( 'NONE', *, *, #32, .T. ) ;
#54 = DIRECTION ( 'NONE',  ( -1.000000000000000000, -0.0000000000000000000, 0.0000000000000000000 ) ) ;
#55 = DIRECTION ( 'NONE',  ( 1.000000000000000000, 0.0000000000000000000, 0.0000000000000000000 ) ) ;
#56 = DIRECTION ( 'NONE',  ( 1.000000000000000000, 0.0000000000000000000, 0.0000000000000000000 ) ) ;
#57 = VERTEX_POINT ( 'NONE', #2621 ) ;
#58 = EDGE_CURVE ( 'NONE', #327, #956, #2854, .T. ) ;
#59 = CIRCLE ( 'NONE', #2454, 0.1249999999999998900 ) ;
#60 = VECTOR ( 'NONE', #1545, 1000.000000000000000 ) ;
#61 = COLOUR_RGB ( '',0.2509803921568627400, 0.2509803921568627400, 0.2509803921568627400 ) ;
#62 = DIRECTION ( 'NONE',  ( 1.239088197126291300E-015, -0.0000000000000000000, 1.000000000000000000 ) ) ;
#63 = CIRCLE ( 'NONE', #1361, 0.1249999999999998900 ) ;
#64 = CARTESIAN_POINT ( 'NONE',  ( -1.432294901687515900, 0.1000000000000002600, -0.7000000000000002900 ) ) ;
#65 = VECTOR ( 'NONE', #2598, 1000.000000000000000 ) ;
#66 = VERTEX_POINT ( 'NONE', #1283 ) ;
#67 = ORIENTED_EDGE ( 'NONE', *, *, #1330, .F. ) ;
#68 = ORIENTED_EDGE ( 'NONE', *, *, #2145, .T. ) ;
#69 = CARTESIAN_POINT ( 'NONE',  ( -1.349999999999999400, 0.6000000000000000900, 0.4999999999999991700 ) ) ;
#70 = PLANE ( 'NONE',  #886 ) ;
#71 = ORIENTED_EDGE ( 'NONE', *, *, #1149, .F. ) ;
#72 = EDGE_CURVE ( 'NONE', #1605, #147, #1869, .T. ) ;
#73 = ORIENTED_EDGE ( 'NONE', *, *, #2680, .T. ) ;
#74 = VERTEX_POINT ( 'NONE', #1362 ) ;
#75 = DIRECTION ( 'NONE',  ( -0.0000000000000000000, -0.0000000000000000000, 1.000000000000000000 ) ) ;
#76 = EDGE_CURVE ( 'NONE', #2320, #1397, #2396, .T. ) ;
#77 = ORIENTED_EDGE ( 'NONE', *, *, #1826, .T. ) ;
#78 = DIRECTION ( 'NONE',  ( 1.000000000000000000, 0.0000000000000000000, -0.0000000000000000000 ) ) ;
#79 = DIRECTION ( 'NONE',  ( -0.7071067811865492400, -1.540743955509788700E-032, -0.7071067811865458000 ) ) ;
#80 = VECTOR ( 'NONE', #742, 1000.000000000000000 ) ;
#81 = ORIENTED_EDGE ( 'NONE', *, *, #1219, .T. ) ;
#82 = CARTESIAN_POINT ( 'NONE',  ( 1.432294901687516400, 2.168404344971008900E-016, -0.7000000000000002900 ) ) ;
#83 = ORIENTED_EDGE ( 'NONE', *, *, #607, .T. ) ;
#84 = EDGE_CURVE ( 'NONE', #1715, #872, #1804, .T. ) ;
#85 = AXIS2_PLACEMENT_3D ( 'NONE', #2086, #1404, #1854 ) ;
#86 = MANIFOLD_SOLID_BREP ( 'Housing 1', #568 ) ;
#87 = DIRECTION ( 'NONE',  ( 1.000000000000000000, -0.0000000000000000000, -5.585840624793929400E-016 ) ) ;
#88 = ORIENTED_EDGE ( 'NONE', *, *, #1578, .T. ) ;
#89 = PLANE ( 'NONE',  #2378 ) ;
#90 = DIRECTION ( 'NONE',  ( -0.0000000000000000000, 1.000000000000000000, -0.0000000000000000000 ) ) ;
#91 = DIRECTION ( 'NONE',  ( -1.239088197126291700E-015, 4.930380657631323800E-032, -1.000000000000000000 ) ) ;
#92 = CARTESIAN_POINT ( 'NONE',  ( 1.600000000000000100, 1.000000000000000400, -0.6249999999999998900 ) ) ;
#93 = PRESENTATION_STYLE_ASSIGNMENT (( #1512 ) ) ;
#94 = EDGE_CURVE ( 'NONE', #13, #983, #1702, .T. ) ;
#95 = EDGE_CURVE ( 'NONE', #1502, #1082, #385, .T. ) ;
#96 = LINE ( 'NONE', #597, #2391 ) ;
#97 = VECTOR ( 'NONE', #2506, 1000.000000000000000 ) ;
#98 = LINE ( 'NONE', #1708, #2317 ) ;
#99 = DIRECTION ( 'NONE',  ( -0.0000000000000000000, -1.000000000000000000, -0.0000000000000000000 ) ) ;
#100 = VECTOR ( 'NONE', #794, 1000.000000000000100 ) ;
#101 = EDGE_CURVE ( 'NONE', #537, #112, #1215, .T. ) ;
#102 = VERTEX_POINT ( 'NONE', #1797 ) ;
#103 = LINE ( 'NONE', #422, #2720 ) ;
#104 = CARTESIAN_POINT ( 'NONE',  ( -1.250000000000000000, 1.000000000000000200, 0.4999999999999991700 ) ) ;
#105 = CARTESIAN_POINT ( 'NONE',  ( 1.600000000000000100, 2.168404344971008900E-016, 0.7499999999999993300 ) ) ;
#106 = CARTESIAN_POINT ( 'NONE',  ( 1.474999999999999900, 5.421010862427522200E-017, 0.7499999999999993300 ) ) ;
#107 = ORIENTED_EDGE ( 'NONE', *, *, #2785, .F. ) ;
#108 = ORIENTED_EDGE ( 'NONE', *, *, #2466, .F. ) ;
#109 = AXIS2_PLACEMENT_3D ( 'NONE', #69, #2051, #2259 ) ;
#110 = DIRECTION ( 'NONE',  ( -0.0000000000000000000, -0.0000000000000000000, 1.000000000000000000 ) ) ;
#111 = CARTESIAN_POINT ( 'NONE',  ( -1.592906529884324400, 1.000000000000000400, -0.6252014315718407200 ) ) ;
#112 = VERTEX_POINT ( 'NONE', #2707 ) ;
#113 = EDGE_CURVE ( 'NONE', #2524, #1084, #2392, .T. ) ;
#114 = VERTEX_POINT ( 'NONE', #2673 ) ;
#115 = CIRCLE ( 'NONE', #1193, 0.1249999999999998900 ) ;
#116 = ORIENTED_EDGE ( 'NONE', *, *, #2862, .T. ) ;
#117 = DIRECTION ( 'NONE',  ( 0.0000000000000000000, 1.000000000000000000, 0.0000000000000000000 ) ) ;
#118 = DIRECTION ( 'NONE',  ( -1.000000000000000000, -0.0000000000000000000, 0.0000000000000000000 ) ) ;
#119 =( NAMED_UNIT ( * ) SI_UNIT ( $, .STERADIAN. ) SOLID_ANGLE_UNIT ( ) );
#120 = ORIENTED_EDGE ( 'NONE', *, *, #1165, .T. ) ;
#121 = CARTESIAN_POINT ( 'NONE',  ( -1.550000000000001600, 0.1000000000000001600, 0.5822949016875156300 ) ) ;
#122 = PLANE ( 'NONE',  #1040 ) ;
#123 = DIRECTION ( 'NONE',  ( -1.000000000000000000, 0.0000000000000000000, 0.0000000000000000000 ) ) ;
#124 = VECTOR ( 'NONE', #363, 1000.000000000000100 ) ;
#125 = EDGE_CURVE ( 'NONE', #293, #1582, #1058, .T. ) ;
#126 = ORIENTED_EDGE ( 'NONE', *, *, #480, .T. ) ;
#127 = CARTESIAN_POINT ( 'NONE',  ( -1.550000000000001600, 0.09999999999999982500, -0.5822949016875161900 ) ) ;
#128 = AXIS2_PLACEMENT_3D ( 'NONE', #2792, #323, #2117 ) ;
#129 = AXIS2_PLACEMENT_3D ( 'NONE', #2131, #169, #123 ) ;
#130 = COLOUR_RGB ( '',1.000000000000000000, 0.8117647058823529400, 0.5019607843137254800 ) ;
#131 = CARTESIAN_POINT ( 'NONE',  ( 1.600000000000000100, 1.000000000000000400, 0.7499999999999993300 ) ) ;
#132 = VECTOR ( 'NONE', #1067, 1000.000000000000000 ) ;
#133 = CARTESIAN_POINT ( 'NONE',  ( 1.432294901687516400, 2.168404344971008900E-016, -0.7000000000000002900 ) ) ;
#134 = LINE ( 'NONE', #743, #840 ) ;
#135 = EDGE_CURVE ( 'NONE', #2203, #2443, #417, .T. ) ;
#136 = ORIENTED_EDGE ( 'NONE', *, *, #2805, .T. ) ;
#137 = DIRECTION ( 'NONE',  ( -0.0000000000000000000, 1.000000000000000000, -0.0000000000000000000 ) ) ;
#138 = LINE ( 'NONE', #2331, #922 ) ;
#139 = EDGE_LOOP ( 'NONE', ( #737, #1953, #1691, #907 ) ) ;
#140 = ORIENTED_EDGE ( 'NONE', *, *, #1398, .F. ) ;
#141 = DIRECTION ( 'NONE',  ( 0.0000000000000000000, 1.000000000000000000, 0.0000000000000000000 ) ) ;
#142 = CARTESIAN_POINT ( 'NONE',  ( 1.600000000000000100, 2.168404344971008900E-016, 0.7499999999999993300 ) ) ;
#143 = PLANE ( 'NONE',  #448 ) ;
#144 = CARTESIAN_POINT ( 'NONE',  ( -1.432294901687515900, 1.020139996052670500, -0.7000000000000002900 ) ) ;
#145 = VERTEX_POINT ( 'NONE', #479 ) ;
#146 = CARTESIAN_POINT ( 'NONE',  ( 1.550000000000000500, 0.1000000000000002600, 0.7499999999999993300 ) ) ;
#147 = VERTEX_POINT ( 'NONE', #695 ) ;
#148 = DIRECTION ( 'NONE',  ( 0.0000000000000000000, 1.000000000000000000, 0.0000000000000000000 ) ) ;
#149 = AXIS2_PLACEMENT_3D ( 'NONE', #2074, #2084, #1874 ) ;
#150 = ORIENTED_EDGE ( 'NONE', *, *, #2368, .T. ) ;
#151 = CARTESIAN_POINT ( 'NONE',  ( 1.550000000000000500, 0.1000000000000002600, -0.1999999999999998700 ) ) ;
#152 = EDGE_CURVE ( 'NONE', #2741, #2082, #2178, .T. ) ;
#153 = APPLICATION_CONTEXT ( 'automotive_design' ) ;
#154 = EDGE_LOOP ( 'NONE', ( #2547, #2596, #1347, #2459 ) ) ;
#155 = DIRECTION ( 'NONE',  ( -1.000000000000000000, -0.0000000000000000000, 0.0000000000000000000 ) ) ;
#156 = DIRECTION ( 'NONE',  ( 1.000000000000000000, 0.0000000000000000000, 0.0000000000000000000 ) ) ;
#157 = DIRECTION ( 'NONE',  ( -0.7071067811865449100, 0.0000000000000000000, 0.7071067811865502400 ) ) ;
#158 = ORIENTED_EDGE ( 'NONE', *, *, #985, .F. ) ;
#159 = EDGE_CURVE ( 'NONE', #1082, #2448, #2821, .T. ) ;
#160 = EDGE_CURVE ( 'NONE', #327, #2448, #1417, .T. ) ;
#161 = CARTESIAN_POINT ( 'NONE',  ( 1.475201431571840700, 0.1000000000000001000, -0.7429065298843248200 ) ) ;
#162 = VECTOR ( 'NONE', #764, 1000.000000000000000 ) ;
#163 = ORIENTED_EDGE ( 'NONE', *, *, #1300, .T. ) ;
#164 = ORIENTED_EDGE ( 'NONE', *, *, #1402, .F. ) ;
#165 = CARTESIAN_POINT ( 'NONE',  ( -0.8499999999999989800, 1.020139996052670500, -0.7000000000000002900 ) ) ;
#166 =( NAMED_UNIT ( * ) PLANE_ANGLE_UNIT ( ) SI_UNIT ( $, .RADIAN. ) );
#167 = CARTESIAN_POINT ( 'NONE',  ( 1.592906529884323000, 1.020139996052670500, -0.6252014315718407200 ) ) ;
#168 = EDGE_LOOP ( 'NONE', ( #1204, #1175, #1430, #2767 ) ) ;
#169 = DIRECTION ( 'NONE',  ( 0.0000000000000000000, -1.000000000000000000, 0.0000000000000000000 ) ) ;
#170 = AXIS2_PLACEMENT_3D ( 'NONE', #1692, #2619, #172 ) ;
#171 = FACE_OUTER_BOUND ( 'NONE', #1603, .T. ) ;
#172 = DIRECTION ( 'NONE',  ( 0.0000000000000000000, 0.0000000000000000000, -1.000000000000000000 ) ) ;
#173 = LINE ( 'NONE', #512, #1863 ) ;
#174 = VECTOR ( 'NONE', #1584, 1000.000000000000100 ) ;
#175 = AXIS2_PLACEMENT_3D ( 'NONE', #384, #2354, #610 ) ;
#176 = AXIS2_PLACEMENT_3D ( 'NONE', #2281, #51, #525 ) ;
#177 = DIRECTION ( 'NONE',  ( 1.000000000000000000, 0.0000000000000000000, 0.0000000000000000000 ) ) ;
#178 = AXIS2_PLACEMENT_3D ( 'NONE', #2372, #1964, #638 ) ;
#179 = ADVANCED_FACE ( 'NONE', ( #1735 ), #2238, .T. ) ;
#180 = LINE ( 'NONE', #1190, #2069 ) ;
#181 = ORIENTED_EDGE ( 'NONE', *, *, #1052, .T. ) ;
#182 = FACE_OUTER_BOUND ( 'NONE', #2716, .T. ) ;
#183 = VECTOR ( 'NONE', #2350, 1000.000000000000000 ) ;
#184 = EDGE_LOOP ( 'NONE', ( #1420, #685, #1936, #1548 ) ) ;
#185 = DIRECTION ( 'NONE',  ( 0.0000000000000000000, -1.000000000000000000, 0.0000000000000000000 ) ) ;
#186 = DIRECTION ( 'NONE',  ( -5.585840624793929400E-016, 2.465190328815661900E-032, -1.000000000000000000 ) ) ;
#187 = VERTEX_POINT ( 'NONE', #238 ) ;
#188 = DIRECTION ( 'NONE',  ( 1.000000000000000000, 0.0000000000000000000, 0.0000000000000000000 ) ) ;
#189 = UNCERTAINTY_MEASURE_WITH_UNIT (LENGTH_MEASURE( 1.000000000000000100E-005 ), #488, 'distance_accuracy_value', 'NONE');
#190 = EDGE_CURVE ( 'NONE', #1587, #66, #242, .T. ) ;
#191 = ORIENTED_EDGE ( 'NONE', *, *, #663, .F. ) ;
#192 = CARTESIAN_POINT ( 'NONE',  ( -1.432294901687515900, 1.020139996052670500, -0.7000000000000002900 ) ) ;
#193 = DIRECTION ( 'NONE',  ( 0.0000000000000000000, 0.0000000000000000000, -1.000000000000000000 ) ) ;
#194 = ORIENTED_EDGE ( 'NONE', *, *, #2119, .T. ) ;
#195 = AXIS2_PLACEMENT_3D ( 'NONE', #1205, #2773, #1606 ) ;
#196 = ORIENTED_EDGE ( 'NONE', *, *, #1826, .F. ) ;
#197 = EDGE_CURVE ( 'NONE', #1115, #2017, #2148, .T. ) ;
#198 = FACE_OUTER_BOUND ( 'NONE', #2756, .T. ) ;
#199 = VERTEX_POINT ( 'NONE', #2211 ) ;
#200 = CYLINDRICAL_SURFACE ( 'NONE', #2136, 0.1249999999999998900 ) ;
#201 = ORIENTED_EDGE ( 'NONE', *, *, #1924, .T. ) ;
#202 = DIRECTION ( 'NONE',  ( 0.0000000000000000000, 0.0000000000000000000, -1.000000000000000000 ) ) ;
#203 = ORIENTED_EDGE ( 'NONE', *, *, #1510, .T. ) ;
#204 = ADVANCED_FACE ( 'NONE', ( #1151 ), #2699, .F. ) ;
#205 = ORIENTED_EDGE ( 'NONE', *, *, #3, .F. ) ;
#206 = LINE ( 'NONE', #1263, #2314 ) ;
#207 = DIRECTION ( 'NONE',  ( 1.000000000000000000, 0.0000000000000000000, -0.0000000000000000000 ) ) ;
#208 = DIRECTION ( 'NONE',  ( 0.0000000000000000000, -1.000000000000000000, 0.0000000000000000000 ) ) ;
#209 = LINE ( 'NONE', #2349, #132 ) ;
#210 = EDGE_CURVE ( 'NONE', #1307, #829, #914, .T. ) ;
#211 = AXIS2_PLACEMENT_3D ( 'NONE', #2556, #2345, #1035 ) ;
#212 = LINE ( 'NONE', #1519, #2613 ) ;
#213 = FILL_AREA_STYLE_COLOUR ( '', #303 ) ;
#214 = VECTOR ( 'NONE', #2687, 1000.000000000000000 ) ;
#215 = DIRECTION ( 'NONE',  ( 1.000000000000000000, 0.0000000000000000000, 1.861946874931309900E-016 ) ) ;
#216 = COLOUR_RGB ( '',0.2509803921568627400, 0.2509803921568627400, 0.2509803921568627400 ) ;
#217 = FACE_OUTER_BOUND ( 'NONE', #47, .T. ) ;
#218 = ORIENTED_EDGE ( 'NONE', *, *, #239, .T. ) ;
#219 = DIRECTION ( 'NONE',  ( -1.000000000000000000, 0.0000000000000000000, 0.0000000000000000000 ) ) ;
#220 = DIRECTION ( 'NONE',  ( -0.0000000000000000000, -1.000000000000000000, -0.0000000000000000000 ) ) ;
#221 = ADVANCED_FACE ( 'NONE', ( #1354 ), #938, .T. ) ;
#222 = VERTEX_POINT ( 'NONE', #2034 ) ;
#223 = ORIENTED_EDGE ( 'NONE', *, *, #1871, .T. ) ;
#224 = ORIENTED_EDGE ( 'NONE', *, *, #687, .F. ) ;
#225 = DIRECTION ( 'NONE',  ( -0.0000000000000000000, -1.000000000000000000, -0.0000000000000000000 ) ) ;
#226 = CARTESIAN_POINT ( 'NONE',  ( -1.592906529884324400, 0.1000000000000000500, 0.6252014315718400500 ) ) ;
#227 = VERTEX_POINT ( 'NONE', #2480 ) ;
#228 = CARTESIAN_POINT ( 'NONE',  ( 1.600000000000000100, 2.168404344971008900E-016, 0.1999999999999994300 ) ) ;
#229 = ORIENTED_EDGE ( 'NONE', *, *, #1470, .F. ) ;
#230 = ORIENTED_EDGE ( 'NONE', *, *, #587, .F. ) ;
#231 = ADVANCED_FACE ( 'NONE', ( #2245 ), #2055, .T. ) ;
#232 = EDGE_CURVE ( 'NONE', #2605, #537, #1940, .T. ) ;
#233 = CARTESIAN_POINT ( 'NONE',  ( 1.432294901687516400, 2.168404344971008900E-016, -0.7000000000000002900 ) ) ;
#234 = ORIENTED_EDGE ( 'NONE', *, *, #287, .F. ) ;
#235 = CARTESIAN_POINT ( 'NONE',  ( 1.600000000000000100, 1.000000000000000400, -0.6249999999999998900 ) ) ;
#236 = PLANE ( 'NONE',  #1618 ) ;
#237 = ORIENTED_EDGE ( 'NONE', *, *, #775, .F. ) ;
#238 = CARTESIAN_POINT ( 'NONE',  ( 1.432294901687516400, 0.1000000000000002600, 0.6999999999999996200 ) ) ;
#239 = EDGE_CURVE ( 'NONE', #2222, #1905, #1560, .T. ) ;
#240 = LINE ( 'NONE', #1497, #1213 ) ;
#241 = FACE_OUTER_BOUND ( 'NONE', #1842, .T. ) ;
#242 = LINE ( 'NONE', #1543, #2067 ) ;
#243 = CYLINDRICAL_SURFACE ( 'NONE', #2027, 0.1249999999999996800 ) ;
#244 = COLOUR_RGB ( '',1.000000000000000000, 0.8117647058823529400, 0.5019607843137254800 ) ;
#245 = VERTEX_POINT ( 'NONE', #2499 ) ;
#246 = VECTOR ( 'NONE', #1517, 1000.000000000000100 ) ;
#247 = ADVANCED_FACE ( 'NONE', ( #1562 ), #70, .T. ) ;
#248 = DIRECTION ( 'NONE',  ( -0.7071067811865546800, 0.0000000000000000000, 0.7071067811865404700 ) ) ;
#249 = VECTOR ( 'NONE', #825, 1000.000000000000000 ) ;
#250 = DIRECTION ( 'NONE',  ( 0.7071067811865404700, 0.0000000000000000000, 0.7071067811865545700 ) ) ;
#251 = ORIENTED_EDGE ( 'NONE', *, *, #2016, .T. ) ;
#252 = EDGE_CURVE ( 'NONE', #245, #1921, #553, .T. ) ;
#253 = AXIS2_PLACEMENT_3D ( 'NONE', #1128, #903, #1340 ) ;
#254 = AXIS2_PLACEMENT_3D ( 'NONE', #882, #666, #413 ) ;
#255 = DIRECTION ( 'NONE',  ( -0.0000000000000000000, 1.000000000000000000, -0.0000000000000000000 ) ) ;
#256 = VERTEX_POINT ( 'NONE', #285 ) ;
#257 = CARTESIAN_POINT ( 'NONE',  ( 1.432294901687516400, 0.1000000000000002600, -0.7000000000000002900 ) ) ;
#258 = ORIENTED_EDGE ( 'NONE', *, *, #712, .F. ) ;
#259 = EDGE_LOOP ( 'NONE', ( #36, #867, #196, #2804, #107, #2121, #2208, #969, #2332, #1303, #2057, #1093, #1965, #533, #1113, #455, #1859, #2517, #2045, #2010, #1784, #1816, #330, #1284, #2273, #83, #296, #739, #2198, #1440, #347, #1579, #2416, #1339, #1779, #1843, #606 ) ) ;
#260 = VERTEX_POINT ( 'NONE', #2491 ) ;
#261 = DIRECTION ( 'NONE',  ( 1.000000000000000000, 0.0000000000000000000, 1.861946874931309400E-016 ) ) ;
#262 = LINE ( 'NONE', #1377, #1439 ) ;
#263 = ORIENTED_EDGE ( 'NONE', *, *, #1165, .F. ) ;
#264 = DIRECTION ( 'NONE',  ( -4.646580739223589000E-016, -2.465190328815661900E-032, -1.000000000000000000 ) ) ;
#265 = CARTESIAN_POINT ( 'NONE',  ( -1.349999999999999400, 1.000000000000000200, 0.4999999999999991700 ) ) ;
#266 = EDGE_CURVE ( 'NONE', #1923, #145, #481, .T. ) ;
#267 = AXIS2_PLACEMENT_3D ( 'NONE', #1685, #1482, #1899 ) ;
#268 = LINE ( 'NONE', #2258, #1648 ) ;
#269 =( NAMED_UNIT ( * ) SI_UNIT ( $, .STERADIAN. ) SOLID_ANGLE_UNIT ( ) );
#270 = ORIENTED_EDGE ( 'NONE', *, *, #2420, .T. ) ;
#271 = LINE ( 'NONE', #1452, #52 ) ;
#272 = EDGE_LOOP ( 'NONE', ( #1504, #791, #543, #803 ) ) ;
#273 = CARTESIAN_POINT ( 'NONE',  ( -6.505213034913026600E-016, 1.084202172485504400E-016, 0.1999999999999994300 ) ) ;
#274 = CARTESIAN_POINT ( 'NONE',  ( 1.600000000000000100, 0.6000000000000003100, -0.7500000000000000000 ) ) ;
#275 = DIRECTION ( 'NONE',  ( 1.000000000000000000, 0.0000000000000000000, 1.861946874931309100E-016 ) ) ;
#276 = FACE_OUTER_BOUND ( 'NONE', #655, .T. ) ;
#277 = VECTOR ( 'NONE', #297, 1000.000000000000100 ) ;
#278 = VERTEX_POINT ( 'NONE', #2043 ) ;
#279 = VECTOR ( 'NONE', #2158, 1000.000000000000000 ) ;
#280 = LINE ( 'NONE', #2841, #183 ) ;
#281 = VERTEX_POINT ( 'NONE', #1173 ) ;
#282 = DIRECTION ( 'NONE',  ( 0.0000000000000000000, 1.000000000000000000, 0.0000000000000000000 ) ) ;
#283 = AXIS2_PLACEMENT_3D ( 'NONE', #786, #1666, #1887 ) ;
#284 = AXIS2_PLACEMENT_3D ( 'NONE', #1181, #1622, #1815 ) ;
#285 = CARTESIAN_POINT ( 'NONE',  ( -0.8500000000000007500, 5.421010862427522200E-017, 0.6999999999999996200 ) ) ;
#286 = ORIENTED_EDGE ( 'NONE', *, *, #1231, .T. ) ;
#287 = EDGE_CURVE ( 'NONE', #1605, #1521, #2686, .T. ) ;
#288 = ORIENTED_EDGE ( 'NONE', *, *, #367, .F. ) ;
#289 = CARTESIAN_POINT ( 'NONE',  ( 1.475201431571840700, 0.0000000000000000000, -0.7429065298843248200 ) ) ;
#290 = EDGE_LOOP ( 'NONE', ( #1954, #1909, #2509, #1460, #1275, #1106, #73 ) ) ;
#291 = EDGE_CURVE ( 'NONE', #1312, #1587, #759, .T. ) ;
#292 = DIRECTION ( 'NONE',  ( 1.000000000000000000, 0.0000000000000000000, 0.0000000000000000000 ) ) ;
#293 = VERTEX_POINT ( 'NONE', #515 ) ;
#294 = EDGE_LOOP ( 'NONE', ( #1234, #1879, #2713, #2185 ) ) ;
#295 = AXIS2_PLACEMENT_3D ( 'NONE', #754, #282, #1393 ) ;
#296 = ORIENTED_EDGE ( 'NONE', *, *, #3, .T. ) ;
#297 = DIRECTION ( 'NONE',  ( 0.7071067811865509000, 0.0000000000000000000, 0.7071067811865441300 ) ) ;
#298 = ORIENTED_EDGE ( 'NONE', *, *, #2384, .T. ) ;
#299 = DIRECTION ( 'NONE',  ( 0.0000000000000000000, 1.000000000000000000, 0.0000000000000000000 ) ) ;
#300 = VERTEX_POINT ( 'NONE', #2749 ) ;
#301 = EDGE_CURVE ( 'NONE', #1652, #2048, #1659, .T. ) ;
#302 = EDGE_CURVE ( 'NONE', #2257, #1587, #306, .T. ) ;
#303 = COLOUR_RGB ( '',1.000000000000000000, 1.000000000000000000, 1.000000000000000000 ) ;
#304 = CYLINDRICAL_SURFACE ( 'NONE', #176, 0.1249999999999998900 ) ;
#305 = CARTESIAN_POINT ( 'NONE',  ( 1.550000000000000500, 0.1000000000000002600, -0.5822949016875161900 ) ) ;
#306 = LINE ( 'NONE', #722, #2851 ) ;
#307 = DIRECTION ( 'NONE',  ( 1.000000000000000000, 1.944692274331606800E-062, -1.239088197126291700E-015 ) ) ;
#308 = LINE ( 'NONE', #1481, #917 ) ;
#309 = CARTESIAN_POINT ( 'NONE',  ( -0.8500000000000007500, 1.626303258728256700E-016, 0.3500000000000002600 ) ) ;
#310 = STYLED_ITEM ( 'NONE', ( #1223 ), #86 ) ;
#311 = ORIENTED_EDGE ( 'NONE', *, *, #528, .T. ) ;
#312 = VECTOR ( 'NONE', #1876, 1000.000000000000000 ) ;
#313 = VECTOR ( 'NONE', #498, 1000.000000000000000 ) ;
#314 = DIRECTION ( 'NONE',  ( 0.0000000000000000000, 1.000000000000000000, 0.0000000000000000000 ) ) ;
#315 = ORIENTED_EDGE ( 'NONE', *, *, #72, .F. ) ;
#316 = CARTESIAN_POINT ( 'NONE',  ( 1.475201431571840700, 1.000000000000000200, 0.7429065298843258200 ) ) ;
#317 = AXIS2_PLACEMENT_3D ( 'NONE', #579, #2831, #2154 ) ;
#318 = EDGE_LOOP ( 'NONE', ( #1680, #1608 ) ) ;
#319 = PLANE ( 'NONE',  #1820 ) ;
#320 = DIRECTION ( 'NONE',  ( -0.7071067811865386900, 0.0000000000000000000, -0.7071067811865564500 ) ) ;
#321 = CARTESIAN_POINT ( 'NONE',  ( 1.550000000000000500, 1.626303258728256700E-016, 0.5822949016875156300 ) ) ;
#322 = AXIS2_PLACEMENT_3D ( 'NONE', #1365, #697, #2213 ) ;
#323 = DIRECTION ( 'NONE',  ( 0.7071067811865465700, 0.0000000000000000000, -0.7071067811865484600 ) ) ;
#324 = ORIENTED_EDGE ( 'NONE', *, *, #1627, .T. ) ;
#325 = ORIENTED_EDGE ( 'NONE', *, *, #266, .T. ) ;
#326 = DIRECTION ( 'NONE',  ( 0.0000000000000000000, 1.000000000000000000, 0.0000000000000000000 ) ) ;
#327 = VERTEX_POINT ( 'NONE', #971 ) ;
#328 = DIRECTION ( 'NONE',  ( 0.0000000000000000000, -1.000000000000000000, 0.0000000000000000000 ) ) ;
#329 = DIRECTION ( 'NONE',  ( -1.000000000000000000, -0.0000000000000000000, -4.646580739223589000E-016 ) ) ;
#330 = ORIENTED_EDGE ( 'NONE', *, *, #1297, .F. ) ;
#331 = CARTESIAN_POINT ( 'NONE',  ( 1.600000000000000100, 0.1000000000000002600, 0.7499999999999993300 ) ) ;
#332 = CARTESIAN_POINT ( 'NONE',  ( -1.592906529884324400, 2.168404344971008900E-016, 0.6252014315718400500 ) ) ;
#333 = VECTOR ( 'NONE', #75, 1000.000000000000000 ) ;
#334 = SURFACE_STYLE_USAGE ( .BOTH. , #1884 ) ;
#335 = VERTEX_POINT ( 'NONE', #332 ) ;
#336 = CARTESIAN_POINT ( 'NONE',  ( 1.600000000000000100, 2.168404344971008900E-016, -0.6249999999999998900 ) ) ;
#337 = ORIENTED_EDGE ( 'NONE', *, *, #2688, .F. ) ;
#338 = ORIENTED_EDGE ( 'NONE', *, *, #534, .T. ) ;
#339 = PLANE ( 'NONE',  #1235 ) ;
#340 = CARTESIAN_POINT ( 'NONE',  ( 1.592906529884323000, 0.1000000000000001600, -0.6252014315718407200 ) ) ;
#341 = CARTESIAN_POINT ( 'NONE',  ( -1.592906529884324400, 0.1000000000000001600, 0.6252014315718400500 ) ) ;
#342 = DIRECTION ( 'NONE',  ( -0.0000000000000000000, -1.000000000000000000, -0.0000000000000000000 ) ) ;
#343 = EDGE_CURVE ( 'NONE', #2408, #1630, #2467, .T. ) ;
#344 = FACE_OUTER_BOUND ( 'NONE', #2311, .T. ) ;
#345 = DIRECTION ( 'NONE',  ( 0.0000000000000000000, 0.0000000000000000000, -1.000000000000000000 ) ) ;
#346 = LINE ( 'NONE', #273, #60 ) ;
#347 = ORIENTED_EDGE ( 'NONE', *, *, #1383, .F. ) ;
#348 = VECTOR ( 'NONE', #1992, 1000.000000000000000 ) ;
#349 = DIRECTION ( 'NONE',  ( -0.0000000000000000000, -1.000000000000000000, -0.0000000000000000000 ) ) ;
#350 = CIRCLE ( 'NONE', #149, 0.1249999999999998900 ) ;
#351 = DIRECTION ( 'NONE',  ( 0.0000000000000000000, 1.000000000000000000, 0.0000000000000000000 ) ) ;
#352 = EDGE_LOOP ( 'NONE', ( #857, #1295, #1484, #745, #1391, #1544, #574 ) ) ;
#353 = FILL_AREA_STYLE ('',( #1459 ) ) ;
#354 = CARTESIAN_POINT ( 'NONE',  ( -0.8500000000000007500, 0.1000000000000001000, 0.3500000000000002600 ) ) ;
#355 = DIRECTION ( 'NONE',  ( -0.7071067811865393600, -0.0000000000000000000, -0.7071067811865555700 ) ) ;
#356 = CARTESIAN_POINT ( 'NONE',  ( 1.600000000000000100, 2.168404344971008900E-016, -0.7000000000000002900 ) ) ;
#357 = AXIS2_PLACEMENT_3D ( 'NONE', #1111, #2681, #1119 ) ;
#358 = VERTEX_POINT ( 'NONE', #758 ) ;
#359 = ORIENTED_EDGE ( 'NONE', *, *, #548, .F. ) ;
#360 = CARTESIAN_POINT ( 'NONE',  ( 1.592906529884323000, 1.084202172485504400E-016, -0.6252014315718407200 ) ) ;
#361 = EDGE_CURVE ( 'NONE', #1337, #1167, #2005, .T. ) ;
#362 = CARTESIAN_POINT ( 'NONE',  ( 0.0000000000000000000, 0.0000000000000000000, 0.0000000000000000000 ) ) ;
#363 = DIRECTION ( 'NONE',  ( 0.7071067811865431300, -0.0000000000000000000, -0.7071067811865519000 ) ) ;
#364 = CARTESIAN_POINT ( 'NONE',  ( -0.8500000000000007500, 1.020139996052670500, -0.1999999999999998700 ) ) ;
#365 = EDGE_LOOP ( 'NONE', ( #2166, #740, #1573, #570 ) ) ;
#366 = UNCERTAINTY_MEASURE_WITH_UNIT (LENGTH_MEASURE( 1.000000000000000100E-005 ), #1996, 'distance_accuracy_value', 'NONE');
#367 = EDGE_CURVE ( 'NONE', #1144, #1313, #1492, .T. ) ;
#368 = CARTESIAN_POINT ( 'NONE',  ( 1.475201431571840700, 0.1000000000000001000, -0.7429065298843248200 ) ) ;
#369 = CLOSED_SHELL ( 'NONE', ( #673, #1770, #2859, #1314, #1074, #2476, #231, #2705, #398 ) ) ;
#370 = EDGE_LOOP ( 'NONE', ( #1962, #1566, #11, #150, #1726, #393, #2725, #2561 ) ) ;
#371 = CARTESIAN_POINT ( 'NONE',  ( 1.600000000000000100, 1.000000000000000400, 6.505213034913026600E-016 ) ) ;
#372 = LINE ( 'NONE', #2834, #2668 ) ;
#373 = VERTEX_POINT ( 'NONE', #1868 ) ;
#374 = CARTESIAN_POINT ( 'NONE',  ( -1.432294901687515900, 0.1000000000000000500, 0.6999999999999996200 ) ) ;
#375 = DIRECTION ( 'NONE',  ( 0.0000000000000000000, 1.000000000000000000, 0.0000000000000000000 ) ) ;
#376 = VECTOR ( 'NONE', #2566, 1000.000000000000000 ) ;
#377 = ORIENTED_EDGE ( 'NONE', *, *, #1300, .F. ) ;
#378 = FACE_OUTER_BOUND ( 'NONE', #1531, .T. ) ;
#379 = AXIS2_PLACEMENT_3D ( 'NONE', #2294, #982, #2526 ) ;
#380 = PRESENTATION_LAYER_ASSIGNMENT (  '', '', ( #1132 ) ) ;
#381 = DIRECTION ( 'NONE',  ( -0.0000000000000000000, -0.0000000000000000000, 1.000000000000000000 ) ) ;
#382 = LINE ( 'NONE', #1075, #551 ) ;
#383 = CARTESIAN_POINT ( 'NONE',  ( -6.505213034913026600E-016, 1.000000000000000200, -0.7500000000000000000 ) ) ;
#384 = CARTESIAN_POINT ( 'NONE',  ( -1.599999999999999600, 0.1000000000000000500, -0.7500000000000000000 ) ) ;
#385 = LINE ( 'NONE', #930, #2781 ) ;
#386 = LINE ( 'NONE', #529, #2036 ) ;
#387 = CARTESIAN_POINT ( 'NONE',  ( 0.8500000000000012000, 1.084202172485504400E-016, 0.6999999999999996200 ) ) ;
#388 = VECTOR ( 'NONE', #397, 1000.000000000000000 ) ;
#389 = DIRECTION ( 'NONE',  ( 0.0000000000000000000, -1.000000000000000000, 0.0000000000000000000 ) ) ;
#390 = VECTOR ( 'NONE', #2098, 1000.000000000000100 ) ;
#391 = CIRCLE ( 'NONE', #401, 0.1249999999999998900 ) ;
#392 = EDGE_CURVE ( 'NONE', #2419, #145, #2691, .T. ) ;
#393 = ORIENTED_EDGE ( 'NONE', *, *, #991, .F. ) ;
#394 = PLANE ( 'NONE',  #741 ) ;
#395 = SURFACE_STYLE_USAGE ( .BOTH. , #1928 ) ;
#396 = CARTESIAN_POINT ( 'NONE',  ( 1.600000000000000100, 1.020139996052670700, -0.7500000000000000000 ) ) ;
#397 = DIRECTION ( 'NONE',  ( 0.0000000000000000000, -1.000000000000000000, 0.0000000000000000000 ) ) ;
#398 = ADVANCED_FACE ( 'NONE', ( #2622 ), #1446, .T. ) ;
#399 = ORIENTED_EDGE ( 'NONE', *, *, #1860, .T. ) ;
#400 = DIRECTION ( 'NONE',  ( 0.0000000000000000000, 1.000000000000000000, 0.0000000000000000000 ) ) ;
#401 = AXIS2_PLACEMENT_3D ( 'NONE', #1441, #328, #1206 ) ;
#402 = ORIENTED_EDGE ( 'NONE', *, *, #2420, .F. ) ;
#403 = DIRECTION ( 'NONE',  ( 1.971276677246376700E-016, 0.0000000000000000000, -1.000000000000000000 ) ) ;
#404 = EDGE_CURVE ( 'NONE', #45, #983, #1122, .T. ) ;
#405 = ORIENTED_EDGE ( 'NONE', *, *, #582, .T. ) ;
#406 = VERTEX_POINT ( 'NONE', #106 ) ;
#407 = DIRECTION ( 'NONE',  ( 1.000000000000000000, -0.0000000000000000000, -0.0000000000000000000 ) ) ;
#408 = VECTOR ( 'NONE', #141, 1000.000000000000000 ) ;
#409 = AXIS2_PLACEMENT_3D ( 'NONE', #2129, #811, #156 ) ;
#410 = ORIENTED_EDGE ( 'NONE', *, *, #210, .F. ) ;
#411 = EDGE_LOOP ( 'NONE', ( #790, #258, #2734, #377, #337, #2169, #2620, #547 ) ) ;
#412 = AXIS2_PLACEMENT_3D ( 'NONE', #426, #651, #215 ) ;
#413 = DIRECTION ( 'NONE',  ( -1.000000000000000000, 0.0000000000000000000, -1.971276677246376900E-016 ) ) ;
#414 = EDGE_LOOP ( 'NONE', ( #1110, #2365, #1676, #777 ) ) ;
#415 = AXIS2_PLACEMENT_3D ( 'NONE', #1993, #657, #1931 ) ;
#416 = CARTESIAN_POINT ( 'NONE',  ( 0.8499999999999994200, 0.1000000000000001000, 0.7499999999999993300 ) ) ;
#417 = LINE ( 'NONE', #2475, #628 ) ;
#418 = AXIS2_PLACEMENT_3D ( 'NONE', #151, #1908, #807 ) ;
#419 = LINE ( 'NONE', #1218, #1489 ) ;
#420 = EDGE_LOOP ( 'NONE', ( #1171, #822, #42, #958 ) ) ;
#421 = VECTOR ( 'NONE', #1211, 1000.000000000000000 ) ;
#422 = CARTESIAN_POINT ( 'NONE',  ( -1.599999999999999600, 0.6000000000000003100, 0.7499999999999993300 ) ) ;
#423 = EDGE_CURVE ( 'NONE', #1271, #2071, #1864, .T. ) ;
#424 = VERTEX_POINT ( 'NONE', #575 ) ;
#425 = ADVANCED_FACE ( 'NONE', ( #2533 ), #122, .F. ) ;
#426 = CARTESIAN_POINT ( 'NONE',  ( 1.432294901687516400, 0.1000000000000002600, 0.6999999999999996200 ) ) ;
#427 = VERTEX_POINT ( 'NONE', #2328 ) ;
#428 = CARTESIAN_POINT ( 'NONE',  ( -1.599999999999999600, 1.000000000000000200, -0.6249999999999998900 ) ) ;
#429 = EDGE_CURVE ( 'NONE', #898, #2302, #1357, .T. ) ;
#430 = CARTESIAN_POINT ( 'NONE',  ( 1.550000000000000500, 1.626303258728256700E-016, 6.505213034913026600E-016 ) ) ;
#431 = ORIENTED_EDGE ( 'NONE', *, *, #2436, .F. ) ;
#432 = VERTEX_POINT ( 'NONE', #2777 ) ;
#433 = ORIENTED_EDGE ( 'NONE', *, *, #1727, .F. ) ;
#434 = ADVANCED_FACE ( 'NONE', ( #182 ), #1198, .F. ) ;
#435 = EDGE_CURVE ( 'NONE', #904, #1650, #728, .T. ) ;
#436 = ORIENTED_EDGE ( 'NONE', *, *, #1873, .T. ) ;
#437 =( GEOMETRIC_REPRESENTATION_CONTEXT ( 3 ) GLOBAL_UNCERTAINTY_ASSIGNED_CONTEXT ( ( #366 ) ) GLOBAL_UNIT_ASSIGNED_CONTEXT ( ( #1996, #468, #2883 ) ) REPRESENTATION_CONTEXT ( 'NONE', 'WORKASPACE' ) );
#438 = DIRECTION ( 'NONE',  ( 0.0000000000000000000, -0.0000000000000000000, -1.000000000000000000 ) ) ;
#439 = VECTOR ( 'NONE', #1530, 1000.000000000000000 ) ;
#440 = VERTEX_POINT ( 'NONE', #309 ) ;
#441 = CARTESIAN_POINT ( 'NONE',  ( -1.432294901687515900, 0.1000000000000000500, -0.7000000000000002900 ) ) ;
#442 = EDGE_CURVE ( 'NONE', #901, #1394, #1870, .T. ) ;
#443 = LINE ( 'NONE', #1264, #752 ) ;
#444 = CARTESIAN_POINT ( 'NONE',  ( -0.8499999999999989800, 0.1000000000000002100, -0.7000000000000002900 ) ) ;
#445 = DIRECTION ( 'NONE',  ( -1.000000000000000000, 0.0000000000000000000, -0.0000000000000000000 ) ) ;
#446 = DIRECTION ( 'NONE',  ( 1.000000000000000000, 0.0000000000000000000, 4.336808689942020200E-016 ) ) ;
#447 = VECTOR ( 'NONE', #1272, 1000.000000000000000 ) ;
#448 = AXIS2_PLACEMENT_3D ( 'NONE', #383, #669, #609 ) ;
#449 = ADVANCED_FACE ( 'NONE', ( #1090 ), #536, .F. ) ;
#450 = LINE ( 'NONE', #639, #2278 ) ;
#451 = CARTESIAN_POINT ( 'NONE',  ( 0.8499999999999994200, 0.1000000000000001000, 0.1999999999999994300 ) ) ;
#452 = DIRECTION ( 'NONE',  ( -0.0000000000000000000, -1.000000000000000000, -0.0000000000000000000 ) ) ;
#453 = CYLINDRICAL_SURFACE ( 'NONE', #1541, 0.1249999999999998900 ) ;
#454 = ORIENTED_EDGE ( 'NONE', *, *, #985, .T. ) ;
#455 = ORIENTED_EDGE ( 'NONE', *, *, #343, .F. ) ;
#456 = CARTESIAN_POINT ( 'NONE',  ( -1.250000000000000000, 0.9000000000000002400, 0.4999999999999991700 ) ) ;
#457 = DIRECTION ( 'NONE',  ( 0.0000000000000000000, -1.000000000000000000, 0.0000000000000000000 ) ) ;
#458 = DIRECTION ( 'NONE',  ( 1.000000000000000000, -0.0000000000000000000, 0.0000000000000000000 ) ) ;
#459 = SURFACE_SIDE_STYLE ('',( #2355 ) ) ;
#460 = ORIENTED_EDGE ( 'NONE', *, *, #1242, .F. ) ;
#461 = DIRECTION ( 'NONE',  ( 0.0000000000000000000, 1.000000000000000000, 0.0000000000000000000 ) ) ;
#462 = ADVANCED_FACE ( 'NONE', ( #2855 ), #2766, .T. ) ;
#463 = VERTEX_POINT ( 'NONE', #354 ) ;
#464 = DIRECTION ( 'NONE',  ( 0.0000000000000000000, 0.0000000000000000000, -1.000000000000000000 ) ) ;
#465 = DIRECTION ( 'NONE',  ( -0.0000000000000000000, 0.0000000000000000000, 1.000000000000000000 ) ) ;
#466 = ORIENTED_EDGE ( 'NONE', *, *, #2402, .T. ) ;
#468 =( NAMED_UNIT ( * ) PLANE_ANGLE_UNIT ( ) SI_UNIT ( $, .RADIAN. ) );
#467 = AXIS2_PLACEMENT_3D ( 'NONE', #557, #2078, #1229 ) ;
#469 = AXIS2_PLACEMENT_3D ( 'NONE', #1399, #586, #1276 ) ;
#470 = VERTEX_POINT ( 'NONE', #2361 ) ;
#471 = LINE ( 'NONE', #2228, #684 ) ;
#472 = ORIENTED_EDGE ( 'NONE', *, *, #266, .F. ) ;
#473 = VECTOR ( 'NONE', #220, 1000.000000000000000 ) ;
#474 = ORIENTED_EDGE ( 'NONE', *, *, #911, .F. ) ;
#475 = CARTESIAN_POINT ( 'NONE',  ( -1.349999999999999400, 0.6000000000000000900, 0.4999999999999991700 ) ) ;
#476 = ADVANCED_FACE ( 'NONE', ( #763 ), #2540, .F. ) ;
#477 = ORIENTED_EDGE ( 'NONE', *, *, #1675, .F. ) ;
#478 = PLANE ( 'NONE',  #562 ) ;
#479 = CARTESIAN_POINT ( 'NONE',  ( 1.550000000000000500, 1.626303258728256700E-016, 0.5822949016875156300 ) ) ;
#480 = EDGE_CURVE ( 'NONE', #2233, #222, #1257, .T. ) ;
#481 = LINE ( 'NONE', #1396, #2717 ) ;
#482 = VECTOR ( 'NONE', #1730, 1000.000000000000000 ) ;
#483 = VECTOR ( 'NONE', #1889, 1000.000000000000000 ) ;
#484 = CARTESIAN_POINT ( 'NONE',  ( -1.599999999999999600, 0.09999999999999993600, 0.1999999999999994300 ) ) ;
#485 = LINE ( 'NONE', #1978, #1739 ) ;
#486 = FACE_OUTER_BOUND ( 'NONE', #2106, .T. ) ;
#487 = AXIS2_PLACEMENT_3D ( 'NONE', #2209, #1065, #2612 ) ;
#488 =( LENGTH_UNIT ( ) NAMED_UNIT ( * ) SI_UNIT ( .MILLI., .METRE. ) );
#489 = LINE ( 'NONE', #545, #559 ) ;
#490 = DIRECTION ( 'NONE',  ( -0.0000000000000000000, -1.000000000000000000, -0.0000000000000000000 ) ) ;
#491 = ORIENTED_EDGE ( 'NONE', *, *, #2832, .F. ) ;
#492 = EDGE_CURVE ( 'NONE', #2091, #2257, #1523, .T. ) ;
#493 = DIRECTION ( 'NONE',  ( 1.000000000000000000, 0.0000000000000000000, -0.0000000000000000000 ) ) ;
#494 = ORIENTED_EDGE ( 'NONE', *, *, #1734, .F. ) ;
#495 = DIRECTION ( 'NONE',  ( -4.646580739223589000E-016, -2.465190328815661900E-032, -1.000000000000000000 ) ) ;
#496 = ORIENTED_EDGE ( 'NONE', *, *, #2262, .T. ) ;
#497 = ORIENTED_EDGE ( 'NONE', *, *, #1518, .F. ) ;
#498 = DIRECTION ( 'NONE',  ( -0.0000000000000000000, -1.000000000000000000, -0.0000000000000000000 ) ) ;
#499 = ORIENTED_EDGE ( 'NONE', *, *, #995, .F. ) ;
#500 = EDGE_CURVE ( 'NONE', #2443, #2626, #31, .T. ) ;
#501 = AXIS2_PLACEMENT_3D ( 'NONE', #2400, #1085, #885 ) ;
#502 = DIRECTION ( 'NONE',  ( -0.0000000000000000000, 0.0000000000000000000, 1.000000000000000000 ) ) ;
#503 = CARTESIAN_POINT ( 'NONE',  ( -0.8499999999999989800, 0.1000000000000002100, 0.6999999999999996200 ) ) ;
#504 = LINE ( 'NONE', #967, #333 ) ;
#505 = ORIENTED_EDGE ( 'NONE', *, *, #2890, .T. ) ;
#506 = CARTESIAN_POINT ( 'NONE',  ( 1.600000000000000100, 1.000000000000000400, 0.6249999999999992200 ) ) ;
#507 = EDGE_CURVE ( 'NONE', #1630, #1078, #2645, .T. ) ;
#508 = ORIENTED_EDGE ( 'NONE', *, *, #2079, .T. ) ;
#509 = PLANE ( 'NONE',  #469 ) ;
#510 = PRODUCT_DEFINITION_CONTEXT ( 'detailed design', #1304, 'design' ) ;
#511 = ORIENTED_EDGE ( 'NONE', *, *, #1639, .F. ) ;
#512 = CARTESIAN_POINT ( 'NONE',  ( -1.550000000000001600, 0.0000000000000000000, 6.505213034913026600E-016 ) ) ;
#513 = AXIS2_PLACEMENT_3D ( 'NONE', #39, #1158, #2736 ) ;
#514 = DIRECTION ( 'NONE',  ( -0.0000000000000000000, -0.0000000000000000000, 1.000000000000000000 ) ) ;
#515 = CARTESIAN_POINT ( 'NONE',  ( 0.8500000000000012000, 1.084202172485504400E-016, 0.6999999999999996200 ) ) ;
#516 = VECTOR ( 'NONE', #823, 1000.000000000000000 ) ;
#517 = AXIS2_PLACEMENT_3D ( 'NONE', #641, #1513, #1522 ) ;
#518 = CARTESIAN_POINT ( 'NONE',  ( 1.600000000000000100, 0.6000000000000002000, -0.7500000000000000000 ) ) ;
#519 = FACE_OUTER_BOUND ( 'NONE', #2661, .T. ) ;
#520 = VECTOR ( 'NONE', #1635, 1000.000000000000000 ) ;
#521 = LINE ( 'NONE', #560, #2783 ) ;
#522 = ADVANCED_FACE ( 'NONE', ( #486 ), #2573, .F. ) ;
#523 = LINE ( 'NONE', #1677, #2825 ) ;
#524 = EDGE_LOOP ( 'NONE', ( #2089, #1789 ) ) ;
#525 = DIRECTION ( 'NONE',  ( -1.000000000000000000, 0.0000000000000000000, 0.0000000000000000000 ) ) ;
#526 =( GEOMETRIC_REPRESENTATION_CONTEXT ( 3 ) GLOBAL_UNCERTAINTY_ASSIGNED_CONTEXT ( ( #2026 ) ) GLOBAL_UNIT_ASSIGNED_CONTEXT ( ( #846, #1451, #119 ) ) REPRESENTATION_CONTEXT ( 'NONE', 'WORKASPACE' ) );
#527 = CARTESIAN_POINT ( 'NONE',  ( 0.8499999999999994200, 0.1000000000000001000, -0.7000000000000002900 ) ) ;
#528 = EDGE_CURVE ( 'NONE', #1921, #2702, #63, .T. ) ;
#529 = CARTESIAN_POINT ( 'NONE',  ( -0.8500000000000007500, 1.020139996052670700, 0.3500000000000002600 ) ) ;
#530 = ORIENTED_EDGE ( 'NONE', *, *, #2595, .T. ) ;
#531 = CARTESIAN_POINT ( 'NONE',  ( -0.8499999999999989800, 1.020139996052670500, 0.6999999999999996200 ) ) ;
#532 = DIRECTION ( 'NONE',  ( -1.000000000000000000, 0.0000000000000000000, 0.0000000000000000000 ) ) ;
#533 = ORIENTED_EDGE ( 'NONE', *, *, #2286, .F. ) ;
#534 = EDGE_CURVE ( 'NONE', #373, #1894, #665, .T. ) ;
#535 = DIRECTION ( 'NONE',  ( 1.000000000000000000, 0.0000000000000000000, 4.336808689942019200E-016 ) ) ;
#536 = PLANE ( 'NONE',  #1465 ) ;
#537 = VERTEX_POINT ( 'NONE', #2816 ) ;
#538 = CARTESIAN_POINT ( 'NONE',  ( -1.599999999999999600, 0.6000000000000000900, 0.7499999999999993300 ) ) ;
#539 = ORIENTED_EDGE ( 'NONE', *, *, #1099, .F. ) ;
#540 = LINE ( 'NONE', #792, #408 ) ;
#541 = EDGE_CURVE ( 'NONE', #2543, #1271, #950, .T. ) ;
#542 = AXIS2_PLACEMENT_3D ( 'NONE', #475, #1803, #704 ) ;
#543 = ORIENTED_EDGE ( 'NONE', *, *, #302, .T. ) ;
#544 = CARTESIAN_POINT ( 'NONE',  ( 1.600000000000000100, 1.000000000000000400, -0.7500000000000000000 ) ) ;
#545 = CARTESIAN_POINT ( 'NONE',  ( 1.550000000000000500, 0.1000000000000002600, 0.1999999999999994300 ) ) ;
#546 = LINE ( 'NONE', #757, #1207 ) ;
#547 = ORIENTED_EDGE ( 'NONE', *, *, #252, .F. ) ;
#548 = EDGE_CURVE ( 'NONE', #2033, #1008, #2183, .T. ) ;
#549 = EDGE_LOOP ( 'NONE', ( #2830, #2029, #637, #402 ) ) ;
#550 = CARTESIAN_POINT ( 'NONE',  ( -1.474999999999999400, 0.0000000000000000000, 0.7499999999999993300 ) ) ;
#551 = VECTOR ( 'NONE', #2607, 1000.000000000000000 ) ;
#552 = DIRECTION ( 'NONE',  ( 0.0000000000000000000, -1.000000000000000000, 0.0000000000000000000 ) ) ;
#553 = LINE ( 'NONE', #1629, #1086 ) ;
#554 = PLANE ( 'NONE',  #944 ) ;
#555 = CIRCLE ( 'NONE', #1100, 0.1250000000000001100 ) ;
#556 = PLANE ( 'NONE',  #1392 ) ;
#557 = CARTESIAN_POINT ( 'NONE',  ( 1.600000000000000100, 1.000000000000000400, 0.7499999999999993300 ) ) ;
#558 = ORIENTED_EDGE ( 'NONE', *, *, #601, .F. ) ;
#559 = VECTOR ( 'NONE', #1846, 1000.000000000000000 ) ;
#560 = CARTESIAN_POINT ( 'NONE',  ( -1.550000000000001600, 0.1000000000000001600, -0.7500000000000000000 ) ) ;
#561 = ORIENTED_EDGE ( 'NONE', *, *, #690, .T. ) ;
#562 = AXIS2_PLACEMENT_3D ( 'NONE', #1130, #264, #705 ) ;
#563 = CARTESIAN_POINT ( 'NONE',  ( -0.8500000000000007500, 1.084202172485504400E-016, 0.3500000000000002600 ) ) ;
#564 = PRODUCT_DEFINITION_FORMATION_WITH_SPECIFIED_SOURCE ( 'ANY', '', #2366, .NOT_KNOWN. ) ;
#565 = SURFACE_SIDE_STYLE ('',( #1050 ) ) ;
#566 = EDGE_LOOP ( 'NONE', ( #223, #218 ) ) ;
#567 = DIRECTION ( 'NONE',  ( 0.0000000000000000000, -1.000000000000000000, 0.0000000000000000000 ) ) ;
#568 = CLOSED_SHELL ( 'NONE', ( #1155, #1520, #584, #1623, #2671, #894, #2583, #476, #1536, #2426, #2654, #1351, #1999 ) ) ;
#569 = DIRECTION ( 'NONE',  ( 1.000000000000000000, 0.0000000000000000000, -0.0000000000000000000 ) ) ;
#570 = ORIENTED_EDGE ( 'NONE', *, *, #2329, .F. ) ;
#571 = DIRECTION ( 'NONE',  ( 1.000000000000000000, 0.0000000000000000000, 0.0000000000000000000 ) ) ;
#572 = DIRECTION ( 'NONE',  ( 1.000000000000000000, 0.0000000000000000000, 1.861946874931309900E-016 ) ) ;
#573 = CARTESIAN_POINT ( 'NONE',  ( 1.600000000000000100, 0.1000000000000002600, 0.7499999999999993300 ) ) ;
#574 = ORIENTED_EDGE ( 'NONE', *, *, #1057, .T. ) ;
#575 = CARTESIAN_POINT ( 'NONE',  ( 1.600000000000000100, 2.168404344971008900E-016, 0.6249999999999992200 ) ) ;
#576 = FACE_OUTER_BOUND ( 'NONE', #1751, .T. ) ;
#577 = DIRECTION ( 'NONE',  ( 0.0000000000000000000, 0.0000000000000000000, -1.000000000000000000 ) ) ;
#578 = CLOSED_SHELL ( 'NONE', ( #1786, #522, #881, #2627, #462, #1970, #1480, #2244, #2848 ) ) ;
#579 = CARTESIAN_POINT ( 'NONE',  ( -1.599999999999999600, 0.6000000000000003100, -0.7500000000000000000 ) ) ;
#580 = LINE ( 'NONE', #1341, #439 ) ;
#581 = CLOSED_SHELL ( 'NONE', ( #1984, #1367, #868, #2204 ) ) ;
#582 = EDGE_CURVE ( 'NONE', #2071, #2257, #633, .T. ) ;
#583 = ORIENTED_EDGE ( 'NONE', *, *, #645, .F. ) ;
#584 = ADVANCED_FACE ( 'NONE', ( #1765 ), #2603, .T. ) ;
#585 = CARTESIAN_POINT ( 'NONE',  ( 1.600000000000000100, 1.000000000000000400, 0.7499999999999993300 ) ) ;
#586 = DIRECTION ( 'NONE',  ( 2.323290369611794500E-016, 1.232595164407830900E-032, 1.000000000000000000 ) ) ;
#587 = EDGE_CURVE ( 'NONE', #281, #1613, #1946, .T. ) ;
#588 = CARTESIAN_POINT ( 'NONE',  ( 1.474999999999999900, 0.5999999999999999800, -0.7500000000000000000 ) ) ;
#589 = VECTOR ( 'NONE', #1334, 1000.000000000000000 ) ;
#590 = PLANE ( 'NONE',  #170 ) ;
#591 = VECTOR ( 'NONE', #2007, 1000.000000000000000 ) ;
#592 = VECTOR ( 'NONE', #1575, 1000.000000000000100 ) ;
#593 = VECTOR ( 'NONE', #773, 1000.000000000000000 ) ;
#594 = VECTOR ( 'NONE', #1049, 1000.000000000000000 ) ;
#595 = CARTESIAN_POINT ( 'NONE',  ( 1.432294901687516400, 1.020139996052670700, 0.6999999999999996200 ) ) ;
#596 = ORIENTED_EDGE ( 'NONE', *, *, #1588, .F. ) ;
#597 = CARTESIAN_POINT ( 'NONE',  ( -1.599999999999999600, -2.934119409414458700, -0.6249999999999998900 ) ) ;
#598 = PLANE ( 'NONE',  #2712 ) ;
#599 = DIRECTION ( 'NONE',  ( -0.0000000000000000000, 1.000000000000000000, -0.0000000000000000000 ) ) ;
#600 = DIRECTION ( 'NONE',  ( -0.7071067811865449100, 0.0000000000000000000, 0.7071067811865502400 ) ) ;
#601 = EDGE_CURVE ( 'NONE', #1490, #2795, #1595, .T. ) ;
#602 = PRESENTATION_LAYER_ASSIGNMENT (  '', '', ( #2891 ) ) ;
#603 = EDGE_LOOP ( 'NONE', ( #2485, #1133, #2429, #2563 ) ) ;
#604 = PLANE ( 'NONE',  #1431 ) ;
#605 = CARTESIAN_POINT ( 'NONE',  ( 1.550000000000000500, 1.020139996052670700, -0.5822949016875161900 ) ) ;
#606 = ORIENTED_EDGE ( 'NONE', *, *, #1778, .T. ) ;
#607 = EDGE_CURVE ( 'NONE', #1917, #901, #2356, .T. ) ;
#608 = DIRECTION ( 'NONE',  ( 1.000000000000000000, 0.0000000000000000000, 0.0000000000000000000 ) ) ;
#609 = DIRECTION ( 'NONE',  ( 1.000000000000000000, 0.0000000000000000000, -0.0000000000000000000 ) ) ;
#610 = DIRECTION ( 'NONE',  ( -1.000000000000000000, 0.0000000000000000000, 0.0000000000000000000 ) ) ;
#611 = ORIENTED_EDGE ( 'NONE', *, *, #1219, .F. ) ;
#612 = PLANE ( 'NONE',  #1160 ) ;
#613 = ORIENTED_EDGE ( 'NONE', *, *, #1578, .F. ) ;
#614 = EDGE_LOOP ( 'NONE', ( #2330, #2519, #288, #826, #2382, #1636, #2729, #230 ) ) ;
#615 =( LENGTH_UNIT ( ) NAMED_UNIT ( * ) SI_UNIT ( .MILLI., .METRE. ) );
#616 = DIRECTION ( 'NONE',  ( 0.0000000000000000000, 1.000000000000000000, 0.0000000000000000000 ) ) ;
#617 = PLANE ( 'NONE',  #418 ) ;
#618 = APPLICATION_PROTOCOL_DEFINITION ( 'draft international standard', 'automotive_design', 1998, #153 ) ;
#619 = LINE ( 'NONE', #2125, #2236 ) ;
#620 = ORIENTED_EDGE ( 'NONE', *, *, #2527, .T. ) ;
#621 = CARTESIAN_POINT ( 'NONE',  ( 1.600000000000000100, -2.934119409414458700, -0.7500000000000000000 ) ) ;
#622 = ORIENTED_EDGE ( 'NONE', *, *, #959, .T. ) ;
#623 = CARTESIAN_POINT ( 'NONE',  ( 1.474999999999999900, 1.000000000000000200, 0.7499999999999993300 ) ) ;
#624 = AXIS2_PLACEMENT_3D ( 'NONE', #1506, #567, #2794 ) ;
#625 = CARTESIAN_POINT ( 'NONE',  ( 1.550000000000000500, 0.1000000000000002600, -0.5822949016875161900 ) ) ;
#626 = LINE ( 'NONE', #2376, #2682 ) ;
#627 = DIRECTION ( 'NONE',  ( -0.0000000000000000000, 1.000000000000000000, -0.0000000000000000000 ) ) ;
#628 = VECTOR ( 'NONE', #909, 1000.000000000000100 ) ;
#629 = LINE ( 'NONE', #456, #1019 ) ;
#630 = ADVANCED_FACE ( 'NONE', ( #2472 ), #1036, .F. ) ;
#631 = PLANE ( 'NONE',  #1983 ) ;
#632 = ORIENTED_EDGE ( 'NONE', *, *, #1693, .T. ) ;
#633 = LINE ( 'NONE', #1950, #2040 ) ;
#634 = VERTEX_POINT ( 'NONE', #1912 ) ;
#635 = CARTESIAN_POINT ( 'NONE',  ( 1.432294901687516400, 1.020139996052670700, 0.6999999999999996200 ) ) ;
#636 = DIRECTION ( 'NONE',  ( 0.7071067811865360300, 0.0000000000000000000, -0.7071067811865591200 ) ) ;
#637 = ORIENTED_EDGE ( 'NONE', *, *, #423, .T. ) ;
#638 = DIRECTION ( 'NONE',  ( -1.000000000000000000, 0.0000000000000000000, -1.861946874931309400E-016 ) ) ;
#639 = CARTESIAN_POINT ( 'NONE',  ( -0.8500000000000007500, 5.421010862427522200E-017, -0.7500000000000000000 ) ) ;
#640 = ORIENTED_EDGE ( 'NONE', *, *, #113, .F. ) ;
#641 = CARTESIAN_POINT ( 'NONE',  ( -0.8499999999999989800, 1.020139996052670500, 0.6999999999999996200 ) ) ;
#642 = ORIENTED_EDGE ( 'NONE', *, *, #24, .T. ) ;
#643 = CARTESIAN_POINT ( 'NONE',  ( -1.349999999999999400, 0.3171572875253810800, 0.4999999999999991700 ) ) ;
#644 = ADVANCED_FACE ( 'NONE', ( #1154 ), #2629, .F. ) ;
#645 = EDGE_CURVE ( 'NONE', #114, #812, #1740, .T. ) ;
#646 = EDGE_LOOP ( 'NONE', ( #2008, #237, #1332, #2664, #1646, #2085, #1268, #263 ) ) ;
#647 = PLANE ( 'NONE',  #254 ) ;
#648 = ORIENTED_EDGE ( 'NONE', *, *, #2867, .F. ) ;
#649 = CARTESIAN_POINT ( 'NONE',  ( -0.8499999999999989800, 1.626303258728256700E-016, -0.7000000000000002900 ) ) ;
#650 = LINE ( 'NONE', #734, #2339 ) ;
#651 = DIRECTION ( 'NONE',  ( -1.861946874931309900E-016, -1.232595164407830900E-032, 1.000000000000000000 ) ) ;
#652 = ORIENTED_EDGE ( 'NONE', *, *, #1242, .T. ) ;
#653 = FACE_OUTER_BOUND ( 'NONE', #1141, .T. ) ;
#654 = PLANE ( 'NONE',  #1062 ) ;
#655 = EDGE_LOOP ( 'NONE', ( #2237, #431, #1643, #1468 ) ) ;
#656 = ORIENTED_EDGE ( 'NONE', *, *, #2862, .F. ) ;
#657 = DIRECTION ( 'NONE',  ( 0.0000000000000000000, 1.000000000000000000, 0.0000000000000000000 ) ) ;
#658 = DIRECTION ( 'NONE',  ( 1.000000000000000000, 0.0000000000000000000, 0.0000000000000000000 ) ) ;
#659 = PRESENTATION_LAYER_ASSIGNMENT (  '', '', ( #1713 ) ) ;
#660 = ADVANCED_FACE ( 'NONE', ( #701 ), #856, .T. ) ;
#661 = CARTESIAN_POINT ( 'NONE',  ( 1.592906529884323000, 0.0000000000000000000, -0.6252014315718407200 ) ) ;
#662 = LINE ( 'NONE', #2359, #447 ) ;
#663 = EDGE_CURVE ( 'NONE', #770, #13, #1663, .T. ) ;
#664 = ORIENTED_EDGE ( 'NONE', *, *, #1149, .T. ) ;
#665 = LINE ( 'NONE', #2143, #279 ) ;
#666 = DIRECTION ( 'NONE',  ( 1.971276677246376900E-016, 0.0000000000000000000, -1.000000000000000000 ) ) ;
#667 = EDGE_CURVE ( 'NONE', #1409, #1466, #1023, .T. ) ;
#668 = LINE ( 'NONE', #1710, #483 ) ;
#669 = DIRECTION ( 'NONE',  ( 0.0000000000000000000, 0.0000000000000000000, 1.000000000000000000 ) ) ;
#670 = ORIENTED_EDGE ( 'NONE', *, *, #2461, .T. ) ;
#671 =( LENGTH_UNIT ( ) NAMED_UNIT ( * ) SI_UNIT ( .MILLI., .METRE. ) );
#672 = DIRECTION ( 'NONE',  ( 0.0000000000000000000, -0.0000000000000000000, -1.000000000000000000 ) ) ;
#673 = ADVANCED_FACE ( 'NONE', ( #1703 ), #1746, .T. ) ;
#674 = EDGE_LOOP ( 'NONE', ( #670, #410, #884, #1379 ) ) ;
#675 = DIRECTION ( 'NONE',  ( -1.000000000000000000, 0.0000000000000000000, 0.0000000000000000000 ) ) ;
#676 = PLANE ( 'NONE',  #2574 ) ;
#677 = ORIENTED_EDGE ( 'NONE', *, *, #1112, .F. ) ;
#678 = CARTESIAN_POINT ( 'NONE',  ( -1.432294901687515900, -4.336808689942017700E-016, 0.6999999999999996200 ) ) ;
#679 = ORIENTED_EDGE ( 'NONE', *, *, #507, .T. ) ;
#680 = STYLED_ITEM ( 'NONE', ( #1832 ), #2771 ) ;
#681 = ORIENTED_EDGE ( 'NONE', *, *, #943, .T. ) ;
#682 = VERTEX_POINT ( 'NONE', #1773 ) ;
#683 = DIRECTION ( 'NONE',  ( 0.0000000000000000000, -1.000000000000000000, 0.0000000000000000000 ) ) ;
#684 = VECTOR ( 'NONE', #918, 1000.000000000000000 ) ;
#685 = ORIENTED_EDGE ( 'NONE', *, *, #1057, .F. ) ;
#686 = ADVANCED_FACE ( 'NONE', ( #1388 ), #647, .F. ) ;
#687 = EDGE_CURVE ( 'NONE', #2875, #963, #103, .T. ) ;
#688 = LINE ( 'NONE', #970, #1856 ) ;
#689 = VERTEX_POINT ( 'NONE', #2850 ) ;
#690 = EDGE_CURVE ( 'NONE', #2456, #1921, #1185, .T. ) ;
#691 = VERTEX_POINT ( 'NONE', #864 ) ;
#692 = CIRCLE ( 'NONE', #1855, 0.1000000000000000500 ) ;
#693 = DIRECTION ( 'NONE',  ( 1.000000000000000000, 0.0000000000000000000, -0.0000000000000000000 ) ) ;
#694 = SURFACE_STYLE_FILL_AREA ( #2473 ) ;
#695 = CARTESIAN_POINT ( 'NONE',  ( -1.550000000000001600, 0.0000000000000000000, 0.1999999999999994300 ) ) ;
#696 = FACE_OUTER_BOUND ( 'NONE', #318, .T. ) ;
#697 = DIRECTION ( 'NONE',  ( -1.000000000000000000, 0.0000000000000000000, -0.0000000000000000000 ) ) ;
#698 = LINE ( 'NONE', #165, #65 ) ;
#699 = EDGE_CURVE ( 'NONE', #1098, #1742, #1224, .T. ) ;
#700 = ORIENTED_EDGE ( 'NONE', *, *, #748, .T. ) ;
#701 = FACE_OUTER_BOUND ( 'NONE', #2833, .T. ) ;
#702 = ADVANCED_FACE ( 'NONE', ( #1973 ), #2187, .F. ) ;
#703 = LINE ( 'NONE', #2824, #2075 ) ;
#704 = DIRECTION ( 'NONE',  ( 1.000000000000000000, 0.0000000000000000000, 0.0000000000000000000 ) ) ;
#705 = DIRECTION ( 'NONE',  ( -1.000000000000000000, 0.0000000000000000000, 4.646580739223589000E-016 ) ) ;
#706 = ORIENTED_EDGE ( 'NONE', *, *, #890, .T. ) ;
#707 = ORIENTED_EDGE ( 'NONE', *, *, #367, .T. ) ;
#708 = AXIS2_PLACEMENT_3D ( 'NONE', #2882, #2210, #2672 ) ;
#709 = CARTESIAN_POINT ( 'NONE',  ( -1.349999999999999400, 1.000000000000000200, 0.4999999999999991700 ) ) ;
#710 = ORIENTED_EDGE ( 'NONE', *, *, #854, .T. ) ;
#711 = DIRECTION ( 'NONE',  ( -0.0000000000000000000, 1.000000000000000000, -0.0000000000000000000 ) ) ;
#712 = EDGE_CURVE ( 'NONE', #1368, #863, #2753, .T. ) ;
#713 = PRODUCT_RELATED_PRODUCT_CATEGORY ( 'part', '', ( #2366 ) ) ;
#714 = ORIENTED_EDGE ( 'NONE', *, *, #1112, .T. ) ;
#715 = FACE_OUTER_BOUND ( 'NONE', #2295, .T. ) ;
#716 = ORIENTED_EDGE ( 'NONE', *, *, #361, .F. ) ;
#717 = ORIENTED_EDGE ( 'NONE', *, *, #1336, .T. ) ;
#718 = CARTESIAN_POINT ( 'NONE',  ( -1.432294901687515900, 0.1000000000000000500, 0.6999999999999996200 ) ) ;
#719 = DIRECTION ( 'NONE',  ( -0.7071067811865545700, 0.0000000000000000000, 0.7071067811865404700 ) ) ;
#720 = ORIENTED_EDGE ( 'NONE', *, *, #2532, .T. ) ;
#721 = CARTESIAN_POINT ( 'NONE',  ( -6.505213034913026600E-016, 1.084202172485504400E-016, -0.1999999999999998700 ) ) ;
#722 = CARTESIAN_POINT ( 'NONE',  ( -1.550000000000001600, 0.1000000000000002600, -0.1999999999999998700 ) ) ;
#723 = VECTOR ( 'NONE', #400, 1000.000000000000000 ) ;
#724 = FACE_OUTER_BOUND ( 'NONE', #674, .T. ) ;
#725 = DIRECTION ( 'NONE',  ( -0.0000000000000000000, -0.0000000000000000000, 1.000000000000000000 ) ) ;
#726 = ORIENTED_EDGE ( 'NONE', *, *, #500, .T. ) ;
#727 = CARTESIAN_POINT ( 'NONE',  ( -1.599999999999999600, 1.084202172485504400E-016, 0.7499999999999993300 ) ) ;
#728 = LINE ( 'NONE', #2758, #421 ) ;
#729 = DIRECTION ( 'NONE',  ( -0.0000000000000000000, -1.000000000000000000, -0.0000000000000000000 ) ) ;
#730 = FACE_OUTER_BOUND ( 'NONE', #1857, .T. ) ;
#731 = DIRECTION ( 'NONE',  ( -1.861946874931309100E-016, 0.0000000000000000000, 1.000000000000000000 ) ) ;
#732 = ORIENTED_EDGE ( 'NONE', *, *, #2785, .T. ) ;
#733 = EDGE_CURVE ( 'NONE', #2502, #2789, #555, .T. ) ;
#734 = CARTESIAN_POINT ( 'NONE',  ( -1.592906529884324400, 2.168404344971008900E-016, 0.6252014315718400500 ) ) ;
#735 = ORIENTED_EDGE ( 'NONE', *, *, #1025, .F. ) ;
#736 = DIRECTION ( 'NONE',  ( -1.000000000000000000, -0.0000000000000000000, 2.323290369611794500E-016 ) ) ;
#737 = ORIENTED_EDGE ( 'NONE', *, *, #2322, .F. ) ;
#738 = EDGE_CURVE ( 'NONE', #2033, #1126, #2179, .T. ) ;
#739 = ORIENTED_EDGE ( 'NONE', *, *, #1469, .T. ) ;
#740 = ORIENTED_EDGE ( 'NONE', *, *, #2650, .F. ) ;
#741 = AXIS2_PLACEMENT_3D ( 'NONE', #2692, #461, #1535 ) ;
#742 = DIRECTION ( 'NONE',  ( -0.0000000000000000000, -1.000000000000000000, -0.0000000000000000000 ) ) ;
#743 = CARTESIAN_POINT ( 'NONE',  ( -0.8500000000000007500, 1.084202172485504400E-016, 0.3500000000000002600 ) ) ;
#744 = DIRECTION ( 'NONE',  ( -1.000000000000000000, -0.0000000000000000000, 0.0000000000000000000 ) ) ;
#745 = ORIENTED_EDGE ( 'NONE', *, *, #645, .T. ) ;
#746 = PLANE ( 'NONE',  #1801 ) ;
#747 = CARTESIAN_POINT ( 'NONE',  ( 1.432294901687516400, 1.020139996052670700, -0.7000000000000002900 ) ) ;
#748 = EDGE_CURVE ( 'NONE', #2875, #373, #2718, .T. ) ;
#749 = LINE ( 'NONE', #952, #16 ) ;
#750 = ORIENTED_EDGE ( 'NONE', *, *, #1698, .T. ) ;
#751 = CARTESIAN_POINT ( 'NONE',  ( -6.505213034913026600E-016, 1.000000000000000200, 0.7499999999999993300 ) ) ;
#752 = VECTOR ( 'NONE', #110, 1000.000000000000000 ) ;
#753 = ORIENTED_EDGE ( 'NONE', *, *, #1738, .F. ) ;
#754 = CARTESIAN_POINT ( 'NONE',  ( 1.600000000000000100, 2.168404344971008900E-016, -0.7500000000000000000 ) ) ;
#755 = CARTESIAN_POINT ( 'NONE',  ( -1.550000000000001600, 1.020139996052670500, 0.5822949016875156300 ) ) ;
#756 = DIRECTION ( 'NONE',  ( -0.0000000000000000000, 1.000000000000000000, -0.0000000000000000000 ) ) ;
#757 = CARTESIAN_POINT ( 'NONE',  ( -1.550000000000001600, 1.020139996052670500, 0.5822949016875156300 ) ) ;
#758 = CARTESIAN_POINT ( 'NONE',  ( -0.8500000000000007500, 1.084202172485504400E-016, -0.1999999999999998700 ) ) ;
#759 = LINE ( 'NONE', #1407, #984 ) ;
#760 = CARTESIAN_POINT ( 'NONE',  ( -1.599999999999999600, -2.934119409414458700, -0.7500000000000000000 ) ) ;
#761 = FACE_OUTER_BOUND ( 'NONE', #939, .T. ) ;
#762 = EDGE_LOOP ( 'NONE', ( #2379, #1329, #1525, #2471, #2594, #2548, #2172 ) ) ;
#763 = FACE_OUTER_BOUND ( 'NONE', #2337, .T. ) ;
#764 = DIRECTION ( 'NONE',  ( 1.000000000000000000, 0.0000000000000000000, -0.0000000000000000000 ) ) ;
#765 = FACE_OUTER_BOUND ( 'NONE', #2344, .T. ) ;
#766 = ORIENTED_EDGE ( 'NONE', *, *, #948, .T. ) ;
#767 = MECHANICAL_DESIGN_GEOMETRIC_PRESENTATION_REPRESENTATION (  '', ( #1132 ), #526 ) ;
#768 = CARTESIAN_POINT ( 'NONE',  ( -1.599999999999999600, 0.6000000000000003100, 0.7499999999999993300 ) ) ;
#769 = ORIENTED_EDGE ( 'NONE', *, *, #2877, .F. ) ;
#770 = VERTEX_POINT ( 'NONE', #1316 ) ;
#771 = CARTESIAN_POINT ( 'NONE',  ( 1.550000000000000500, 0.1000000000000002600, -0.1999999999999998700 ) ) ;
#772 = CARTESIAN_POINT ( 'NONE',  ( 1.550000000000000500, 0.1000000000000002600, -0.1999999999999998700 ) ) ;
#773 = DIRECTION ( 'NONE',  ( -0.0000000000000000000, 1.000000000000000000, -0.0000000000000000000 ) ) ;
#774 = ORIENTED_EDGE ( 'NONE', *, *, #1048, .T. ) ;
#775 = EDGE_CURVE ( 'NONE', #1202, #335, #2689, .T. ) ;
#776 = CARTESIAN_POINT ( 'NONE',  ( 1.600000000000000100, 0.6000000000000003100, 0.7499999999999993300 ) ) ;
#777 = ORIENTED_EDGE ( 'NONE', *, *, #1297, .T. ) ;
#778 = FACE_OUTER_BOUND ( 'NONE', #1232, .T. ) ;
#779 = AXIS2_PLACEMENT_3D ( 'NONE', #1681, #1896, #571 ) ;
#780 = ORIENTED_EDGE ( 'NONE', *, *, #2388, .F. ) ;
#781 = CARTESIAN_POINT ( 'NONE',  ( 1.550000000000000500, 1.626303258728256700E-016, 0.1999999999999994300 ) ) ;
#782 = ADVANCED_FACE ( 'NONE', ( #1736 ), #1550, .F. ) ;
#783 = DIRECTION ( 'NONE',  ( 0.0000000000000000000, 1.000000000000000000, 0.0000000000000000000 ) ) ;
#784 = FACE_OUTER_BOUND ( 'NONE', #365, .T. ) ;
#785 = ORIENTED_EDGE ( 'NONE', *, *, #1199, .F. ) ;
#786 = CARTESIAN_POINT ( 'NONE',  ( 0.8499999999999994200, 0.1000000000000001000, 0.1999999999999994300 ) ) ;
#787 = EDGE_CURVE ( 'NONE', #816, #327, #1124, .T. ) ;
#788 = CARTESIAN_POINT ( 'NONE',  ( -1.450000000000000600, 1.000000000000000400, 0.4999999999999991700 ) ) ;
#789 = CYLINDRICAL_SURFACE ( 'NONE', #866, 0.1000000000000000500 ) ;
#790 = ORIENTED_EDGE ( 'NONE', *, *, #1778, .F. ) ;
#791 = ORIENTED_EDGE ( 'NONE', *, *, #492, .T. ) ;
#792 = CARTESIAN_POINT ( 'NONE',  ( 1.550000000000000500, 0.1000000000000002100, 0.5822949016875156300 ) ) ;
#793 = CARTESIAN_POINT ( 'NONE',  ( -1.550000000000001600, 0.1000000000000001600, -0.1999999999999998700 ) ) ;
#794 = DIRECTION ( 'NONE',  ( -0.7071067811865484600, 0.0000000000000000000, -0.7071067811865465700 ) ) ;
#795 = DIRECTION ( 'NONE',  ( 0.0000000000000000000, -1.000000000000000000, 0.0000000000000000000 ) ) ;
#796 = CARTESIAN_POINT ( 'NONE',  ( -1.550000000000001600, 0.0000000000000000000, 0.5822949016875156300 ) ) ;
#797 = LINE ( 'NONE', #503, #2501 ) ;
#798 = DIRECTION ( 'NONE',  ( 0.0000000000000000000, 1.000000000000000000, 0.0000000000000000000 ) ) ;
#799 = LINE ( 'NONE', #2182, #2181 ) ;
#800 = CARTESIAN_POINT ( 'NONE',  ( 1.475201431571840700, 0.1000000000000001000, 0.7429065298843258200 ) ) ;
#801 = VECTOR ( 'NONE', #744, 1000.000000000000000 ) ;
#802 = CARTESIAN_POINT ( 'NONE',  ( 1.474999999999999900, 1.000000000000000200, -0.7500000000000000000 ) ) ;
#803 = ORIENTED_EDGE ( 'NONE', *, *, #291, .F. ) ;
#804 = AXIS2_PLACEMENT_3D ( 'NONE', #2535, #535, #2765 ) ;
#805 = CARTESIAN_POINT ( 'NONE',  ( 1.475201431571840700, 0.0000000000000000000, 0.7429065298843258200 ) ) ;
#806 = DIRECTION ( 'NONE',  ( 1.000000000000000000, 0.0000000000000000000, 0.0000000000000000000 ) ) ;
#807 = DIRECTION ( 'NONE',  ( 1.000000000000000000, 0.0000000000000000000, 4.646580739223589000E-016 ) ) ;
#808 = PLANE ( 'NONE',  #267 ) ;
#809 = DIRECTION ( 'NONE',  ( -0.0000000000000000000, -1.000000000000000000, -0.0000000000000000000 ) ) ;
#810 = AXIS2_PLACEMENT_3D ( 'NONE', #2423, #445, #1306 ) ;
#811 = DIRECTION ( 'NONE',  ( 0.0000000000000000000, 1.000000000000000000, 0.0000000000000000000 ) ) ;
#812 = VERTEX_POINT ( 'NONE', #1561 ) ;
#813 = CARTESIAN_POINT ( 'NONE',  ( 1.474999999999999900, -2.934119409414458700, -0.7500000000000000000 ) ) ;
#814 = EDGE_CURVE ( 'NONE', #2227, #2222, #629, .T. ) ;
#815 = ORIENTED_EDGE ( 'NONE', *, *, #101, .F. ) ;
#816 = VERTEX_POINT ( 'NONE', #82 ) ;
#817 = ADVANCED_FACE ( 'NONE', ( #276 ), #243, .F. ) ;
#818 =( LENGTH_UNIT ( ) NAMED_UNIT ( * ) SI_UNIT ( .MILLI., .METRE. ) );
#819 = ORIENTED_EDGE ( 'NONE', *, *, #1194, .F. ) ;
#820 = CARTESIAN_POINT ( 'NONE',  ( -1.000000000000001600, 0.1000000000000001600, 0.1999999999999994300 ) ) ;
#821 = DIRECTION ( 'NONE',  ( 0.0000000000000000000, 1.000000000000000000, 0.0000000000000000000 ) ) ;
#822 = ORIENTED_EDGE ( 'NONE', *, *, #1727, .T. ) ;
#823 = DIRECTION ( 'NONE',  ( 1.000000000000000000, -0.0000000000000000000, -0.0000000000000000000 ) ) ;
#824 = FACE_OUTER_BOUND ( 'NONE', #1719, .T. ) ;
#825 = DIRECTION ( 'NONE',  ( 0.0000000000000000000, -1.000000000000000000, 0.0000000000000000000 ) ) ;
#826 = ORIENTED_EDGE ( 'NONE', *, *, #2267, .F. ) ;
#827 = AXIS2_PLACEMENT_3D ( 'NONE', #142, #1938, #2156 ) ;
#828 = VECTOR ( 'NONE', #54, 1000.000000000000000 ) ;
#829 = VERTEX_POINT ( 'NONE', #233 ) ;
#830 = DIRECTION ( 'NONE',  ( 0.7071067811865607800, 0.0000000000000000000, -0.7071067811865342500 ) ) ;
#831 = PLANE ( 'NONE',  #2554 ) ;
#832 = CARTESIAN_POINT ( 'NONE',  ( 1.600000000000000100, 0.6000000000000003100, 0.7499999999999993300 ) ) ;
#833 = LINE ( 'NONE', #1563, #972 ) ;
#834 = CARTESIAN_POINT ( 'NONE',  ( 1.600000000000000100, -2.934119409414458700, 0.6249999999999992200 ) ) ;
#835 = DIRECTION ( 'NONE',  ( -4.336808689942019200E-016, -0.0000000000000000000, 1.000000000000000000 ) ) ;
#836 = EDGE_CURVE ( 'NONE', #293, #1490, #2534, .T. ) ;
#837 = CARTESIAN_POINT ( 'NONE',  ( -0.8500000000000007500, 0.1000000000000001000, -0.1999999999999998700 ) ) ;
#838 = ADVANCED_FACE ( 'NONE', ( #2006 ), #2778, .T. ) ;
#839 = CARTESIAN_POINT ( 'NONE',  ( 1.550000000000000500, 0.1000000000000002600, -0.1999999999999998700 ) ) ;
#840 = VECTOR ( 'NONE', #2291, 1000.000000000000100 ) ;
#841 = VECTOR ( 'NONE', #1137, 1000.000000000000000 ) ;
#842 = LINE ( 'NONE', #2160, #2393 ) ;
#843 = FILL_AREA_STYLE_COLOUR ( '', #2488 ) ;
#844 = FACE_OUTER_BOUND ( 'NONE', #414, .T. ) ;
#845 = ORIENTED_EDGE ( 'NONE', *, *, #1667, .T. ) ;
#846 =( LENGTH_UNIT ( ) NAMED_UNIT ( * ) SI_UNIT ( .MILLI., .METRE. ) );
#847 = VECTOR ( 'NONE', #798, 1000.000000000000000 ) ;
#848 = EDGE_CURVE ( 'NONE', #1307, #936, #977, .T. ) ;
#849 = VECTOR ( 'NONE', #2214, 1000.000000000000100 ) ;
#850 = MECHANICAL_DESIGN_GEOMETRIC_PRESENTATION_REPRESENTATION (  '', ( #2891 ), #2697 ) ;
#851 =( NAMED_UNIT ( * ) PLANE_ANGLE_UNIT ( ) SI_UNIT ( $, .RADIAN. ) );
#852 = ADVANCED_FACE ( 'NONE', ( #1488 ), #1447, .T. ) ;
#853 = VERTEX_POINT ( 'NONE', #1429 ) ;
#854 = EDGE_CURVE ( 'NONE', #1313, #470, #2616, .T. ) ;
#855 = EDGE_CURVE ( 'NONE', #2502, #2099, #915, .T. ) ;
#856 = PLANE ( 'NONE',  #810 ) ;
#857 = ORIENTED_EDGE ( 'NONE', *, *, #1061, .T. ) ;
#858 = DIRECTION ( 'NONE',  ( -0.7071067811865509000, 5.551115123125782100E-017, -0.7071067811865441300 ) ) ;
#859 = CARTESIAN_POINT ( 'NONE',  ( 1.600000000000000100, 2.168404344971008900E-016, 6.505213034913026600E-016 ) ) ;
#860 = ORIENTED_EDGE ( 'NONE', *, *, #41, .T. ) ;
#861 = VERTEX_POINT ( 'NONE', #1891 ) ;
#862 = FACE_OUTER_BOUND ( 'NONE', #1780, .T. ) ;
#863 = VERTEX_POINT ( 'NONE', #550 ) ;
#864 = CARTESIAN_POINT ( 'NONE',  ( -1.475201431571840200, 0.1000000000000001600, 0.7429065298843241500 ) ) ;
#865 = VECTOR ( 'NONE', #1782, 1000.000000000000000 ) ;
#866 = AXIS2_PLACEMENT_3D ( 'NONE', #961, #2748, #292 ) ;
#867 = ORIENTED_EDGE ( 'NONE', *, *, #738, .F. ) ;
#868 = ADVANCED_FACE ( 'NONE', ( #696 ), #2090, .T. ) ;
#869 = CARTESIAN_POINT ( 'NONE',  ( -1.474999999999999400, 0.0000000000000000000, -0.7500000000000000000 ) ) ;
#870 = VERTEX_POINT ( 'NONE', #2318 ) ;
#871 =( GEOMETRIC_REPRESENTATION_CONTEXT ( 3 ) GLOBAL_UNCERTAINTY_ASSIGNED_CONTEXT ( ( #1476 ) ) GLOBAL_UNIT_ASSIGNED_CONTEXT ( ( #1333, #2565, #1898 ) ) REPRESENTATION_CONTEXT ( 'NONE', 'WORKASPACE' ) );
#872 = VERTEX_POINT ( 'NONE', #2759 ) ;
#873 = CARTESIAN_POINT ( 'NONE',  ( -1.474999999999999400, 1.000000000000000200, -0.7500000000000000000 ) ) ;
#874 = VECTOR ( 'NONE', #1456, 1000.000000000000000 ) ;
#875 = VECTOR ( 'NONE', #1027, 1000.000000000000000 ) ;
#876 = SURFACE_SIDE_STYLE ('',( #2750 ) ) ;
#877 = LINE ( 'NONE', #2460, #2250 ) ;
#878 = LINE ( 'NONE', #1237, #33 ) ;
#879 = EDGE_LOOP ( 'NONE', ( #860, #753, #819, #433, #1196, #1913, #2159 ) ) ;
#880 = CARTESIAN_POINT ( 'NONE',  ( -6.505213034913026600E-016, 1.084202172485504400E-016, 6.505213034913026600E-016 ) ) ;
#881 = ADVANCED_FACE ( 'NONE', ( #1941 ), #2080, .T. ) ;
#882 = CARTESIAN_POINT ( 'NONE',  ( -1.550000000000001600, 0.1000000000000001600, 0.1999999999999994300 ) ) ;
#883 = CARTESIAN_POINT ( 'NONE',  ( -0.8500000000000007500, 0.1000000000000001000, -0.1999999999999998700 ) ) ;
#884 = ORIENTED_EDGE ( 'NONE', *, *, #848, .T. ) ;
#885 = DIRECTION ( 'NONE',  ( 1.000000000000000000, 0.0000000000000000000, -0.0000000000000000000 ) ) ;
#887 = CARTESIAN_POINT ( 'NONE',  ( -1.592906529884324400, 1.084202172485504400E-016, -0.6252014315718407200 ) ) ;
#886 = AXIS2_PLACEMENT_3D ( 'NONE', #1831, #731, #275 ) ;
#888 = ORIENTED_EDGE ( 'NONE', *, *, #2805, .F. ) ;
#889 = CARTESIAN_POINT ( 'NONE',  ( -0.8499999999999989800, 0.1000000000000002100, -0.7000000000000002900 ) ) ;
#890 = EDGE_CURVE ( 'NONE', #1474, #13, #521, .T. ) ;
#891 = ORIENTED_EDGE ( 'NONE', *, *, #1540, .T. ) ;
#892 = DIRECTION ( 'NONE',  ( -0.0000000000000000000, 1.000000000000000000, -0.0000000000000000000 ) ) ;
#893 = ORIENTED_EDGE ( 'NONE', *, *, #1007, .T. ) ;
#894 = ADVANCED_FACE ( 'NONE', ( #344 ), #453, .F. ) ;
#895 = CARTESIAN_POINT ( 'NONE',  ( -0.8500000000000007500, 0.1000000000000002100, 0.3500000000000002600 ) ) ;
#896 = CARTESIAN_POINT ( 'NONE',  ( -1.550000000000001600, 1.020139996052670500, 0.1999999999999994300 ) ) ;
#897 = EDGE_CURVE ( 'NONE', #440, #463, #1292, .T. ) ;
#898 = VERTEX_POINT ( 'NONE', #2549 ) ;
#899 = FACE_OUTER_BOUND ( 'NONE', #1597, .T. ) ;
#900 = CARTESIAN_POINT ( 'NONE',  ( 1.474999999999999900, 1.000000000000000200, -0.7500000000000000000 ) ) ;
#901 = VERTEX_POINT ( 'NONE', #336 ) ;
#902 = EDGE_CURVE ( 'NONE', #187, #1998, #1450, .T. ) ;
#903 = DIRECTION ( 'NONE',  ( -5.585840624793929400E-016, 2.465190328815661900E-032, -1.000000000000000000 ) ) ;
#904 = VERTEX_POINT ( 'NONE', #2110 ) ;
#905 = CARTESIAN_POINT ( 'NONE',  ( -1.474999999999999400, -2.934119409414458700, 0.7499999999999993300 ) ) ;
#906 = EDGE_CURVE ( 'NONE', #66, #222, #1217, .T. ) ;
#907 = ORIENTED_EDGE ( 'NONE', *, *, #480, .F. ) ;
#908 =( NAMED_UNIT ( * ) PLANE_ANGLE_UNIT ( ) SI_UNIT ( $, .RADIAN. ) );
#909 = DIRECTION ( 'NONE',  ( 0.7071067811865360300, 0.0000000000000000000, -0.7071067811865591200 ) ) ;
#910 = LINE ( 'NONE', #802, #516 ) ;
#911 = EDGE_CURVE ( 'NONE', #870, #1897, #386, .T. ) ;
#912 = CARTESIAN_POINT ( 'NONE',  ( 1.474999999999999900, 1.000000000000000200, -0.7500000000000000000 ) ) ;
#913 = ADVANCED_FACE ( 'NONE', ( #1418 ), #612, .T. ) ;
#914 = LINE ( 'NONE', #747, #1487 ) ;
#915 = LINE ( 'NONE', #2297, #2247 ) ;
#916 = CARTESIAN_POINT ( 'NONE',  ( -1.550000000000001600, 0.0000000000000000000, 0.5822949016875156300 ) ) ;
#917 = VECTOR ( 'NONE', #351, 1000.000000000000000 ) ;
#918 = DIRECTION ( 'NONE',  ( 0.7071067811865431300, 5.551115123125783900E-017, -0.7071067811865520100 ) ) ;
#919 = ORIENTED_EDGE ( 'NONE', *, *, #2226, .T. ) ;
#920 = VECTOR ( 'NONE', #1148, 1000.000000000000000 ) ;
#921 = CARTESIAN_POINT ( 'NONE',  ( 0.8500000000000012000, 1.084202172485504400E-016, -0.1999999999999998700 ) ) ;
#922 = VECTOR ( 'NONE', #783, 1000.000000000000000 ) ;
#923 = PRESENTATION_LAYER_ASSIGNMENT (  '', '', ( #310 ) ) ;
#924 = CARTESIAN_POINT ( 'NONE',  ( -6.505213034913026600E-016, 1.084202172485504400E-016, -0.7000000000000002900 ) ) ;
#925 = AXIS2_PLACEMENT_3D ( 'NONE', #1156, #1147, #693 ) ;
#926 = DIRECTION ( 'NONE',  ( 1.000000000000000000, 0.0000000000000000000, 0.0000000000000000000 ) ) ;
#927 = ORIENTED_EDGE ( 'NONE', *, *, #2606, .T. ) ;
#928 = ADVANCED_FACE ( 'NONE', ( #2822 ), #590, .F. ) ;
#929 = CARTESIAN_POINT ( 'NONE',  ( 1.600000000000000100, -2.934119409414458700, -0.6249999999999998900 ) ) ;
#930 = CARTESIAN_POINT ( 'NONE',  ( 0.8500000000000012000, 1.084202172485504400E-016, 6.505213034913026600E-016 ) ) ;
#931 = ORIENTED_EDGE ( 'NONE', *, *, #607, .F. ) ;
#932 = EDGE_LOOP ( 'NONE', ( #1373, #2229, #1359, #1825 ) ) ;
#933 = ORIENTED_EDGE ( 'NONE', *, *, #1604, .T. ) ;
#934 = AXIS2_PLACEMENT_3D ( 'NONE', #955, #495, #2064 ) ;
#935 = VECTOR ( 'NONE', #2695, 1000.000000000000000 ) ;
#936 = VERTEX_POINT ( 'NONE', #368 ) ;
#937 = DIRECTION ( 'NONE',  ( 0.0000000000000000000, 1.000000000000000000, 0.0000000000000000000 ) ) ;
#938 = PLANE ( 'NONE',  #934 ) ;
#939 = EDGE_LOOP ( 'NONE', ( #2761, #1426, #1072, #158 ) ) ;
#940 = ORIENTED_EDGE ( 'NONE', *, *, #76, .T. ) ;
#941 = ORIENTED_EDGE ( 'NONE', *, *, #663, .T. ) ;
#942 = DIRECTION ( 'NONE',  ( -0.0000000000000000000, -1.000000000000000000, -0.0000000000000000000 ) ) ;
#943 = EDGE_CURVE ( 'NONE', #427, #432, #842, .T. ) ;
#944 = AXIS2_PLACEMENT_3D ( 'NONE', #755, #1669, #2564 ) ;
#945 = DIRECTION ( 'NONE',  ( 0.0000000000000000000, 1.000000000000000000, 0.0000000000000000000 ) ) ;
#946 = DIRECTION ( 'NONE',  ( 1.000000000000000000, 0.0000000000000000000, 0.0000000000000000000 ) ) ;
#947 = VECTOR ( 'NONE', #1660, 1000.000000000000000 ) ;
#948 = EDGE_CURVE ( 'NONE', #691, #1539, #98, .T. ) ;
#949 = ORIENTED_EDGE ( 'NONE', *, *, #1485, .T. ) ;
#950 = LINE ( 'NONE', #144, #1296 ) ;
#951 = VECTOR ( 'NONE', #2678, 1000.000000000000000 ) ;
#952 = CARTESIAN_POINT ( 'NONE',  ( 0.8499999999999994200, 0.1000000000000001000, -0.7500000000000000000 ) ) ;
#953 = ORIENTED_EDGE ( 'NONE', *, *, #1099, .T. ) ;
#954 = CARTESIAN_POINT ( 'NONE',  ( 1.600000000000000100, 2.168404344971008900E-016, 0.6999999999999996200 ) ) ;
#955 = CARTESIAN_POINT ( 'NONE',  ( 1.550000000000000500, 1.020139996052670700, 0.1999999999999994300 ) ) ;
#956 = VERTEX_POINT ( 'NONE', #161 ) ;
#957 = MECHANICAL_DESIGN_GEOMETRIC_PRESENTATION_REPRESENTATION (  '', ( #310 ), #437 ) ;
#958 = ORIENTED_EDGE ( 'NONE', *, *, #95, .T. ) ;
#959 = EDGE_CURVE ( 'NONE', #2443, #227, #2570, .T. ) ;
#960 = ORIENTED_EDGE ( 'NONE', *, *, #2877, .T. ) ;
#961 = CARTESIAN_POINT ( 'NONE',  ( -1.349999999999999400, 0.9000000000000003600, 0.4999999999999991700 ) ) ;
#962 = EDGE_CURVE ( 'NONE', #2233, #1271, #1087, .T. ) ;
#963 = VERTEX_POINT ( 'NONE', #1914 ) ;
#964 = ORIENTED_EDGE ( 'NONE', *, *, #948, .F. ) ;
#965 = EDGE_CURVE ( 'NONE', #1471, #689, #662, .T. ) ;
#966 = ORIENTED_EDGE ( 'NONE', *, *, #2189, .F. ) ;
#967 = CARTESIAN_POINT ( 'NONE',  ( -0.8500000000000007500, 1.084202172485504400E-016, 6.505213034913026600E-016 ) ) ;
#968 = VECTOR ( 'NONE', #514, 1000.000000000000000 ) ;
#969 = ORIENTED_EDGE ( 'NONE', *, *, #2688, .T. ) ;
#970 = CARTESIAN_POINT ( 'NONE',  ( -1.599999999999999600, 1.000000000000000200, 0.6249999999999992200 ) ) ;
#971 = CARTESIAN_POINT ( 'NONE',  ( 1.432294901687516400, 0.1000000000000002600, -0.7000000000000002900 ) ) ;
#972 = VECTOR ( 'NONE', #1806, 1000.000000000000000 ) ;
#973 = CIRCLE ( 'NONE', #1716, 0.1249999999999998900 ) ;
#974 = VECTOR ( 'NONE', #1783, 1000.000000000000000 ) ;
#975 = VECTOR ( 'NONE', #2014, 1000.000000000000000 ) ;
#976 = DIRECTION ( 'NONE',  ( 0.0000000000000000000, -1.000000000000000000, 0.0000000000000000000 ) ) ;
#977 = LINE ( 'NONE', #1020, #947 ) ;
#978 = CARTESIAN_POINT ( 'NONE',  ( 1.550000000000000500, 0.1000000000000002600, 0.1999999999999994300 ) ) ;
#979 =( GEOMETRIC_REPRESENTATION_CONTEXT ( 3 ) GLOBAL_UNCERTAINTY_ASSIGNED_CONTEXT ( ( #2512 ) ) GLOBAL_UNIT_ASSIGNED_CONTEXT ( ( #818, #166, #2611 ) ) REPRESENTATION_CONTEXT ( 'NONE', 'WORKASPACE' ) );
#980 = PLANE ( 'NONE',  #1893 ) ;
#981 = LINE ( 'NONE', #133, #1768 ) ;
#982 = DIRECTION ( 'NONE',  ( -1.000000000000000000, 0.0000000000000000000, -0.0000000000000000000 ) ) ;
#983 = VERTEX_POINT ( 'NONE', #2593 ) ;
#984 = VECTOR ( 'NONE', #1610, 1000.000000000000000 ) ;
#985 = EDGE_CURVE ( 'NONE', #2524, #2175, #240, .T. ) ;
#986 = LINE ( 'NONE', #2009, #1974 ) ;
#987 = DIRECTION ( 'NONE',  ( 1.000000000000000000, 0.0000000000000000000, -0.0000000000000000000 ) ) ;
#988 = ORIENTED_EDGE ( 'NONE', *, *, #2230, .T. ) ;
#989 = CARTESIAN_POINT ( 'NONE',  ( -1.432294901687517500, 0.1000000000000000500, 0.7000000000000014000 ) ) ;
#990 = DIRECTION ( 'NONE',  ( 0.0000000000000000000, 1.000000000000000000, 0.0000000000000000000 ) ) ;
#991 = EDGE_CURVE ( 'NONE', #406, #1724, #1937, .T. ) ;
#992 = CARTESIAN_POINT ( 'NONE',  ( -1.599999999999999600, 1.000000000000000200, 0.7499999999999993300 ) ) ;
#993 = DIRECTION ( 'NONE',  ( 1.000000000000000000, 0.0000000000000000000, 0.0000000000000000000 ) ) ;
#994 = EDGE_LOOP ( 'NONE', ( #1833, #726, #1821, #2367 ) ) ;
#995 = EDGE_CURVE ( 'NONE', #463, #260, #2884, .T. ) ;
#996 = ORIENTED_EDGE ( 'NONE', *, *, #1183, .F. ) ;
#997 = DIRECTION ( 'NONE',  ( 1.000000000000000000, 0.0000000000000000000, 0.0000000000000000000 ) ) ;
#998 = ORIENTED_EDGE ( 'NONE', *, *, #962, .F. ) ;
#999 = AXIS2_PLACEMENT_3D ( 'NONE', #1423, #90, #1642 ) ;
#1000 = DIRECTION ( 'NONE',  ( -1.000000000000000000, 0.0000000000000000000, -0.0000000000000000000 ) ) ;
#1001 = DIRECTION ( 'NONE',  ( 0.0000000000000000000, -1.000000000000000000, 0.0000000000000000000 ) ) ;
#1002 = ORIENTED_EDGE ( 'NONE', *, *, #890, .F. ) ;
#1003 = CARTESIAN_POINT ( 'NONE',  ( -1.550000000000001600, 0.1000000000000001600, -0.1999999999999998700 ) ) ;
#1004 = DIRECTION ( 'NONE',  ( 1.000000000000000000, 0.0000000000000000000, 0.0000000000000000000 ) ) ;
#1005 = EDGE_CURVE ( 'NONE', #634, #1715, #382, .T. ) ;
#1006 = LINE ( 'NONE', #2470, #2770 ) ;
#1007 = EDGE_CURVE ( 'NONE', #1742, #2875, #2818, .T. ) ;
#1008 = VERTEX_POINT ( 'NONE', #2819 ) ;
#1009 = DIRECTION ( 'NONE',  ( -0.0000000000000000000, -1.000000000000000000, -0.0000000000000000000 ) ) ;
#1010 = VECTOR ( 'NONE', #438, 1000.000000000000000 ) ;
#1011 = VERTEX_POINT ( 'NONE', #839 ) ;
#1012 = CARTESIAN_POINT ( 'NONE',  ( 0.8499999999999994200, 0.1000000000000001000, -0.1999999999999998700 ) ) ;
#1013 = ORIENTED_EDGE ( 'NONE', *, *, #1554, .T. ) ;
#1014 = DIRECTION ( 'NONE',  ( -1.000000000000000000, 0.0000000000000000000, 0.0000000000000000000 ) ) ;
#1015 = CARTESIAN_POINT ( 'NONE',  ( 1.432294901687516400, 2.168404344971008900E-016, 0.6999999999999996200 ) ) ;
#1016 = PLANE ( 'NONE',  #211 ) ;
#1017 = ORIENTED_EDGE ( 'NONE', *, *, #1330, .T. ) ;
#1018 = VECTOR ( 'NONE', #1840, 1000.000000000000000 ) ;
#1019 = VECTOR ( 'NONE', #2219, 1000.000000000000000 ) ;
#1020 = CARTESIAN_POINT ( 'NONE',  ( 1.432294901687516400, 0.1000000000000002600, -0.7000000000000002900 ) ) ;
#1021 =( GEOMETRIC_REPRESENTATION_CONTEXT ( 3 ) GLOBAL_UNCERTAINTY_ASSIGNED_CONTEXT ( ( #1733 ) ) GLOBAL_UNIT_ASSIGNED_CONTEXT ( ( #2104, #1665, #1911 ) ) REPRESENTATION_CONTEXT ( 'NONE', 'WORKASPACE' ) );
#1022 = FACE_OUTER_BOUND ( 'NONE', #139, .T. ) ;
#1023 = LINE ( 'NONE', #2207, #348 ) ;
#1024 = LINE ( 'NONE', #316, #249 ) ;
#1025 = EDGE_CURVE ( 'NONE', #2161, #260, #626, .T. ) ;
#1026 = ORIENTED_EDGE ( 'NONE', *, *, #2176, .F. ) ;
#1027 = DIRECTION ( 'NONE',  ( 0.0000000000000000000, 1.000000000000000000, 0.0000000000000000000 ) ) ;
#1028 = DIRECTION ( 'NONE',  ( 0.0000000000000000000, 0.0000000000000000000, 1.000000000000000000 ) ) ;
#1029 = ORIENTED_EDGE ( 'NONE', *, *, #135, .F. ) ;
#1030 = CARTESIAN_POINT ( 'NONE',  ( 1.592906529884323000, 0.0000000000000000000, -0.6252014315718407200 ) ) ;
#1031 = CARTESIAN_POINT ( 'NONE',  ( 1.600000000000000100, 0.1000000000000002600, 0.1999999999999994300 ) ) ;
#1032 = ORIENTED_EDGE ( 'NONE', *, *, #2079, .F. ) ;
#1033 = CARTESIAN_POINT ( 'NONE',  ( 1.550000000000000500, 1.020139996052670700, 0.5822949016875156300 ) ) ;
#1034 = DIRECTION ( 'NONE',  ( 0.0000000000000000000, 0.0000000000000000000, -1.000000000000000000 ) ) ;
#1035 = DIRECTION ( 'NONE',  ( -1.000000000000000000, 0.0000000000000000000, 0.0000000000000000000 ) ) ;
#1036 = PLANE ( 'NONE',  #178 ) ;
#1037 = ORIENTED_EDGE ( 'NONE', *, *, #2363, .T. ) ;
#1038 = CARTESIAN_POINT ( 'NONE',  ( -1.349999999999999400, 0.9000000000000003600, 0.4999999999999991700 ) ) ;
#1039 = CLOSED_SHELL ( 'NONE', ( #852, #838, #2383, #2786, #1129, #1555, #1744, #2442, #2223, #2012, #1682, #1462, #1103, #1117, #1902, #179, #425, #1799, #1325, #1142, #913, #2234, #1583, #1286, #1088, #686, #702, #1570, #2174, #1505, #630, #782, #449, #2458, #2133, #928, #1208, #434, #22 ) ) ;
#1040 = AXIS2_PLACEMENT_3D ( 'NONE', #2334, #79, #2088 ) ;
#1041 = AXIS2_PLACEMENT_3D ( 'NONE', #1617, #976, #1844 ) ;
#1042 = ORIENTED_EDGE ( 'NONE', *, *, #1637, .F. ) ;
#1043 = CARTESIAN_POINT ( 'NONE',  ( -1.550000000000001600, 0.0000000000000000000, 0.7499999999999993300 ) ) ;
#1044 = PLANE ( 'NONE',  #1732 ) ;
#1045 = CARTESIAN_POINT ( 'NONE',  ( -1.432294901687515900, 0.1000000000000000500, 0.6999999999999996200 ) ) ;
#1046 = LINE ( 'NONE', #226, #2135 ) ;
#1047 = ORIENTED_EDGE ( 'NONE', *, *, #1401, .T. ) ;
#1048 = EDGE_CURVE ( 'NONE', #2441, #2048, #910, .T. ) ;
#1049 = DIRECTION ( 'NONE',  ( -0.0000000000000000000, -0.0000000000000000000, 1.000000000000000000 ) ) ;
#1050 = SURFACE_STYLE_FILL_AREA ( #353 ) ;
#1051 = ORIENTED_EDGE ( 'NONE', *, *, #814, .F. ) ;
#1052 = EDGE_CURVE ( 'NONE', #281, #1337, #209, .T. ) ;
#1053 = FACE_OUTER_BOUND ( 'NONE', #549, .T. ) ;
#1054 = CARTESIAN_POINT ( 'NONE',  ( -1.475201431571842000, 1.084202172485504400E-016, -0.7429065298843248200 ) ) ;
#1055 = DIRECTION ( 'NONE',  ( 0.0000000000000000000, 0.0000000000000000000, -1.000000000000000000 ) ) ;
#1056 = LINE ( 'NONE', #10, #2353 ) ;
#1057 = EDGE_CURVE ( 'NONE', #187, #1582, #1862, .T. ) ;
#1058 = LINE ( 'NONE', #1764, #2752 ) ;
#1059 = VECTOR ( 'NONE', #1419, 1000.000000000000000 ) ;
#1060 = ORIENTED_EDGE ( 'NONE', *, *, #197, .F. ) ;
#1061 = EDGE_CURVE ( 'NONE', #1582, #2795, #1903, .T. ) ;
#1062 = AXIS2_PLACEMENT_3D ( 'NONE', #880, #2663, #1547 ) ;
#1063 = EDGE_CURVE ( 'NONE', #2626, #1814, #1350, .T. ) ;
#1064 = ORIENTED_EDGE ( 'NONE', *, *, #197, .T. ) ;
#1065 = DIRECTION ( 'NONE',  ( -1.000000000000000000, 0.0000000000000000000, -0.0000000000000000000 ) ) ;
#1066 = ORIENTED_EDGE ( 'NONE', *, *, #1266, .F. ) ;
#1067 = DIRECTION ( 'NONE',  ( 0.0000000000000000000, 1.000000000000000000, 0.0000000000000000000 ) ) ;
#1068 = CARTESIAN_POINT ( 'NONE',  ( 1.432294901687516400, 2.168404344971008900E-016, 0.6999999999999996200 ) ) ;
#1069 = VERTEX_POINT ( 'NONE', #1967 ) ;
#1070 = EDGE_LOOP ( 'NONE', ( #472, #460, #2, #2632 ) ) ;
#1071 = DIRECTION ( 'NONE',  ( 0.0000000000000000000, 0.0000000000000000000, 1.000000000000000000 ) ) ;
#1072 = ORIENTED_EDGE ( 'NONE', *, *, #1475, .T. ) ;
#1073 = MECHANICAL_DESIGN_GEOMETRIC_PRESENTATION_REPRESENTATION (  '', ( #48 ), #1021 ) ;
#1074 = ADVANCED_FACE ( 'NONE', ( #1053 ), #1532, .T. ) ;
#1075 = CARTESIAN_POINT ( 'NONE',  ( -1.432294901687515900, 0.1000000000000000500, 0.6999999999999996200 ) ) ;
#1076 = VECTOR ( 'NONE', #2299, 1000.000000000000000 ) ;
#1077 = CARTESIAN_POINT ( 'NONE',  ( -1.550000000000001600, 0.1000000000000001600, -0.5822949016875161900 ) ) ;
#1078 = VERTEX_POINT ( 'NONE', #649 ) ;
#1079 = EDGE_CURVE ( 'NONE', #689, #2203, #2146, .T. ) ;
#1080 = LINE ( 'NONE', #2602, #1010 ) ;
#1081 =( NAMED_UNIT ( * ) SI_UNIT ( $, .STERADIAN. ) SOLID_ANGLE_UNIT ( ) );
#1082 = VERTEX_POINT ( 'NONE', #1542 ) ;
#1083 = CARTESIAN_POINT ( 'NONE',  ( -1.599999999999999600, 1.084202172485504400E-016, -0.7500000000000000000 ) ) ;
#1084 = VERTEX_POINT ( 'NONE', #2439 ) ;
#1085 = DIRECTION ( 'NONE',  ( 0.0000000000000000000, 1.000000000000000000, 0.0000000000000000000 ) ) ;
#1086 = VECTOR ( 'NONE', #711, 1000.000000000000000 ) ;
#1087 = LINE ( 'NONE', #1472, #482 ) ;
#1088 = ADVANCED_FACE ( 'NONE', ( #2610 ), #631, .F. ) ;
#1089 = CYLINDRICAL_SURFACE ( 'NONE', #624, 0.1250000000000001100 ) ;
#1090 = FACE_OUTER_BOUND ( 'NONE', #420, .T. ) ;
#1091 = CARTESIAN_POINT ( 'NONE',  ( -6.505213034913026600E-016, 1.084202172485504400E-016, 0.6999999999999996200 ) ) ;
#1092 = FACE_OUTER_BOUND ( 'NONE', #994, .T. ) ;
#1093 = ORIENTED_EDGE ( 'NONE', *, *, #1693, .F. ) ;
#1094 = CARTESIAN_POINT ( 'NONE',  ( 1.550000000000000500, 1.020139996052670700, 0.1999999999999994300 ) ) ;
#1095 = PLANE ( 'NONE',  #501 ) ;
#1096 = CARTESIAN_POINT ( 'NONE',  ( 1.432294901687516400, 1.020139996052670700, -0.7000000000000002900 ) ) ;
#1097 = CARTESIAN_POINT ( 'NONE',  ( -0.8500000000000007500, 0.1000000000000001000, -0.1999999999999998700 ) ) ;
#1098 = VERTEX_POINT ( 'NONE', #869 ) ;
#1099 = EDGE_CURVE ( 'NONE', #1084, #2868, #2425, .T. ) ;
#1100 = AXIS2_PLACEMENT_3D ( 'NONE', #2413, #1101, #1118 ) ;
#1101 = DIRECTION ( 'NONE',  ( -0.0000000000000000000, 1.000000000000000000, -0.0000000000000000000 ) ) ;
#1102 = ORIENTED_EDGE ( 'NONE', *, *, #2580, .T. ) ;
#1103 = ADVANCED_FACE ( 'NONE', ( #1624 ), #1095, .F. ) ;
#1104 = DIRECTION ( 'NONE',  ( 1.861946874931309100E-016, 0.0000000000000000000, -1.000000000000000000 ) ) ;
#1105 = DIRECTION ( 'NONE',  ( -1.000000000000000000, 0.0000000000000000000, 0.0000000000000000000 ) ) ;
#1106 = ORIENTED_EDGE ( 'NONE', *, *, #2636, .T. ) ;
#1107 = MANIFOLD_SOLID_BREP ( 'Boss-Extrude5', #581 ) ;
#1108 = ORIENTED_EDGE ( 'NONE', *, *, #404, .T. ) ;
#1109 = VECTOR ( 'NONE', #87, 1000.000000000000000 ) ;
#1110 = ORIENTED_EDGE ( 'NONE', *, *, #2216, .T. ) ;
#1111 = CARTESIAN_POINT ( 'NONE',  ( 1.600000000000000100, 0.1000000000000002600, -0.7500000000000000000 ) ) ;
#1112 = EDGE_CURVE ( 'NONE', #2441, #432, #1253, .T. ) ;
#1113 = ORIENTED_EDGE ( 'NONE', *, *, #507, .F. ) ;
#1114 = FACE_OUTER_BOUND ( 'NONE', #154, .T. ) ;
#1115 = VERTEX_POINT ( 'NONE', #441 ) ;
#1116 = CARTESIAN_POINT ( 'NONE',  ( -1.550000000000001600, 0.0000000000000000000, -0.5822949016875161900 ) ) ;
#1117 = ADVANCED_FACE ( 'NONE', ( #2463 ), #1326, .F. ) ;
#1118 = DIRECTION ( 'NONE',  ( -1.000000000000000000, 0.0000000000000000000, -2.602085213965208300E-015 ) ) ;
#1119 = DIRECTION ( 'NONE',  ( -1.000000000000000000, 0.0000000000000000000, 0.0000000000000000000 ) ) ;
#1120 = CIRCLE ( 'NONE', #1179, 0.1249999999999998900 ) ;
#1121 = DIRECTION ( 'NONE',  ( 0.7071067811865441300, -5.551115123125779600E-017, -0.7071067811865509000 ) ) ;
#1122 = LINE ( 'NONE', #111, #520 ) ;
#1123 = DIRECTION ( 'NONE',  ( 0.0000000000000000000, 0.0000000000000000000, -1.000000000000000000 ) ) ;
#1124 = LINE ( 'NONE', #1781, #2103 ) ;
#1125 = VECTOR ( 'NONE', #1690, 1000.000000000000100 ) ;
#1126 = VERTEX_POINT ( 'NONE', #2892 ) ;
#1127 = CARTESIAN_POINT ( 'NONE',  ( 1.592906529884323000, 1.084202172485504400E-016, 0.6252014315718400500 ) ) ;
#1128 = CARTESIAN_POINT ( 'NONE',  ( 1.432294901687516400, 0.1000000000000002600, -0.7000000000000002900 ) ) ;
#1129 = ADVANCED_FACE ( 'NONE', ( #171 ), #2500, .F. ) ;
#1130 = CARTESIAN_POINT ( 'NONE',  ( 1.550000000000000500, 0.1000000000000002600, 0.1999999999999994300 ) ) ;
#1131 = DIRECTION ( 'NONE',  ( -0.0000000000000000000, -1.000000000000000000, -0.0000000000000000000 ) ) ;
#1132 = STYLED_ITEM ( 'NONE', ( #27 ), #2646 ) ;
#1133 = ORIENTED_EDGE ( 'NONE', *, *, #101, .T. ) ;
#1134 = ORIENTED_EDGE ( 'NONE', *, *, #2832, .T. ) ;
#1135 = ORIENTED_EDGE ( 'NONE', *, *, #1540, .F. ) ;
#1136 = CARTESIAN_POINT ( 'NONE',  ( -1.474999999999999400, -2.934119409414458700, -0.7500000000000000000 ) ) ;
#1137 = DIRECTION ( 'NONE',  ( -1.000000000000000000, -0.0000000000000000000, 0.0000000000000000000 ) ) ;
#1138 = EDGE_CURVE ( 'NONE', #1084, #1923, #1287, .T. ) ;
#1139 = ORIENTED_EDGE ( 'NONE', *, *, #1734, .T. ) ;
#1140 = VECTOR ( 'NONE', #1641, 1000.000000000000000 ) ;
#1141 = EDGE_LOOP ( 'NONE', ( #720, #1135, #2438, #1498 ) ) ;
#1142 = ADVANCED_FACE ( 'NONE', ( #2529 ), #1345, .F. ) ;
#1143 = EDGE_CURVE ( 'NONE', #2489, #2441, #2389, .T. ) ;
#1144 = VERTEX_POINT ( 'NONE', #1600 ) ;
#1145 = DIRECTION ( 'NONE',  ( -0.0000000000000000000, -0.0000000000000000000, 1.000000000000000000 ) ) ;
#1146 = ORIENTED_EDGE ( 'NONE', *, *, #1436, .T. ) ;
#1147 = DIRECTION ( 'NONE',  ( 0.0000000000000000000, 1.000000000000000000, 0.0000000000000000000 ) ) ;
#1148 = DIRECTION ( 'NONE',  ( 0.0000000000000000000, 1.000000000000000000, 0.0000000000000000000 ) ) ;
#1149 = EDGE_CURVE ( 'NONE', #427, #57, #59, .T. ) ;
#1150 = EDGE_CURVE ( 'NONE', #2175, #2868, #1798, .T. ) ;
#1151 = FACE_OUTER_BOUND ( 'NONE', #762, .T. ) ;
#1152 = LINE ( 'NONE', #2342, #100 ) ;
#1153 = ORIENTED_EDGE ( 'NONE', *, *, #2624, .T. ) ;
#1154 = FACE_OUTER_BOUND ( 'NONE', #646, .T. ) ;
#1155 = ADVANCED_FACE ( 'NONE', ( #26 ), #2706, .F. ) ;
#1156 = CARTESIAN_POINT ( 'NONE',  ( 1.600000000000000100, 0.6000000000000003100, 0.7499999999999993300 ) ) ;
#1157 = VECTOR ( 'NONE', #2123, 1000.000000000000000 ) ;
#1158 = DIRECTION ( 'NONE',  ( -0.7071067811865555700, 5.551115123125782700E-017, 0.7071067811865394700 ) ) ;
#1159 = ORIENTED_EDGE ( 'NONE', *, *, #301, .F. ) ;
#1160 = AXIS2_PLACEMENT_3D ( 'NONE', #1254, #2806, #2134 ) ;
#1161 = ORIENTED_EDGE ( 'NONE', *, *, #190, .F. ) ;
#1162 = DIRECTION ( 'NONE',  ( 1.000000000000000000, 0.0000000000000000000, 0.0000000000000000000 ) ) ;
#1163 = CARTESIAN_POINT ( 'NONE',  ( 1.550000000000000500, 0.1000000000000002600, 0.1999999999999994300 ) ) ;
#1164 = ORIENTED_EDGE ( 'NONE', *, *, #1, .T. ) ;
#1165 = EDGE_CURVE ( 'NONE', #1539, #872, #2615, .T. ) ;
#1166 = ORIENTED_EDGE ( 'NONE', *, *, #1496, .F. ) ;
#1167 = VERTEX_POINT ( 'NONE', #38 ) ;
#1168 = DIRECTION ( 'NONE',  ( -0.0000000000000000000, -1.000000000000000000, -0.0000000000000000000 ) ) ;
#1169 = DIRECTION ( 'NONE',  ( 1.000000000000000000, 0.0000000000000000000, 0.0000000000000000000 ) ) ;
#1170 = LINE ( 'NONE', #2253, #1310 ) ;
#1171 = ORIENTED_EDGE ( 'NONE', *, *, #159, .T. ) ;
#1172 = CARTESIAN_POINT ( 'NONE',  ( -0.8499999999999989800, 0.1000000000000002100, 0.6999999999999996200 ) ) ;
#1173 = CARTESIAN_POINT ( 'NONE',  ( 1.474999999999999900, 0.5999999999999999800, 0.7499999999999993300 ) ) ;
#1174 = LINE ( 'NONE', #905, #473 ) ;
#1175 = ORIENTED_EDGE ( 'NONE', *, *, #58, .F. ) ;
#1176 = ORIENTED_EDGE ( 'NONE', *, *, #1363, .F. ) ;
#1177 = DIRECTION ( 'NONE',  ( -1.000000000000000000, 0.0000000000000000000, -0.0000000000000000000 ) ) ;
#1178 = AXIS2_PLACEMENT_3D ( 'NONE', #396, #2152, #1499 ) ;
#1179 = AXIS2_PLACEMENT_3D ( 'NONE', #518, #1381, #56 ) ;
#1180 = DIRECTION ( 'NONE',  ( 0.0000000000000000000, 1.000000000000000000, 0.0000000000000000000 ) ) ;
#1181 = CARTESIAN_POINT ( 'NONE',  ( 1.432294901687516400, 1.020139996052670700, -0.7000000000000002900 ) ) ;
#1182 = LINE ( 'NONE', #2449, #591 ) ;
#1183 = EDGE_CURVE ( 'NONE', #278, #1115, #877, .T. ) ;
#1184 = VECTOR ( 'NONE', #2873, 1000.000000000000000 ) ;
#1185 = LINE ( 'NONE', #2656, #246 ) ;
#1186 = MANIFOLD_SOLID_BREP ( 'Housing 2', #1039 ) ;
#1187 = SURFACE_STYLE_FILL_AREA ( #2635 ) ;
#1188 = ORIENTED_EDGE ( 'NONE', *, *, #442, .T. ) ;
#1189 = PLANE ( 'NONE',  #295 ) ;
#1190 = CARTESIAN_POINT ( 'NONE',  ( 1.475201431571840700, 1.020139996052670500, 0.7429065298843258200 ) ) ;
#1191 = EDGE_LOOP ( 'NONE', ( #640, #454, #2406, #539 ) ) ;
#1192 = ORIENTED_EDGE ( 'NONE', *, *, #1079, .T. ) ;
#1193 = AXIS2_PLACEMENT_3D ( 'NONE', #274, #1349, #1572 ) ;
#1194 = EDGE_CURVE ( 'NONE', #2769, #1011, #2142, .T. ) ;
#1195 = PLANE ( 'NONE',  #1298 ) ;
#1196 = ORIENTED_EDGE ( 'NONE', *, *, #160, .F. ) ;
#1197 = CARTESIAN_POINT ( 'NONE',  ( -1.592906529884324400, 2.168404344971008900E-016, 0.6252014315718400500 ) ) ;
#1198 = PLANE ( 'NONE',  #283 ) ;
#1199 = EDGE_CURVE ( 'NONE', #1795, #956, #833, .T. ) ;
#1200 = ORIENTED_EDGE ( 'NONE', *, *, #1007, .F. ) ;
#1201 = DIRECTION ( 'NONE',  ( 1.000000000000000000, -0.0000000000000000000, 0.0000000000000000000 ) ) ;
#1202 = VERTEX_POINT ( 'NONE', #2021 ) ;
#1203 = FACE_OUTER_BOUND ( 'NONE', #259, .T. ) ;
#1204 = ORIENTED_EDGE ( 'NONE', *, *, #1199, .T. ) ;
#1205 = CARTESIAN_POINT ( 'NONE',  ( 1.600000000000000100, 0.1000000000000002600, 0.7499999999999993300 ) ) ;
#1206 = DIRECTION ( 'NONE',  ( -1.000000000000000000, 0.0000000000000000000, 0.0000000000000000000 ) ) ;
#1207 = VECTOR ( 'NONE', #2525, 1000.000000000000000 ) ;
#1208 = ADVANCED_FACE ( 'NONE', ( #378 ), #478, .F. ) ;
#1209 = ORIENTED_EDGE ( 'NONE', *, *, #125, .F. ) ;
#1210 = DIRECTION ( 'NONE',  ( -1.000000000000000000, 0.0000000000000000000, 0.0000000000000000000 ) ) ;
#1211 = DIRECTION ( 'NONE',  ( 0.0000000000000000000, -1.000000000000000000, 0.0000000000000000000 ) ) ;
#1212 = ORIENTED_EDGE ( 'NONE', *, *, #1061, .F. ) ;
#1213 = VECTOR ( 'NONE', #148, 1000.000000000000000 ) ;
#1214 = CARTESIAN_POINT ( 'NONE',  ( 1.550000000000000500, 0.1000000000000002600, -0.5822949016875161900 ) ) ;
#1215 = LINE ( 'NONE', #1777, #2217 ) ;
#1216 = DIRECTION ( 'NONE',  ( 1.000000000000000000, 0.0000000000000000000, -2.323290369611794500E-016 ) ) ;
#1217 = LINE ( 'NONE', #127, #30 ) ;
#1218 = CARTESIAN_POINT ( 'NONE',  ( 1.550000000000000500, 0.1000000000000002600, 0.5822949016875156300 ) ) ;
#1219 = EDGE_CURVE ( 'NONE', #1995, #1652, #2385, .T. ) ;
#1220 = PRODUCT_DEFINITION ( 'UNKNOWN', '', #564, #510 ) ;
#1221 = CARTESIAN_POINT ( 'NONE',  ( 1.550000000000000500, 1.626303258728256700E-016, -0.5822949016875161900 ) ) ;
#1222 = PRESENTATION_STYLE_ASSIGNMENT (( #2842 ) ) ;
#1223 = PRESENTATION_STYLE_ASSIGNMENT (( #1986 ) ) ;
#1224 = LINE ( 'NONE', #873, #2321 ) ;
#1225 = EDGE_CURVE ( 'NONE', #2408, #1098, #2744, .T. ) ;
#1226 = LINE ( 'NONE', #2186, #1157 ) ;
#1227 = DIRECTION ( 'NONE',  ( -0.7071067811865484600, 0.0000000000000000000, -0.7071067811865465700 ) ) ;
#1228 = FILL_AREA_STYLE ('',( #1837 ) ) ;
#1229 = DIRECTION ( 'NONE',  ( 1.000000000000000000, 0.0000000000000000000, 0.0000000000000000000 ) ) ;
#1230 = VERTEX_POINT ( 'NONE', #921 ) ;
#1231 = EDGE_CURVE ( 'NONE', #300, #1249, #2309, .T. ) ;
#1232 = EDGE_LOOP ( 'NONE', ( #1828, #2162, #108, #1153 ) ) ;
#1233 = DIRECTION ( 'NONE',  ( 0.0000000000000000000, 0.0000000000000000000, -1.000000000000000000 ) ) ;
#1234 = ORIENTED_EDGE ( 'NONE', *, *, #1707, .T. ) ;
#1235 = AXIS2_PLACEMENT_3D ( 'NONE', #1449, #990, #1250 ) ;
#1236 = PLANE ( 'NONE',  #2727 ) ;
#1237 = CARTESIAN_POINT ( 'NONE',  ( -0.8499999999999989800, 0.1000000000000002100, 0.7499999999999993300 ) ) ;
#1238 = CARTESIAN_POINT ( 'NONE',  ( 1.550000000000000500, 0.1000000000000002600, 0.5822949016875156300 ) ) ;
#1239 = ORIENTED_EDGE ( 'NONE', *, *, #1025, .T. ) ;
#1240 = DIRECTION ( 'NONE',  ( -0.0000000000000000000, 1.000000000000000000, -0.0000000000000000000 ) ) ;
#1241 = PLANE ( 'NONE',  #2020 ) ;
#1242 = EDGE_CURVE ( 'NONE', #861, #1923, #1963, .T. ) ;
#1243 = CIRCLE ( 'NONE', #2112, 0.1249999999999998900 ) ;
#1244 = CARTESIAN_POINT ( 'NONE',  ( -1.349999999999999400, 0.9000000000000003600, 0.4999999999999991700 ) ) ;
#1245 = EDGE_LOOP ( 'NONE', ( #1375, #1432, #642, #81 ) ) ;
#1246 = CARTESIAN_POINT ( 'NONE',  ( 1.432294901687516400, 0.1000000000000002600, 0.6999999999999996200 ) ) ;
#1247 = ORIENTED_EDGE ( 'NONE', *, *, #41, .F. ) ;
#1248 = COLOUR_RGB ( '',1.000000000000000000, 0.8117647058823529400, 0.5019607843137254800 ) ;
#1249 = VERTEX_POINT ( 'NONE', #2063 ) ;
#1250 = DIRECTION ( 'NONE',  ( 1.000000000000000000, 0.0000000000000000000, -0.0000000000000000000 ) ) ;
#1251 = PLANE ( 'NONE',  #1766 ) ;
#1252 = DIRECTION ( 'NONE',  ( -1.000000000000000000, -0.0000000000000000000, -1.861946874931309600E-016 ) ) ;
#1253 = CIRCLE ( 'NONE', #1835, 0.1249999999999998900 ) ;
#1254 = CARTESIAN_POINT ( 'NONE',  ( 1.600000000000000100, 0.1000000000000002600, 0.7499999999999993300 ) ) ;
#1255 = FACE_OUTER_BOUND ( 'NONE', #1745, .T. ) ;
#1256 = CIRCLE ( 'NONE', #2324, 0.1249999999999998900 ) ;
#1257 = CIRCLE ( 'NONE', #175, 0.1250000000000001100 ) ;
#1258 = CARTESIAN_POINT ( 'NONE',  ( -1.432294901687515900, 0.1000000000000000500, -0.7000000000000002900 ) ) ;
#1259 = CARTESIAN_POINT ( 'NONE',  ( -1.349999999999999400, 0.9000000000000003600, 0.4999999999999991700 ) ) ;
#1260 = VECTOR ( 'NONE', #1461, 1000.000000000000000 ) ;
#1261 = EDGE_CURVE ( 'NONE', #1652, #1167, #2418, .T. ) ;
#1262 = ORIENTED_EDGE ( 'NONE', *, *, #2436, .T. ) ;
#1263 = CARTESIAN_POINT ( 'NONE',  ( 1.600000000000000100, 0.6000000000000003100, 0.7499999999999993300 ) ) ;
#1264 = CARTESIAN_POINT ( 'NONE',  ( -1.550000000000001600, 0.1000000000000001600, 0.7499999999999993300 ) ) ;
#1265 = CARTESIAN_POINT ( 'NONE',  ( 1.550000000000000500, 0.1000000000000002600, -0.1999999999999998700 ) ) ;
#1266 = EDGE_CURVE ( 'NONE', #102, #187, #2523, .T. ) ;
#1267 = VERTEX_POINT ( 'NONE', #1197 ) ;
#1268 = ORIENTED_EDGE ( 'NONE', *, *, #1604, .F. ) ;
#1269 = PLANE ( 'NONE',  #1414 ) ;
#1270 = DIRECTION ( 'NONE',  ( -1.000000000000000000, 0.0000000000000000000, 1.734723475976808700E-015 ) ) ;
#1271 = VERTEX_POINT ( 'NONE', #64 ) ;
#1272 = DIRECTION ( 'NONE',  ( -0.0000000000000000000, -1.000000000000000000, -0.0000000000000000000 ) ) ;
#1273 = ORIENTED_EDGE ( 'NONE', *, *, #1785, .F. ) ;
#1274 = AXIS2_PLACEMENT_3D ( 'NONE', #362, #1507, #188 ) ;
#1275 = ORIENTED_EDGE ( 'NONE', *, *, #1943, .T. ) ;
#1276 = DIRECTION ( 'NONE',  ( 1.000000000000000000, 0.0000000000000000000, -2.323290369611794500E-016 ) ) ;
#1277 = LINE ( 'NONE', #2113, #2411 ) ;
#1278 = ORIENTED_EDGE ( 'NONE', *, *, #1402, .T. ) ;
#1279 = CARTESIAN_POINT ( 'NONE',  ( 0.8499999999999994200, 0.1000000000000001000, 0.1999999999999994300 ) ) ;
#1280 = FACE_OUTER_BOUND ( 'NONE', #1509, .T. ) ;
#1281 = ORIENTED_EDGE ( 'NONE', *, *, #1225, .F. ) ;
#1282 = DIRECTION ( 'NONE',  ( 0.0000000000000000000, 1.000000000000000000, 0.0000000000000000000 ) ) ;
#1283 = CARTESIAN_POINT ( 'NONE',  ( -1.550000000000001600, 0.09999999999999993600, -0.5822949016875161900 ) ) ;
#1284 = ORIENTED_EDGE ( 'NONE', *, *, #667, .F. ) ;
#1285 = EDGE_CURVE ( 'NONE', #2320, #2524, #1477, .T. ) ;
#1286 = ADVANCED_FACE ( 'NONE', ( #1378 ), #746, .F. ) ;
#1287 = LINE ( 'NONE', #228, #1696 ) ;
#1288 = FACE_OUTER_BOUND ( 'NONE', #1991, .T. ) ;
#1289 = DIRECTION ( 'NONE',  ( 0.0000000000000000000, 1.000000000000000000, 0.0000000000000000000 ) ) ;
#1290 = EDGE_CURVE ( 'NONE', #1167, #1613, #1895, .T. ) ;
#1291 = VECTOR ( 'NONE', #1645, 1000.000000000000000 ) ;
#1292 = LINE ( 'NONE', #2336, #2641 ) ;
#1293 = VECTOR ( 'NONE', #2312, 1000.000000000000000 ) ;
#1294 = DIRECTION ( 'NONE',  ( 0.0000000000000000000, -1.000000000000000000, 0.0000000000000000000 ) ) ;
#1295 = ORIENTED_EDGE ( 'NONE', *, *, #2189, .T. ) ;
#1296 = VECTOR ( 'NONE', #375, 1000.000000000000000 ) ;
#1297 = EDGE_CURVE ( 'NONE', #1466, #1502, #1315, .T. ) ;
#1298 = AXIS2_PLACEMENT_3D ( 'NONE', #2745, #1177, #502 ) ;
#1299 = LINE ( 'NONE', #356, #1947 ) ;
#1300 = EDGE_CURVE ( 'NONE', #1894, #963, #688, .T. ) ;
#1301 = ORIENTED_EDGE ( 'NONE', *, *, #2073, .T. ) ;
#1302 = ORIENTED_EDGE ( 'NONE', *, *, #2197, .F. ) ;
#1303 = ORIENTED_EDGE ( 'NONE', *, *, #2867, .T. ) ;
#1304 = APPLICATION_CONTEXT ( 'automotive_design' ) ;
#1305 = ORIENTED_EDGE ( 'NONE', *, *, #1285, .T. ) ;
#1306 = DIRECTION ( 'NONE',  ( -0.0000000000000000000, 0.0000000000000000000, 1.000000000000000000 ) ) ;
#1307 = VERTEX_POINT ( 'NONE', #2046 ) ;
#1308 =( GEOMETRIC_REPRESENTATION_CONTEXT ( 3 ) GLOBAL_UNCERTAINTY_ASSIGNED_CONTEXT ( ( #2292 ) ) GLOBAL_UNIT_ASSIGNED_CONTEXT ( ( #671, #2659, #2417 ) ) REPRESENTATION_CONTEXT ( 'NONE', 'WORKASPACE' ) );
#1309 = CARTESIAN_POINT ( 'NONE',  ( -1.599999999999999600, 1.000000000000000200, -0.7500000000000000000 ) ) ;
#1310 = VECTOR ( 'NONE', #2002, 1000.000000000000000 ) ;
#1311 = DIRECTION ( 'NONE',  ( -0.7071067811865359200, -0.0000000000000000000, 0.7071067811865591200 ) ) ;
#1312 = VERTEX_POINT ( 'NONE', #2274 ) ;
#1313 = VERTEX_POINT ( 'NONE', #2054 ) ;
#1314 = ADVANCED_FACE ( 'NONE', ( #1725 ), #2505, .T. ) ;
#1315 = LINE ( 'NONE', #721, #828 ) ;
#1316 = CARTESIAN_POINT ( 'NONE',  ( -1.550000000000001600, 0.0000000000000000000, -0.5822949016875161900 ) ) ;
#1317 = ORIENTED_EDGE ( 'NONE', *, *, #1005, .T. ) ;
#1318 = ORIENTED_EDGE ( 'NONE', *, *, #1503, .T. ) ;
#1319 = CARTESIAN_POINT ( 'NONE',  ( 1.550000000000000500, 1.626303258728256700E-016, -0.7500000000000000000 ) ) ;
#1320 = VECTOR ( 'NONE', #1922, 1000.000000000000100 ) ;
#1321 = FACE_OUTER_BOUND ( 'NONE', #1877, .T. ) ;
#1322 = SURFACE_SIDE_STYLE ('',( #1187 ) ) ;
#1323 = DIRECTION ( 'NONE',  ( 0.7071067811865350300, -5.551115123125782100E-017, 0.7071067811865600100 ) ) ;
#1324 = ORIENTED_EDGE ( 'NONE', *, *, #2768, .F. ) ;
#1325 = ADVANCED_FACE ( 'NONE', ( #1346 ), #1425, .F. ) ;
#1326 = PLANE ( 'NONE',  #708 ) ;
#1328 = DIRECTION ( 'NONE',  ( -0.7071067811865394700, -0.0000000000000000000, -0.7071067811865555700 ) ) ;
#1327 = AXIS2_PLACEMENT_3D ( 'NONE', #621, #1493, #1720 ) ;
#1329 = ORIENTED_EDGE ( 'NONE', *, *, #1150, .F. ) ;
#1330 = EDGE_CURVE ( 'NONE', #1366, #2077, #2347, .T. ) ;
#1331 = DIRECTION ( 'NONE',  ( -0.0000000000000000000, 0.0000000000000000000, 1.000000000000000000 ) ) ;
#1332 = ORIENTED_EDGE ( 'NONE', *, *, #1924, .F. ) ;
#1333 =( LENGTH_UNIT ( ) NAMED_UNIT ( * ) SI_UNIT ( .MILLI., .METRE. ) );
#1334 = DIRECTION ( 'NONE',  ( 0.0000000000000000000, 0.0000000000000000000, -1.000000000000000000 ) ) ;
#1335 = ORIENTED_EDGE ( 'NONE', *, *, #1436, .F. ) ;
#1336 = EDGE_CURVE ( 'NONE', #1202, #1069, #546, .T. ) ;
#1337 = VERTEX_POINT ( 'NONE', #1609 ) ;
#1338 = ADVANCED_FACE ( 'NONE', ( #1280 ), #980, .T. ) ;
#1339 = ORIENTED_EDGE ( 'NONE', *, *, #2170, .F. ) ;
#1340 = DIRECTION ( 'NONE',  ( -1.000000000000000000, 0.0000000000000000000, 5.585840624793929400E-016 ) ) ;
#1341 = CARTESIAN_POINT ( 'NONE',  ( -0.8499999999999989800, 0.1000000000000002100, -0.7500000000000000000 ) ) ;
#1342 = CARTESIAN_POINT ( 'NONE',  ( -1.599999999999999600, -2.934119409414458700, -0.6249999999999998900 ) ) ;
#1343 = CYLINDRICAL_SURFACE ( 'NONE', #2874, 0.1249999999999998900 ) ;
#1344 = ORIENTED_EDGE ( 'NONE', *, *, #2373, .T. ) ;
#1345 = PLANE ( 'NONE',  #2092 ) ;
#1346 = FACE_OUTER_BOUND ( 'NONE', #879, .T. ) ;
#1347 = ORIENTED_EDGE ( 'NONE', *, *, #1871, .F. ) ;
#1348 = CARTESIAN_POINT ( 'NONE',  ( -1.450000000000000600, 0.9000000000000004700, 0.4999999999999991700 ) ) ;
#1349 = DIRECTION ( 'NONE',  ( 0.0000000000000000000, -1.000000000000000000, 0.0000000000000000000 ) ) ;
#1350 = LINE ( 'NONE', #1743, #2065 ) ;
#1351 = ADVANCED_FACE ( 'NONE', ( #1114 ), #789, .F. ) ;
#1352 = LINE ( 'NONE', #1265, #875 ) ;
#1353 = DIRECTION ( 'NONE',  ( 0.0000000000000000000, -0.0000000000000000000, -1.000000000000000000 ) ) ;
#1354 = FACE_OUTER_BOUND ( 'NONE', #2658, .T. ) ;
#1355 = VECTOR ( 'NONE', #2747, 1000.000000000000000 ) ;
#1356 = LINE ( 'NONE', #661, #1594 ) ;
#1357 = LINE ( 'NONE', #1858, #1421 ) ;
#1358 = LINE ( 'NONE', #2790, #2722 ) ;
#1359 = ORIENTED_EDGE ( 'NONE', *, *, #991, .T. ) ;
#1360 = PLANE ( 'NONE',  #1364 ) ;
#1362 = CARTESIAN_POINT ( 'NONE',  ( -1.550000000000001600, 0.1000000000000001600, 0.5822949016875156300 ) ) ;
#1361 = AXIS2_PLACEMENT_3D ( 'NONE', #1701, #627, #1270 ) ;
#1363 = EDGE_CURVE ( 'NONE', #2060, #1474, #2604, .T. ) ;
#1364 = AXIS2_PLACEMENT_3D ( 'NONE', #2715, #719, #2487 ) ;
#1365 = CARTESIAN_POINT ( 'NONE',  ( -1.599999999999999600, 1.000000000000000200, 6.505213034913026600E-016 ) ) ;
#1366 = VERTEX_POINT ( 'NONE', #527 ) ;
#1367 = ADVANCED_FACE ( 'NONE', ( #2878 ), #1997, .T. ) ;
#1368 = VERTEX_POINT ( 'NONE', #2784 ) ;
#1369 = DIRECTION ( 'NONE',  ( 0.0000000000000000000, 1.000000000000000000, 0.0000000000000000000 ) ) ;
#1370 = ORIENTED_EDGE ( 'NONE', *, *, #190, .T. ) ;
#1371 =( NAMED_UNIT ( * ) SI_UNIT ( $, .STERADIAN. ) SOLID_ANGLE_UNIT ( ) );
#1372 = CARTESIAN_POINT ( 'NONE',  ( -1.599999999999999600, 0.09999999999999993600, -0.7000000000000002900 ) ) ;
#1373 = ORIENTED_EDGE ( 'NONE', *, *, #712, .T. ) ;
#1374 = LINE ( 'NONE', #1043, #2558 ) ;
#1375 = ORIENTED_EDGE ( 'NONE', *, *, #1261, .T. ) ;
#1376 = VERTEX_POINT ( 'NONE', #341 ) ;
#1377 = CARTESIAN_POINT ( 'NONE',  ( -1.550000000000001600, 0.0000000000000000000, 6.505213034913026600E-016 ) ) ;
#1378 = FACE_OUTER_BOUND ( 'NONE', #2249, .T. ) ;
#1379 = ORIENTED_EDGE ( 'NONE', *, *, #1637, .T. ) ;
#1380 = DIRECTION ( 'NONE',  ( 1.000000000000000000, 0.0000000000000000000, 0.0000000000000000000 ) ) ;
#1381 = DIRECTION ( 'NONE',  ( -0.0000000000000000000, -1.000000000000000000, -0.0000000000000000000 ) ) ;
#1382 = ORIENTED_EDGE ( 'NONE', *, *, #94, .F. ) ;
#1383 = EDGE_CURVE ( 'NONE', #1490, #300, #2307, .T. ) ;
#1384 = PRESENTATION_STYLE_ASSIGNMENT (( #1796 ) ) ;
#1385 = CARTESIAN_POINT ( 'NONE',  ( -1.550000000000001600, 0.0000000000000000000, -0.7500000000000000000 ) ) ;
#1386 = CARTESIAN_POINT ( 'NONE',  ( -1.599999999999999600, -2.934119409414458700, 0.7499999999999993300 ) ) ;
#1387 = CLOSED_SHELL ( 'NONE', ( #2869, #221, #1757, #2410, #817, #2639, #204, #2693, #2399 ) ) ;
#1388 = FACE_OUTER_BOUND ( 'NONE', #2240, .T. ) ;
#1389 = DIRECTION ( 'NONE',  ( 0.0000000000000000000, 0.0000000000000000000, -1.000000000000000000 ) ) ;
#1390 = CIRCLE ( 'NONE', #2261, 0.1249999999999998900 ) ;
#1391 = ORIENTED_EDGE ( 'NONE', *, *, #1428, .T. ) ;
#1392 = AXIS2_PLACEMENT_3D ( 'NONE', #121, #2313, #2589 ) ;
#1393 = DIRECTION ( 'NONE',  ( 1.000000000000000000, 0.0000000000000000000, -0.0000000000000000000 ) ) ;
#1394 = VERTEX_POINT ( 'NONE', #2800 ) ;
#1395 = DIRECTION ( 'NONE',  ( -0.0000000000000000000, -1.000000000000000000, -0.0000000000000000000 ) ) ;
#1396 = CARTESIAN_POINT ( 'NONE',  ( 1.550000000000000500, 1.626303258728256700E-016, 0.7499999999999993300 ) ) ;
#1397 = VERTEX_POINT ( 'NONE', #2578 ) ;
#1398 = EDGE_CURVE ( 'NONE', #1337, #57, #1827, .T. ) ;
#1399 = CARTESIAN_POINT ( 'NONE',  ( -1.550000000000001600, 1.020139996052670500, -0.1999999999999998700 ) ) ;
#1400 = ORIENTED_EDGE ( 'NONE', *, *, #2701, .F. ) ;
#1401 = EDGE_CURVE ( 'NONE', #2702, #74, #2675, .T. ) ;
#1402 = EDGE_CURVE ( 'NONE', #2302, #74, #443, .T. ) ;
#1403 = VERTEX_POINT ( 'NONE', #1433 ) ;
#1404 = DIRECTION ( 'NONE',  ( 0.0000000000000000000, 1.000000000000000000, 0.0000000000000000000 ) ) ;
#1405 = ORIENTED_EDGE ( 'NONE', *, *, #897, .F. ) ;
#1406 = CARTESIAN_POINT ( 'NONE',  ( -1.349999999999999400, 0.3171572875253810800, 0.4999999999999991700 ) ) ;
#1407 = CARTESIAN_POINT ( 'NONE',  ( -1.550000000000001600, 1.020139996052670500, -0.1999999999999998700 ) ) ;
#1408 = VECTOR ( 'NONE', #1754, 1000.000000000000000 ) ;
#1409 = VERTEX_POINT ( 'NONE', #1221 ) ;
#1410 = VECTOR ( 'NONE', #2116, 1000.000000000000000 ) ;
#1411 = ORIENTED_EDGE ( 'NONE', *, *, #962, .T. ) ;
#1412 = DIRECTION ( 'NONE',  ( 1.000000000000000000, 0.0000000000000000000, 0.0000000000000000000 ) ) ;
#1413 = CARTESIAN_POINT ( 'NONE',  ( -1.450000000000000600, 0.9000000000000004700, 0.4999999999999991700 ) ) ;
#1414 = AXIS2_PLACEMENT_3D ( 'NONE', #371, #2588, #2352 ) ;
#1415 = CARTESIAN_POINT ( 'NONE',  ( 1.600000000000000100, 0.1000000000000002600, -0.7500000000000000000 ) ) ;
#1416 = FACE_OUTER_BOUND ( 'NONE', #2015, .T. ) ;
#1417 = LINE ( 'NONE', #1585, #841 ) ;
#1418 = FACE_OUTER_BOUND ( 'NONE', #352, .T. ) ;
#1419 = DIRECTION ( 'NONE',  ( 0.0000000000000000000, 0.0000000000000000000, -1.000000000000000000 ) ) ;
#1420 = ORIENTED_EDGE ( 'NONE', *, *, #125, .T. ) ;
#1421 = VECTOR ( 'NONE', #2537, 1000.000000000000000 ) ;
#1422 = CARTESIAN_POINT ( 'NONE',  ( -1.599999999999999600, 1.084202172485504400E-016, 0.7499999999999993300 ) ) ;
#1423 = CARTESIAN_POINT ( 'NONE',  ( 1.600000000000000100, 0.1000000000000002600, -0.7500000000000000000 ) ) ;
#1424 = ORIENTED_EDGE ( 'NONE', *, *, #84, .T. ) ;
#1425 = PLANE ( 'NONE',  #2398 ) ;
#1426 = ORIENTED_EDGE ( 'NONE', *, *, #1971, .T. ) ;
#1427 = MANIFOLD_SOLID_BREP ( 'Pin 1', #1387 ) ;
#1428 = EDGE_CURVE ( 'NONE', #812, #102, #2495, .T. ) ;
#1429 = CARTESIAN_POINT ( 'NONE',  ( 1.432294901687516400, 0.1000000000000002600, 0.6999999999999996200 ) ) ;
#1430 = ORIENTED_EDGE ( 'NONE', *, *, #787, .F. ) ;
#1431 = AXIS2_PLACEMENT_3D ( 'NONE', #1096, #186, #1961 ) ;
#1432 = ORIENTED_EDGE ( 'NONE', *, *, #1290, .T. ) ;
#1433 = CARTESIAN_POINT ( 'NONE',  ( 1.600000000000000100, 0.6000000000000003100, 0.6249999999999992200 ) ) ;
#1434 = EDGE_CURVE ( 'NONE', #358, #2155, #271, .T. ) ;
#1435 = PRODUCT_DEFINITION_SHAPE ( 'NONE', 'NONE',  #1220 ) ;
#1436 = EDGE_CURVE ( 'NONE', #2048, #2514, #2206, .T. ) ;
#1437 = ORIENTED_EDGE ( 'NONE', *, *, #210, .T. ) ;
#1438 = ORIENTED_EDGE ( 'NONE', *, *, #2262, .F. ) ;
#1439 = VECTOR ( 'NONE', #464, 1000.000000000000000 ) ;
#1440 = ORIENTED_EDGE ( 'NONE', *, *, #1485, .F. ) ;
#1441 = CARTESIAN_POINT ( 'NONE',  ( 1.600000000000000100, 0.6000000000000003100, 0.7499999999999993300 ) ) ;
#1442 = DIRECTION ( 'NONE',  ( 0.7071067811865350300, -5.551115123125782100E-017, 0.7071067811865600100 ) ) ;
#1443 = LINE ( 'NONE', #2657, #2343 ) ;
#1444 = VERTEX_POINT ( 'NONE', #796 ) ;
#1445 = DIRECTION ( 'NONE',  ( -1.000000000000000000, -0.0000000000000000000, 0.0000000000000000000 ) ) ;
#1446 = PLANE ( 'NONE',  #128 ) ;
#1447 = PLANE ( 'NONE',  #2516 ) ;
#1448 = STYLED_ITEM ( 'NONE', ( #1384 ), #1186 ) ;
#1449 = CARTESIAN_POINT ( 'NONE',  ( 1.600000000000000100, 0.6000000000000003100, 0.7499999999999993300 ) ) ;
#1450 = LINE ( 'NONE', #1246, #874 ) ;
#1451 =( NAMED_UNIT ( * ) PLANE_ANGLE_UNIT ( ) SI_UNIT ( $, .RADIAN. ) );
#1452 = CARTESIAN_POINT ( 'NONE',  ( -6.505213034913026600E-016, 1.084202172485504400E-016, -0.1999999999999998700 ) ) ;
#1453 = CIRCLE ( 'NONE', #2301, 0.1249999999999998900 ) ;
#1454 = FACE_OUTER_BOUND ( 'NONE', #2865, .T. ) ;
#1455 = VECTOR ( 'NONE', #1769, 1000.000000000000000 ) ;
#1456 = DIRECTION ( 'NONE',  ( -0.0000000000000000000, -1.000000000000000000, -0.0000000000000000000 ) ) ;
#1457 = ORIENTED_EDGE ( 'NONE', *, *, #1398, .T. ) ;
#1458 = CARTESIAN_POINT ( 'NONE',  ( 1.550000000000000500, 1.626303258728256700E-016, -0.5822949016875161900 ) ) ;
#1459 = FILL_AREA_STYLE_COLOUR ( '', #1248 ) ;
#1460 = ORIENTED_EDGE ( 'NONE', *, *, #2402, .F. ) ;
#1461 = DIRECTION ( 'NONE',  ( -0.0000000000000000000, -0.0000000000000000000, 1.000000000000000000 ) ) ;
#1462 = ADVANCED_FACE ( 'NONE', ( #2810 ), #556, .F. ) ;
#1463 = ORIENTED_EDGE ( 'NONE', *, *, #302, .F. ) ;
#1464 = DIRECTION ( 'NONE',  ( 0.0000000000000000000, -0.0000000000000000000, -1.000000000000000000 ) ) ;
#1465 = AXIS2_PLACEMENT_3D ( 'NONE', #1674, #2557, #2567 ) ;
#1466 = VERTEX_POINT ( 'NONE', #2128 ) ;
#1467 = AXIS2_PLACEMENT_3D ( 'NONE', #573, #795, #2599 ) ;
#1468 = ORIENTED_EDGE ( 'NONE', *, *, #1817, .F. ) ;
#1469 = EDGE_CURVE ( 'NONE', #424, #2082, #2138, .T. ) ;
#1470 = EDGE_CURVE ( 'NONE', #1852, #1230, #1549, .T. ) ;
#1471 = VERTEX_POINT ( 'NONE', #772 ) ;
#1472 = CARTESIAN_POINT ( 'NONE',  ( -1.475201431571840200, 0.1000000000000001600, -0.7429065298843248200 ) ) ;
#1473 = LINE ( 'NONE', #2435, #2600 ) ;
#1474 = VERTEX_POINT ( 'NONE', #1003 ) ;
#1475 = EDGE_CURVE ( 'NONE', #853, #2175, #1614, .T. ) ;
#1476 = UNCERTAINTY_MEASURE_WITH_UNIT (LENGTH_MEASURE( 1.000000000000000100E-005 ), #1333, 'distance_accuracy_value', 'NONE');
#1477 = LINE ( 'NONE', #954, #1793 ) ;
#1478 = FILL_AREA_STYLE ('',( #843 ) ) ;
#1479 = ORIENTED_EDGE ( 'NONE', *, *, #160, .T. ) ;
#1480 = ADVANCED_FACE ( 'NONE', ( #2415 ), #1016, .F. ) ;
#1481 = CARTESIAN_POINT ( 'NONE',  ( -0.8499999999999989800, 0.1000000000000002100, -0.7000000000000002900 ) ) ;
#1482 = DIRECTION ( 'NONE',  ( 0.0000000000000000000, -1.000000000000000000, 0.0000000000000000000 ) ) ;
#1483 = DIRECTION ( 'NONE',  ( 4.336808689942020200E-016, 0.0000000000000000000, -1.000000000000000000 ) ) ;
#1484 = ORIENTED_EDGE ( 'NONE', *, *, #2515, .T. ) ;
#1485 = EDGE_CURVE ( 'NONE', #300, #2741, #2807, .T. ) ;
#1486 = AXIS2_PLACEMENT_3D ( 'NONE', #1259, #616, #806 ) ;
#1487 = VECTOR ( 'NONE', #1823, 1000.000000000000000 ) ;
#1488 = FACE_OUTER_BOUND ( 'NONE', #2047, .T. ) ;
#1489 = VECTOR ( 'NONE', #1442, 1000.000000000000100 ) ;
#1490 = VERTEX_POINT ( 'NONE', #2445 ) ;
#1491 = CARTESIAN_POINT ( 'NONE',  ( 1.474999999999999900, 0.6000000000000002000, -0.7500000000000000000 ) ) ;
#1492 = LINE ( 'NONE', #768, #312 ) ;
#1493 = DIRECTION ( 'NONE',  ( 0.0000000000000000000, 1.000000000000000000, 0.0000000000000000000 ) ) ;
#1494 = VECTOR ( 'NONE', #2194, 1000.000000000000000 ) ;
#1495 = CARTESIAN_POINT ( 'NONE',  ( 1.550000000000000500, 1.020139996052670700, -0.1999999999999998700 ) ) ;
#1496 = EDGE_CURVE ( 'NONE', #2849, #2605, #1443, .T. ) ;
#1497 = CARTESIAN_POINT ( 'NONE',  ( 0.8499999999999994200, 1.020139996052670500, 0.6999999999999996200 ) ) ;
#1498 = ORIENTED_EDGE ( 'NONE', *, *, #2286, .T. ) ;
#1499 = DIRECTION ( 'NONE',  ( -1.000000000000000000, 0.0000000000000000000, 0.0000000000000000000 ) ) ;
#1500 = ORIENTED_EDGE ( 'NONE', *, *, #587, .T. ) ;
#1501 = AXIS2_PLACEMENT_3D ( 'NONE', #1406, #299, #993 ) ;
#1502 = VERTEX_POINT ( 'NONE', #2221 ) ;
#1503 = EDGE_CURVE ( 'NONE', #256, #1897, #1960, .T. ) ;
#1504 = ORIENTED_EDGE ( 'NONE', *, *, #2680, .F. ) ;
#1505 = ADVANCED_FACE ( 'NONE', ( #653 ), #598, .F. ) ;
#1506 = CARTESIAN_POINT ( 'NONE',  ( -1.599999999999999600, 1.020139996052670500, -0.7500000000000000000 ) ) ;
#1507 = DIRECTION ( 'NONE',  ( 0.0000000000000000000, 0.0000000000000000000, 1.000000000000000000 ) ) ;
#1508 = VECTOR ( 'NONE', #2149, 1000.000000000000000 ) ;
#1509 = EDGE_LOOP ( 'NONE', ( #120, #2812, #620, #766 ) ) ;
#1510 = EDGE_CURVE ( 'NONE', #2626, #936, #1824, .T. ) ;
#1511 = ORIENTED_EDGE ( 'NONE', *, *, #2696, .T. ) ;
#1512 = SURFACE_STYLE_USAGE ( .BOTH. , #876 ) ;
#1513 = DIRECTION ( 'NONE',  ( 1.000000000000000000, 0.0000000000000000000, -1.239088197126291300E-015 ) ) ;
#1514 = ORIENTED_EDGE ( 'NONE', *, *, #2780, .T. ) ;
#1515 = SURFACE_STYLE_USAGE ( .BOTH. , #2381 ) ;
#1516 = SHAPE_DEFINITION_REPRESENTATION ( #1435, #2646 ) ;
#1517 = DIRECTION ( 'NONE',  ( -0.7071067811865466800, -0.0000000000000000000, 0.7071067811865483500 ) ) ;
#1518 = EDGE_CURVE ( 'NONE', #1852, #1366, #1080, .T. ) ;
#1519 = CARTESIAN_POINT ( 'NONE',  ( -6.505213034913026600E-016, 1.084202172485504400E-016, -0.7500000000000000000 ) ) ;
#1520 = ADVANCED_FACE ( 'NONE', ( #2737 ), #2711, .F. ) ;
#1521 = VERTEX_POINT ( 'NONE', #820 ) ;
#1522 = DIRECTION ( 'NONE',  ( -1.239088197126291300E-015, 0.0000000000000000000, -1.000000000000000000 ) ) ;
#1523 = LINE ( 'NONE', #364, #2503 ) ;
#1524 = LINE ( 'NONE', #12, #1494 ) ;
#1525 = ORIENTED_EDGE ( 'NONE', *, *, #1475, .F. ) ;
#1526 = EDGE_CURVE ( 'NONE', #682, #147, #2846, .T. ) ;
#1527 = PRODUCT_CONTEXT ( 'NONE', #153, 'mechanical' ) ;
#1528 = AXIS2_PLACEMENT_3D ( 'NONE', #1955, #1760, #1331 ) ;
#1529 = AXIS2_PLACEMENT_3D ( 'NONE', #1083, #1980, #219 ) ;
#1530 = DIRECTION ( 'NONE',  ( -0.0000000000000000000, -0.0000000000000000000, 1.000000000000000000 ) ) ;
#1531 = EDGE_LOOP ( 'NONE', ( #286, #966, #558, #2835 ) ) ;
#1532 = PLANE ( 'NONE',  #1748 ) ;
#1533 = PLANE ( 'NONE',  #412 ) ;
#1534 = ORIENTED_EDGE ( 'NONE', *, *, #239, .F. ) ;
#1535 = DIRECTION ( 'NONE',  ( 1.000000000000000000, 0.0000000000000000000, -0.0000000000000000000 ) ) ;
#1536 = ADVANCED_FACE ( 'NONE', ( #1755 ), #2424, .T. ) ;
#1537 = ORIENTED_EDGE ( 'NONE', *, *, #1434, .T. ) ;
#1538 = DIRECTION ( 'NONE',  ( 0.0000000000000000000, 0.0000000000000000000, -1.000000000000000000 ) ) ;
#1539 = VERTEX_POINT ( 'NONE', #2881 ) ;
#1540 = EDGE_CURVE ( 'NONE', #2017, #2060, #580, .T. ) ;
#1541 = AXIS2_PLACEMENT_3D ( 'NONE', #760, #2788, #997 ) ;
#1542 = CARTESIAN_POINT ( 'NONE',  ( 0.8500000000000012000, 1.084202172485504400E-016, -0.7000000000000002900 ) ) ;
#1543 = CARTESIAN_POINT ( 'NONE',  ( -1.550000000000001600, 0.1000000000000002600, -0.1999999999999998700 ) ) ;
#1544 = ORIENTED_EDGE ( 'NONE', *, *, #1266, .T. ) ;
#1545 = DIRECTION ( 'NONE',  ( 1.000000000000000000, 0.0000000000000000000, -0.0000000000000000000 ) ) ;
#1546 = VECTOR ( 'NONE', #155, 1000.000000000000000 ) ;
#1547 = DIRECTION ( 'NONE',  ( 1.000000000000000000, 0.0000000000000000000, -0.0000000000000000000 ) ) ;
#1548 = ORIENTED_EDGE ( 'NONE', *, *, #1589, .T. ) ;
#1549 = LINE ( 'NONE', #1875, #2201 ) ;
#1550 = PLANE ( 'NONE',  #253 ) ;
#1551 = ORIENTED_EDGE ( 'NONE', *, *, #1602, .T. ) ;
#1552 = EDGE_CURVE ( 'NONE', #1376, #1069, #1046, .T. ) ;
#1553 = DIRECTION ( 'NONE',  ( 1.000000000000000000, -0.0000000000000000000, 0.0000000000000000000 ) ) ;
#1554 = EDGE_CURVE ( 'NONE', #57, #470, #1174, .T. ) ;
#1555 = ADVANCED_FACE ( 'NONE', ( #784 ), #143, .F. ) ;
#1556 = DIRECTION ( 'NONE',  ( 0.0000000000000000000, -1.000000000000000000, 0.0000000000000000000 ) ) ;
#1557 = CARTESIAN_POINT ( 'NONE',  ( 1.550000000000000500, 1.626303258728256700E-016, 0.5822949016875156300 ) ) ;
#1558 = CARTESIAN_POINT ( 'NONE',  ( 0.8499999999999994200, 0.1000000000000001000, 0.1999999999999994300 ) ) ;
#1559 = CIRCLE ( 'NONE', #109, 0.1000000000000000500 ) ;
#1560 = CIRCLE ( 'NONE', #2585, 0.1000000000000000500 ) ;
#1561 = CARTESIAN_POINT ( 'NONE',  ( 1.592906529884323000, 0.1000000000000001600, 0.6252014315718400500 ) ) ;
#1562 = FACE_OUTER_BOUND ( 'NONE', #2306, .T. ) ;
#1563 = CARTESIAN_POINT ( 'NONE',  ( 1.475201431571840700, 1.000000000000000200, -0.7429065298843248200 ) ) ;
#1564 = LINE ( 'NONE', #900, #951 ) ;
#1565 = CARTESIAN_POINT ( 'NONE',  ( 0.8500000000000012000, 1.084202172485504400E-016, 0.7499999999999993300 ) ) ;
#1566 = ORIENTED_EDGE ( 'NONE', *, *, #2580, .F. ) ;
#1567 = MECHANICAL_DESIGN_GEOMETRIC_PRESENTATION_REPRESENTATION (  '', ( #2052 ), #19 ) ;
#1568 = DIRECTION ( 'NONE',  ( 1.000000000000000000, 0.0000000000000000000, -0.0000000000000000000 ) ) ;
#1569 = AXIS2_PLACEMENT_3D ( 'NONE', #2196, #2879, #207 ) ;
#1570 = ADVANCED_FACE ( 'NONE', ( #899 ), #1699, .F. ) ;
#1571 = AXIS2_PLACEMENT_3D ( 'NONE', #2386, #1071, #2590 ) ;
#1572 = DIRECTION ( 'NONE',  ( -1.000000000000000000, 0.0000000000000000000, 0.0000000000000000000 ) ) ;
#1573 = ORIENTED_EDGE ( 'NONE', *, *, #699, .T. ) ;
#1574 = CARTESIAN_POINT ( 'NONE',  ( -1.599999999999999600, 1.084202172485504400E-016, -0.7500000000000000000 ) ) ;
#1575 = DIRECTION ( 'NONE',  ( 0.7071067811865458000, -5.551115123125782100E-017, -0.7071067811865492400 ) ) ;
#1576 = ORIENTED_EDGE ( 'NONE', *, *, #1510, .F. ) ;
#1577 = EDGE_LOOP ( 'NONE', ( #466, #2241, #1411, #2327 ) ) ;
#1578 = EDGE_CURVE ( 'NONE', #278, #2408, #372, .T. ) ;
#1579 = ORIENTED_EDGE ( 'NONE', *, *, #836, .F. ) ;
#1580 = CIRCLE ( 'NONE', #779, 0.1000000000000000500 ) ;
#1581 = AXIS2_PLACEMENT_3D ( 'NONE', #2163, #403, #2633 ) ;
#1582 = VERTEX_POINT ( 'NONE', #1981 ) ;
#1583 = ADVANCED_FACE ( 'NONE', ( #2031 ), #676, .F. ) ;
#1584 = DIRECTION ( 'NONE',  ( 0.7071067811865466800, 0.0000000000000000000, -0.7071067811865483500 ) ) ;
#1585 = CARTESIAN_POINT ( 'NONE',  ( 1.600000000000000100, 0.1000000000000002600, -0.7000000000000002900 ) ) ;
#1586 = LINE ( 'NONE', #2018, #865 ) ;
#1587 = VERTEX_POINT ( 'NONE', #1975 ) ;
#1588 = EDGE_CURVE ( 'NONE', #1521, #682, #1473, .T. ) ;
#1589 = EDGE_CURVE ( 'NONE', #1998, #293, #1586, .T. ) ;
#1590 = DIRECTION ( 'NONE',  ( 0.7071067811865483500, 0.0000000000000000000, 0.7071067811865466800 ) ) ;
#1591 = SURFACE_STYLE_FILL_AREA ( #1711 ) ;
#1592 = VECTOR ( 'NONE', #2444, 1000.000000000000100 ) ;
#1593 =( LENGTH_UNIT ( ) NAMED_UNIT ( * ) SI_UNIT ( .MILLI., .METRE. ) );
#1594 = VECTOR ( 'NONE', #2199, 1000.000000000000100 ) ;
#1595 = LINE ( 'NONE', #1279, #847 ) ;
#1596 = LINE ( 'NONE', #2451, #313 ) ;
#1597 = EDGE_LOOP ( 'NONE', ( #941, #1002, #491, #632 ) ) ;
#1598 = AXIS2_PLACEMENT_3D ( 'NONE', #331, #1240, #2333 ) ;
#1599 = PLANE ( 'NONE',  #1969 ) ;
#1600 = CARTESIAN_POINT ( 'NONE',  ( -1.599999999999999600, 0.6000000000000000900, -0.6249999999999998900 ) ) ;
#1601 = DIRECTION ( 'NONE',  ( -0.0000000000000000000, -0.0000000000000000000, 1.000000000000000000 ) ) ;
#1602 = EDGE_CURVE ( 'NONE', #335, #1376, #2239, .T. ) ;
#1603 = EDGE_LOOP ( 'NONE', ( #648, #2193, #1200, #2195, #1281, #613, #1026, #2497 ) ) ;
#1604 = EDGE_CURVE ( 'NONE', #872, #256, #268, .T. ) ;
#1605 = VERTEX_POINT ( 'NONE', #2714 ) ;
#1606 = DIRECTION ( 'NONE',  ( -1.000000000000000000, 0.0000000000000000000, 0.0000000000000000000 ) ) ;
#1607 = CARTESIAN_POINT ( 'NONE',  ( 0.8499999999999994200, 0.1000000000000001000, -0.1999999999999998700 ) ) ;
#1608 = ORIENTED_EDGE ( 'NONE', *, *, #2754, .F. ) ;
#1609 = CARTESIAN_POINT ( 'NONE',  ( 1.474999999999999900, 1.000000000000000200, 0.7499999999999993300 ) ) ;
#1610 = DIRECTION ( 'NONE',  ( 0.0000000000000000000, 1.000000000000000000, 0.0000000000000000000 ) ) ;
#1611 = ORIENTED_EDGE ( 'NONE', *, *, #911, .T. ) ;
#1612 = SURFACE_STYLE_FILL_AREA ( #1478 ) ;
#1613 = VERTEX_POINT ( 'NONE', #2486 ) ;
#1614 = LINE ( 'NONE', #1644, #1686 ) ;
#1615 = ORIENTED_EDGE ( 'NONE', *, *, #906, .F. ) ;
#1616 = DIRECTION ( 'NONE',  ( 0.7071067811865359200, 0.0000000000000000000, -0.7071067811865591200 ) ) ;
#1617 = CARTESIAN_POINT ( 'NONE',  ( 1.600000000000000100, 0.1000000000000002600, 0.7499999999999993300 ) ) ;
#1618 = AXIS2_PLACEMENT_3D ( 'NONE', #1342, #2003, #465 ) ;
#1619 = PRESENTATION_STYLE_ASSIGNMENT (( #2815 ) ) ;
#1620 = ORIENTED_EDGE ( 'NONE', *, *, #291, .T. ) ;
#1621 = DIRECTION ( 'NONE',  ( 0.7071067811865466800, 0.0000000000000000000, -0.7071067811865483500 ) ) ;
#1622 = DIRECTION ( 'NONE',  ( -0.7071067811865491300, 0.0000000000000000000, -0.7071067811865459100 ) ) ;
#1623 = ADVANCED_FACE ( 'NONE', ( #824 ), #200, .F. ) ;
#1624 = FACE_OUTER_BOUND ( 'NONE', #2772, .T. ) ;
#1625 = VECTOR ( 'NONE', #137, 1000.000000000000000 ) ;
#1626 = DIRECTION ( 'NONE',  ( 0.7071067811865509000, -5.551115123125782100E-017, 0.7071067811865441300 ) ) ;
#1627 = EDGE_CURVE ( 'NONE', #2849, #112, #2056, .T. ) ;
#1628 = CARTESIAN_POINT ( 'NONE',  ( -1.599999999999999600, 0.09999999999999993600, -0.1999999999999998700 ) ) ;
#1629 = CARTESIAN_POINT ( 'NONE',  ( -1.475201431571842000, 1.000000000000000200, 0.7429065298843241500 ) ) ;
#1630 = VERTEX_POINT ( 'NONE', #2038 ) ;
#1631 = ORIENTED_EDGE ( 'NONE', *, *, #1552, .F. ) ;
#1632 = AXIS2_PLACEMENT_3D ( 'NONE', #2642, #1926, #2409 ) ;
#1633 = DIRECTION ( 'NONE',  ( -0.0000000000000000000, 0.0000000000000000000, 1.000000000000000000 ) ) ;
#1634 = DIRECTION ( 'NONE',  ( -0.0000000000000000000, 1.000000000000000000, -0.0000000000000000000 ) ) ;
#1635 = DIRECTION ( 'NONE',  ( -0.0000000000000000000, 1.000000000000000000, -0.0000000000000000000 ) ) ;
#1636 = ORIENTED_EDGE ( 'NONE', *, *, #2843, .F. ) ;
#1637 = EDGE_CURVE ( 'NONE', #936, #227, #2492, .T. ) ;
#1638 = EDGE_LOOP ( 'NONE', ( #1714, #136, #359, #2335 ) ) ;
#1639 = EDGE_CURVE ( 'NONE', #199, #1795, #2631, .T. ) ;
#1640 = ORIENTED_EDGE ( 'NONE', *, *, #959, .F. ) ;
#1641 = DIRECTION ( 'NONE',  ( 0.0000000000000000000, 0.0000000000000000000, -1.000000000000000000 ) ) ;
#1642 = DIRECTION ( 'NONE',  ( -1.000000000000000000, 0.0000000000000000000, 0.0000000000000000000 ) ) ;
#1643 = ORIENTED_EDGE ( 'NONE', *, *, #435, .F. ) ;
#1644 = CARTESIAN_POINT ( 'NONE',  ( 1.432294901687516400, 0.1000000000000002600, 0.6999999999999996200 ) ) ;
#1645 = DIRECTION ( 'NONE',  ( 1.000000000000000000, -0.0000000000000000000, 1.861946874931308900E-016 ) ) ;
#1646 = ORIENTED_EDGE ( 'NONE', *, *, #2742, .F. ) ;
#1647 = CARTESIAN_POINT ( 'NONE',  ( 1.550000000000000500, 1.020139996052670700, -0.1999999999999998700 ) ) ;
#1648 = VECTOR ( 'NONE', #493, 1000.000000000000000 ) ;
#1649 = AXIS2_PLACEMENT_3D ( 'NONE', #105, #2087, #1673 ) ;
#1650 = VERTEX_POINT ( 'NONE', #35 ) ;
#1651 = CARTESIAN_POINT ( 'NONE',  ( -1.592906529884324400, 1.000000000000000400, 0.6252014315718400500 ) ) ;
#1652 = VERTEX_POINT ( 'NONE', #235 ) ;
#1653 = DIRECTION ( 'NONE',  ( -0.0000000000000000000, 1.000000000000000000, -0.0000000000000000000 ) ) ;
#1654 = EDGE_CURVE ( 'NONE', #816, #1795, #471, .T. ) ;
#1655 = PRESENTATION_LAYER_ASSIGNMENT (  '', '', ( #2052 ) ) ;
#1656 = CARTESIAN_POINT ( 'NONE',  ( -1.475201431571842000, 1.084202172485504400E-016, -0.7429065298843248200 ) ) ;
#1657 = VECTOR ( 'NONE', #202, 1000.000000000000000 ) ;
#1658 = FACE_OUTER_BOUND ( 'NONE', #1925, .T. ) ;
#1659 = CIRCLE ( 'NONE', #2872, 0.1249999999999998900 ) ;
#1660 = DIRECTION ( 'NONE',  ( 0.7071067811865440200, 0.0000000000000000000, -0.7071067811865511300 ) ) ;
#1661 = FACE_OUTER_BOUND ( 'NONE', #411, .T. ) ;
#1662 = VECTOR ( 'NONE', #250, 1000.000000000000200 ) ;
#1663 = LINE ( 'NONE', #2665, #2887 ) ;
#1664 = LINE ( 'NONE', #2095, #2787 ) ;
#1665 =( NAMED_UNIT ( * ) PLANE_ANGLE_UNIT ( ) SI_UNIT ( $, .RADIAN. ) );
#1666 = DIRECTION ( 'NONE',  ( -1.000000000000000000, 0.0000000000000000000, -0.0000000000000000000 ) ) ;
#1667 = EDGE_CURVE ( 'NONE', #1394, #2880, #115, .T. ) ;
#1668 = EDGE_LOOP ( 'NONE', ( #2644, #1479, #2340, #2269 ) ) ;
#1669 = DIRECTION ( 'NONE',  ( -0.7071067811865519000, 0.0000000000000000000, -0.7071067811865431300 ) ) ;
#1670 = EDGE_LOOP ( 'NONE', ( #2151, #2845, #49, #949 ) ) ;
#1671 = PLANE ( 'NONE',  #2323 ) ;
#1672 = FILL_AREA_STYLE_COLOUR ( '', #130 ) ;
#1673 = DIRECTION ( 'NONE',  ( 1.000000000000000000, 0.0000000000000000000, 0.0000000000000000000 ) ) ;
#1674 = CARTESIAN_POINT ( 'NONE',  ( 0.8499999999999994200, 0.1000000000000001000, -0.1999999999999998700 ) ) ;
#1675 = EDGE_CURVE ( 'NONE', #260, #2302, #1679, .T. ) ;
#1676 = ORIENTED_EDGE ( 'NONE', *, *, #2606, .F. ) ;
#1677 = CARTESIAN_POINT ( 'NONE',  ( -1.432294901687515900, 0.1000000000000001600, 0.6999999999999996200 ) ) ;
#1678 = ORIENTED_EDGE ( 'NONE', *, *, #1705, .T. ) ;
#1679 = LINE ( 'NONE', #484, #935 ) ;
#1680 = ORIENTED_EDGE ( 'NONE', *, *, #232, .F. ) ;
#1681 = CARTESIAN_POINT ( 'NONE',  ( -1.349999999999999400, 1.000000000000000200, 0.4999999999999991700 ) ) ;
#1682 = ADVANCED_FACE ( 'NONE', ( #778 ), #1599, .F. ) ;
#1683 = DIRECTION ( 'NONE',  ( 0.0000000000000000000, -1.000000000000000000, 0.0000000000000000000 ) ) ;
#1684 = CARTESIAN_POINT ( 'NONE',  ( -1.474999999999999400, 1.000000000000000200, -0.7500000000000000000 ) ) ;
#1685 = CARTESIAN_POINT ( 'NONE',  ( 1.600000000000000100, 2.168404344971008900E-016, 0.7499999999999993300 ) ) ;
#1686 = VECTOR ( 'NONE', #1252, 1000.000000000000000 ) ;
#1687 = ORIENTED_EDGE ( 'NONE', *, *, #2289, .F. ) ;
#1688 = CARTESIAN_POINT ( 'NONE',  ( -1.550000000000001600, 0.1000000000000001600, 0.5822949016875156300 ) ) ;
#1689 = DIRECTION ( 'NONE',  ( 1.000000000000000000, 0.0000000000000000000, -0.0000000000000000000 ) ) ;
#1690 = DIRECTION ( 'NONE',  ( -0.7071067811865413600, 0.0000000000000000000, -0.7071067811865536800 ) ) ;
#1691 = ORIENTED_EDGE ( 'NONE', *, *, #1698, .F. ) ;
#1692 = CARTESIAN_POINT ( 'NONE',  ( 1.550000000000000500, 0.1000000000000002600, 0.1999999999999994300 ) ) ;
#1693 = EDGE_CURVE ( 'NONE', #2155, #770, #262, .T. ) ;
#1694 = AXIS2_PLACEMENT_3D ( 'NONE', #2560, #314, #569 ) ;
#1695 = DIRECTION ( 'NONE',  ( 0.7071067811865465700, 0.0000000000000000000, -0.7071067811865484600 ) ) ;
#1696 = VECTOR ( 'NONE', #407, 1000.000000000000000 ) ;
#1697 = DIRECTION ( 'NONE',  ( -0.7071067811865459100, 0.0000000000000000000, 0.7071067811865491300 ) ) ;
#1698 = EDGE_CURVE ( 'NONE', #222, #2502, #1170, .T. ) ;
#1699 = PLANE ( 'NONE',  #487 ) ;
#1700 = FACE_OUTER_BOUND ( 'NONE', #272, .T. ) ;
#1701 = CARTESIAN_POINT ( 'NONE',  ( -1.599999999999999600, 0.1000000000000000500, 0.7499999999999993300 ) ) ;
#1702 = LINE ( 'NONE', #2246, #29 ) ;
#1703 = FACE_OUTER_BOUND ( 'NONE', #290, .T. ) ;
#1704 = CARTESIAN_POINT ( 'NONE',  ( 1.550000000000000500, 0.1000000000000002600, -0.1999999999999998700 ) ) ;
#1705 = EDGE_CURVE ( 'NONE', #2077, #1230, #1006, .T. ) ;
#1706 = LINE ( 'NONE', #837, #2220 ) ;
#1707 = EDGE_CURVE ( 'NONE', #1230, #689, #46, .T. ) ;
#1708 = CARTESIAN_POINT ( 'NONE',  ( -1.475201431571842000, 1.020139996052670500, 0.7429065298843241500 ) ) ;
#1709 = CARTESIAN_POINT ( 'NONE',  ( -1.550000000000001600, 0.1000000000000001600, 0.5822949016875156300 ) ) ;
#1710 = CARTESIAN_POINT ( 'NONE',  ( -1.432294901687515900, 0.1000000000000000500, 0.6999999999999996200 ) ) ;
#1711 = FILL_AREA_STYLE ('',( #1672 ) ) ;
#1712 = PLANE ( 'NONE',  #2674 ) ;
#1713 = STYLED_ITEM ( 'NONE', ( #93 ), #1107 ) ;
#1714 = ORIENTED_EDGE ( 'NONE', *, *, #2466, .T. ) ;
#1715 = VERTEX_POINT ( 'NONE', #989 ) ;
#1716 = AXIS2_PLACEMENT_3D ( 'NONE', #1718, #2157, #608 ) ;
#1717 = PLANE ( 'NONE',  #2530 ) ;
#1718 = CARTESIAN_POINT ( 'NONE',  ( -1.599999999999999600, 1.084202172485504400E-016, -0.7500000000000000000 ) ) ;
#1719 = EDGE_LOOP ( 'NONE', ( #2797, #71, #2840, #710 ) ) ;
#1720 = DIRECTION ( 'NONE',  ( 1.000000000000000000, 0.0000000000000000000, 0.0000000000000000000 ) ) ;
#1721 = EDGE_LOOP ( 'NONE', ( #530, #988 ) ) ;
#1722 = AXIS2_PLACEMENT_3D ( 'NONE', #2022, #8, #2660 ) ;
#1723 = LINE ( 'NONE', #1651, #1888 ) ;
#1724 = VERTEX_POINT ( 'NONE', #1853 ) ;
#1725 = FACE_OUTER_BOUND ( 'NONE', #2260, .T. ) ;
#1726 = ORIENTED_EDGE ( 'NONE', *, *, #2168, .F. ) ;
#1727 = EDGE_CURVE ( 'NONE', #2448, #2769, #749, .T. ) ;
#1728 = ORIENTED_EDGE ( 'NONE', *, *, #836, .T. ) ;
#1729 = VECTOR ( 'NONE', #1353, 1000.000000000000000 ) ;
#1730 = DIRECTION ( 'NONE',  ( 0.7071067811865476800, 0.0000000000000000000, 0.7071067811865474600 ) ) ;
#1731 = PLANE ( 'NONE',  #517 ) ;
#1732 = AXIS2_PLACEMENT_3D ( 'NONE', #2609, #830, #2597 ) ;
#1733 = UNCERTAINTY_MEASURE_WITH_UNIT (LENGTH_MEASURE( 1.000000000000000100E-005 ), #2104, 'distance_accuracy_value', 'NONE');
#1734 = EDGE_CURVE ( 'NONE', #634, #256, #2025, .T. ) ;
#1735 = FACE_OUTER_BOUND ( 'NONE', #2539, .T. ) ;
#1736 = FACE_OUTER_BOUND ( 'NONE', #1668, .T. ) ;
#1737 = CIRCLE ( 'NONE', #85, 0.1249999999999998900 ) ;
#1738 = EDGE_CURVE ( 'NONE', #1011, #1976, #1819, .T. ) ;
#1739 = VECTOR ( 'NONE', #1311, 1000.000000000000200 ) ;
#1740 = LINE ( 'NONE', #2888, #2282 ) ;
#1741 = FACE_OUTER_BOUND ( 'NONE', #2140, .T. ) ;
#1742 = VERTEX_POINT ( 'NONE', #2520 ) ;
#1743 = CARTESIAN_POINT ( 'NONE',  ( 1.592906529884323000, 0.1000000000000001600, -0.6252014315718407200 ) ) ;
#1744 = ADVANCED_FACE ( 'NONE', ( #2450 ), #1343, .F. ) ;
#1745 = EDGE_LOOP ( 'NONE', ( #774, #1146, #2493, #2799 ) ) ;
#1746 = PLANE ( 'NONE',  #1529 ) ;
#1747 = CLOSED_SHELL ( 'NONE', ( #644, #2740, #660, #1948, #1957, #6, #247, #2885, #2190, #1338 ) ) ;
#1748 = AXIS2_PLACEMENT_3D ( 'NONE', #192, #1104, #2180 ) ;
#1749 = DIRECTION ( 'NONE',  ( -1.000000000000000000, 0.0000000000000000000, 0.0000000000000000000 ) ) ;
#1750 = ORIENTED_EDGE ( 'NONE', *, *, #2421, .T. ) ;
#1751 = EDGE_LOOP ( 'NONE', ( #2288, #1247, #2724, #53 ) ) ;
#1752 = LINE ( 'NONE', #635, #1508 ) ;
#1753 = ORIENTED_EDGE ( 'NONE', *, *, #2024, .T. ) ;
#1754 = DIRECTION ( 'NONE',  ( -0.0000000000000000000, -0.0000000000000000000, 1.000000000000000000 ) ) ;
#1755 = FACE_OUTER_BOUND ( 'NONE', #1245, .T. ) ;
#1756 = EDGE_LOOP ( 'NONE', ( #1812, #1438, #1987, #750 ) ) ;
#1757 = ADVANCED_FACE ( 'NONE', ( #2518 ), #319, .T. ) ;
#1758 = FILL_AREA_STYLE ('',( #213 ) ) ;
#1759 = VECTOR ( 'NONE', #1839, 1000.000000000000000 ) ;
#1760 = DIRECTION ( 'NONE',  ( -1.000000000000000000, 0.0000000000000000000, -0.0000000000000000000 ) ) ;
#1761 = CARTESIAN_POINT ( 'NONE',  ( -0.8500000000000007500, 5.421010862427522200E-017, 0.7499999999999993300 ) ) ;
#1762 = VECTOR ( 'NONE', #1985, 1000.000000000000000 ) ;
#1763 = EDGE_LOOP ( 'NONE', ( #2591, #67, #2708, #1437 ) ) ;
#1764 = CARTESIAN_POINT ( 'NONE',  ( 0.8499999999999994200, 0.1000000000000001000, 0.6999999999999996200 ) ) ;
#1765 = FACE_OUTER_BOUND ( 'NONE', #2731, .T. ) ;
#1766 = AXIS2_PLACEMENT_3D ( 'NONE', #585, #2114, #2370 ) ;
#1767 = PLANE ( 'NONE',  #322 ) ;
#1768 = VECTOR ( 'NONE', #1697, 1000.000000000000100 ) ;
#1769 = DIRECTION ( 'NONE',  ( 1.000000000000000000, 0.0000000000000000000, -0.0000000000000000000 ) ) ;
#1770 = ADVANCED_FACE ( 'NONE', ( #2802 ), #1195, .T. ) ;
#1771 = EDGE_CURVE ( 'NONE', #1267, #1444, #650, .T. ) ;
#1772 = AXIS2_PLACEMENT_3D ( 'NONE', #751, #1028, #987 ) ;
#1773 = CARTESIAN_POINT ( 'NONE',  ( -1.000000000000001600, 2.168404344971008900E-016, 0.1999999999999994300 ) ) ;
#1774 = EDGE_LOOP ( 'NONE', ( #2776, #1979, #436, #2511 ) ) ;
#1775 = ORIENTED_EDGE ( 'NONE', *, *, #113, .T. ) ;
#1776 = CARTESIAN_POINT ( 'NONE',  ( -1.599999999999999600, 1.000000000000000200, 0.7499999999999993300 ) ) ;
#1777 = CARTESIAN_POINT ( 'NONE',  ( -1.250000000000000000, 0.3171572875253808600, 0.4999999999999991700 ) ) ;
#1778 = EDGE_CURVE ( 'NONE', #863, #245, #1243, .T. ) ;
#1779 = ORIENTED_EDGE ( 'NONE', *, *, #2364, .T. ) ;
#1780 = EDGE_LOOP ( 'NONE', ( #2838, #996, #88, #2265 ) ) ;
#1781 = CARTESIAN_POINT ( 'NONE',  ( 1.432294901687516400, 0.1000000000000002600, -0.7000000000000002900 ) ) ;
#1782 = DIRECTION ( 'NONE',  ( -1.000000000000000000, -0.0000000000000000000, 0.0000000000000000000 ) ) ;
#1783 = DIRECTION ( 'NONE',  ( -1.000000000000000000, 0.0000000000000000000, 0.0000000000000000000 ) ) ;
#1784 = ORIENTED_EDGE ( 'NONE', *, *, #2058, .F. ) ;
#1785 = EDGE_CURVE ( 'NONE', #1366, #1307, #1851, .T. ) ;
#1786 = ADVANCED_FACE ( 'NONE', ( #1929 ), #1189, .F. ) ;
#1787 = CARTESIAN_POINT ( 'NONE',  ( 1.550000000000000500, 1.020139996052670700, 0.1999999999999994300 ) ) ;
#1788 = FILL_AREA_STYLE_COLOUR ( '', #61 ) ;
#1789 = ORIENTED_EDGE ( 'NONE', *, *, #1627, .F. ) ;
#1790 = EDGE_CURVE ( 'NONE', #2514, #2489, #2377, .T. ) ;
#1791 = LINE ( 'NONE', #2290, #2305 ) ;
#1792 = ORIENTED_EDGE ( 'NONE', *, *, #2843, .T. ) ;
#1793 = VECTOR ( 'NONE', #1210, 1000.000000000000000 ) ;
#1794 = ORIENTED_EDGE ( 'NONE', *, *, #1048, .F. ) ;
#1795 = VERTEX_POINT ( 'NONE', #289 ) ;
#1796 = SURFACE_STYLE_USAGE ( .BOTH. , #1813 ) ;
#1797 = CARTESIAN_POINT ( 'NONE',  ( 1.475201431571840700, 0.1000000000000001000, 0.7429065298843258200 ) ) ;
#1798 = LINE ( 'NONE', #451, #1729 ) ;
#1799 = ADVANCED_FACE ( 'NONE', ( #576 ), #2531, .F. ) ;
#1800 = COLOUR_RGB ( '',1.000000000000000000, 0.8117647058823529400, 0.5019607843137254800 ) ;
#1801 = AXIS2_PLACEMENT_3D ( 'NONE', #1172, #307, #91 ) ;
#1802 = FACE_OUTER_BOUND ( 'NONE', #2827, .T. ) ;
#1803 = DIRECTION ( 'NONE',  ( 0.0000000000000000000, 1.000000000000000000, 0.0000000000000000000 ) ) ;
#1804 = LINE ( 'NONE', #2440, #214 ) ;
#1805 = VECTOR ( 'NONE', #821, 1000.000000000000000 ) ;
#1806 = DIRECTION ( 'NONE',  ( -0.0000000000000000000, 1.000000000000000000, -0.0000000000000000000 ) ) ;
#1807 = VECTOR ( 'NONE', #1389, 1000.000000000000000 ) ;
#1808 = FILL_AREA_STYLE ('',( #1788 ) ) ;
#1809 = EDGE_CURVE ( 'NONE', #1521, #870, #1791, .T. ) ;
#1810 = AXIS2_PLACEMENT_3D ( 'NONE', #1495, #2120, #2803 ) ;
#1811 = DIRECTION ( 'NONE',  ( 0.7071067811865466800, 0.0000000000000000000, -0.7071067811865483500 ) ) ;
#1812 = ORIENTED_EDGE ( 'NONE', *, *, #855, .T. ) ;
#1813 = SURFACE_SIDE_STYLE ('',( #694 ) ) ;
#1814 = VERTEX_POINT ( 'NONE', #1214 ) ;
#1815 = DIRECTION ( 'NONE',  ( -0.7071067811865459100, 0.0000000000000000000, 0.7071067811865491300 ) ) ;
#1816 = ORIENTED_EDGE ( 'NONE', *, *, #95, .F. ) ;
#1817 = EDGE_CURVE ( 'NONE', #1982, #904, #2165, .T. ) ;
#1818 = ORIENTED_EDGE ( 'NONE', *, *, #2482, .T. ) ;
#1819 = LINE ( 'NONE', #2544, #1140 ) ;
#1820 = AXIS2_PLACEMENT_3D ( 'NONE', #2271, #1000, #1633 ) ;
#1821 = ORIENTED_EDGE ( 'NONE', *, *, #1063, .T. ) ;
#1822 = CARTESIAN_POINT ( 'NONE',  ( 0.8499999999999994200, 1.020139996052670500, -0.7000000000000002900 ) ) ;
#1823 = DIRECTION ( 'NONE',  ( -0.0000000000000000000, -1.000000000000000000, -0.0000000000000000000 ) ) ;
#1824 = CIRCLE ( 'NONE', #357, 0.1249999999999998900 ) ;
#1825 = ORIENTED_EDGE ( 'NONE', *, *, #2890, .F. ) ;
#1826 = EDGE_CURVE ( 'NONE', #440, #2033, #504, .T. ) ;
#1827 = LINE ( 'NONE', #1886, #376 ) ;
#1828 = ORIENTED_EDGE ( 'NONE', *, *, #252, .T. ) ;
#1829 = DIRECTION ( 'NONE',  ( -1.000000000000000000, 0.0000000000000000000, 0.0000000000000000000 ) ) ;
#1830 = CARTESIAN_POINT ( 'NONE',  ( -1.000000000000001600, 2.168404344971008900E-016, 0.1999999999999994300 ) ) ;
#1831 = CARTESIAN_POINT ( 'NONE',  ( -1.432294901687515900, 1.020139996052670500, 0.6999999999999996200 ) ) ;
#1832 = PRESENTATION_STYLE_ASSIGNMENT (( #334 ) ) ;
#1833 = ORIENTED_EDGE ( 'NONE', *, *, #135, .T. ) ;
#1834 = LINE ( 'NONE', #800, #1125 ) ;
#1835 = AXIS2_PLACEMENT_3D ( 'NONE', #2853, #2428, #2640 ) ;
#1836 = CARTESIAN_POINT ( 'NONE',  ( 1.600000000000000100, 0.6000000000000003100, -0.7500000000000000000 ) ) ;
#1837 = FILL_AREA_STYLE_COLOUR ( '', #1800 ) ;
#1838 = ORIENTED_EDGE ( 'NONE', *, *, #1939, .T. ) ;
#1839 = DIRECTION ( 'NONE',  ( -1.000000000000000000, 0.0000000000000000000, 0.0000000000000000000 ) ) ;
#1840 = DIRECTION ( 'NONE',  ( 1.000000000000000000, -0.0000000000000000000, 1.971276677246376700E-016 ) ) ;
#1841 = EDGE_CURVE ( 'NONE', #2203, #1814, #1277, .T. ) ;
#1842 = EDGE_LOOP ( 'NONE', ( #1615, #1161, #1463, #2637, #2704, #998, #126 ) ) ;
#1843 = ORIENTED_EDGE ( 'NONE', *, *, #2232, .F. ) ;
#1844 = DIRECTION ( 'NONE',  ( -1.000000000000000000, 0.0000000000000000000, 0.0000000000000000000 ) ) ;
#1845 = ORIENTED_EDGE ( 'NONE', *, *, #76, .F. ) ;
#1846 = DIRECTION ( 'NONE',  ( -0.0000000000000000000, -0.0000000000000000000, 1.000000000000000000 ) ) ;
#1847 = DIRECTION ( 'NONE',  ( -0.0000000000000000000, -1.000000000000000000, -0.0000000000000000000 ) ) ;
#1848 = VERTEX_POINT ( 'NONE', #805 ) ;
#1849 = EDGE_LOOP ( 'NONE', ( #1934, #1278, #919, #1514 ) ) ;
#1850 = MECHANICAL_DESIGN_GEOMETRIC_PRESENTATION_REPRESENTATION (  '', ( #1713 ), #1308 ) ;
#1851 = LINE ( 'NONE', #2279, #1109 ) ;
#1852 = VERTEX_POINT ( 'NONE', #1012 ) ;
#1853 = CARTESIAN_POINT ( 'NONE',  ( 1.474999999999999900, 0.6000000000000002000, 0.7499999999999993300 ) ) ;
#1854 = DIRECTION ( 'NONE',  ( 1.000000000000000000, 0.0000000000000000000, 0.0000000000000000000 ) ) ;
#1855 = AXIS2_PLACEMENT_3D ( 'NONE', #709, #942, #1162 ) ;
#1856 = VECTOR ( 'NONE', #1634, 1000.000000000000000 ) ;
#1857 = EDGE_LOOP ( 'NONE', ( #23, #1551, #2127, #2432 ) ) ;
#1858 = CARTESIAN_POINT ( 'NONE',  ( -1.550000000000001600, 0.1000000000000001600, 0.1999999999999994300 ) ) ;
#1859 = ORIENTED_EDGE ( 'NONE', *, *, #1225, .T. ) ;
#1860 = EDGE_CURVE ( 'NONE', #1976, #1409, #2871, .T. ) ;
#1861 = DIRECTION ( 'NONE',  ( 1.000000000000000000, 0.0000000000000000000, -0.0000000000000000000 ) ) ;
#1862 = LINE ( 'NONE', #1977, #1762 ) ;
#1863 = VECTOR ( 'NONE', #2277, 1000.000000000000000 ) ;
#1864 = LINE ( 'NONE', #2546, #1291 ) ;
#1865 = CARTESIAN_POINT ( 'NONE',  ( 0.8499999999999994200, 0.1000000000000001000, 0.6999999999999996200 ) ) ;
#1866 = VECTOR ( 'NONE', #225, 1000.000000000000000 ) ;
#1867 = LINE ( 'NONE', #2076, #1355 ) ;
#1868 = CARTESIAN_POINT ( 'NONE',  ( -1.599999999999999600, 1.084202172485504400E-016, -0.6249999999999998900 ) ) ;
#1869 = LINE ( 'NONE', #896, #2719 ) ;
#1870 = LINE ( 'NONE', #92, #593 ) ;
#1871 = EDGE_CURVE ( 'NONE', #1905, #2222, #1580, .T. ) ;
#1872 = VECTOR ( 'NONE', #1949, 1000.000000000000000 ) ;
#1873 = EDGE_CURVE ( 'NONE', #2702, #1267, #1723, .T. ) ;
#1874 = DIRECTION ( 'NONE',  ( -1.000000000000000000, 0.0000000000000000000, 1.734723475976808700E-015 ) ) ;
#1875 = CARTESIAN_POINT ( 'NONE',  ( 0.8499999999999994200, 1.020139996052670500, -0.1999999999999998700 ) ) ;
#1876 = DIRECTION ( 'NONE',  ( -0.0000000000000000000, -0.0000000000000000000, 1.000000000000000000 ) ) ;
#1877 = EDGE_LOOP ( 'NONE', ( #681, #116, #707, #251 ) ) ;
#1878 = EDGE_CURVE ( 'NONE', #2741, #114, #540, .T. ) ;
#1879 = ORIENTED_EDGE ( 'NONE', *, *, #965, .F. ) ;
#1880 = DIRECTION ( 'NONE',  ( 1.000000000000000000, 0.0000000000000000000, 0.0000000000000000000 ) ) ;
#1881 = ORIENTED_EDGE ( 'NONE', *, *, #2230, .F. ) ;
#1882 = CARTESIAN_POINT ( 'NONE',  ( -1.599999999999999600, 1.084202172485504400E-016, 0.6249999999999992200 ) ) ;
#1883 = CARTESIAN_POINT ( 'NONE',  ( -1.250000000000000000, 0.9000000000000002400, 0.4999999999999991700 ) ) ;
#1884 = SURFACE_SIDE_STYLE ('',( #2427 ) ) ;
#1885 = ORIENTED_EDGE ( 'NONE', *, *, #1878, .F. ) ;
#1886 = CARTESIAN_POINT ( 'NONE',  ( -1.474999999999999400, 1.000000000000000200, 0.7499999999999993300 ) ) ;
#1887 = DIRECTION ( 'NONE',  ( -0.0000000000000000000, 0.0000000000000000000, 1.000000000000000000 ) ) ;
#1888 = VECTOR ( 'NONE', #552, 1000.000000000000000 ) ;
#1889 = DIRECTION ( 'NONE',  ( 0.0000000000000000000, 1.000000000000000000, 0.0000000000000000000 ) ) ;
#1890 = ORIENTED_EDGE ( 'NONE', *, *, #94, .T. ) ;
#1891 = CARTESIAN_POINT ( 'NONE',  ( 1.550000000000000500, 0.1000000000000002600, 0.1999999999999994300 ) ) ;
#1892 = VECTOR ( 'NONE', #457, 1000.000000000000000 ) ;
#1893 = AXIS2_PLACEMENT_3D ( 'NONE', #2735, #2303, #1621 ) ;
#1894 = VERTEX_POINT ( 'NONE', #1882 ) ;
#1895 = LINE ( 'NONE', #2293, #2562 ) ;
#1896 = DIRECTION ( 'NONE',  ( -0.0000000000000000000, -1.000000000000000000, -0.0000000000000000000 ) ) ;
#1897 = VERTEX_POINT ( 'NONE', #563 ) ;
#1898 =( NAMED_UNIT ( * ) SI_UNIT ( $, .STERADIAN. ) SOLID_ANGLE_UNIT ( ) );
#1899 = DIRECTION ( 'NONE',  ( -1.000000000000000000, 0.0000000000000000000, 0.0000000000000000000 ) ) ;
#1900 = CARTESIAN_POINT ( 'NONE',  ( 1.474999999999999900, -2.934119409414458700, -0.7500000000000000000 ) ) ;
#1901 = CARTESIAN_POINT ( 'NONE',  ( -1.592906529884324400, -1.084202172485504400E-016, -0.6252014315718407200 ) ) ;
#1902 = ADVANCED_FACE ( 'NONE', ( #862 ), #1236, .F. ) ;
#1903 = LINE ( 'NONE', #416, #589 ) ;
#1904 = CIRCLE ( 'NONE', #2212, 0.1000000000000000500 ) ;
#1905 = VERTEX_POINT ( 'NONE', #2341 ) ;
#1906 = VECTOR ( 'NONE', #1689, 1000.000000000000000 ) ;
#1907 = DIRECTION ( 'NONE',  ( -0.0000000000000000000, -0.0000000000000000000, 1.000000000000000000 ) ) ;
#1908 = DIRECTION ( 'NONE',  ( -4.646580739223589000E-016, -2.465190328815661900E-032, 1.000000000000000000 ) ) ;
#1909 = ORIENTED_EDGE ( 'NONE', *, *, #855, .F. ) ;
#1910 = CARTESIAN_POINT ( 'NONE',  ( -1.599999999999999600, 0.6000000000000003100, -0.6249999999999998900 ) ) ;
#1911 =( NAMED_UNIT ( * ) SI_UNIT ( $, .STERADIAN. ) SOLID_ANGLE_UNIT ( ) );
#1912 = CARTESIAN_POINT ( 'NONE',  ( -0.8500000000000007500, 0.1000000000000002100, 0.6999999999999996200 ) ) ;
#1913 = ORIENTED_EDGE ( 'NONE', *, *, #58, .T. ) ;
#1914 = CARTESIAN_POINT ( 'NONE',  ( -1.599999999999999600, 0.6000000000000003100, 0.6249999999999992200 ) ) ;
#1915 = EDGE_LOOP ( 'NONE', ( #2710, #1066, #194, #2779 ) ) ;
#1916 = CARTESIAN_POINT ( 'NONE',  ( 1.475201431571840700, 0.1000000000000001000, 0.7429065298843258200 ) ) ;
#1917 = VERTEX_POINT ( 'NONE', #1030 ) ;
#1918 = DIRECTION ( 'NONE',  ( 1.000000000000000000, 0.0000000000000000000, -0.0000000000000000000 ) ) ;
#1919 = DIRECTION ( 'NONE',  ( 0.0000000000000000000, 1.000000000000000000, 0.0000000000000000000 ) ) ;
#1920 = CARTESIAN_POINT ( 'NONE',  ( -0.8499999999999989800, 0.1000000000000002100, 0.6999999999999996200 ) ) ;
#1921 = VERTEX_POINT ( 'NONE', #2101 ) ;
#1922 = DIRECTION ( 'NONE',  ( -0.7071067811865507900, -5.551115123125782100E-017, -0.7071067811865442400 ) ) ;
#1923 = VERTEX_POINT ( 'NONE', #781 ) ;
#1924 = EDGE_CURVE ( 'NONE', #147, #1202, #1374, .T. ) ;
#1925 = EDGE_LOOP ( 'NONE', ( #2738, #1400, #2628, #234, #1032, #1631, #2483, #2581 ) ) ;
#1926 = DIRECTION ( 'NONE',  ( 0.7071067811865441300, -5.551115123125779600E-017, -0.7071067811865509000 ) ) ;
#1927 = FILL_AREA_STYLE_COLOUR ( '', #244 ) ;
#1928 = SURFACE_SIDE_STYLE ('',( #1591 ) ) ;
#1929 = FACE_OUTER_BOUND ( 'NONE', #2864, .T. ) ;
#1930 = ORIENTED_EDGE ( 'NONE', *, *, #2329, .T. ) ;
#1931 = DIRECTION ( 'NONE',  ( 1.000000000000000000, 0.0000000000000000000, 0.0000000000000000000 ) ) ;
#1932 = CARTESIAN_POINT ( 'NONE',  ( -1.432294901687515900, -3.252606517456513300E-016, -0.7000000000000002900 ) ) ;
#1933 = VECTOR ( 'NONE', #1395, 1000.000000000000000 ) ;
#1934 = ORIENTED_EDGE ( 'NONE', *, *, #429, .T. ) ;
#1935 = AXIS2_PLACEMENT_3D ( 'NONE', #131, #1683, #532 ) ;
#1936 = ORIENTED_EDGE ( 'NONE', *, *, #902, .T. ) ;
#1937 = LINE ( 'NONE', #623, #723 ) ;
#1938 = DIRECTION ( 'NONE',  ( -0.0000000000000000000, 1.000000000000000000, -0.0000000000000000000 ) ) ;
#1939 = EDGE_CURVE ( 'NONE', #470, #281, #619, .T. ) ;
#1940 = CIRCLE ( 'NONE', #2809, 0.1000000000000000500 ) ;
#1941 = FACE_OUTER_BOUND ( 'NONE', #1956, .T. ) ;
#1942 = DIRECTION ( 'NONE',  ( 0.0000000000000000000, 1.000000000000000000, 0.0000000000000000000 ) ) ;
#1943 = EDGE_CURVE ( 'NONE', #2543, #2270, #2709, .T. ) ;
#1944 = VECTOR ( 'NONE', #329, 1000.000000000000000 ) ;
#1945 = LINE ( 'NONE', #859, #1184 ) ;
#1946 = CIRCLE ( 'NONE', #2083, 0.1249999999999998900 ) ;
#1947 = VECTOR ( 'NONE', #118, 1000.000000000000000 ) ;
#1948 = ADVANCED_FACE ( 'NONE', ( #715 ), #2173, .T. ) ;
#1949 = DIRECTION ( 'NONE',  ( -0.0000000000000000000, -1.000000000000000000, -0.0000000000000000000 ) ) ;
#1950 = CARTESIAN_POINT ( 'NONE',  ( -0.8500000000000007500, 0.1000000000000002100, -0.1999999999999998700 ) ) ;
#1951 = AXIS2_PLACEMENT_3D ( 'NONE', #834, #1553, #4 ) ;
#1952 = ORIENTED_EDGE ( 'NONE', *, *, #1675, .T. ) ;
#1953 = ORIENTED_EDGE ( 'NONE', *, *, #733, .F. ) ;
#1954 = ORIENTED_EDGE ( 'NONE', *, *, #2289, .T. ) ;
#1955 = CARTESIAN_POINT ( 'NONE',  ( -1.550000000000001600, 0.1000000000000001600, 0.1999999999999994300 ) ) ;
#1956 = EDGE_LOOP ( 'NONE', ( #1192, #2375, #1818, #2653 ) ) ;
#1957 = ADVANCED_FACE ( 'NONE', ( #198 ), #2394, .T. ) ;
#1958 = VECTOR ( 'NONE', #349, 1000.000000000000000 ) ;
#1959 = ORIENTED_EDGE ( 'NONE', *, *, #1138, .T. ) ;
#1960 = LINE ( 'NONE', #1761, #2775 ) ;
#1961 = DIRECTION ( 'NONE',  ( -1.000000000000000000, 0.0000000000000000000, 5.585840624793929400E-016 ) ) ;
#1962 = ORIENTED_EDGE ( 'NONE', *, *, #1428, .F. ) ;
#1963 = LINE ( 'NONE', #1787, #2059 ) ;
#1964 = DIRECTION ( 'NONE',  ( 1.861946874931309400E-016, 0.0000000000000000000, -1.000000000000000000 ) ) ;
#1965 = ORIENTED_EDGE ( 'NONE', *, *, #1434, .F. ) ;
#1966 = DIRECTION ( 'NONE',  ( 1.000000000000000000, 0.0000000000000000000, -0.0000000000000000000 ) ) ;
#1967 = CARTESIAN_POINT ( 'NONE',  ( -1.550000000000001600, 0.1000000000000001600, 0.5822949016875156300 ) ) ;
#1968 = CARTESIAN_POINT ( 'NONE',  ( -1.599999999999999600, 1.084202172485504400E-016, 0.7499999999999993300 ) ) ;
#1969 = AXIS2_PLACEMENT_3D ( 'NONE', #718, #1590, #1811 ) ;
#1970 = ADVANCED_FACE ( 'NONE', ( #2268 ), #604, .T. ) ;
#1971 = EDGE_CURVE ( 'NONE', #2320, #853, #1752, .T. ) ;
#1972 = FACE_OUTER_BOUND ( 'NONE', #184, .T. ) ;
#1973 = FACE_OUTER_BOUND ( 'NONE', #1849, .T. ) ;
#1974 = VECTOR ( 'NONE', #2028, 1000.000000000000000 ) ;
#1975 = CARTESIAN_POINT ( 'NONE',  ( -1.550000000000001600, 0.1000000000000002600, -0.1999999999999998700 ) ) ;
#1976 = VERTEX_POINT ( 'NONE', #625 ) ;
#1977 = CARTESIAN_POINT ( 'NONE',  ( 1.600000000000000100, 0.1000000000000002600, 0.6999999999999996200 ) ) ;
#1978 = CARTESIAN_POINT ( 'NONE',  ( 1.550000000000000500, 0.1000000000000002600, -0.5822949016875161900 ) ) ;
#1979 = ORIENTED_EDGE ( 'NONE', *, *, #1401, .F. ) ;
#1980 = DIRECTION ( 'NONE',  ( 0.0000000000000000000, -1.000000000000000000, 0.0000000000000000000 ) ) ;
#1981 = CARTESIAN_POINT ( 'NONE',  ( 0.8499999999999994200, 0.1000000000000001000, 0.6999999999999996200 ) ) ;
#1982 = VERTEX_POINT ( 'NONE', #1916 ) ;
#1983 = AXIS2_PLACEMENT_3D ( 'NONE', #895, #1121, #858 ) ;
#1984 = ADVANCED_FACE ( 'NONE', ( #2844 ), #2733, .T. ) ;
#1985 = DIRECTION ( 'NONE',  ( -1.000000000000000000, 0.0000000000000000000, 0.0000000000000000000 ) ) ;
#1986 = SURFACE_STYLE_USAGE ( .BOTH. , #459 ) ;
#1987 = ORIENTED_EDGE ( 'NONE', *, *, #906, .T. ) ;
#1988 = ORIENTED_EDGE ( 'NONE', *, *, #1183, .T. ) ;
#1989 = CARTESIAN_POINT ( 'NONE',  ( 0.8500000000000012000, 1.084202172485504400E-016, -0.7000000000000002900 ) ) ;
#1990 = MANIFOLD_SOLID_BREP ( 'Pin 4', #1747 ) ;
#1991 = EDGE_LOOP ( 'NONE', ( #1775, #1959, #325, #780, #1262, #1845, #1305 ) ) ;
#1992 = DIRECTION ( 'NONE',  ( -0.0000000000000000000, -0.0000000000000000000, 1.000000000000000000 ) ) ;
#1993 = CARTESIAN_POINT ( 'NONE',  ( 1.600000000000000100, -2.934119409414458700, 0.7499999999999993300 ) ) ;
#1994 = VECTOR ( 'NONE', #255, 1000.000000000000000 ) ;
#1995 = VERTEX_POINT ( 'NONE', #2858 ) ;
#1996 =( LENGTH_UNIT ( ) NAMED_UNIT ( * ) SI_UNIT ( .MILLI., .METRE. ) );
#1997 = CYLINDRICAL_SURFACE ( 'NONE', #1501, 0.1000000000000000500 ) ;
#1998 = VERTEX_POINT ( 'NONE', #2403 ) ;
#1999 = ADVANCED_FACE ( 'NONE', ( #2648 ), #394, .T. ) ;
#2000 = AXIS2_PLACEMENT_3D ( 'NONE', #1574, #945, #2490 ) ;
#2001 = DIRECTION ( 'NONE',  ( 0.0000000000000000000, 1.000000000000000000, 0.0000000000000000000 ) ) ;
#2002 = DIRECTION ( 'NONE',  ( 0.0000000000000000000, -1.000000000000000000, 0.0000000000000000000 ) ) ;
#2003 = DIRECTION ( 'NONE',  ( -1.000000000000000000, 0.0000000000000000000, -0.0000000000000000000 ) ) ;
#2004 = FACE_OUTER_BOUND ( 'NONE', #17, .T. ) ;
#2005 = CIRCLE ( 'NONE', #467, 0.1249999999999998900 ) ;
#2006 = FACE_OUTER_BOUND ( 'NONE', #932, .T. ) ;
#2007 = DIRECTION ( 'NONE',  ( 0.0000000000000000000, 1.000000000000000000, 0.0000000000000000000 ) ) ;
#2008 = ORIENTED_EDGE ( 'NONE', *, *, #1, .F. ) ;
#2009 = CARTESIAN_POINT ( 'NONE',  ( -1.550000000000001600, 0.1000000000000002600, 0.1999999999999994300 ) ) ;
#2010 = ORIENTED_EDGE ( 'NONE', *, *, #1654, .F. ) ;
#2011 = AXIS2_PLACEMENT_3D ( 'NONE', #2285, #2728, #2264 ) ;
#2012 = ADVANCED_FACE ( 'NONE', ( #1203 ), #654, .F. ) ;
#2013 = DIRECTION ( 'NONE',  ( -0.0000000000000000000, -1.000000000000000000, -0.0000000000000000000 ) ) ;
#2014 = DIRECTION ( 'NONE',  ( 0.7071067811865369100, 0.0000000000000000000, 0.7071067811865582300 ) ) ;
#2015 = EDGE_LOOP ( 'NONE', ( #700, #338, #163, #224 ) ) ;
#2016 = EDGE_CURVE ( 'NONE', #1313, #427, #1524, .T. ) ;
#2017 = VERTEX_POINT ( 'NONE', #889 ) ;
#2018 = CARTESIAN_POINT ( 'NONE',  ( -6.505213034913026600E-016, 1.084202172485504400E-016, 0.6999999999999996200 ) ) ;
#2019 = ORIENTED_EDGE ( 'NONE', *, *, #1363, .T. ) ;
#2020 = AXIS2_PLACEMENT_3D ( 'NONE', #2866, #458, #2283 ) ;
#2021 = CARTESIAN_POINT ( 'NONE',  ( -1.550000000000001600, 0.0000000000000000000, 0.5822949016875156300 ) ) ;
#2022 = CARTESIAN_POINT ( 'NONE',  ( -1.599999999999999600, 0.09999999999999993600, -0.7500000000000000000 ) ) ;
#2023 = EDGE_LOOP ( 'NONE', ( #2387, #716, #2452, #1500 ) ) ;
#2024 = EDGE_CURVE ( 'NONE', #199, #2880, #1564, .T. ) ;
#2025 = LINE ( 'NONE', #531, #80 ) ;
#2026 = UNCERTAINTY_MEASURE_WITH_UNIT (LENGTH_MEASURE( 1.000000000000000100E-005 ), #846, 'distance_accuracy_value', 'NONE');
#2027 = AXIS2_PLACEMENT_3D ( 'NONE', #2455, #683, #675 ) ;
#2028 = DIRECTION ( 'NONE',  ( 0.0000000000000000000, -0.0000000000000000000, -1.000000000000000000 ) ) ;
#2029 = ORIENTED_EDGE ( 'NONE', *, *, #541, .T. ) ;
#2030 = CARTESIAN_POINT ( 'NONE',  ( -1.475201431571842000, -1.084202172485504400E-016, -0.7429065298843248200 ) ) ;
#2031 = FACE_OUTER_BOUND ( 'NONE', #1638, .T. ) ;
#2032 = ORIENTED_EDGE ( 'NONE', *, *, #152, .T. ) ;
#2033 = VERTEX_POINT ( 'NONE', #2433 ) ;
#2034 = CARTESIAN_POINT ( 'NONE',  ( -1.592906529884324400, 0.1000000000000000500, -0.6252014315718407200 ) ) ;
#2035 = VECTOR ( 'NONE', #1034, 1000.000000000000000 ) ;
#2036 = VECTOR ( 'NONE', #1009, 1000.000000000000000 ) ;
#2037 = LINE ( 'NONE', #2667, #974 ) ;
#2038 = CARTESIAN_POINT ( 'NONE',  ( -1.432294901687515900, 1.084202172485504400E-016, -0.7000000000000002900 ) ) ;
#2039 = ORIENTED_EDGE ( 'NONE', *, *, #1518, .T. ) ;
#2040 = VECTOR ( 'NONE', #835, 1000.000000000000000 ) ;
#2041 = CARTESIAN_POINT ( 'NONE',  ( 1.432294901687516400, 0.1000000000000002600, 0.6999999999999996200 ) ) ;
#2042 = LINE ( 'NONE', #1031, #2431 ) ;
#2043 = CARTESIAN_POINT ( 'NONE',  ( -1.475201431571840200, 0.1000000000000001600, -0.7429065298843248200 ) ) ;
#2044 = ORIENTED_EDGE ( 'NONE', *, *, #2380, .F. ) ;
#2045 = ORIENTED_EDGE ( 'NONE', *, *, #1639, .T. ) ;
#2046 = CARTESIAN_POINT ( 'NONE',  ( 1.432294901687516400, 0.1000000000000002100, -0.7000000000000002900 ) ) ;
#2047 = EDGE_LOOP ( 'NONE', ( #68, #505, #2405, #960, #845, #1930, #893, #2584 ) ) ;
#2048 = VERTEX_POINT ( 'NONE', #912 ) ;
#2049 = ORIENTED_EDGE ( 'NONE', *, *, #392, .F. ) ;
#2050 = DIRECTION ( 'NONE',  ( 0.7071067811865591200, 0.0000000000000000000, 0.7071067811865359200 ) ) ;
#2051 = DIRECTION ( 'NONE',  ( 0.0000000000000000000, 1.000000000000000000, 0.0000000000000000000 ) ) ;
#2052 = STYLED_ITEM ( 'NONE', ( #1222 ), #2464 ) ;
#2053 = VERTEX_POINT ( 'NONE', #1348 ) ;
#2054 = CARTESIAN_POINT ( 'NONE',  ( -1.599999999999999600, 0.6000000000000000900, 0.6249999999999992200 ) ) ;
#2055 = PLANE ( 'NONE',  #513 ) ;
#2056 = CIRCLE ( 'NONE', #542, 0.1000000000000000500 ) ;
#2057 = ORIENTED_EDGE ( 'NONE', *, *, #2073, .F. ) ;
#2058 = EDGE_CURVE ( 'NONE', #1082, #816, #2326, .T. ) ;
#2059 = VECTOR ( 'NONE', #2254, 1000.000000000000000 ) ;
#2060 = VERTEX_POINT ( 'NONE', #2202 ) ;
#2061 = CARTESIAN_POINT ( 'NONE',  ( 1.550000000000000500, 1.626303258728256700E-016, 0.5822949016875156300 ) ) ;
#2062 = CARTESIAN_POINT ( 'NONE',  ( -1.550000000000001600, 0.1000000000000001600, 0.1999999999999994300 ) ) ;
#2063 = CARTESIAN_POINT ( 'NONE',  ( 1.550000000000000500, 0.1000000000000002600, 0.1999999999999994300 ) ) ;
#2064 = DIRECTION ( 'NONE',  ( -1.000000000000000000, 0.0000000000000000000, 4.646580739223589000E-016 ) ) ;
#2065 = VECTOR ( 'NONE', #2870, 1000.000000000000100 ) ;
#2066 = CYLINDRICAL_SURFACE ( 'NONE', #2857, 0.1000000000000000500 ) ;
#2067 = VECTOR ( 'NONE', #672, 1000.000000000000000 ) ;
#2068 = VECTOR ( 'NONE', #2647, 1000.000000000000000 ) ;
#2069 = VECTOR ( 'NONE', #756, 1000.000000000000000 ) ;
#2070 = CARTESIAN_POINT ( 'NONE',  ( -0.8500000000000007500, 5.421010862427522200E-017, -0.7000000000000002900 ) ) ;
#2071 = VERTEX_POINT ( 'NONE', #444 ) ;
#2072 = VECTOR ( 'NONE', #342, 1000.000000000000000 ) ;
#2073 = EDGE_CURVE ( 'NONE', #770, #45, #2623, .T. ) ;
#2074 = CARTESIAN_POINT ( 'NONE',  ( -1.599999999999999600, 0.1000000000000000500, -0.7500000000000000000 ) ) ;
#2075 = VECTOR ( 'NONE', #381, 1000.000000000000000 ) ;
#2076 = CARTESIAN_POINT ( 'NONE',  ( 1.600000000000000100, 1.000000000000000400, 0.6249999999999992200 ) ) ;
#2077 = VERTEX_POINT ( 'NONE', #1989 ) ;
#2078 = DIRECTION ( 'NONE',  ( -0.0000000000000000000, -1.000000000000000000, -0.0000000000000000000 ) ) ;
#2079 = EDGE_CURVE ( 'NONE', #1069, #1605, #986, .T. ) ;
#2080 = PLANE ( 'NONE',  #14 ) ;
#2081 = EDGE_CURVE ( 'NONE', #1115, #1630, #1596, .T. ) ;
#2082 = VERTEX_POINT ( 'NONE', #1127 ) ;
#2083 = AXIS2_PLACEMENT_3D ( 'NONE', #2801, #2614, #2829 ) ;
#2084 = DIRECTION ( 'NONE',  ( -0.0000000000000000000, 1.000000000000000000, -0.0000000000000000000 ) ) ;
#2085 = ORIENTED_EDGE ( 'NONE', *, *, #1503, .F. ) ;
#2086 = CARTESIAN_POINT ( 'NONE',  ( 1.600000000000000100, 2.168404344971008900E-016, 0.7499999999999993300 ) ) ;
#2087 = DIRECTION ( 'NONE',  ( 0.0000000000000000000, 1.000000000000000000, 0.0000000000000000000 ) ) ;
#2088 = DIRECTION ( 'NONE',  ( -0.7071067811865458000, 5.551115123125782100E-017, 0.7071067811865492400 ) ) ;
#2089 = ORIENTED_EDGE ( 'NONE', *, *, #2730, .F. ) ;
#2090 = PLANE ( 'NONE',  #1694 ) ;
#2091 = VERTEX_POINT ( 'NONE', #2496 ) ;
#2092 = AXIS2_PLACEMENT_3D ( 'NONE', #2721, #248, #7 ) ;
#2093 = VECTOR ( 'NONE', #2139, 1000.000000000000000 ) ;
#2094 = ORIENTED_EDGE ( 'NONE', *, *, #2176, .T. ) ;
#2095 = CARTESIAN_POINT ( 'NONE',  ( -1.475201431571842000, 1.020139996052670500, -0.7429065298843248200 ) ) ;
#2096 = EDGE_LOOP ( 'NONE', ( #2676, #2049, #298, #2847 ) ) ;
#2097 = DIRECTION ( 'NONE',  ( -0.0000000000000000000, -1.000000000000000000, -0.0000000000000000000 ) ) ;
#2098 = DIRECTION ( 'NONE',  ( 0.7071067811865465700, 0.0000000000000000000, 0.7071067811865483500 ) ) ;
#2099 = VERTEX_POINT ( 'NONE', #2484 ) ;
#2100 = CARTESIAN_POINT ( 'NONE',  ( 0.8500000000000012000, 1.084202172485504400E-016, 6.505213034913026600E-016 ) ) ;
#2101 = CARTESIAN_POINT ( 'NONE',  ( -1.475201431571840200, 0.1000000000000001600, 0.7429065298843241500 ) ) ;
#2102 = CARTESIAN_POINT ( 'NONE',  ( -1.550000000000001600, 0.0000000000000000000, -0.1999999999999998700 ) ) ;
#2103 = VECTOR ( 'NONE', #2001, 1000.000000000000000 ) ;
#2104 =( LENGTH_UNIT ( ) NAMED_UNIT ( * ) SI_UNIT ( .MILLI., .METRE. ) );
#2105 = LINE ( 'NONE', #1704, #594 ) ;
#2106 = EDGE_LOOP ( 'NONE', ( #2763, #622, #1042, #1576 ) ) ;
#2107 = VECTOR ( 'NONE', #599, 1000.000000000000000 ) ;
#2108 = DIRECTION ( 'NONE',  ( 1.000000000000000000, 0.0000000000000000000, 0.0000000000000000000 ) ) ;
#2109 = CIRCLE ( 'NONE', #1486, 0.1000000000000000500 ) ;
#2110 = CARTESIAN_POINT ( 'NONE',  ( 1.592906529884323000, 0.1000000000000001600, 0.6252014315718400500 ) ) ;
#2111 = ORIENTED_EDGE ( 'NONE', *, *, #2538, .F. ) ;
#2112 = AXIS2_PLACEMENT_3D ( 'NONE', #1422, #2757, #1412 ) ;
#2113 = CARTESIAN_POINT ( 'NONE',  ( 1.550000000000000500, 1.020139996052670700, -0.5822949016875161900 ) ) ;
#2114 = DIRECTION ( 'NONE',  ( 0.0000000000000000000, 1.000000000000000000, 0.0000000000000000000 ) ) ;
#2115 = PLANE ( 'NONE',  #1467 ) ;
#2116 = DIRECTION ( 'NONE',  ( 1.000000000000000000, 0.0000000000000000000, -0.0000000000000000000 ) ) ;
#2117 = DIRECTION ( 'NONE',  ( -0.7071067811865484600, 0.0000000000000000000, -0.7071067811865465700 ) ) ;
#2118 = ORIENTED_EDGE ( 'NONE', *, *, #361, .T. ) ;
#2119 = EDGE_CURVE ( 'NONE', #102, #1848, #1024, .T. ) ;
#2120 = DIRECTION ( 'NONE',  ( -4.646580739223589000E-016, -2.465190328815661900E-032, 1.000000000000000000 ) ) ;
#2121 = ORIENTED_EDGE ( 'NONE', *, *, #2780, .F. ) ;
#2122 = CARTESIAN_POINT ( 'NONE',  ( -0.8500000000000007500, 0.1000000000000002100, 0.3500000000000002600 ) ) ;
#2123 = DIRECTION ( 'NONE',  ( -0.0000000000000000000, -1.000000000000000000, -0.0000000000000000000 ) ) ;
#2124 = ORIENTED_EDGE ( 'NONE', *, *, #2742, .T. ) ;
#2125 = CARTESIAN_POINT ( 'NONE',  ( 1.600000000000000100, 0.6000000000000003100, 0.7499999999999993300 ) ) ;
#2126 = CARTESIAN_POINT ( 'NONE',  ( 0.8499999999999994200, 0.1000000000000001000, -0.7000000000000002900 ) ) ;
#2127 = ORIENTED_EDGE ( 'NONE', *, *, #1552, .T. ) ;
#2128 = CARTESIAN_POINT ( 'NONE',  ( 1.550000000000000500, 1.626303258728256700E-016, -0.1999999999999998700 ) ) ;
#2129 = CARTESIAN_POINT ( 'NONE',  ( 1.600000000000000100, 2.168404344971008900E-016, -0.7500000000000000000 ) ) ;
#2130 = PRESENTATION_STYLE_ASSIGNMENT (( #1515 ) ) ;
#2131 = CARTESIAN_POINT ( 'NONE',  ( -1.599999999999999600, 0.1000000000000000500, 0.7499999999999993300 ) ) ;
#2132 = ORIENTED_EDGE ( 'NONE', *, *, #2479, .T. ) ;
#2133 = ADVANCED_FACE ( 'NONE', ( #765 ), #1241, .F. ) ;
#2134 = DIRECTION ( 'NONE',  ( -1.000000000000000000, 0.0000000000000000000, 0.0000000000000000000 ) ) ;
#2135 = VECTOR ( 'NONE', #2828, 1000.000000000000000 ) ;
#2136 = AXIS2_PLACEMENT_3D ( 'NONE', #1386, #1369, #2457 ) ;
#2137 = EDGE_LOOP ( 'NONE', ( #940, #1344, #2132, #2625 ) ) ;
#2138 = CIRCLE ( 'NONE', #1649, 0.1249999999999998900 ) ;
#2139 = DIRECTION ( 'NONE',  ( 1.000000000000000000, -0.0000000000000000000, -0.0000000000000000000 ) ) ;
#2140 = EDGE_LOOP ( 'NONE', ( #1134, #1176, #43, #1537 ) ) ;
#2141 = EDGE_CURVE ( 'NONE', #829, #2077, #1299, .T. ) ;
#2142 = LINE ( 'NONE', #2447, #2814 ) ;
#2143 = CARTESIAN_POINT ( 'NONE',  ( -1.599999999999999600, 1.084202172485504400E-016, 6.505213034913026600E-016 ) ) ;
#2144 = PLANE ( 'NONE',  #1810 ) ;
#2145 = EDGE_CURVE ( 'NONE', #963, #1368, #1390, .T. ) ;
#2146 = LINE ( 'NONE', #1319, #1657 ) ;
#2147 = LINE ( 'NONE', #1413, #2571 ) ;
#2148 = LINE ( 'NONE', #1372, #97 ) ;
#2149 = DIRECTION ( 'NONE',  ( 0.0000000000000000000, 1.000000000000000000, 0.0000000000000000000 ) ) ;
#2150 = LINE ( 'NONE', #2346, #388 ) ;
#2151 = ORIENTED_EDGE ( 'NONE', *, *, #1878, .T. ) ;
#2152 = DIRECTION ( 'NONE',  ( 0.0000000000000000000, -1.000000000000000000, 0.0000000000000000000 ) ) ;
#2153 = CARTESIAN_POINT ( 'NONE',  ( -1.474999999999999400, 0.6000000000000000900, -0.7500000000000000000 ) ) ;
#2154 = DIRECTION ( 'NONE',  ( -1.000000000000000000, 0.0000000000000000000, 0.0000000000000000000 ) ) ;
#2155 = VERTEX_POINT ( 'NONE', #2102 ) ;
#2156 = DIRECTION ( 'NONE',  ( -1.000000000000000000, 0.0000000000000000000, -8.673617379884057200E-016 ) ) ;
#2157 = DIRECTION ( 'NONE',  ( 0.0000000000000000000, 1.000000000000000000, 0.0000000000000000000 ) ) ;
#2158 = DIRECTION ( 'NONE',  ( -0.0000000000000000000, 0.0000000000000000000, 1.000000000000000000 ) ) ;
#2159 = ORIENTED_EDGE ( 'NONE', *, *, #2380, .T. ) ;
#2160 = CARTESIAN_POINT ( 'NONE',  ( -1.599999999999999600, 1.000000000000000200, -0.6249999999999998900 ) ) ;
#2161 = VERTEX_POINT ( 'NONE', #2762 ) ;
#2162 = ORIENTED_EDGE ( 'NONE', *, *, #690, .F. ) ;
#2163 = CARTESIAN_POINT ( 'NONE',  ( -1.550000000000001600, 1.020139996052670500, 0.1999999999999994300 ) ) ;
#2164 = CARTESIAN_POINT ( 'NONE',  ( -1.475201431571842000, 0.1000000000000002600, -0.7429065298843248200 ) ) ;
#2165 = CIRCLE ( 'NONE', #195, 0.1249999999999996800 ) ;
#2166 = ORIENTED_EDGE ( 'NONE', *, *, #2024, .F. ) ;
#2167 = CARTESIAN_POINT ( 'NONE',  ( -1.474999999999999400, 1.000000000000000200, 0.7499999999999993300 ) ) ;
#2168 = EDGE_CURVE ( 'NONE', #1724, #1403, #391, .T. ) ;
#2169 = ORIENTED_EDGE ( 'NONE', *, *, #1873, .F. ) ;
#2170 = EDGE_CURVE ( 'NONE', #1848, #1998, #1358, .T. ) ;
#2171 = AXIS2_PLACEMENT_3D ( 'NONE', #992, #2764, #2553 ) ;
#2172 = ORIENTED_EDGE ( 'NONE', *, *, #2315, .F. ) ;
#2173 = PLANE ( 'NONE',  #1581 ) ;
#2174 = ADVANCED_FACE ( 'NONE', ( #1741 ), #89, .F. ) ;
#2175 = VERTEX_POINT ( 'NONE', #1865 ) ;
#2176 = EDGE_CURVE ( 'NONE', #983, #278, #350, .T. ) ;
#2177 = DIRECTION ( 'NONE',  ( -0.0000000000000000000, -0.0000000000000000000, 1.000000000000000000 ) ) ;
#2178 = LINE ( 'NONE', #1557, #975 ) ;
#2179 = LINE ( 'NONE', #1091, #2068 ) ;
#2180 = DIRECTION ( 'NONE',  ( -1.000000000000000000, 0.0000000000000000000, -1.861946874931309100E-016 ) ) ;
#2181 = VECTOR ( 'NONE', #193, 1000.000000000000000 ) ;
#2182 = CARTESIAN_POINT ( 'NONE',  ( 1.600000000000000100, 0.6000000000000003100, 0.7499999999999993300 ) ) ;
#2183 = LINE ( 'NONE', #1920, #1805 ) ;
#2184 = LINE ( 'NONE', #771, #1944 ) ;
#2185 = ORIENTED_EDGE ( 'NONE', *, *, #1470, .T. ) ;
#2186 = CARTESIAN_POINT ( 'NONE',  ( -1.550000000000001600, 1.020139996052670500, -0.5822949016875161900 ) ) ;
#2187 = PLANE ( 'NONE',  #1528 ) ;
#2188 = PLANE ( 'NONE',  #2360 ) ;
#2189 = EDGE_CURVE ( 'NONE', #2795, #1249, #2042, .T. ) ;
#2190 = ADVANCED_FACE ( 'NONE', ( #730 ), #554, .T. ) ;
#2191 = ORIENTED_EDGE ( 'NONE', *, *, #1809, .T. ) ;
#2192 = DIRECTION ( 'NONE',  ( 0.0000000000000000000, 1.000000000000000000, 0.0000000000000000000 ) ) ;
#2193 = ORIENTED_EDGE ( 'NONE', *, *, #748, .F. ) ;
#2194 = DIRECTION ( 'NONE',  ( 0.0000000000000000000, 1.000000000000000000, 0.0000000000000000000 ) ) ;
#2195 = ORIENTED_EDGE ( 'NONE', *, *, #699, .F. ) ;
#2196 = CARTESIAN_POINT ( 'NONE',  ( -1.599999999999999600, 1.084202172485504400E-016, 0.7499999999999993300 ) ) ;
#2197 = EDGE_CURVE ( 'NONE', #1008, #463, #878, .T. ) ;
#2198 = ORIENTED_EDGE ( 'NONE', *, *, #152, .F. ) ;
#2199 = DIRECTION ( 'NONE',  ( -0.7071067811865323600, 5.551115123125782100E-017, 0.7071067811865626700 ) ) ;
#2200 = ORIENTED_EDGE ( 'NONE', *, *, #429, .F. ) ;
#2201 = VECTOR ( 'NONE', #2097, 1000.000000000000000 ) ;
#2202 = CARTESIAN_POINT ( 'NONE',  ( -0.8500000000000007500, 0.1000000000000001000, -0.1999999999999998700 ) ) ;
#2203 = VERTEX_POINT ( 'NONE', #1458 ) ;
#2204 = ADVANCED_FACE ( 'NONE', ( #2541 ), #339, .F. ) ;
#2205 = UNCERTAINTY_MEASURE_WITH_UNIT (LENGTH_MEASURE( 1.000000000000000100E-005 ), #1593, 'distance_accuracy_value', 'NONE');
#2206 = LINE ( 'NONE', #1900, #2739 ) ;
#2207 = CARTESIAN_POINT ( 'NONE',  ( 1.550000000000000500, 1.626303258728256700E-016, 6.505213034913026600E-016 ) ) ;
#2208 = ORIENTED_EDGE ( 'NONE', *, *, #1771, .F. ) ;
#2209 = CARTESIAN_POINT ( 'NONE',  ( -1.550000000000001600, 0.1000000000000001600, -0.1999999999999998700 ) ) ;
#2210 = DIRECTION ( 'NONE',  ( -0.7071067811865555700, 5.551115123125782700E-017, 0.7071067811865394700 ) ) ;
#2211 = CARTESIAN_POINT ( 'NONE',  ( 1.474999999999999900, 5.421010862427522200E-017, -0.7500000000000000000 ) ) ;
#2212 = AXIS2_PLACEMENT_3D ( 'NONE', #1038, #1942, #2108 ) ;
#2213 = DIRECTION ( 'NONE',  ( -0.0000000000000000000, 0.0000000000000000000, 1.000000000000000000 ) ) ;
#2214 = DIRECTION ( 'NONE',  ( -0.7071067811865378000, 0.0000000000000000000, -0.7071067811865572300 ) ) ;
#2215 = LINE ( 'NONE', #1830, #277 ) ;
#2216 = EDGE_CURVE ( 'NONE', #1502, #2769, #138, .T. ) ;
#2217 = VECTOR ( 'NONE', #452, 1000.000000000000000 ) ;
#2218 = AXIS2_PLACEMENT_3D ( 'NONE', #538, #99, #1880 ) ;
#2219 = DIRECTION ( 'NONE',  ( 0.0000000000000000000, 1.000000000000000000, 0.0000000000000000000 ) ) ;
#2220 = VECTOR ( 'NONE', #2374, 1000.000000000000000 ) ;
#2221 = CARTESIAN_POINT ( 'NONE',  ( 0.8500000000000012000, 1.084202172485504400E-016, -0.1999999999999998700 ) ) ;
#2222 = VERTEX_POINT ( 'NONE', #104 ) ;
#2223 = ADVANCED_FACE ( 'NONE', ( #2474 ), #2576, .F. ) ;
#2224 = DIRECTION ( 'NONE',  ( 0.7071067811865484600, -0.0000000000000000000, 0.7071067811865465700 ) ) ;
#2225 = CARTESIAN_POINT ( 'NONE',  ( 0.8499999999999994200, 0.1000000000000001000, -0.7000000000000002900 ) ) ;
#2226 = EDGE_CURVE ( 'NONE', #74, #1444, #2251, .T. ) ;
#2227 = VERTEX_POINT ( 'NONE', #1883 ) ;
#2228 = CARTESIAN_POINT ( 'NONE',  ( 1.432294901687516400, 2.168404344971008900E-016, -0.7000000000000002900 ) ) ;
#2229 = ORIENTED_EDGE ( 'NONE', *, *, #2232, .T. ) ;
#2230 = EDGE_CURVE ( 'NONE', #2053, #2227, #2109, .T. ) ;
#2231 = ORIENTED_EDGE ( 'NONE', *, *, #2521, .F. ) ;
#2232 = EDGE_CURVE ( 'NONE', #863, #406, #280, .T. ) ;
#2233 = VERTEX_POINT ( 'NONE', #2164 ) ;
#2234 = ADVANCED_FACE ( 'NONE', ( #217 ), #1044, .F. ) ;
#2235 = ORIENTED_EDGE ( 'NONE', *, *, #548, .T. ) ;
#2236 = VECTOR ( 'NONE', #2586, 1000.000000000000000 ) ;
#2237 = ORIENTED_EDGE ( 'NONE', *, *, #2373, .F. ) ;
#2238 = PLANE ( 'NONE',  #1722 ) ;
#2239 = LINE ( 'NONE', #15, #1994 ) ;
#2240 = EDGE_LOOP ( 'NONE', ( #1239, #1952, #2200, #732 ) ) ;
#2241 = ORIENTED_EDGE ( 'NONE', *, *, #2322, .T. ) ;
#2242 = PRESENTATION_LAYER_ASSIGNMENT (  '', '', ( #48 ) ) ;
#2243 = CARTESIAN_POINT ( 'NONE',  ( 1.600000000000000100, 2.168404344971008900E-016, -0.7500000000000000000 ) ) ;
#2244 = ADVANCED_FACE ( 'NONE', ( #1092 ), #1717, .T. ) ;
#2245 = FACE_OUTER_BOUND ( 'NONE', #1756, .T. ) ;
#2246 = CARTESIAN_POINT ( 'NONE',  ( -1.550000000000001600, 0.1000000000000001600, -0.5822949016875161900 ) ) ;
#2247 = VECTOR ( 'NONE', #2528, 1000.000000000000100 ) ;
#2248 = CIRCLE ( 'NONE', #999, 0.1249999999999998900 ) ;
#2249 = EDGE_LOOP ( 'NONE', ( #2235, #2793, #1405, #77 ) ) ;
#2250 = VECTOR ( 'NONE', #2224, 1000.000000000000100 ) ;
#2251 = LINE ( 'NONE', #1709, #1872 ) ;
#2252 = ORIENTED_EDGE ( 'NONE', *, *, #492, .F. ) ;
#2253 = CARTESIAN_POINT ( 'NONE',  ( -1.592906529884324400, 1.020139996052670500, -0.6252014315718407200 ) ) ;
#2254 = DIRECTION ( 'NONE',  ( -0.0000000000000000000, -1.000000000000000000, -0.0000000000000000000 ) ) ;
#2255 = DIRECTION ( 'NONE',  ( -0.0000000000000000000, -1.000000000000000000, -0.0000000000000000000 ) ) ;
#2256 = ORIENTED_EDGE ( 'NONE', *, *, #2754, .T. ) ;
#2257 = VERTEX_POINT ( 'NONE', #1097 ) ;
#2258 = CARTESIAN_POINT ( 'NONE',  ( -1.599999999999999600, 1.084202172485504400E-016, 0.6999999999999996200 ) ) ;
#2259 = DIRECTION ( 'NONE',  ( 1.000000000000000000, 0.0000000000000000000, 0.0000000000000000000 ) ) ;
#2260 = EDGE_LOOP ( 'NONE', ( #2551, #270, #405, #2252 ) ) ;
#2261 = AXIS2_PLACEMENT_3D ( 'NONE', #2325, #1001, #1014 ) ;
#2262 = EDGE_CURVE ( 'NONE', #66, #2099, #1226, .T. ) ;
#2263 = DIRECTION ( 'NONE',  ( -0.7071067811865404700, -0.0000000000000000000, -0.7071067811865546800 ) ) ;
#2264 = DIRECTION ( 'NONE',  ( -1.000000000000000000, 0.0000000000000000000, 0.0000000000000000000 ) ) ;
#2265 = ORIENTED_EDGE ( 'NONE', *, *, #343, .T. ) ;
#2266 =( NAMED_UNIT ( * ) PLANE_ANGLE_UNIT ( ) SI_UNIT ( $, .RADIAN. ) );
#2267 = EDGE_CURVE ( 'NONE', #2489, #1144, #2694, .T. ) ;
#2268 = FACE_OUTER_BOUND ( 'NONE', #1763, .T. ) ;
#2269 = ORIENTED_EDGE ( 'NONE', *, *, #2058, .T. ) ;
#2270 = VERTEX_POINT ( 'NONE', #2070 ) ;
#2271 = CARTESIAN_POINT ( 'NONE',  ( 0.8499999999999994200, 1.020139996052670500, 0.1999999999999994300 ) ) ;
#2272 = DIRECTION ( 'NONE',  ( 0.0000000000000000000, 1.000000000000000000, 0.0000000000000000000 ) ) ;
#2273 = ORIENTED_EDGE ( 'NONE', *, *, #32, .F. ) ;
#2274 = CARTESIAN_POINT ( 'NONE',  ( -1.550000000000001600, 0.0000000000000000000, -0.1999999999999998700 ) ) ;
#2275 = CARTESIAN_POINT ( 'NONE',  ( -1.349999999999999400, 1.000000000000000200, 0.4999999999999991700 ) ) ;
#2276 = VECTOR ( 'NONE', #2192, 1000.000000000000000 ) ;
#2277 = DIRECTION ( 'NONE',  ( 0.0000000000000000000, 0.0000000000000000000, -1.000000000000000000 ) ) ;
#2278 = VECTOR ( 'NONE', #2414, 1000.000000000000000 ) ;
#2279 = CARTESIAN_POINT ( 'NONE',  ( 1.432294901687516400, 0.1000000000000002600, -0.7000000000000002900 ) ) ;
#2280 = EDGE_LOOP ( 'NONE', ( #815, #2256, #1166, #324 ) ) ;
#2281 = CARTESIAN_POINT ( 'NONE',  ( -1.599999999999999600, 1.020139996052670500, 0.7499999999999993300 ) ) ;
#2282 = VECTOR ( 'NONE', #1323, 1000.000000000000100 ) ;
#2283 = DIRECTION ( 'NONE',  ( 0.0000000000000000000, 0.0000000000000000000, -1.000000000000000000 ) ) ;
#2284 = CIRCLE ( 'NONE', #129, 0.1249999999999998900 ) ;
#2285 = CARTESIAN_POINT ( 'NONE',  ( 1.600000000000000100, 0.1000000000000002600, 0.7499999999999993300 ) ) ;
#2286 = EDGE_CURVE ( 'NONE', #1078, #358, #703, .T. ) ;
#2287 = EDGE_LOOP ( 'NONE', ( #664, #140, #2118, #2478, #2296, #1794, #714, #2630 ) ) ;
#2288 = ORIENTED_EDGE ( 'NONE', *, *, #1860, .F. ) ;
#2289 = EDGE_CURVE ( 'NONE', #1312, #2099, #2504, .T. ) ;
#2290 = CARTESIAN_POINT ( 'NONE',  ( -0.8500000000000007500, 0.1000000000000002100, 0.3500000000000002600 ) ) ;
#2291 = DIRECTION ( 'NONE',  ( -0.7071067811865507900, -5.551115123125782100E-017, -0.7071067811865442400 ) ) ;
#2292 = UNCERTAINTY_MEASURE_WITH_UNIT (LENGTH_MEASURE( 1.000000000000000100E-005 ), #671, 'distance_accuracy_value', 'NONE');
#2293 = CARTESIAN_POINT ( 'NONE',  ( 1.600000000000000100, -2.934119409414458700, 0.6249999999999992200 ) ) ;
#2294 = CARTESIAN_POINT ( 'NONE',  ( 0.8499999999999994200, 1.020139996052670500, -0.1999999999999998700 ) ) ;
#2295 = EDGE_LOOP ( 'NONE', ( #2559, #315, #5, #2587 ) ) ;
#2296 = ORIENTED_EDGE ( 'NONE', *, *, #301, .T. ) ;
#2297 = CARTESIAN_POINT ( 'NONE',  ( -1.550000000000001600, -3.252606517456513300E-016, -0.5822949016875161900 ) ) ;
#2298 = EDGE_LOOP ( 'NONE', ( #1750, #1060, #2876, #679 ) ) ;
#2299 = DIRECTION ( 'NONE',  ( -1.000000000000000000, -0.0000000000000000000, 0.0000000000000000000 ) ) ;
#2300 = CARTESIAN_POINT ( 'NONE',  ( 1.600000000000000100, 0.6000000000000003100, -0.7500000000000000000 ) ) ;
#2301 = AXIS2_PLACEMENT_3D ( 'NONE', #727, #2272, #1169 ) ;
#2302 = VERTEX_POINT ( 'NONE', #2062 ) ;
#2303 = DIRECTION ( 'NONE',  ( 0.7071067811865483500, 0.0000000000000000000, 0.7071067811865466800 ) ) ;
#2304 = CARTESIAN_POINT ( 'NONE',  ( 1.550000000000000500, 1.020139996052670700, 0.5822949016875156300 ) ) ;
#2305 = VECTOR ( 'NONE', #1626, 1000.000000000000100 ) ;
#2306 = EDGE_LOOP ( 'NONE', ( #933, #494, #1317, #1424 ) ) ;
#2307 = LINE ( 'NONE', #2545, #1410 ) ;
#2308 = ORIENTED_EDGE ( 'NONE', *, *, #1143, .F. ) ;
#2309 = LINE ( 'NONE', #1163, #20 ) ;
#2310 = DIRECTION ( 'NONE',  ( 0.0000000000000000000, -1.000000000000000000, 0.0000000000000000000 ) ) ;
#2311 = EDGE_LOOP ( 'NONE', ( #656, #677, #2308, #2407 ) ) ;
#2312 = DIRECTION ( 'NONE',  ( -0.7071067811865342500, 0.0000000000000000000, -0.7071067811865609000 ) ) ;
#2313 = DIRECTION ( 'NONE',  ( -0.7071067811865519000, 0.0000000000000000000, -0.7071067811865431300 ) ) ;
#2314 = VECTOR ( 'NONE', #1918, 1000.000000000000000 ) ;
#2315 = EDGE_CURVE ( 'NONE', #861, #2419, #489, .T. ) ;
#2316 = VECTOR ( 'NONE', #2430, 1000.000000000000000 ) ;
#2317 = VECTOR ( 'NONE', #389, 1000.000000000000000 ) ;
#2318 = CARTESIAN_POINT ( 'NONE',  ( -0.8500000000000007500, 0.1000000000000002100, 0.3500000000000002600 ) ) ;
#2319 = VECTOR ( 'NONE', #2522, 1000.000000000000000 ) ;
#2320 = VERTEX_POINT ( 'NONE', #1015 ) ;
#2321 = VECTOR ( 'NONE', #892, 1000.000000000000000 ) ;
#2322 = EDGE_CURVE ( 'NONE', #2789, #2233, #1664, .T. ) ;
#2323 = AXIS2_PLACEMENT_3D ( 'NONE', #1033, #2577, #2826 ) ;
#2324 = AXIS2_PLACEMENT_3D ( 'NONE', #1968, #185, #1105 ) ;
#2325 = CARTESIAN_POINT ( 'NONE',  ( -1.599999999999999600, 0.6000000000000003100, 0.7499999999999993300 ) ) ;
#2326 = LINE ( 'NONE', #924, #1455 ) ;
#2327 = ORIENTED_EDGE ( 'NONE', *, *, #541, .F. ) ;
#2328 = CARTESIAN_POINT ( 'NONE',  ( -1.599999999999999600, 1.000000000000000200, 0.6249999999999992200 ) ) ;
#2329 = EDGE_CURVE ( 'NONE', #2880, #1742, #2397, .T. ) ;
#2330 = ORIENTED_EDGE ( 'NONE', *, *, #1939, .F. ) ;
#2331 = CARTESIAN_POINT ( 'NONE',  ( 0.8499999999999994200, 0.1000000000000001000, -0.1999999999999998700 ) ) ;
#2332 = ORIENTED_EDGE ( 'NONE', *, *, #534, .F. ) ;
#2333 = DIRECTION ( 'NONE',  ( -1.000000000000000000, 0.0000000000000000000, -8.673617379884043400E-016 ) ) ;
#2334 = CARTESIAN_POINT ( 'NONE',  ( 1.432294901687516400, 0.1000000000000002600, -0.7000000000000002900 ) ) ;
#2335 = ORIENTED_EDGE ( 'NONE', *, *, #738, .T. ) ;
#2336 = CARTESIAN_POINT ( 'NONE',  ( -0.8500000000000007500, 0.1000000000000002100, 0.3500000000000002600 ) ) ;
#2337 = EDGE_LOOP ( 'NONE', ( #1335, #1159, #611, #1792 ) ) ;
#2338 = EDGE_CURVE ( 'NONE', #1471, #1852, #2184, .T. ) ;
#2339 = VECTOR ( 'NONE', #50, 999.9999999999998900 ) ;
#2340 = ORIENTED_EDGE ( 'NONE', *, *, #159, .F. ) ;
#2341 = CARTESIAN_POINT ( 'NONE',  ( -1.450000000000000600, 1.000000000000000400, 0.4999999999999991700 ) ) ;
#2342 = CARTESIAN_POINT ( 'NONE',  ( -1.432294901687515900, -4.336808689942017700E-016, -0.7000000000000002900 ) ) ;
#2343 = VECTOR ( 'NONE', #1919, 1000.000000000000000 ) ;
#2344 = EDGE_LOOP ( 'NONE', ( #927, #2412, #399, #2362 ) ) ;
#2345 = DIRECTION ( 'NONE',  ( 0.0000000000000000000, -1.000000000000000000, 0.0000000000000000000 ) ) ;
#2346 = CARTESIAN_POINT ( 'NONE',  ( 1.592906529884323000, 1.000000000000000200, -0.6252014315718407200 ) ) ;
#2347 = LINE ( 'NONE', #1822, #1933 ) ;
#2348 = ORIENTED_EDGE ( 'NONE', *, *, #72, .T. ) ;
#2349 = CARTESIAN_POINT ( 'NONE',  ( 1.474999999999999900, -2.934119409414458700, 0.7499999999999993300 ) ) ;
#2350 = DIRECTION ( 'NONE',  ( 1.000000000000000000, 0.0000000000000000000, -0.0000000000000000000 ) ) ;
#2351 = VECTOR ( 'NONE', #2698, 1000.000000000000000 ) ;
#2352 = DIRECTION ( 'NONE',  ( -0.0000000000000000000, 0.0000000000000000000, 1.000000000000000000 ) ) ;
#2353 = VECTOR ( 'NONE', #1568, 1000.000000000000000 ) ;
#2354 = DIRECTION ( 'NONE',  ( 0.0000000000000000000, -1.000000000000000000, 0.0000000000000000000 ) ) ;
#2355 = SURFACE_STYLE_FILL_AREA ( #1808 ) ;
#2356 = CIRCLE ( 'NONE', #409, 0.1249999999999998900 ) ;
#2357 = DIRECTION ( 'NONE',  ( -1.000000000000000000, 0.0000000000000000000, 0.0000000000000000000 ) ) ;
#2358 = LINE ( 'NONE', #321, #1293 ) ;
#2359 = CARTESIAN_POINT ( 'NONE',  ( 1.550000000000000500, 1.020139996052670700, -0.1999999999999998700 ) ) ;
#2360 = AXIS2_PLACEMENT_3D ( 'NONE', #1094, #2638, #1538 ) ;
#2361 = CARTESIAN_POINT ( 'NONE',  ( -1.474999999999999400, 0.6000000000000000900, 0.7499999999999993300 ) ) ;
#2362 = ORIENTED_EDGE ( 'NONE', *, *, #667, .T. ) ;
#2363 = EDGE_CURVE ( 'NONE', #2868, #861, #2690, .T. ) ;
#2364 = EDGE_CURVE ( 'NONE', #1848, #406, #1737, .T. ) ;
#2365 = ORIENTED_EDGE ( 'NONE', *, *, #1194, .T. ) ;
#2366 = PRODUCT ( 'OV-0100-C7', 'OV-0100-C7', '', ( #1527 ) ) ;
#2367 = ORIENTED_EDGE ( 'NONE', *, *, #1841, .F. ) ;
#2368 = EDGE_CURVE ( 'NONE', #424, #1403, #1867, .T. ) ;
#2369 = DIRECTION ( 'NONE',  ( 0.0000000000000000000, 1.000000000000000000, 0.0000000000000000000 ) ) ;
#2370 = DIRECTION ( 'NONE',  ( 1.000000000000000000, 0.0000000000000000000, -0.0000000000000000000 ) ) ;
#2371 = ORIENTED_EDGE ( 'NONE', *, *, #897, .T. ) ;
#2372 = CARTESIAN_POINT ( 'NONE',  ( -1.432294901687515900, 0.1000000000000000500, -0.7000000000000002900 ) ) ;
#2373 = EDGE_CURVE ( 'NONE', #1397, #1982, #180, .T. ) ;
#2374 = DIRECTION ( 'NONE',  ( 0.0000000000000000000, 1.000000000000000000, 0.0000000000000000000 ) ) ;
#2375 = ORIENTED_EDGE ( 'NONE', *, *, #1841, .T. ) ;
#2376 = CARTESIAN_POINT ( 'NONE',  ( -1.000000000000003300, 0.1000000000000000500, 0.1999999999999994300 ) ) ;
#2377 = LINE ( 'NONE', #1836, #1076 ) ;
#2378 = AXIS2_PLACEMENT_3D ( 'NONE', #793, #2552, #1216 ) ;
#2379 = ORIENTED_EDGE ( 'NONE', *, *, #2363, .F. ) ;
#2380 = EDGE_CURVE ( 'NONE', #956, #2401, #2248, .T. ) ;
#2381 = SURFACE_SIDE_STYLE ('',( #1612 ) ) ;
#2382 = ORIENTED_EDGE ( 'NONE', *, *, #1790, .F. ) ;
#2383 = ADVANCED_FACE ( 'NONE', ( #1661 ), #2889, .F. ) ;
#2384 = EDGE_CURVE ( 'NONE', #2419, #904, #419, .T. ) ;
#2385 = LINE ( 'NONE', #929, #2677 ) ;
#2386 = CARTESIAN_POINT ( 'NONE',  ( -1.474999999999999400, -2.934119409414458700, 0.7499999999999993300 ) ) ;
#2387 = ORIENTED_EDGE ( 'NONE', *, *, #1290, .F. ) ;
#2388 = EDGE_CURVE ( 'NONE', #1650, #145, #2358, .T. ) ;
#2389 = LINE ( 'NONE', #1136, #2351 ) ;
#2390 = CARTESIAN_POINT ( 'NONE',  ( 1.600000000000000100, 2.168404344971008900E-016, -0.7500000000000000000 ) ) ;
#2391 = VECTOR ( 'NONE', #2813, 1000.000000000000000 ) ;
#2392 = LINE ( 'NONE', #1565, #2316 ) ;
#2393 = VECTOR ( 'NONE', #1464, 1000.000000000000000 ) ;
#2394 = PLANE ( 'NONE',  #1632 ) ;
#2395 = FACE_OUTER_BOUND ( 'NONE', #2096, .T. ) ;
#2396 = LINE ( 'NONE', #1068, #1662 ) ;
#2397 = LINE ( 'NONE', #2300, #801 ) ;
#2398 = AXIS2_PLACEMENT_3D ( 'NONE', #1415, #1180, #78 ) ;
#2399 = ADVANCED_FACE ( 'NONE', ( #2395 ), #1671, .T. ) ;
#2400 = CARTESIAN_POINT ( 'NONE',  ( -1.599999999999999600, 0.09999999999999993600, 0.7499999999999993300 ) ) ;
#2401 = VERTEX_POINT ( 'NONE', #340 ) ;
#2402 = EDGE_CURVE ( 'NONE', #2543, #2789, #1152, .T. ) ;
#2403 = CARTESIAN_POINT ( 'NONE',  ( 1.432294901687516400, 2.168404344971008900E-016, 0.6999999999999996200 ) ) ;
#2404 = DIRECTION ( 'NONE',  ( 0.7071067811865591200, 0.0000000000000000000, 0.7071067811865360300 ) ) ;
#2405 = ORIENTED_EDGE ( 'NONE', *, *, #2168, .T. ) ;
#2406 = ORIENTED_EDGE ( 'NONE', *, *, #1150, .T. ) ;
#2407 = ORIENTED_EDGE ( 'NONE', *, *, #2267, .T. ) ;
#2408 = VERTEX_POINT ( 'NONE', #1054 ) ;
#2409 = DIRECTION ( 'NONE',  ( -0.7071067811865509000, 5.551115123125782100E-017, -0.7071067811865441300 ) ) ;
#2410 = ADVANCED_FACE ( 'NONE', ( #761 ), #831, .T. ) ;
#2411 = VECTOR ( 'NONE', #117, 1000.000000000000000 ) ;
#2412 = ORIENTED_EDGE ( 'NONE', *, *, #1738, .T. ) ;
#2413 = CARTESIAN_POINT ( 'NONE',  ( -1.599999999999999600, 1.084202172485504400E-016, -0.7500000000000000000 ) ) ;
#2414 = DIRECTION ( 'NONE',  ( -0.0000000000000000000, -0.0000000000000000000, 1.000000000000000000 ) ) ;
#2415 = FACE_OUTER_BOUND ( 'NONE', #2863, .T. ) ;
#2416 = ORIENTED_EDGE ( 'NONE', *, *, #1589, .F. ) ;
#2417 =( NAMED_UNIT ( * ) SI_UNIT ( $, .STERADIAN. ) SOLID_ANGLE_UNIT ( ) );
#2418 = LINE ( 'NONE', #506, #968 ) ;
#2419 = VERTEX_POINT ( 'NONE', #1238 ) ;
#2420 = EDGE_CURVE ( 'NONE', #2270, #2071, #698, .T. ) ;
#2421 = EDGE_CURVE ( 'NONE', #1078, #2017, #308, .T. ) ;
#2422 = UNCERTAINTY_MEASURE_WITH_UNIT (LENGTH_MEASURE( 1.000000000000000100E-005 ), #615, 'distance_accuracy_value', 'NONE');
#2423 = CARTESIAN_POINT ( 'NONE',  ( -1.550000000000001600, 1.020139996052670500, 0.1999999999999994300 ) ) ;
#2424 = PLANE ( 'NONE',  #1951 ) ;
#2425 = LINE ( 'NONE', #2652, #2276 ) ;
#2426 = ADVANCED_FACE ( 'NONE', ( #2469, #2618 ), #1251, .T. ) ;
#2427 = SURFACE_STYLE_FILL_AREA ( #1228 ) ;
#2428 = DIRECTION ( 'NONE',  ( -0.0000000000000000000, -1.000000000000000000, -0.0000000000000000000 ) ) ;
#2429 = ORIENTED_EDGE ( 'NONE', *, *, #2730, .T. ) ;
#2430 = DIRECTION ( 'NONE',  ( 0.0000000000000000000, 0.0000000000000000000, -1.000000000000000000 ) ) ;
#2431 = VECTOR ( 'NONE', #2774, 1000.000000000000000 ) ;
#2432 = ORIENTED_EDGE ( 'NONE', *, *, #1336, .F. ) ;
#2433 = CARTESIAN_POINT ( 'NONE',  ( -0.8500000000000007500, 5.421010862427522200E-017, 0.6999999999999996200 ) ) ;
#2434 = DIRECTION ( 'NONE',  ( -0.0000000000000000000, -1.000000000000000000, -0.0000000000000000000 ) ) ;
#2435 = CARTESIAN_POINT ( 'NONE',  ( -1.000000000000001600, 1.020139996052670500, 0.1999999999999994300 ) ) ;
#2436 = EDGE_CURVE ( 'NONE', #1650, #1397, #2536, .T. ) ;
#2437 = AXIS2_PLACEMENT_3D ( 'NONE', #2243, #2498, #926 ) ;
#2438 = ORIENTED_EDGE ( 'NONE', *, *, #2421, .F. ) ;
#2439 = CARTESIAN_POINT ( 'NONE',  ( 0.8500000000000012000, 1.084202172485504400E-016, 0.1999999999999994300 ) ) ;
#2440 = CARTESIAN_POINT ( 'NONE',  ( -1.432294901687515900, 1.020139996052670500, 0.6999999999999996200 ) ) ;
#2441 = VERTEX_POINT ( 'NONE', #1684 ) ;
#2442 = ADVANCED_FACE ( 'NONE', ( #1802 ), #1269, .F. ) ;
#2443 = VERTEX_POINT ( 'NONE', #360 ) ;
#2444 = DIRECTION ( 'NONE',  ( -0.7071067811865431300, 0.0000000000000000000, 0.7071067811865519000 ) ) ;
#2445 = CARTESIAN_POINT ( 'NONE',  ( 0.8500000000000012000, 1.084202172485504400E-016, 0.1999999999999994300 ) ) ;
#2446 = ORIENTED_EDGE ( 'NONE', *, *, #2461, .F. ) ;
#2447 = CARTESIAN_POINT ( 'NONE',  ( 1.600000000000000100, 0.1000000000000002600, -0.1999999999999998700 ) ) ;
#2448 = VERTEX_POINT ( 'NONE', #2126 ) ;
#2449 = CARTESIAN_POINT ( 'NONE',  ( -1.550000000000001600, 0.1000000000000001600, -0.1999999999999998700 ) ) ;
#2450 = FACE_OUTER_BOUND ( 'NONE', #21, .T. ) ;
#2451 = CARTESIAN_POINT ( 'NONE',  ( -1.432294901687515900, 0.1000000000000000500, -0.7000000000000002900 ) ) ;
#2452 = ORIENTED_EDGE ( 'NONE', *, *, #1052, .F. ) ;
#2453 = VECTOR ( 'NONE', #2263, 1000.000000000000100 ) ;
#2454 = AXIS2_PLACEMENT_3D ( 'NONE', #1776, #2013, #1380 ) ;
#2455 = CARTESIAN_POINT ( 'NONE',  ( 1.600000000000000100, 1.020139996052670700, 0.7499999999999993300 ) ) ;
#2456 = VERTEX_POINT ( 'NONE', #1045 ) ;
#2457 = DIRECTION ( 'NONE',  ( 1.000000000000000000, 0.0000000000000000000, 0.0000000000000000000 ) ) ;
#2458 = ADVANCED_FACE ( 'NONE', ( #844 ), #617, .F. ) ;
#2459 = ORIENTED_EDGE ( 'NONE', *, *, #2768, .T. ) ;
#2460 = CARTESIAN_POINT ( 'NONE',  ( -1.432294901687515900, 0.1000000000000000500, -0.7000000000000002900 ) ) ;
#2461 = EDGE_CURVE ( 'NONE', #227, #829, #981, .T. ) ;
#2462 = MECHANICAL_DESIGN_GEOMETRIC_PRESENTATION_REPRESENTATION (  '', ( #680 ), #871 ) ;
#2463 = FACE_OUTER_BOUND ( 'NONE', #2481, .T. ) ;
#2464 = MANIFOLD_SOLID_BREP ( 'NONE', #578 ) ;
#2465 = FACE_OUTER_BOUND ( 'NONE', #2137, .T. ) ;
#2466 = EDGE_CURVE ( 'NONE', #1126, #2456, #668, .T. ) ;
#2467 = LINE ( 'NONE', #1656, #390 ) ;
#2468 = VECTOR ( 'NONE', #2434, 1000.000000000000000 ) ;
#2469 = FACE_OUTER_BOUND ( 'NONE', #2287, .T. ) ;
#2470 = CARTESIAN_POINT ( 'NONE',  ( 0.8500000000000012000, 1.084202172485504400E-016, -0.7500000000000000000 ) ) ;
#2471 = ORIENTED_EDGE ( 'NONE', *, *, #2479, .F. ) ;
#2472 = FACE_OUTER_BOUND ( 'NONE', #2298, .T. ) ;
#2473 = FILL_AREA_STYLE ('',( #44 ) ) ;
#2474 = FACE_OUTER_BOUND ( 'NONE', #370, .T. ) ;
#2475 = CARTESIAN_POINT ( 'NONE',  ( 1.550000000000000500, 1.626303258728256700E-016, -0.5822949016875161900 ) ) ;
#2476 = ADVANCED_FACE ( 'NONE', ( #1022 ), #1089, .F. ) ;
#2477 = CARTESIAN_POINT ( 'NONE',  ( 1.475201431571840700, 1.020139996052670500, -0.7429065298843248200 ) ) ;
#2478 = ORIENTED_EDGE ( 'NONE', *, *, #1261, .F. ) ;
#2479 = EDGE_CURVE ( 'NONE', #1982, #853, #1834, .T. ) ;
#2480 = CARTESIAN_POINT ( 'NONE',  ( 1.475201431571840700, 0.0000000000000000000, -0.7429065298843248200 ) ) ;
#2481 = EDGE_LOOP ( 'NONE', ( #1108, #1382, #191, #1301 ) ) ;
#2482 = EDGE_CURVE ( 'NONE', #1814, #1471, #2105, .T. ) ;
#2483 = ORIENTED_EDGE ( 'NONE', *, *, #2521, .T. ) ;
#2484 = CARTESIAN_POINT ( 'NONE',  ( -1.550000000000001600, -3.252606517456513300E-016, -0.5822949016875161900 ) ) ;
#2485 = ORIENTED_EDGE ( 'NONE', *, *, #232, .T. ) ;
#2486 = CARTESIAN_POINT ( 'NONE',  ( 1.600000000000000100, 0.6000000000000002000, 0.6249999999999992200 ) ) ;
#2487 = DIRECTION ( 'NONE',  ( 0.7071067811865404700, 0.0000000000000000000, 0.7071067811865545700 ) ) ;
#2488 = COLOUR_RGB ( '',1.000000000000000000, 0.8117647058823529400, 0.5019607843137254800 ) ;
#2489 = VERTEX_POINT ( 'NONE', #2153 ) ;
#2490 = DIRECTION ( 'NONE',  ( 1.000000000000000000, 0.0000000000000000000, 0.0000000000000000000 ) ) ;
#2491 = CARTESIAN_POINT ( 'NONE',  ( -1.000000000000003300, 0.1000000000000000500, 0.1999999999999994300 ) ) ;
#2492 = LINE ( 'NONE', #2477, #1892 ) ;
#2493 = ORIENTED_EDGE ( 'NONE', *, *, #1790, .T. ) ;
#2494 = CARTESIAN_POINT ( 'NONE',  ( -1.450000000000000600, 0.6000000000000004200, 0.4999999999999991700 ) ) ;
#2495 = CIRCLE ( 'NONE', #1598, 0.1249999999999998900 ) ;
#2496 = CARTESIAN_POINT ( 'NONE',  ( -0.8500000000000007500, 5.421010862427522200E-017, -0.1999999999999998700 ) ) ;
#2497 = ORIENTED_EDGE ( 'NONE', *, *, #404, .F. ) ;
#2498 = DIRECTION ( 'NONE',  ( 0.0000000000000000000, 1.000000000000000000, 0.0000000000000000000 ) ) ;
#2499 = CARTESIAN_POINT ( 'NONE',  ( -1.475201431571842000, 1.084202172485504400E-016, 0.7429065298843241500 ) ) ;
#2500 = CYLINDRICAL_SURFACE ( 'NONE', #2617, 0.1249999999999998900 ) ;
#2501 = VECTOR ( 'NONE', #62, 1000.000000000000000 ) ;
#2502 = VERTEX_POINT ( 'NONE', #1901 ) ;
#2503 = VECTOR ( 'NONE', #1289, 1000.000000000000000 ) ;
#2504 = LINE ( 'NONE', #1385, #1807 ) ;
#2505 = PLANE ( 'NONE',  #804 ) ;
#2506 = DIRECTION ( 'NONE',  ( 1.000000000000000000, -0.0000000000000000000, -0.0000000000000000000 ) ) ;
#2507 = PLANE ( 'NONE',  #284 ) ;
#2508 = ORIENTED_EDGE ( 'NONE', *, *, #995, .T. ) ;
#2509 = ORIENTED_EDGE ( 'NONE', *, *, #733, .T. ) ;
#2510 = DIRECTION ( 'NONE',  ( -0.0000000000000000000, -1.000000000000000000, -0.0000000000000000000 ) ) ;
#2511 = ORIENTED_EDGE ( 'NONE', *, *, #1771, .T. ) ;
#2512 = UNCERTAINTY_MEASURE_WITH_UNIT (LENGTH_MEASURE( 1.000000000000000100E-005 ), #818, 'distance_accuracy_value', 'NONE');
#2513 = CARTESIAN_POINT ( 'NONE',  ( 1.600000000000000100, 1.000000000000000400, -0.7500000000000000000 ) ) ;
#2514 = VERTEX_POINT ( 'NONE', #588 ) ;
#2515 = EDGE_CURVE ( 'NONE', #1249, #114, #2755, .T. ) ;
#2516 = AXIS2_PLACEMENT_3D ( 'NONE', #776, #326, #1861 ) ;
#2517 = ORIENTED_EDGE ( 'NONE', *, *, #2650, .T. ) ;
#2518 = FACE_OUTER_BOUND ( 'NONE', #1191, .T. ) ;
#2519 = ORIENTED_EDGE ( 'NONE', *, *, #854, .F. ) ;
#2520 = CARTESIAN_POINT ( 'NONE',  ( -1.474999999999999400, 0.6000000000000003100, -0.7500000000000000000 ) ) ;
#2521 = EDGE_CURVE ( 'NONE', #1376, #691, #2284, .T. ) ;
#2522 = DIRECTION ( 'NONE',  ( 1.000000000000000000, -0.0000000000000000000, -4.646580739223589000E-016 ) ) ;
#2523 = LINE ( 'NONE', #2041, #2453 ) ;
#2524 = VERTEX_POINT ( 'NONE', #387 ) ;
#2525 = DIRECTION ( 'NONE',  ( 0.0000000000000000000, 1.000000000000000000, 0.0000000000000000000 ) ) ;
#2526 = DIRECTION ( 'NONE',  ( -0.0000000000000000000, 0.0000000000000000000, 1.000000000000000000 ) ) ;
#2527 = EDGE_CURVE ( 'NONE', #1715, #691, #523, .T. ) ;
#2528 = DIRECTION ( 'NONE',  ( 0.7071067811865393600, 0.0000000000000000000, 0.7071067811865555700 ) ) ;
#2529 = FACE_OUTER_BOUND ( 'NONE', #1915, .T. ) ;
#2530 = AXIS2_PLACEMENT_3D ( 'NONE', #605, #2404, #636 ) ;
#2531 = PLANE ( 'NONE',  #2743 ) ;
#2532 = EDGE_CURVE ( 'NONE', #358, #2060, #1706, .T. ) ;
#2533 = FACE_OUTER_BOUND ( 'NONE', #168, .T. ) ;
#2534 = LINE ( 'NONE', #2100, #1059 ) ;
#2535 = CARTESIAN_POINT ( 'NONE',  ( -0.8500000000000007500, 1.020139996052670500, -0.1999999999999998700 ) ) ;
#2536 = CIRCLE ( 'NONE', #827, 0.1249999999999996800 ) ;
#2537 = DIRECTION ( 'NONE',  ( 0.0000000000000000000, 1.000000000000000000, 0.0000000000000000000 ) ) ;
#2538 = EDGE_CURVE ( 'NONE', #2401, #1917, #2150, .T. ) ;
#2539 = EDGE_LOOP ( 'NONE', ( #706, #1890, #2094, #1988, #1064, #891, #2019 ) ) ;
#2540 = CYLINDRICAL_SURFACE ( 'NONE', #1327, 0.1249999999999998900 ) ;
#2541 = FACE_OUTER_BOUND ( 'NONE', #524, .T. ) ;
#2542 = EDGE_LOOP ( 'NONE', ( #1678, #229, #2039, #1017 ) ) ;
#2543 = VERTEX_POINT ( 'NONE', #1932 ) ;
#2544 = CARTESIAN_POINT ( 'NONE',  ( 1.550000000000000500, 0.1000000000000002600, -0.7500000000000000000 ) ) ;
#2545 = CARTESIAN_POINT ( 'NONE',  ( -6.505213034913026600E-016, 1.084202172485504400E-016, 0.1999999999999994300 ) ) ;
#2546 = CARTESIAN_POINT ( 'NONE',  ( -1.432294901687515900, 0.1000000000000000500, -0.7000000000000002900 ) ) ;
#2547 = ORIENTED_EDGE ( 'NONE', *, *, #2595, .F. ) ;
#2548 = ORIENTED_EDGE ( 'NONE', *, *, #2384, .F. ) ;
#2549 = CARTESIAN_POINT ( 'NONE',  ( -1.550000000000001600, 0.0000000000000000000, 0.1999999999999994300 ) ) ;
#2550 = PRESENTATION_LAYER_ASSIGNMENT (  '', '', ( #1448 ) ) ;
#2551 = ORIENTED_EDGE ( 'NONE', *, *, #2636, .F. ) ;
#2552 = DIRECTION ( 'NONE',  ( 2.323290369611794500E-016, 1.232595164407830900E-032, 1.000000000000000000 ) ) ;
#2553 = DIRECTION ( 'NONE',  ( -1.000000000000000000, 0.0000000000000000000, 0.0000000000000000000 ) ) ;
#2554 = AXIS2_PLACEMENT_3D ( 'NONE', #595, #2791, #572 ) ;
#2555 = ORIENTED_EDGE ( 'NONE', *, *, #1705, .F. ) ;
#2556 = CARTESIAN_POINT ( 'NONE',  ( 1.600000000000000100, 0.1000000000000002600, 0.7499999999999993300 ) ) ;
#2557 = DIRECTION ( 'NONE',  ( -1.000000000000000000, 0.0000000000000000000, -0.0000000000000000000 ) ) ;
#2558 = VECTOR ( 'NONE', #1907, 1000.000000000000000 ) ;
#2559 = ORIENTED_EDGE ( 'NONE', *, *, #1526, .T. ) ;
#2560 = CARTESIAN_POINT ( 'NONE',  ( -1.349999999999999400, 1.000000000000000200, 0.4999999999999991700 ) ) ;
#2561 = ORIENTED_EDGE ( 'NONE', *, *, #2119, .F. ) ;
#2562 = VECTOR ( 'NONE', #729, 1000.000000000000000 ) ;
#2563 = ORIENTED_EDGE ( 'NONE', *, *, #1496, .T. ) ;
#2564 = DIRECTION ( 'NONE',  ( -0.7071067811865431300, 0.0000000000000000000, 0.7071067811865519000 ) ) ;
#2565 =( NAMED_UNIT ( * ) PLANE_ANGLE_UNIT ( ) SI_UNIT ( $, .RADIAN. ) );
#2566 = DIRECTION ( 'NONE',  ( -1.000000000000000000, -0.0000000000000000000, 0.0000000000000000000 ) ) ;
#2567 = DIRECTION ( 'NONE',  ( -0.0000000000000000000, 0.0000000000000000000, 1.000000000000000000 ) ) ;
#2568 = CARTESIAN_POINT ( 'NONE',  ( 1.592906529884323000, 0.1000000000000001600, -0.6252014315718407200 ) ) ;
#2569 = LINE ( 'NONE', #832, #2035 ) ;
#2570 = CIRCLE ( 'NONE', #2852, 0.1249999999999998900 ) ;
#2571 = VECTOR ( 'NONE', #2510, 1000.000000000000000 ) ;
#2572 = ORIENTED_EDGE ( 'NONE', *, *, #1138, .F. ) ;
#2573 = CYLINDRICAL_SURFACE ( 'NONE', #1178, 0.1249999999999998900 ) ;
#2574 = AXIS2_PLACEMENT_3D ( 'NONE', #374, #25, #261 ) ;
#2575 = CARTESIAN_POINT ( 'NONE',  ( -1.599999999999999600, 1.084202172485504400E-016, -0.7000000000000002900 ) ) ;
#2576 = CYLINDRICAL_SURFACE ( 'NONE', #1935, 0.1249999999999998900 ) ;
#2577 = DIRECTION ( 'NONE',  ( 0.7071067811865609000, 0.0000000000000000000, -0.7071067811865342500 ) ) ;
#2578 = CARTESIAN_POINT ( 'NONE',  ( 1.475201431571840700, 0.0000000000000000000, 0.7429065298843258200 ) ) ;
#2579 = CARTESIAN_POINT ( 'NONE',  ( -6.505213034913026600E-016, 1.084202172485504400E-016, -0.7000000000000002900 ) ) ;
#2580 = EDGE_CURVE ( 'NONE', #2082, #812, #2643, .T. ) ;
#2581 = ORIENTED_EDGE ( 'NONE', *, *, #2527, .F. ) ;
#2582 = CARTESIAN_POINT ( 'NONE',  ( -1.432294901687515900, 1.084202172485504400E-016, 0.6999999999999996200 ) ) ;
#2583 = ADVANCED_FACE ( 'NONE', ( #1255 ), #1712, .T. ) ;
#2584 = ORIENTED_EDGE ( 'NONE', *, *, #687, .T. ) ;
#2585 = AXIS2_PLACEMENT_3D ( 'NONE', #2275, #2255, #946 ) ;
#2586 = DIRECTION ( 'NONE',  ( 1.000000000000000000, 0.0000000000000000000, -0.0000000000000000000 ) ) ;
#2587 = ORIENTED_EDGE ( 'NONE', *, *, #1588, .T. ) ;
#2588 = DIRECTION ( 'NONE',  ( -1.000000000000000000, 0.0000000000000000000, -0.0000000000000000000 ) ) ;
#2589 = DIRECTION ( 'NONE',  ( -0.7071067811865431300, 0.0000000000000000000, 0.7071067811865519000 ) ) ;
#2590 = DIRECTION ( 'NONE',  ( 1.000000000000000000, 0.0000000000000000000, -0.0000000000000000000 ) ) ;
#2591 = ORIENTED_EDGE ( 'NONE', *, *, #2141, .T. ) ;
#2592 = DIRECTION ( 'NONE',  ( 0.0000000000000000000, 1.000000000000000000, 0.0000000000000000000 ) ) ;
#2593 = CARTESIAN_POINT ( 'NONE',  ( -1.592906529884324400, 0.1000000000000001600, -0.6252014315718407200 ) ) ;
#2594 = ORIENTED_EDGE ( 'NONE', *, *, #1817, .T. ) ;
#2595 = EDGE_CURVE ( 'NONE', #2227, #2053, #1904, .T. ) ;
#2596 = ORIENTED_EDGE ( 'NONE', *, *, #814, .T. ) ;
#2597 = DIRECTION ( 'NONE',  ( -0.7071067811865342500, 0.0000000000000000000, -0.7071067811865607800 ) ) ;
#2598 = DIRECTION ( 'NONE',  ( 0.0000000000000000000, 1.000000000000000000, 0.0000000000000000000 ) ) ;
#2599 = DIRECTION ( 'NONE',  ( -1.000000000000000000, 0.0000000000000000000, 0.0000000000000000000 ) ) ;
#2600 = VECTOR ( 'NONE', #1168, 1000.000000000000000 ) ;
#2601 = EDGE_LOOP ( 'NONE', ( #2371, #2508, #735, #1511 ) ) ;
#2602 = CARTESIAN_POINT ( 'NONE',  ( 0.8499999999999994200, 0.1000000000000001000, -0.1999999999999998700 ) ) ;
#2603 = PLANE ( 'NONE',  #1571 ) ;
#2604 = LINE ( 'NONE', #1628, #1759 ) ;
#2605 = VERTEX_POINT ( 'NONE', #788 ) ;
#2606 = EDGE_CURVE ( 'NONE', #1466, #1011, #1352, .T. ) ;
#2607 = DIRECTION ( 'NONE',  ( -1.000000000000000000, -0.0000000000000000000, -1.861946874931308900E-016 ) ) ;
#2608 = ORIENTED_EDGE ( 'NONE', *, *, #2368, .F. ) ;
#2609 = CARTESIAN_POINT ( 'NONE',  ( 1.550000000000000500, 0.1000000000000002600, 0.5822949016875156300 ) ) ;
#2610 = FACE_OUTER_BOUND ( 'NONE', #2601, .T. ) ;
#2611 =( NAMED_UNIT ( * ) SI_UNIT ( $, .STERADIAN. ) SOLID_ANGLE_UNIT ( ) );
#2612 = DIRECTION ( 'NONE',  ( -0.0000000000000000000, 0.0000000000000000000, 1.000000000000000000 ) ) ;
#2613 = VECTOR ( 'NONE', #1966, 1000.000000000000000 ) ;
#2614 = DIRECTION ( 'NONE',  ( -0.0000000000000000000, -1.000000000000000000, -0.0000000000000000000 ) ) ;
#2615 = LINE ( 'NONE', #678, #174 ) ;
#2616 = CIRCLE ( 'NONE', #2218, 0.1249999999999998900 ) ;
#2617 = AXIS2_PLACEMENT_3D ( 'NONE', #1309, #1556, #1749 ) ;
#2618 = FACE_BOUND ( 'NONE', #566, .T. ) ;
#2619 = DIRECTION ( 'NONE',  ( 1.000000000000000000, -0.0000000000000000000, 0.0000000000000000000 ) ) ;
#2620 = ORIENTED_EDGE ( 'NONE', *, *, #528, .F. ) ;
#2621 = CARTESIAN_POINT ( 'NONE',  ( -1.474999999999999400, 1.000000000000000200, 0.7499999999999993300 ) ) ;
#2622 = FACE_OUTER_BOUND ( 'NONE', #1577, .T. ) ;
#2623 = LINE ( 'NONE', #1116, #849 ) ;
#2624 = EDGE_CURVE ( 'NONE', #1126, #245, #2684, .T. ) ;
#2625 = ORIENTED_EDGE ( 'NONE', *, *, #1971, .F. ) ;
#2626 = VERTEX_POINT ( 'NONE', #2568 ) ;
#2627 = ADVANCED_FACE ( 'NONE', ( #2886 ), #2144, .T. ) ;
#2628 = ORIENTED_EDGE ( 'NONE', *, *, #1809, .F. ) ;
#2629 = PLANE ( 'NONE',  #1569 ) ;
#2630 = ORIENTED_EDGE ( 'NONE', *, *, #943, .F. ) ;
#2631 = CIRCLE ( 'NONE', #2437, 0.1249999999999998900 ) ;
#2632 = ORIENTED_EDGE ( 'NONE', *, *, #392, .T. ) ;
#2633 = DIRECTION ( 'NONE',  ( -1.000000000000000000, 0.0000000000000000000, -1.971276677246376700E-016 ) ) ;
#2634 = ORIENTED_EDGE ( 'NONE', *, *, #2482, .F. ) ;
#2635 = FILL_AREA_STYLE ('',( #1927 ) ) ;
#2636 = EDGE_CURVE ( 'NONE', #2270, #2091, #450, .T. ) ;
#2637 = ORIENTED_EDGE ( 'NONE', *, *, #582, .F. ) ;
#2638 = DIRECTION ( 'NONE',  ( 1.000000000000000000, -0.0000000000000000000, 0.0000000000000000000 ) ) ;
#2639 = ADVANCED_FACE ( 'NONE', ( #2751 ), #2188, .T. ) ;
#2640 = DIRECTION ( 'NONE',  ( 1.000000000000000000, 0.0000000000000000000, 0.0000000000000000000 ) ) ;
#2641 = VECTOR ( 'NONE', #2796, 1000.000000000000000 ) ;
#2642 = CARTESIAN_POINT ( 'NONE',  ( -0.8500000000000007500, 1.020139996052670700, 0.3500000000000002600 ) ) ;
#2643 = LINE ( 'NONE', #2836, #1625 ) ;
#2644 = ORIENTED_EDGE ( 'NONE', *, *, #787, .T. ) ;
#2645 = LINE ( 'NONE', #2579, #1906 ) ;
#2646 = ADVANCED_BREP_SHAPE_REPRESENTATION ( 'OV-0100-C7', ( #86, #1427, #2464, #2771, #1990, #1186, #1107, #1274 ), #979 ) ;
#2647 = DIRECTION ( 'NONE',  ( -1.000000000000000000, -0.0000000000000000000, 0.0000000000000000000 ) ) ;
#2648 = FACE_OUTER_BOUND ( 'NONE', #1721, .T. ) ;
#2649 = ORIENTED_EDGE ( 'NONE', *, *, #1667, .F. ) ;
#2650 = EDGE_CURVE ( 'NONE', #1098, #199, #212, .T. ) ;
#2651 = MECHANICAL_DESIGN_GEOMETRIC_PRESENTATION_REPRESENTATION (  '', ( #1448 ), #2760 ) ;
#2652 = CARTESIAN_POINT ( 'NONE',  ( 0.8499999999999994200, 1.020139996052670500, 0.1999999999999994300 ) ) ;
#2653 = ORIENTED_EDGE ( 'NONE', *, *, #965, .T. ) ;
#2654 = ADVANCED_FACE ( 'NONE', ( #519 ), #2066, .F. ) ;
#2655 = ORIENTED_EDGE ( 'NONE', *, *, #2701, .T. ) ;
#2656 = CARTESIAN_POINT ( 'NONE',  ( -1.432294901687515900, 0.1000000000000000500, 0.6999999999999996200 ) ) ;
#2657 = CARTESIAN_POINT ( 'NONE',  ( -1.450000000000000600, 0.3171572875253810800, 0.4999999999999991700 ) ) ;
#2658 = EDGE_LOOP ( 'NONE', ( #2572, #953, #1037, #652 ) ) ;
#2659 =( NAMED_UNIT ( * ) PLANE_ANGLE_UNIT ( ) SI_UNIT ( $, .RADIAN. ) );
#2660 = DIRECTION ( 'NONE',  ( -1.000000000000000000, 0.0000000000000000000, 0.0000000000000000000 ) ) ;
#2661 = EDGE_LOOP ( 'NONE', ( #1324, #1534, #1051, #1881 ) ) ;
#2662 = ORIENTED_EDGE ( 'NONE', *, *, #601, .T. ) ;
#2663 = DIRECTION ( 'NONE',  ( 0.0000000000000000000, 1.000000000000000000, 0.0000000000000000000 ) ) ;
#2664 = ORIENTED_EDGE ( 'NONE', *, *, #1526, .F. ) ;
#2665 = CARTESIAN_POINT ( 'NONE',  ( -1.550000000000001600, 0.1000000000000001600, -0.5822949016875161900 ) ) ;
#2666 = CARTESIAN_POINT ( 'NONE',  ( -1.599999999999999600, 1.084202172485504400E-016, 0.1999999999999994300 ) ) ;
#2667 = CARTESIAN_POINT ( 'NONE',  ( -1.599999999999999600, 1.084202172485504400E-016, -0.1999999999999998700 ) ) ;
#2668 = VECTOR ( 'NONE', #208, 1000.000000000000000 ) ;
#2669 = CARTESIAN_POINT ( 'NONE',  ( -1.599999999999999600, 0.6000000000000000900, -0.7500000000000000000 ) ) ;
#2670 = ORIENTED_EDGE ( 'NONE', *, *, #848, .F. ) ;
#2671 = ADVANCED_FACE ( 'NONE', ( #1321 ), #236, .T. ) ;
#2672 = DIRECTION ( 'NONE',  ( 0.7071067811865394700, 0.0000000000000000000, 0.7071067811865555700 ) ) ;
#2673 = CARTESIAN_POINT ( 'NONE',  ( 1.550000000000000500, 0.1000000000000002600, 0.5822949016875156300 ) ) ;
#2674 = AXIS2_PLACEMENT_3D ( 'NONE', #813, #577, #2357 ) ;
#2675 = LINE ( 'NONE', #1688, #124 ) ;
#2676 = ORIENTED_EDGE ( 'NONE', *, *, #2388, .T. ) ;
#2677 = VECTOR ( 'NONE', #937, 1000.000000000000000 ) ;
#2678 = DIRECTION ( 'NONE',  ( 0.0000000000000000000, 1.000000000000000000, 0.0000000000000000000 ) ) ;
#2679 = ORIENTED_EDGE ( 'NONE', *, *, #1707, .F. ) ;
#2680 = EDGE_CURVE ( 'NONE', #2091, #1312, #2037, .T. ) ;
#2681 = DIRECTION ( 'NONE',  ( 0.0000000000000000000, -1.000000000000000000, 0.0000000000000000000 ) ) ;
#2682 = VECTOR ( 'NONE', #1282, 1000.000000000000000 ) ;
#2683 = DIRECTION ( 'NONE',  ( -0.0000000000000000000, -1.000000000000000000, -0.0000000000000000000 ) ) ;
#2684 = LINE ( 'NONE', #2582, #2820 ) ;
#2685 = DIRECTION ( 'NONE',  ( 0.0000000000000000000, 1.000000000000000000, 0.0000000000000000000 ) ) ;
#2686 = LINE ( 'NONE', #2723, #1018 ) ;
#2687 = DIRECTION ( 'NONE',  ( -0.0000000000000000000, -1.000000000000000000, -0.0000000000000000000 ) ) ;
#2688 = EDGE_CURVE ( 'NONE', #1267, #1894, #1453, .T. ) ;
#2689 = LINE ( 'NONE', #916, #1592 ) ;
#2690 = LINE ( 'NONE', #978, #2319 ) ;
#2691 = LINE ( 'NONE', #2304, #2072 ) ;
#2692 = CARTESIAN_POINT ( 'NONE',  ( -1.349999999999999400, 0.9000000000000003600, 0.4999999999999991700 ) ) ;
#2693 = ADVANCED_FACE ( 'NONE', ( #2465 ), #1360, .T. ) ;
#2694 = CIRCLE ( 'NONE', #2839, 0.1249999999999998900 ) ;
#2695 = DIRECTION ( 'NONE',  ( -1.000000000000000000, -0.0000000000000000000, 0.0000000000000000000 ) ) ;
#2696 = EDGE_CURVE ( 'NONE', #2161, #440, #2215, .T. ) ;
#2697 =( GEOMETRIC_REPRESENTATION_CONTEXT ( 3 ) GLOBAL_UNCERTAINTY_ASSIGNED_CONTEXT ( ( #2422 ) ) GLOBAL_UNIT_ASSIGNED_CONTEXT ( ( #615, #851, #1081 ) ) REPRESENTATION_CONTEXT ( 'NONE', 'WORKASPACE' ) );
#2698 = DIRECTION ( 'NONE',  ( 0.0000000000000000000, 1.000000000000000000, 0.0000000000000000000 ) ) ;
#2699 = PLANE ( 'NONE',  #2011 ) ;
#2700 = ORIENTED_EDGE ( 'NONE', *, *, #1602, .F. ) ;
#2701 = EDGE_CURVE ( 'NONE', #870, #634, #797, .T. ) ;
#2702 = VERTEX_POINT ( 'NONE', #2726 ) ;
#2703 = CARTESIAN_POINT ( 'NONE',  ( 1.600000000000000100, 2.168404344971008900E-016, -0.1999999999999998700 ) ) ;
#2704 = ORIENTED_EDGE ( 'NONE', *, *, #423, .F. ) ;
#2705 = ADVANCED_FACE ( 'NONE', ( #241 ), #2746, .F. ) ;
#2706 = PLANE ( 'NONE',  #925 ) ;
#2707 = CARTESIAN_POINT ( 'NONE',  ( -1.250000000000000000, 0.6000000000000004200, 0.4999999999999991700 ) ) ;
#2708 = ORIENTED_EDGE ( 'NONE', *, *, #1785, .T. ) ;
#2709 = LINE ( 'NONE', #2575, #2093 ) ;
#2710 = ORIENTED_EDGE ( 'NONE', *, *, #902, .F. ) ;
#2711 = CYLINDRICAL_SURFACE ( 'NONE', #415, 0.1249999999999998900 ) ;
#2712 = AXIS2_PLACEMENT_3D ( 'NONE', #883, #446, #1483 ) ;
#2713 = ORIENTED_EDGE ( 'NONE', *, *, #2338, .T. ) ;
#2714 = CARTESIAN_POINT ( 'NONE',  ( -1.550000000000001600, 0.1000000000000002600, 0.1999999999999994300 ) ) ;
#2715 = CARTESIAN_POINT ( 'NONE',  ( 1.432294901687516400, 1.020139996052670700, 0.6999999999999996200 ) ) ;
#2716 = EDGE_LOOP ( 'NONE', ( #2662, #1212, #1209, #1728 ) ) ;
#2717 = VECTOR ( 'NONE', #1601, 1000.000000000000000 ) ;
#2718 = LINE ( 'NONE', #428, #1866 ) ;
#2719 = VECTOR ( 'NONE', #1131, 1000.000000000000000 ) ;
#2720 = VECTOR ( 'NONE', #2177, 1000.000000000000000 ) ;
#2721 = CARTESIAN_POINT ( 'NONE',  ( 1.432294901687516400, 0.1000000000000002600, 0.6999999999999996200 ) ) ;
#2722 = VECTOR ( 'NONE', #320, 1000.000000000000000 ) ;
#2723 = CARTESIAN_POINT ( 'NONE',  ( -1.550000000000001600, 0.1000000000000002600, 0.1999999999999994300 ) ) ;
#2724 = ORIENTED_EDGE ( 'NONE', *, *, #2538, .T. ) ;
#2725 = ORIENTED_EDGE ( 'NONE', *, *, #2364, .F. ) ;
#2726 = CARTESIAN_POINT ( 'NONE',  ( -1.592906529884324400, 0.1000000000000001600, 0.6252014315718400500 ) ) ;
#2727 = AXIS2_PLACEMENT_3D ( 'NONE', #1258, #1695, #1227 ) ;
#2728 = DIRECTION ( 'NONE',  ( 0.0000000000000000000, -1.000000000000000000, 0.0000000000000000000 ) ) ;
#2729 = ORIENTED_EDGE ( 'NONE', *, *, #24, .F. ) ;
#2730 = EDGE_CURVE ( 'NONE', #112, #2849, #1559, .T. ) ;
#2731 = EDGE_LOOP ( 'NONE', ( #1457, #1013, #1838, #181 ) ) ;
#2732 = ORIENTED_EDGE ( 'NONE', *, *, #442, .F. ) ;
#2733 = CYLINDRICAL_SURFACE ( 'NONE', #37, 0.1000000000000000500 ) ;
#2734 = ORIENTED_EDGE ( 'NONE', *, *, #2145, .F. ) ;
#2735 = CARTESIAN_POINT ( 'NONE',  ( -1.432294901687515900, 1.020139996052670500, 0.6999999999999996200 ) ) ;
#2736 = DIRECTION ( 'NONE',  ( 0.7071067811865394700, 0.0000000000000000000, 0.7071067811865555700 ) ) ;
#2737 = FACE_OUTER_BOUND ( 'NONE', #2023, .T. ) ;
#2738 = ORIENTED_EDGE ( 'NONE', *, *, #1005, .F. ) ;
#2739 = VECTOR ( 'NONE', #809, 1000.000000000000000 ) ;
#2740 = ADVANCED_FACE ( 'NONE', ( #2004 ), #304, .F. ) ;
#2741 = VERTEX_POINT ( 'NONE', #2061 ) ;
#2742 = EDGE_CURVE ( 'NONE', #1897, #682, #134, .T. ) ;
#2743 = AXIS2_PLACEMENT_3D ( 'NONE', #305, #2050, #1616 ) ;
#2744 = CIRCLE ( 'NONE', #2000, 0.1249999999999998900 ) ;
#2745 = CARTESIAN_POINT ( 'NONE',  ( -1.550000000000001600, 1.020139996052670500, -0.1999999999999998700 ) ) ;
#2746 = PLANE ( 'NONE',  #1041 ) ;
#2747 = DIRECTION ( 'NONE',  ( 0.0000000000000000000, 1.000000000000000000, 0.0000000000000000000 ) ) ;
#2748 = DIRECTION ( 'NONE',  ( 0.0000000000000000000, 1.000000000000000000, 0.0000000000000000000 ) ) ;
#2749 = CARTESIAN_POINT ( 'NONE',  ( 1.550000000000000500, 1.626303258728256700E-016, 0.1999999999999994300 ) ) ;
#2750 = SURFACE_STYLE_FILL_AREA ( #1758 ) ;
#2751 = FACE_OUTER_BOUND ( 'NONE', #1070, .T. ) ;
#2752 = VECTOR ( 'NONE', #18, 1000.000000000000000 ) ;
#2753 = LINE ( 'NONE', #2167, #2468 ) ;
#2754 = EDGE_CURVE ( 'NONE', #537, #2605, #692, .T. ) ;
#2755 = LINE ( 'NONE', #146, #1260 ) ;
#2756 = EDGE_LOOP ( 'NONE', ( #2124, #596, #2191, #1611 ) ) ;
#2757 = DIRECTION ( 'NONE',  ( 0.0000000000000000000, 1.000000000000000000, 0.0000000000000000000 ) ) ;
#2758 = CARTESIAN_POINT ( 'NONE',  ( 1.592906529884323000, 1.020139996052670500, 0.6252014315718400500 ) ) ;
#2759 = CARTESIAN_POINT ( 'NONE',  ( -1.432294901687515900, -4.336808689942017700E-016, 0.6999999999999996200 ) ) ;
#2760 =( GEOMETRIC_REPRESENTATION_CONTEXT ( 3 ) GLOBAL_UNCERTAINTY_ASSIGNED_CONTEXT ( ( #189 ) ) GLOBAL_UNIT_ASSIGNED_CONTEXT ( ( #488, #908, #1371 ) ) REPRESENTATION_CONTEXT ( 'NONE', 'WORKASPACE' ) );
#2761 = ORIENTED_EDGE ( 'NONE', *, *, #1285, .F. ) ;
#2762 = CARTESIAN_POINT ( 'NONE',  ( -1.000000000000001600, 2.168404344971008900E-016, 0.1999999999999994300 ) ) ;
#2763 = ORIENTED_EDGE ( 'NONE', *, *, #500, .F. ) ;
#2764 = DIRECTION ( 'NONE',  ( 0.0000000000000000000, -1.000000000000000000, 0.0000000000000000000 ) ) ;
#2765 = DIRECTION ( 'NONE',  ( 4.336808689942019200E-016, 0.0000000000000000000, -1.000000000000000000 ) ) ;
#2766 = PLANE ( 'NONE',  #379 ) ;
#2767 = ORIENTED_EDGE ( 'NONE', *, *, #1654, .T. ) ;
#2768 = EDGE_CURVE ( 'NONE', #1905, #2053, #2147, .T. ) ;
#2769 = VERTEX_POINT ( 'NONE', #1607 ) ;
#2770 = VECTOR ( 'NONE', #1145, 1000.000000000000000 ) ;
#2771 = MANIFOLD_SOLID_BREP ( 'Pin 3', #369 ) ;
#2772 = EDGE_LOOP ( 'NONE', ( #311, #1047, #164, #477, #499, #1302, #888, #561 ) ) ;
#2773 = DIRECTION ( 'NONE',  ( 0.0000000000000000000, -1.000000000000000000, 0.0000000000000000000 ) ) ;
#2774 = DIRECTION ( 'NONE',  ( 1.000000000000000000, -0.0000000000000000000, -0.0000000000000000000 ) ) ;
#2775 = VECTOR ( 'NONE', #1055, 1000.000000000000000 ) ;
#2776 = ORIENTED_EDGE ( 'NONE', *, *, #2226, .F. ) ;
#2777 = CARTESIAN_POINT ( 'NONE',  ( -1.599999999999999600, 1.000000000000000200, -0.6249999999999998900 ) ) ;
#2778 = PLANE ( 'NONE',  #1772 ) ;
#2779 = ORIENTED_EDGE ( 'NONE', *, *, #2170, .T. ) ;
#2780 = EDGE_CURVE ( 'NONE', #1444, #898, #173, .T. ) ;
#2781 = VECTOR ( 'NONE', #1123, 1000.000000000000000 ) ;
#2782 = DIRECTION ( 'NONE',  ( 0.0000000000000000000, 0.0000000000000000000, -1.000000000000000000 ) ) ;
#2783 = VECTOR ( 'NONE', #1233, 1000.000000000000000 ) ;
#2784 = CARTESIAN_POINT ( 'NONE',  ( -1.474999999999999400, 0.6000000000000003100, 0.7499999999999993300 ) ) ;
#2785 = EDGE_CURVE ( 'NONE', #898, #2161, #346, .T. ) ;
#2786 = ADVANCED_FACE ( 'NONE', ( #1416 ), #1767, .T. ) ;
#2787 = VECTOR ( 'NONE', #1653, 1000.000000000000000 ) ;
#2788 = DIRECTION ( 'NONE',  ( 0.0000000000000000000, 1.000000000000000000, 0.0000000000000000000 ) ) ;
#2789 = VERTEX_POINT ( 'NONE', #2030 ) ;
#2790 = CARTESIAN_POINT ( 'NONE',  ( 1.475201431571840700, 0.0000000000000000000, 0.7429065298843258200 ) ) ;
#2791 = DIRECTION ( 'NONE',  ( -1.861946874931309900E-016, -1.232595164407830900E-032, 1.000000000000000000 ) ) ;
#2792 = CARTESIAN_POINT ( 'NONE',  ( -1.432294901687515900, 1.020139996052670500, -0.7000000000000002900 ) ) ;
#2793 = ORIENTED_EDGE ( 'NONE', *, *, #2197, .T. ) ;
#2794 = DIRECTION ( 'NONE',  ( -1.000000000000000000, 0.0000000000000000000, 0.0000000000000000000 ) ) ;
#2795 = VERTEX_POINT ( 'NONE', #1558 ) ;
#2796 = DIRECTION ( 'NONE',  ( 0.0000000000000000000, 1.000000000000000000, 0.0000000000000000000 ) ) ;
#2797 = ORIENTED_EDGE ( 'NONE', *, *, #1554, .F. ) ;
#2798 = CARTESIAN_POINT ( 'NONE',  ( 0.8499999999999994200, 0.1000000000000001000, 0.1999999999999994300 ) ) ;
#2799 = ORIENTED_EDGE ( 'NONE', *, *, #1143, .T. ) ;
#2800 = CARTESIAN_POINT ( 'NONE',  ( 1.600000000000000100, 0.6000000000000003100, -0.6249999999999998900 ) ) ;
#2801 = CARTESIAN_POINT ( 'NONE',  ( 1.600000000000000100, 0.6000000000000002000, 0.7499999999999993300 ) ) ;
#2802 = FACE_OUTER_BOUND ( 'NONE', #9, .T. ) ;
#2803 = DIRECTION ( 'NONE',  ( 1.000000000000000000, 0.0000000000000000000, 4.646580739223589000E-016 ) ) ;
#2804 = ORIENTED_EDGE ( 'NONE', *, *, #2696, .F. ) ;
#2805 = EDGE_CURVE ( 'NONE', #2456, #1008, #1056, .T. ) ;
#2806 = DIRECTION ( 'NONE',  ( 0.0000000000000000000, -1.000000000000000000, 0.0000000000000000000 ) ) ;
#2807 = LINE ( 'NONE', #430, #1408 ) ;
#2808 = ORIENTED_EDGE ( 'NONE', *, *, #2141, .F. ) ;
#2809 = AXIS2_PLACEMENT_3D ( 'NONE', #265, #490, #55 ) ;
#2810 = FACE_OUTER_BOUND ( 'NONE', #1774, .T. ) ;
#2811 = CARTESIAN_POINT ( 'NONE',  ( 1.550000000000000500, 0.1000000000000002600, -0.5822949016875161900 ) ) ;
#2812 = ORIENTED_EDGE ( 'NONE', *, *, #84, .F. ) ;
#2813 = DIRECTION ( 'NONE',  ( -0.0000000000000000000, -1.000000000000000000, -0.0000000000000000000 ) ) ;
#2814 = VECTOR ( 'NONE', #28, 1000.000000000000000 ) ;
#2815 = SURFACE_STYLE_USAGE ( .BOTH. , #565 ) ;
#2816 = CARTESIAN_POINT ( 'NONE',  ( -1.250000000000000000, 1.000000000000000200, 0.4999999999999991700 ) ) ;
#2817 = DIRECTION ( 'NONE',  ( 1.000000000000000000, 0.0000000000000000000, 0.0000000000000000000 ) ) ;
#2818 = CIRCLE ( 'NONE', #317, 0.1249999999999998900 ) ;
#2819 = CARTESIAN_POINT ( 'NONE',  ( -0.8499999999999989800, 0.1000000000000002100, 0.6999999999999996200 ) ) ;
#2820 = VECTOR ( 'NONE', #600, 1000.000000000000100 ) ;
#2821 = LINE ( 'NONE', #2225, #920 ) ;
#2822 = FACE_OUTER_BOUND ( 'NONE', #1670, .T. ) ;
#2823 = PRESENTATION_LAYER_ASSIGNMENT (  '', '', ( #680 ) ) ;
#2824 = CARTESIAN_POINT ( 'NONE',  ( -0.8500000000000007500, 5.421010862427522200E-017, 6.505213034913026600E-016 ) ) ;
#2825 = VECTOR ( 'NONE', #157, 1000.000000000000100 ) ;
#2826 = DIRECTION ( 'NONE',  ( -0.7071067811865342500, 0.0000000000000000000, -0.7071067811865609000 ) ) ;
#2827 = EDGE_LOOP ( 'NONE', ( #2608, #205, #1188, #769 ) ) ;
#2828 = DIRECTION ( 'NONE',  ( 0.7071067811865422400, 0.0000000000000000000, -0.7071067811865527900 ) ) ;
#2829 = DIRECTION ( 'NONE',  ( 1.000000000000000000, 0.0000000000000000000, 0.0000000000000000000 ) ) ;
#2830 = ORIENTED_EDGE ( 'NONE', *, *, #1943, .F. ) ;
#2831 = DIRECTION ( 'NONE',  ( 0.0000000000000000000, -1.000000000000000000, 0.0000000000000000000 ) ) ;
#2832 = EDGE_CURVE ( 'NONE', #2155, #1474, #1182, .T. ) ;
#2833 = EDGE_LOOP ( 'NONE', ( #201, #717, #508, #2348 ) ) ;
#2834 = CARTESIAN_POINT ( 'NONE',  ( -1.475201431571842000, 1.000000000000000200, -0.7429065298843248200 ) ) ;
#2835 = ORIENTED_EDGE ( 'NONE', *, *, #1383, .T. ) ;
#2836 = CARTESIAN_POINT ( 'NONE',  ( 1.592906529884323000, 1.000000000000000200, 0.6252014315718400500 ) ) ;
#2837 = DIRECTION ( 'NONE',  ( -1.000000000000000000, 0.0000000000000000000, 0.0000000000000000000 ) ) ;
#2838 = ORIENTED_EDGE ( 'NONE', *, *, #2081, .F. ) ;
#2839 = AXIS2_PLACEMENT_3D ( 'NONE', #2669, #2683, #658 ) ;
#2840 = ORIENTED_EDGE ( 'NONE', *, *, #2016, .F. ) ;
#2841 = CARTESIAN_POINT ( 'NONE',  ( -6.505213034913026600E-016, 1.084202172485504400E-016, 0.7499999999999993300 ) ) ;
#2842 = SURFACE_STYLE_USAGE ( .BOTH. , #1322 ) ;
#2843 = EDGE_CURVE ( 'NONE', #1995, #2514, #1120, .T. ) ;
#2844 = FACE_OUTER_BOUND ( 'NONE', #603, .T. ) ;
#2845 = ORIENTED_EDGE ( 'NONE', *, *, #2515, .F. ) ;
#2846 = LINE ( 'NONE', #2666, #1546 ) ;
#2847 = ORIENTED_EDGE ( 'NONE', *, *, #435, .T. ) ;
#2848 = ADVANCED_FACE ( 'NONE', ( #724 ), #2507, .T. ) ;
#2849 = VERTEX_POINT ( 'NONE', #2494 ) ;
#2850 = CARTESIAN_POINT ( 'NONE',  ( 1.550000000000000500, 1.626303258728256700E-016, -0.1999999999999998700 ) ) ;
#2851 = VECTOR ( 'NONE', #736, 1000.000000000000000 ) ;
#2852 = AXIS2_PLACEMENT_3D ( 'NONE', #2390, #1294, #2837 ) ;
#2853 = CARTESIAN_POINT ( 'NONE',  ( -1.599999999999999600, 1.000000000000000200, -0.7500000000000000000 ) ) ;
#2854 = LINE ( 'NONE', #257, #592 ) ;
#2855 = FACE_OUTER_BOUND ( 'NONE', #2542, .T. ) ;
#2856 = ORIENTED_EDGE ( 'NONE', *, *, #2338, .F. ) ;
#2857 = AXIS2_PLACEMENT_3D ( 'NONE', #1244, #2592, #2817 ) ;
#2858 = CARTESIAN_POINT ( 'NONE',  ( 1.600000000000000100, 0.6000000000000002000, -0.6249999999999998900 ) ) ;
#2859 = ADVANCED_FACE ( 'NONE', ( #1700 ), #509, .T. ) ;
#2860 = APPLICATION_PROTOCOL_DEFINITION ( 'draft international standard', 'automotive_design', 1998, #1304 ) ;
#2861 = DIRECTION ( 'NONE',  ( 0.0000000000000000000, 1.000000000000000000, 0.0000000000000000000 ) ) ;
#2862 = EDGE_CURVE ( 'NONE', #432, #1144, #96, .T. ) ;
#2863 = EDGE_LOOP ( 'NONE', ( #2670, #1273, #497, #2856, #2634, #34, #203 ) ) ;
#2864 = EDGE_LOOP ( 'NONE', ( #1029, #40, #2679, #2555, #2808, #2446, #1640 ) ) ;
#2865 = EDGE_LOOP ( 'NONE', ( #1318, #474, #2655, #1139 ) ) ;
#2866 = CARTESIAN_POINT ( 'NONE',  ( 1.550000000000000500, 0.1000000000000002600, -0.1999999999999998700 ) ) ;
#2867 = EDGE_CURVE ( 'NONE', #373, #45, #973, .T. ) ;
#2868 = VERTEX_POINT ( 'NONE', #2798 ) ;
#2869 = ADVANCED_FACE ( 'NONE', ( #1288 ), #808, .T. ) ;
#2870 = DIRECTION ( 'NONE',  ( -0.7071067811865350300, 5.551115123125782100E-017, 0.7071067811865600100 ) ) ;
#2871 = LINE ( 'NONE', #2811, #1958 ) ;
#2873 = DIRECTION ( 'NONE',  ( -0.0000000000000000000, 0.0000000000000000000, 1.000000000000000000 ) ) ;
#2872 = AXIS2_PLACEMENT_3D ( 'NONE', #2513, #1847, #1004 ) ;
#2874 = AXIS2_PLACEMENT_3D ( 'NONE', #544, #2310, #1829 ) ;
#2875 = VERTEX_POINT ( 'NONE', #1910 ) ;
#2876 = ORIENTED_EDGE ( 'NONE', *, *, #2081, .T. ) ;
#2877 = EDGE_CURVE ( 'NONE', #1403, #1394, #2569, .T. ) ;
#2878 = FACE_OUTER_BOUND ( 'NONE', #2280, .T. ) ;
#2879 = DIRECTION ( 'NONE',  ( 0.0000000000000000000, 1.000000000000000000, 0.0000000000000000000 ) ) ;
#2880 = VERTEX_POINT ( 'NONE', #1491 ) ;
#2881 = CARTESIAN_POINT ( 'NONE',  ( -1.475201431571842000, -1.084202172485504400E-016, 0.7429065298843241500 ) ) ;
#2882 = CARTESIAN_POINT ( 'NONE',  ( -1.550000000000001600, 0.1000000000000001600, -0.5822949016875161900 ) ) ;
#2883 =( NAMED_UNIT ( * ) SI_UNIT ( $, .STERADIAN. ) SOLID_ANGLE_UNIT ( ) );
#2884 = LINE ( 'NONE', #2122, #1320 ) ;
#2885 = ADVANCED_FACE ( 'NONE', ( #1658 ), #2115, .F. ) ;
#2886 = FACE_OUTER_BOUND ( 'NONE', #294, .T. ) ;
#2887 = VECTOR ( 'NONE', #2861, 1000.000000000000000 ) ;
#2888 = CARTESIAN_POINT ( 'NONE',  ( 1.550000000000000500, 0.1000000000000002600, 0.5822949016875156300 ) ) ;
#2889 = CYLINDRICAL_SURFACE ( 'NONE', #2171, 0.1249999999999998900 ) ;
#2890 = EDGE_CURVE ( 'NONE', #1368, #1724, #206, .T. ) ;
#2891 = STYLED_ITEM ( 'NONE', ( #2130 ), #1990 ) ;
#2892 = CARTESIAN_POINT ( 'NONE',  ( -1.432294901687517500, 0.0000000000000000000, 0.6999999999999996200 ) ) ;
ENDSEC;
END-ISO-10303-21;
