ISO-10303-21;
HEADER;
FILE_DESCRIPTION (( 'STEP AP214' ),
    '1' );
FILE_NAME ('DPD12.STEP',
    '2024-01-16T12:07:09',
    ( '' ),
    ( '' ),
    'SwSTEP 2.0',
    'SolidWorks 2021',
    '' );
FILE_SCHEMA (( 'AUTOMOTIVE_DESIGN' ));
ENDSEC;

DATA;
#1 = VECTOR ( 'NONE', #1583, 1000.000000000000000 ) ;
#2 = DIRECTION ( 'NONE',  ( 1.000000000000000000, 0.000000000000000000, 2.710505431213766015E-16 ) ) ;
#3 = FACE_OUTER_BOUND ( 'NONE', #1072, .T. ) ;
#4 = VECTOR ( 'NONE', #2636, 1000.000000000000000 ) ;
#5 = ORIENTED_EDGE ( 'NONE', *, *, #4431, .T. ) ;
#6 = LINE ( 'NONE', #732, #2108 ) ;
#7 = ADVANCED_FACE ( 'NONE', ( #4105 ), #1217, .T. ) ;
#8 = CARTESIAN_POINT ( 'NONE',  ( 1.499999999999999334, 0.05000000000000000278, -0.5749999999999992895 ) ) ;
#9 = DIRECTION ( 'NONE',  ( 1.000000000000000000, 0.000000000000000000, 1.445602896647339163E-16 ) ) ;
#10 = LINE ( 'NONE', #2205, #4166 ) ;
#11 = VECTOR ( 'NONE', #4563, 1000.000000000000000 ) ;
#12 = ORIENTED_EDGE ( 'NONE', *, *, #3234, .F. ) ;
#13 = ADVANCED_FACE ( 'NONE', ( #1128 ), #2609, .F. ) ;
#14 = VECTOR ( 'NONE', #126, 1000.000000000000000 ) ;
#15 = EDGE_LOOP ( 'NONE', ( #4009, #2844, #1409, #1241 ) ) ;
#16 = PRESENTATION_STYLE_ASSIGNMENT (( #2686 ) ) ;
#17 = LINE ( 'NONE', #1441, #3095 ) ;
#18 = DIRECTION ( 'NONE',  ( -1.000000000000000000, 0.000000000000000000, -1.445602896647339163E-16 ) ) ;
#19 = FILL_AREA_STYLE_COLOUR ( '', #4059 ) ;
#20 = ORIENTED_EDGE ( 'NONE', *, *, #3915, .F. ) ;
#21 = VECTOR ( 'NONE', #901, 1000.000000000000000 ) ;
#22 = ORIENTED_EDGE ( 'NONE', *, *, #2186, .F. ) ;
#23 = EDGE_LOOP ( 'NONE', ( #2963, #2715, #4168, #3127 ) ) ;
#24 = ORIENTED_EDGE ( 'NONE', *, *, #3729, .T. ) ;
#25 = DIRECTION ( 'NONE',  ( 0.000000000000000000, 0.000000000000000000, 1.000000000000000000 ) ) ;
#26 = DIRECTION ( 'NONE',  ( -1.000000000000000000, 0.000000000000000000, -2.706303097211879254E-16 ) ) ;
#27 = CARTESIAN_POINT ( 'NONE',  ( -1.499999999999999556, 0.2000000000000000111, -0.3249999999999997891 ) ) ;
#28 = VERTEX_POINT ( 'NONE', #1420 ) ;
#29 = LINE ( 'NONE', #2178, #1706 ) ;
#30 = CARTESIAN_POINT ( 'NONE',  ( 1.499999999999999334, 0.000000000000000000, 1.025000000000000577 ) ) ;
#31 = CARTESIAN_POINT ( 'NONE',  ( 1.199999999999999734, 0.000000000000000000, 0.1250000000000011380 ) ) ;
#32 = CARTESIAN_POINT ( 'NONE',  ( -1.110345230445701104, 0.6999999999999999556, -1.145043518897132184 ) ) ;
#33 = DIRECTION ( 'NONE',  ( 0.000000000000000000, -1.000000000000000000, 0.000000000000000000 ) ) ;
#34 = PRESENTATION_LAYER_ASSIGNMENT (  '', '', ( #1968 ) ) ;
#35 = EDGE_CURVE ( 'NONE', #2452, #3270, #4080, .T. ) ;
#36 = ORIENTED_EDGE ( 'NONE', *, *, #3941, .T. ) ;
#37 = PLANE ( 'NONE',  #1765 ) ;
#38 = EDGE_CURVE ( 'NONE', #2287, #773, #2902, .T. ) ;
#39 = LINE ( 'NONE', #1158, #3711 ) ;
#40 = DIRECTION ( 'NONE',  ( 1.000000000000000000, 0.000000000000000000, 1.445602896647339163E-16 ) ) ;
#41 = LINE ( 'NONE', #3022, #1339 ) ;
#42 = DIRECTION ( 'NONE',  ( 1.000000000000000000, 0.000000000000000000, 1.445602896647339163E-16 ) ) ;
#43 = CARTESIAN_POINT ( 'NONE',  ( -1.199999999999999067, 0.000000000000000000, -1.024999999999999689 ) ) ;
#44 = EDGE_LOOP ( 'NONE', ( #4050, #3191, #2504, #2602 ) ) ;
#45 = LINE ( 'NONE', #3384, #1125 ) ;
#46 = ORIENTED_EDGE ( 'NONE', *, *, #2241, .F. ) ;
#47 = EDGE_LOOP ( 'NONE', ( #1163, #1188, #1063, #515 ) ) ;
#48 = ORIENTED_EDGE ( 'NONE', *, *, #164, .T. ) ;
#49 = CARTESIAN_POINT ( 'NONE',  ( 1.499999999999999556, 0.2000000000000000111, 0.1250000000000007494 ) ) ;
#50 = LINE ( 'NONE', #1670, #1869 ) ;
#51 = VERTEX_POINT ( 'NONE', #1176 ) ;
#52 = DIRECTION ( 'NONE',  ( 1.000000000000000000, 0.000000000000000000, 0.000000000000000000 ) ) ;
#53 = ADVANCED_FACE ( 'NONE', ( #753 ), #1558, .T. ) ;
#54 = DIRECTION ( 'NONE',  ( 0.000000000000000000, -1.000000000000000000, 0.000000000000000000 ) ) ;
#55 = VECTOR ( 'NONE', #3251, 1000.000000000000000 ) ;
#56 = EDGE_CURVE ( 'NONE', #3382, #4693, #778, .T. ) ;
#57 = CARTESIAN_POINT ( 'NONE',  ( 1.199999999999999289, 0.2000000000000000111, -0.5749999999999991784 ) ) ;
#58 = CYLINDRICAL_SURFACE ( 'NONE', #3925, 0.09999999999999982514 ) ;
#59 = VECTOR ( 'NONE', #804, 1000.000000000000000 ) ;
#60 = ORIENTED_EDGE ( 'NONE', *, *, #3739, .F. ) ;
#61 = FACE_OUTER_BOUND ( 'NONE', #2436, .T. ) ;
#62 = CARTESIAN_POINT ( 'NONE',  ( -1.199999999999999512, 0.6472135954999579388, 0.2250000000000006439 ) ) ;
#63 = EDGE_CURVE ( 'NONE', #638, #2624, #1943, .T. ) ;
#64 = DIRECTION ( 'NONE',  ( 1.000000000000000000, 0.000000000000000000, 1.590163186312073893E-15 ) ) ;
#65 = AXIS2_PLACEMENT_3D ( 'NONE', #2813, #1328, #4637 ) ;
#66 = LINE ( 'NONE', #886, #316 ) ;
#67 = ORIENTED_EDGE ( 'NONE', *, *, #2384, .T. ) ;
#68 = CARTESIAN_POINT ( 'NONE',  ( -1.199999999999999289, 0.000000000000000000, -0.1249999999999996253 ) ) ;
#69 = ADVANCED_FACE ( 'NONE', ( #4152 ), #3443, .F. ) ;
#70 = FILL_AREA_STYLE_COLOUR ( '', #2650 ) ;
#71 = ORIENTED_EDGE ( 'NONE', *, *, #4251, .F. ) ;
#72 = ADVANCED_FACE ( 'NONE', ( #80 ), #417, .T. ) ;
#73 = VERTEX_POINT ( 'NONE', #2339 ) ;
#74 = PRESENTATION_LAYER_ASSIGNMENT (  '', '', ( #3696 ) ) ;
#75 = VERTEX_POINT ( 'NONE', #3735 ) ;
#76 = FACE_OUTER_BOUND ( 'NONE', #4434, .T. ) ;
#77 = AXIS2_PLACEMENT_3D ( 'NONE', #1825, #2140, #3998 ) ;
#78 = VERTEX_POINT ( 'NONE', #30 ) ;
#79 = PLANE ( 'NONE',  #2728 ) ;
#80 = FACE_OUTER_BOUND ( 'NONE', #3774, .T. ) ;
#81 = VECTOR ( 'NONE', #3665, 999.9999999999998863 ) ;
#82 = PLANE ( 'NONE',  #922 ) ;
#83 = ADVANCED_FACE ( 'NONE', ( #4529 ), #3422, .T. ) ;
#84 = VECTOR ( 'NONE', #4285, 1000.000000000000000 ) ;
#85 = LINE ( 'NONE', #1248, #1996 ) ;
#86 = CARTESIAN_POINT ( 'NONE',  ( 1.199999999999999289, 0.2000000000000000111, 0.3250000000000007883 ) ) ;
#87 = EDGE_LOOP ( 'NONE', ( #238, #2374, #169, #1070, #344 ) ) ;
#88 = AXIS2_PLACEMENT_3D ( 'NONE', #2768, #4245, #737 ) ;
#89 = CARTESIAN_POINT ( 'NONE',  ( -1.199999999999999734, 0.04999999999999999584, 0.1250000000000008049 ) ) ;
#90 = CARTESIAN_POINT ( 'NONE',  ( -1.199999999999999289, 0.2000000000000000111, -1.124999999999999556 ) ) ;
#91 = CARTESIAN_POINT ( 'NONE',  ( -0.6050000000000002043, 0.2000000000000000111, 1.009999999999999787 ) ) ;
#92 = AXIS2_PLACEMENT_3D ( 'NONE', #4478, #435, #3033 ) ;
#93 = DIRECTION ( 'NONE',  ( -1.000000000000000000, 0.000000000000000000, -1.445602896647339163E-16 ) ) ;
#94 = ORIENTED_EDGE ( 'NONE', *, *, #4251, .T. ) ;
#95 = MECHANICAL_DESIGN_GEOMETRIC_PRESENTATION_REPRESENTATION (  '', ( #3963 ), #1020 ) ;
#96 = DIRECTION ( 'NONE',  ( 1.445602896647339163E-16, 0.000000000000000000, -1.000000000000000000 ) ) ;
#97 = VECTOR ( 'NONE', #2210, 1000.000000000000000 ) ;
#98 = CARTESIAN_POINT ( 'NONE',  ( 1.199999999999999289, 0.1999999999999999833, 0.3250000000000007883 ) ) ;
#99 = AXIS2_PLACEMENT_3D ( 'NONE', #2383, #176, #918 ) ;
#100 = ADVANCED_FACE ( 'NONE', ( #1967 ), #825, .F. ) ;
#101 = ORIENTED_EDGE ( 'NONE', *, *, #3261, .T. ) ;
#102 = SURFACE_STYLE_USAGE ( .BOTH. , #3416 ) ;
#103 = CARTESIAN_POINT ( 'NONE',  ( 1.199999999999999289, 0.6472135954999579388, 0.3250000000000007883 ) ) ;
#104 = ORIENTED_EDGE ( 'NONE', *, *, #3707, .F. ) ;
#105 = CARTESIAN_POINT ( 'NONE',  ( 1.499999999999999334, 0.05000000000000000278, 1.500000000000000666 ) ) ;
#106 = DIRECTION ( 'NONE',  ( -1.590163186312073893E-15, 0.000000000000000000, 1.000000000000000000 ) ) ;
#107 =( NAMED_UNIT ( * ) SI_UNIT ( $, .STERADIAN. ) SOLID_ANGLE_UNIT ( ) );
#108 = CARTESIAN_POINT ( 'NONE',  ( 8.312216655722192854E-17, 0.05000000000000000278, -0.5749999999999994005 ) ) ;
#109 = CARTESIAN_POINT ( 'NONE',  ( -1.199999999999999512, 0.2000000000000000111, -0.2249999999999994504 ) ) ;
#110 = DIRECTION ( 'NONE',  ( -1.000000000000000000, 0.000000000000000000, -2.710505431213766015E-16 ) ) ;
#111 = LINE ( 'NONE', #2280, #4493 ) ;
#112 = VECTOR ( 'NONE', #2171, 1000.000000000000000 ) ;
#113 = DIRECTION ( 'NONE',  ( -1.000000000000000000, 0.000000000000000000, -1.445602896647339163E-16 ) ) ;
#114 = FACE_OUTER_BOUND ( 'NONE', #3955, .T. ) ;
#115 = ORIENTED_EDGE ( 'NONE', *, *, #117, .F. ) ;
#116 = CARTESIAN_POINT ( 'NONE',  ( 1.199999999999999289, 0.04999999999999999584, 0.3250000000000007883 ) ) ;
#117 = EDGE_CURVE ( 'NONE', #2048, #3982, #4456, .T. ) ;
#118 = APPLICATION_CONTEXT ( 'automotive_design' ) ;
#119 = ORIENTED_EDGE ( 'NONE', *, *, #3319, .F. ) ;
#120 = ORIENTED_EDGE ( 'NONE', *, *, #3291, .F. ) ;
#121 = CARTESIAN_POINT ( 'NONE',  ( -1.499999999999999556, 0.6472135954999579388, -0.5749999999999996225 ) ) ;
#122 =( LENGTH_UNIT ( ) NAMED_UNIT ( * ) SI_UNIT ( .MILLI., .METRE. ) );
#123 = EDGE_CURVE ( 'NONE', #2811, #3651, #1534, .T. ) ;
#124 = CARTESIAN_POINT ( 'NONE',  ( 1.199999999999999512, 0.2000000000000000111, -0.2249999999999991174 ) ) ;
#125 = EDGE_LOOP ( 'NONE', ( #868, #3843, #3465, #3591 ) ) ;
#126 = DIRECTION ( 'NONE',  ( -1.000000000000000000, 0.000000000000000000, -1.445602896647339163E-16 ) ) ;
#127 = AXIS2_PLACEMENT_3D ( 'NONE', #1988, #3102, #1236 ) ;
#128 = EDGE_CURVE ( 'NONE', #3198, #1824, #3755, .T. ) ;
#129 = ORIENTED_EDGE ( 'NONE', *, *, #3120, .F. ) ;
#130 = DIRECTION ( 'NONE',  ( -0.000000000000000000, -1.000000000000000000, 0.000000000000000000 ) ) ;
#131 = CARTESIAN_POINT ( 'NONE',  ( -0.6049999999999997602, 0.2000000000000000111, -0.7100000000000004086 ) ) ;
#132 = CARTESIAN_POINT ( 'NONE',  ( -1.199999999999999956, 0.1999999999999999833, 1.025000000000000577 ) ) ;
#133 = EDGE_CURVE ( 'NONE', #207, #3198, #45, .T. ) ;
#134 = LINE ( 'NONE', #3520, #4628 ) ;
#135 = CARTESIAN_POINT ( 'NONE',  ( 1.199999999999999512, 0.04999999999999999584, -1.024999999999999245 ) ) ;
#136 = DIRECTION ( 'NONE',  ( -1.445602896647339163E-16, 0.000000000000000000, 1.000000000000000000 ) ) ;
#137 = AXIS2_PLACEMENT_3D ( 'NONE', #2960, #3752, #1892 ) ;
#138 = PRESENTATION_STYLE_ASSIGNMENT (( #1639 ) ) ;
#139 = LINE ( 'NONE', #3380, #3626 ) ;
#140 = ORIENTED_EDGE ( 'NONE', *, *, #2186, .T. ) ;
#141 = EDGE_LOOP ( 'NONE', ( #2541, #3870, #4263, #1051 ) ) ;
#142 = FACE_OUTER_BOUND ( 'NONE', #2984, .T. ) ;
#143 = EDGE_CURVE ( 'NONE', #3853, #4426, #3002, .T. ) ;
#144 =( LENGTH_UNIT ( ) NAMED_UNIT ( * ) SI_UNIT ( .MILLI., .METRE. ) );
#145 = EDGE_LOOP ( 'NONE', ( #2825, #4255, #2029, #1657 ) ) ;
#146 = ORIENTED_EDGE ( 'NONE', *, *, #1400, .T. ) ;
#147 = PRESENTATION_STYLE_ASSIGNMENT (( #3460 ) ) ;
#148 = DIRECTION ( 'NONE',  ( 1.000000000000000000, -0.000000000000000000, 1.445602896647339163E-16 ) ) ;
#149 = ADVANCED_FACE ( 'NONE', ( #3072 ), #815, .F. ) ;
#150 = VERTEX_POINT ( 'NONE', #68 ) ;
#151 = FACE_OUTER_BOUND ( 'NONE', #413, .T. ) ;
#152 = AXIS2_PLACEMENT_3D ( 'NONE', #305, #1755, #3277 ) ;
#153 = VERTEX_POINT ( 'NONE', #3364 ) ;
#154 = LINE ( 'NONE', #2072, #4098 ) ;
#155 = VECTOR ( 'NONE', #1035, 1000.000000000000000 ) ;
#156 = LINE ( 'NONE', #979, #1301 ) ;
#157 = LINE ( 'NONE', #2661, #21 ) ;
#158 =( NAMED_UNIT ( * ) SI_UNIT ( $, .STERADIAN. ) SOLID_ANGLE_UNIT ( ) );
#159 = EDGE_CURVE ( 'NONE', #1261, #3036, #4569, .T. ) ;
#160 = VECTOR ( 'NONE', #448, 1000.000000000000000 ) ;
#161 = PLANE ( 'NONE',  #65 ) ;
#162 = CARTESIAN_POINT ( 'NONE',  ( 1.499999999999999556, 0.000000000000000000, 0.1250000000000007494 ) ) ;
#163 = CARTESIAN_POINT ( 'NONE',  ( -1.099999999999999645, 0.2000000000000000111, -0.2249999999999994504 ) ) ;
#164 = EDGE_CURVE ( 'NONE', #206, #4699, #838, .T. ) ;
#165 = CARTESIAN_POINT ( 'NONE',  ( -1.199999999999999289, 0.1999999999999999833, -0.5749999999999996225 ) ) ;
#166 = CARTESIAN_POINT ( 'NONE',  ( -1.199999999999999512, 0.2000000000000000111, -0.7749999999999993561 ) ) ;
#167 = ORIENTED_EDGE ( 'NONE', *, *, #1433, .F. ) ;
#168 = DIRECTION ( 'NONE',  ( 0.000000000000000000, 1.000000000000000000, 0.000000000000000000 ) ) ;
#169 = ORIENTED_EDGE ( 'NONE', *, *, #700, .F. ) ;
#170 = CIRCLE ( 'NONE', #1561, 0.09999999999999982514 ) ;
#171 = ORIENTED_EDGE ( 'NONE', *, *, #2794, .F. ) ;
#172 = VERTEX_POINT ( 'NONE', #116 ) ;
#173 = VECTOR ( 'NONE', #563, 1000.000000000000000 ) ;
#174 = FACE_OUTER_BOUND ( 'NONE', #2080, .T. ) ;
#175 = AXIS2_PLACEMENT_3D ( 'NONE', #3556, #1726, #2574 ) ;
#176 = DIRECTION ( 'NONE',  ( 0.000000000000000000, 1.000000000000000000, 0.000000000000000000 ) ) ;
#177 = ORIENTED_EDGE ( 'NONE', *, *, #908, .F. ) ;
#178 = CYLINDRICAL_SURFACE ( 'NONE', #1024, 0.09999999999999982514 ) ;
#179 = ORIENTED_EDGE ( 'NONE', *, *, #553, .F. ) ;
#180 = FILL_AREA_STYLE_COLOUR ( '', #476 ) ;
#181 = DIRECTION ( 'NONE',  ( 1.000000000000000000, 0.000000000000000000, -1.301042606982605715E-15 ) ) ;
#182 = CARTESIAN_POINT ( 'NONE',  ( 1.499999999999999556, 0.2000000000000000111, -0.3249999999999993450 ) ) ;
#183 = STYLED_ITEM ( 'NONE', ( #1060 ), #4148 ) ;
#184 =( LENGTH_UNIT ( ) NAMED_UNIT ( * ) SI_UNIT ( .MILLI., .METRE. ) );
#185 = DIRECTION ( 'NONE',  ( -1.000000000000000000, 0.000000000000000000, -1.445602896647339163E-16 ) ) ;
#186 = CARTESIAN_POINT ( 'NONE',  ( 1.199999999999999512, 0.2000000000000000111, 0.2250000000000009770 ) ) ;
#187 = DIRECTION ( 'NONE',  ( -1.445602896647339163E-16, 0.000000000000000000, 1.000000000000000000 ) ) ;
#188 = ADVANCED_FACE ( 'NONE', ( #142 ), #1957, .T. ) ;
#189 = ORIENTED_EDGE ( 'NONE', *, *, #3295, .T. ) ;
#190 = ADVANCED_FACE ( 'NONE', ( #4215 ), #888, .F. ) ;
#191 = FACE_OUTER_BOUND ( 'NONE', #2126, .T. ) ;
#192 = AXIS2_PLACEMENT_3D ( 'NONE', #4128, #4436, #4509 ) ;
#193 = ORIENTED_EDGE ( 'NONE', *, *, #204, .F. ) ;
#194 = ORIENTED_EDGE ( 'NONE', *, *, #4738, .T. ) ;
#195 = CARTESIAN_POINT ( 'NONE',  ( -1.199999999999999512, 0.1999999999999999833, 0.6750000000000004885 ) ) ;
#196 = CARTESIAN_POINT ( 'NONE',  ( -1.199999999999999734, 0.1999999999999999833, -0.3249999999999992895 ) ) ;
#197 = CARTESIAN_POINT ( 'NONE',  ( -1.199999999999999289, 0.2000000000000000111, 0.3250000000000004552 ) ) ;
#198 = PLANE ( 'NONE',  #259 ) ;
#199 = VERTEX_POINT ( 'NONE', #1575 ) ;
#200 = DIRECTION ( 'NONE',  ( 1.000000000000000000, 0.000000000000000000, -1.301042606982605715E-15 ) ) ;
#201 = VERTEX_POINT ( 'NONE', #406 ) ;
#202 = PLANE ( 'NONE',  #1379 ) ;
#203 = EDGE_CURVE ( 'NONE', #51, #150, #4543, .T. ) ;
#204 = EDGE_CURVE ( 'NONE', #2041, #3898, #4117, .T. ) ;
#205 = DIRECTION ( 'NONE',  ( -1.445602896647339163E-16, 0.000000000000000000, 1.000000000000000000 ) ) ;
#206 = VERTEX_POINT ( 'NONE', #2376 ) ;
#207 = VERTEX_POINT ( 'NONE', #1189 ) ;
#208 = CARTESIAN_POINT ( 'NONE',  ( -1.199999999999999512, 0.2000000000000000111, 1.225000000000000089 ) ) ;
#209 = CYLINDRICAL_SURFACE ( 'NONE', #2944, 0.09999999999999982514 ) ;
#210 = CARTESIAN_POINT ( 'NONE',  ( 1.199999999999999956, 0.1999999999999999833, -0.7749999999999989120 ) ) ;
#211 = ORIENTED_EDGE ( 'NONE', *, *, #1419, .F. ) ;
#212 = ORIENTED_EDGE ( 'NONE', *, *, #2531, .F. ) ;
#213 = EDGE_CURVE ( 'NONE', #2009, #3896, #3992, .T. ) ;
#214 = ORIENTED_EDGE ( 'NONE', *, *, #2460, .T. ) ;
#215 = VECTOR ( 'NONE', #1998, 1000.000000000000000 ) ;
#216 = CARTESIAN_POINT ( 'NONE',  ( 1.499999999999999334, 0.05000000000000000278, 1.500000000000000666 ) ) ;
#217 = VERTEX_POINT ( 'NONE', #268 ) ;
#218 = VECTOR ( 'NONE', #2563, 1000.000000000000000 ) ;
#219 = ORIENTED_EDGE ( 'NONE', *, *, #3562, .T. ) ;
#220 = ADVANCED_FACE ( 'NONE', ( #191 ), #3897, .T. ) ;
#221 = FACE_OUTER_BOUND ( 'NONE', #1861, .T. ) ;
#222 = DIRECTION ( 'NONE',  ( 1.000000000000000000, 0.000000000000000000, 1.590163186312073696E-15 ) ) ;
#223 = EDGE_CURVE ( 'NONE', #2234, #566, #2822, .T. ) ;
#224 = ORIENTED_EDGE ( 'NONE', *, *, #313, .F. ) ;
#225 = CARTESIAN_POINT ( 'NONE',  ( 1.199999999999999512, 0.000000000000000000, 1.025000000000001021 ) ) ;
#226 = ORIENTED_EDGE ( 'NONE', *, *, #4530, .F. ) ;
#227 = EDGE_LOOP ( 'NONE', ( #310, #1783, #1552, #1210 ) ) ;
#228 = FACE_OUTER_BOUND ( 'NONE', #1309, .T. ) ;
#229 = DIRECTION ( 'NONE',  ( -0.000000000000000000, -1.000000000000000000, -0.000000000000000000 ) ) ;
#230 = DIRECTION ( 'NONE',  ( 0.000000000000000000, -1.000000000000000000, 0.000000000000000000 ) ) ;
#231 = CARTESIAN_POINT ( 'NONE',  ( -1.499999999999999556, 0.6472135954999579388, -0.3249999999999997891 ) ) ;
#232 = EDGE_CURVE ( 'NONE', #2717, #661, #2010, .T. ) ;
#233 = DIRECTION ( 'NONE',  ( 0.000000000000000000, -1.000000000000000000, -0.000000000000000000 ) ) ;
#234 = VECTOR ( 'NONE', #2180, 1000.000000000000000 ) ;
#235 = LINE ( 'NONE', #162, #3558 ) ;
#236 = CARTESIAN_POINT ( 'NONE',  ( 0.6049999999999997602, 0.2000000000000000944, 1.009999999999999787 ) ) ;
#237 = VECTOR ( 'NONE', #577, 1000.000000000000000 ) ;
#238 = ORIENTED_EDGE ( 'NONE', *, *, #2460, .F. ) ;
#239 = CIRCLE ( 'NONE', #3553, 0.09999999999999982514 ) ;
#240 = EDGE_LOOP ( 'NONE', ( #4551, #4767, #4165, #1629 ) ) ;
#241 = VERTEX_POINT ( 'NONE', #4331 ) ;
#242 = CARTESIAN_POINT ( 'NONE',  ( -1.281551237635083274, 0.6999999999999999556, -1.145043518897132184 ) ) ;
#243 = VECTOR ( 'NONE', #3372, 1000.000000000000000 ) ;
#244 = VECTOR ( 'NONE', #3473, 1000.000000000000000 ) ;
#245 = AXIS2_PLACEMENT_3D ( 'NONE', #4534, #4206, #2249 ) ;
#246 = EDGE_LOOP ( 'NONE', ( #4790, #1081, #3793, #4765 ) ) ;
#247 = DIRECTION ( 'NONE',  ( 0.000000000000000000, 0.000000000000000000, -1.000000000000000000 ) ) ;
#248 = AXIS2_PLACEMENT_3D ( 'NONE', #4196, #3872, #893 ) ;
#249 = CARTESIAN_POINT ( 'NONE',  ( -1.499999999999999778, 0.000000000000000000, 0.7750000000000002442 ) ) ;
#250 = DIRECTION ( 'NONE',  ( 0.000000000000000000, -1.000000000000000000, 0.000000000000000000 ) ) ;
#251 = ADVANCED_FACE ( 'NONE', ( #2789 ), #3146, .T. ) ;
#252 = EDGE_LOOP ( 'NONE', ( #1318, #3236, #2198, #3650 ) ) ;
#253 = LINE ( 'NONE', #4322, #728 ) ;
#254 = VECTOR ( 'NONE', #3488, 1000.000000000000000 ) ;
#255 = ORIENTED_EDGE ( 'NONE', *, *, #538, .F. ) ;
#256 = MECHANICAL_DESIGN_GEOMETRIC_PRESENTATION_REPRESENTATION (  '', ( #1567 ), #4197 ) ;
#257 = DIRECTION ( 'NONE',  ( -1.000000000000000000, 0.000000000000000000, 0.000000000000000000 ) ) ;
#258 = DIRECTION ( 'NONE',  ( -0.000000000000000000, -1.000000000000000000, 0.000000000000000000 ) ) ;
#259 = AXIS2_PLACEMENT_3D ( 'NONE', #91, #2973, #763 ) ;
#260 = EDGE_LOOP ( 'NONE', ( #3980, #1149, #2007, #2217, #3530 ) ) ;
#261 = EDGE_LOOP ( 'NONE', ( #2261, #4338, #4432, #2773 ) ) ;
#262 = CARTESIAN_POINT ( 'NONE',  ( -1.120342244901688573E-16, 0.05000000000000000278, 0.7750000000000004663 ) ) ;
#263 = CARTESIAN_POINT ( 'NONE',  ( -1.199999999999999289, 0.2000000000000000111, -1.124999999999999556 ) ) ;
#264 = CARTESIAN_POINT ( 'NONE',  ( 0.6049999999999999822, 0.05000000000000000278, 1.524037588465432234E-16 ) ) ;
#265 = ORIENTED_EDGE ( 'NONE', *, *, #1430, .F. ) ;
#266 = EDGE_LOOP ( 'NONE', ( #814, #1856, #1539, #2417 ) ) ;
#267 = ORIENTED_EDGE ( 'NONE', *, *, #2928, .T. ) ;
#268 = CARTESIAN_POINT ( 'NONE',  ( -1.199999999999999512, 0.000000000000000000, -0.7749999999999993561 ) ) ;
#269 = EDGE_CURVE ( 'NONE', #3505, #383, #1357, .T. ) ;
#270 = LINE ( 'NONE', #2592, #2882 ) ;
#271 = CARTESIAN_POINT ( 'NONE',  ( 1.199999999999999067, 0.000000000000000000, 1.225000000000000533 ) ) ;
#272 = VERTEX_POINT ( 'NONE', #1646 ) ;
#273 = CARTESIAN_POINT ( 'NONE',  ( -1.199999999999999734, 0.1999999999999999833, 1.125000000000000444 ) ) ;
#274 = VECTOR ( 'NONE', #3431, 1000.000000000000000 ) ;
#275 = ORIENTED_EDGE ( 'NONE', *, *, #1546, .T. ) ;
#276 = ORIENTED_EDGE ( 'NONE', *, *, #3787, .F. ) ;
#277 = EDGE_CURVE ( 'NONE', #702, #3964, #1741, .T. ) ;
#278 = DIRECTION ( 'NONE',  ( 1.000000000000000000, 0.000000000000000000, 0.000000000000000000 ) ) ;
#279 = CARTESIAN_POINT ( 'NONE',  ( 1.499999999999999334, 0.8000000000000003775, 1.500000000000000666 ) ) ;
#280 = DIRECTION ( 'NONE',  ( 0.000000000000000000, -1.000000000000000000, 0.000000000000000000 ) ) ;
#281 = CARTESIAN_POINT ( 'NONE',  ( 1.199999999999999289, 0.000000000000000000, 0.3250000000000007883 ) ) ;
#282 = DIRECTION ( 'NONE',  ( -1.000000000000000000, 0.000000000000000000, -1.445602896647339163E-16 ) ) ;
#283 = LINE ( 'NONE', #690, #218 ) ;
#284 = EDGE_CURVE ( 'NONE', #4673, #2691, #4180, .T. ) ;
#285 = EDGE_LOOP ( 'NONE', ( #4115, #3389, #1739, #3875 ) ) ;
#286 = CIRCLE ( 'NONE', #1522, 0.09999999999999982514 ) ;
#287 = ORIENTED_EDGE ( 'NONE', *, *, #2550, .T. ) ;
#288 = ORIENTED_EDGE ( 'NONE', *, *, #2713, .T. ) ;
#289 = LINE ( 'NONE', #2948, #3401 ) ;
#290 =( LENGTH_UNIT ( ) NAMED_UNIT ( * ) SI_UNIT ( .MILLI., .METRE. ) );
#291 = AXIS2_PLACEMENT_3D ( 'NONE', #1631, #2026, #4587 ) ;
#292 = LINE ( 'NONE', #1289, #4694 ) ;
#293 = EDGE_CURVE ( 'NONE', #2025, #2466, #2864, .T. ) ;
#294 =( LENGTH_UNIT ( ) NAMED_UNIT ( * ) SI_UNIT ( .MILLI., .METRE. ) );
#295 = AXIS2_PLACEMENT_3D ( 'NONE', #4258, #934, #2491 ) ;
#296 = ORIENTED_EDGE ( 'NONE', *, *, #3930, .T. ) ;
#297 = CYLINDRICAL_SURFACE ( 'NONE', #347, 0.1712060071893820312 ) ;
#298 = ORIENTED_EDGE ( 'NONE', *, *, #450, .F. ) ;
#299 = ORIENTED_EDGE ( 'NONE', *, *, #479, .F. ) ;
#300 = AXIS2_PLACEMENT_3D ( 'NONE', #1679, #1974, #2348 ) ;
#301 = CARTESIAN_POINT ( 'NONE',  ( -1.499999999999999334, 0.2000000000000000111, -1.224999999999999645 ) ) ;
#302 = DIRECTION ( 'NONE',  ( -1.000000000000000000, 0.000000000000000000, -1.445602896647339163E-16 ) ) ;
#303 = LINE ( 'NONE', #3603, #1470 ) ;
#304 = CARTESIAN_POINT ( 'NONE',  ( -1.500000000000000666, 0.05000000000000000278, 1.500000000000000222 ) ) ;
#305 = CARTESIAN_POINT ( 'NONE',  ( 1.199999999999999734, 0.1999999999999999833, -1.124999999999999112 ) ) ;
#306 = DIRECTION ( 'NONE',  ( 1.000000000000000000, 0.000000000000000000, 1.445602896647339163E-16 ) ) ;
#307 = EDGE_CURVE ( 'NONE', #2647, #2552, #2091, .T. ) ;
#308 = ORIENTED_EDGE ( 'NONE', *, *, #3947, .F. ) ;
#309 = AXIS2_PLACEMENT_3D ( 'NONE', #2681, #1154, #2634 ) ;
#310 = ORIENTED_EDGE ( 'NONE', *, *, #641, .F. ) ;
#311 = ORIENTED_EDGE ( 'NONE', *, *, #4718, .F. ) ;
#312 = PLANE ( 'NONE',  #3623 ) ;
#313 = EDGE_CURVE ( 'NONE', #2620, #4568, #3868, .T. ) ;
#314 = ORIENTED_EDGE ( 'NONE', *, *, #3729, .F. ) ;
#315 = DIRECTION ( 'NONE',  ( 0.000000000000000000, -1.000000000000000000, 0.000000000000000000 ) ) ;
#316 = VECTOR ( 'NONE', #1612, 1000.000000000000000 ) ;
#317 = DIRECTION ( 'NONE',  ( -1.000000000000000000, 0.000000000000000000, 1.301042606982605715E-15 ) ) ;
#318 = DIRECTION ( 'NONE',  ( -1.000000000000000000, 0.000000000000000000, 0.000000000000000000 ) ) ;
#319 =( GEOMETRIC_REPRESENTATION_CONTEXT ( 3 ) GLOBAL_UNCERTAINTY_ASSIGNED_CONTEXT ( ( #1119 ) ) GLOBAL_UNIT_ASSIGNED_CONTEXT ( ( #4665, #880, #1634 ) ) REPRESENTATION_CONTEXT ( 'NONE', 'WORKASPACE' ) );
#320 = CARTESIAN_POINT ( 'NONE',  ( 1.499999999999999778, 0.2000000000000000111, -1.224999999999999201 ) ) ;
#321 = VERTEX_POINT ( 'NONE', #4292 ) ;
#322 = DIRECTION ( 'NONE',  ( 0.000000000000000000, 1.000000000000000000, 0.000000000000000000 ) ) ;
#323 = ORIENTED_EDGE ( 'NONE', *, *, #1647, .F. ) ;
#324 = CARTESIAN_POINT ( 'NONE',  ( -1.199999999999999289, 0.04999999999999999584, 0.3250000000000004552 ) ) ;
#325 = CARTESIAN_POINT ( 'NONE',  ( -1.099999999999999867, 0.2000000000000000111, 1.125000000000000444 ) ) ;
#326 = VECTOR ( 'NONE', #1185, 1000.000000000000000 ) ;
#327 = DIRECTION ( 'NONE',  ( -1.000000000000000000, 0.000000000000000000, -1.445602896647339163E-16 ) ) ;
#328 = ORIENTED_EDGE ( 'NONE', *, *, #986, .F. ) ;
#329 = FACE_OUTER_BOUND ( 'NONE', #4391, .T. ) ;
#330 = LINE ( 'NONE', #3214, #234 ) ;
#331 = FACE_OUTER_BOUND ( 'NONE', #2355, .T. ) ;
#332 = AXIS2_PLACEMENT_3D ( 'NONE', #3370, #2695, #3035 ) ;
#333 = ORIENTED_EDGE ( 'NONE', *, *, #629, .F. ) ;
#334 = ORIENTED_EDGE ( 'NONE', *, *, #2725, .T. ) ;
#335 = DIRECTION ( 'NONE',  ( -0.000000000000000000, -1.000000000000000000, 0.000000000000000000 ) ) ;
#336 = EDGE_CURVE ( 'NONE', #2781, #3316, #844, .T. ) ;
#337 = DIRECTION ( 'NONE',  ( 1.301042606982605912E-15, 0.000000000000000000, 1.000000000000000000 ) ) ;
#338 = EDGE_CURVE ( 'NONE', #1863, #3834, #3199, .T. ) ;
#339 = DIRECTION ( 'NONE',  ( -0.000000000000000000, -1.000000000000000000, 0.000000000000000000 ) ) ;
#340 = EDGE_LOOP ( 'NONE', ( #1846, #3012, #2424, #3318 ) ) ;
#341 = CYLINDRICAL_SURFACE ( 'NONE', #3917, 0.09999999999999982514 ) ;
#342 = LINE ( 'NONE', #4762, #2886 ) ;
#343 = ORIENTED_EDGE ( 'NONE', *, *, #1303, .F. ) ;
#344 = ORIENTED_EDGE ( 'NONE', *, *, #1417, .F. ) ;
#345 = VERTEX_POINT ( 'NONE', #969 ) ;
#346 = FACE_OUTER_BOUND ( 'NONE', #3371, .T. ) ;
#347 = AXIS2_PLACEMENT_3D ( 'NONE', #3245, #4721, #1044 ) ;
#348 = CLOSED_SHELL ( 'NONE', ( #2265, #13, #4602, #1499, #3795, #4090, #1515, #3546, #2742, #4016, #1507, #2599, #3906, #830, #2183, #2111, #2535, #3051, #2097, #4230, #3368, #4064, #1071, #3360, #2022, #3954, #762, #2987, #251, #2361, #716, #2086, #1129, #892, #586, #4000, #3029, #2704, #2377, #220, #1362, #3201, #742, #710, #1844, #2369, #4100, #4278, #1551, #2696, #770, #72, #188, #3157, #4702, #4021, #4741, #7, #1135, #1585, #2074, #649, #2159, #1797, #2299, #3529, #3858, #4149, #3139 ) ) ;
#349 = CARTESIAN_POINT ( 'NONE',  ( 1.499999999999999556, 0.6472135954999579388, 0.3250000000000008438 ) ) ;
#350 = CARTESIAN_POINT ( 'NONE',  ( 1.499999999999999556, 0.04999999999999999584, 0.5750000000000006217 ) ) ;
#351 = DIRECTION ( 'NONE',  ( 1.445602896647339163E-16, 0.000000000000000000, -1.000000000000000000 ) ) ;
#352 = EDGE_CURVE ( 'NONE', #4764, #720, #3246, .T. ) ;
#353 = LINE ( 'NONE', #1463, #1449 ) ;
#354 = ORIENTED_EDGE ( 'NONE', *, *, #2680, .F. ) ;
#355 = CARTESIAN_POINT ( 'NONE',  ( 1.499999999999999334, 0.000000000000000000, 0.7750000000000006883 ) ) ;
#356 = CARTESIAN_POINT ( 'NONE',  ( -1.199999999999999734, 0.2000000000000000111, -0.3249999999999992895 ) ) ;
#357 = DIRECTION ( 'NONE',  ( 1.000000000000000000, 0.000000000000000000, 1.590163186312073893E-15 ) ) ;
#358 = AXIS2_PLACEMENT_3D ( 'NONE', #2454, #2403, #3922 ) ;
#359 = DIRECTION ( 'NONE',  ( -1.000000000000000000, 0.000000000000000000, -1.445602896647339163E-16 ) ) ;
#360 = ORIENTED_EDGE ( 'NONE', *, *, #38, .F. ) ;
#361 = DIRECTION ( 'NONE',  ( 1.000000000000000000, 0.000000000000000000, 0.000000000000000000 ) ) ;
#362 = EDGE_LOOP ( 'NONE', ( #3258, #2684, #2677, #255 ) ) ;
#363 = ADVANCED_FACE ( 'NONE', ( #2064 ), #2450, .F. ) ;
#364 = ORIENTED_EDGE ( 'NONE', *, *, #3783, .F. ) ;
#365 = CIRCLE ( 'NONE', #4698, 0.09999999999999982514 ) ;
#366 =( LENGTH_UNIT ( ) NAMED_UNIT ( * ) SI_UNIT ( .MILLI., .METRE. ) );
#367 = EDGE_CURVE ( 'NONE', #1815, #4712, #925, .T. ) ;
#368 = LINE ( 'NONE', #2854, #55 ) ;
#369 = ORIENTED_EDGE ( 'NONE', *, *, #3550, .T. ) ;
#370 = PLANE ( 'NONE',  #388 ) ;
#371 = PLANE ( 'NONE',  #4337 ) ;
#372 = CARTESIAN_POINT ( 'NONE',  ( -1.500000000000000666, 0.05000000000000000278, 1.500000000000000222 ) ) ;
#373 = COLOUR_RGB ( '',0.7921568627450980005, 0.8196078431372548767, 0.9333333333333333481 ) ;
#374 = ADVANCED_FACE ( 'NONE', ( #992 ), #2473, .T. ) ;
#375 = VERTEX_POINT ( 'NONE', #2496 ) ;
#376 = DIRECTION ( 'NONE',  ( -1.000000000000000000, 0.000000000000000000, -1.445602896647339163E-16 ) ) ;
#377 = CARTESIAN_POINT ( 'NONE',  ( 1.199999999999999289, 0.2000000000000000111, 1.125000000000000888 ) ) ;
#378 = DIRECTION ( 'NONE',  ( -0.000000000000000000, -1.000000000000000000, 0.000000000000000000 ) ) ;
#379 = PLANE ( 'NONE',  #849 ) ;
#380 = ORIENTED_EDGE ( 'NONE', *, *, #1929, .T. ) ;
#381 = DIRECTION ( 'NONE',  ( 0.000000000000000000, -1.000000000000000000, 0.000000000000000000 ) ) ;
#382 = VECTOR ( 'NONE', #2204, 1000.000000000000000 ) ;
#383 = VERTEX_POINT ( 'NONE', #4421 ) ;
#384 = ORIENTED_EDGE ( 'NONE', *, *, #3930, .F. ) ;
#385 = AXIS2_PLACEMENT_3D ( 'NONE', #4044, #1523, #2999 ) ;
#386 = VERTEX_POINT ( 'NONE', #4375 ) ;
#387 = EDGE_CURVE ( 'NONE', #3369, #2041, #2905, .T. ) ;
#388 = AXIS2_PLACEMENT_3D ( 'NONE', #4054, #3013, #2985 ) ;
#389 = CARTESIAN_POINT ( 'NONE',  ( -1.499999999999999334, 0.1999999999999999833, -1.224999999999999645 ) ) ;
#390 = VERTEX_POINT ( 'NONE', #2591 ) ;
#391 = CARTESIAN_POINT ( 'NONE',  ( 0.000000000000000000, 0.000000000000000000, 0.000000000000000000 ) ) ;
#392 = ADVANCED_FACE ( 'NONE', ( #1467 ), #312, .F. ) ;
#393 = CARTESIAN_POINT ( 'NONE',  ( -1.199999999999999512, 0.1999999999999999833, 1.225000000000000089 ) ) ;
#394 = CARTESIAN_POINT ( 'NONE',  ( -1.199999999999999512, 0.6472135954999579388, 0.7750000000000002442 ) ) ;
#395 = LINE ( 'NONE', #1875, #3016 ) ;
#396 = DIRECTION ( 'NONE',  ( 0.000000000000000000, -1.000000000000000000, 0.000000000000000000 ) ) ;
#397 = CIRCLE ( 'NONE', #3109, 0.09999999999999982514 ) ;
#398 = CARTESIAN_POINT ( 'NONE',  ( -0.6050000000000002043, 0.2000000000000000111, 1.009999999999999787 ) ) ;
#399 = CIRCLE ( 'NONE', #2499, 0.1712060071893820312 ) ;
#400 = DIRECTION ( 'NONE',  ( 0.000000000000000000, 1.000000000000000000, 0.000000000000000000 ) ) ;
#401 = LINE ( 'NONE', #1206, #1394 ) ;
#402 = LINE ( 'NONE', #249, #1098 ) ;
#403 = CARTESIAN_POINT ( 'NONE',  ( 1.499999999999999556, 0.1999999999999999833, 0.1250000000000007494 ) ) ;
#404 = CARTESIAN_POINT ( 'NONE',  ( 1.199999999999999734, 0.2000000000000000111, -1.124999999999999112 ) ) ;
#405 = ORIENTED_EDGE ( 'NONE', *, *, #4310, .T. ) ;
#406 = CARTESIAN_POINT ( 'NONE',  ( 1.199999999999999289, 0.2000000000000000111, 0.3250000000000007883 ) ) ;
#407 = AXIS2_PLACEMENT_3D ( 'NONE', #3782, #2344, #3758 ) ;
#408 = LINE ( 'NONE', #2670, #2122 ) ;
#409 = PRESENTATION_LAYER_ASSIGNMENT (  '', '', ( #183 ) ) ;
#410 = EDGE_LOOP ( 'NONE', ( #1083, #3032, #2071, #2697 ) ) ;
#411 = EDGE_CURVE ( 'NONE', #4120, #1730, #17, .T. ) ;
#412 = ORIENTED_EDGE ( 'NONE', *, *, #232, .T. ) ;
#413 = EDGE_LOOP ( 'NONE', ( #2760, #1678, #1342, #2090 ) ) ;
#414 = FACE_OUTER_BOUND ( 'NONE', #1894, .T. ) ;
#415 = EDGE_LOOP ( 'NONE', ( #2285, #1760, #2693, #2830 ) ) ;
#416 = DIRECTION ( 'NONE',  ( 1.000000000000000000, 0.000000000000000000, 1.590163186312073696E-15 ) ) ;
#417 = PLANE ( 'NONE',  #2141 ) ;
#418 = EDGE_CURVE ( 'NONE', #3129, #345, #1497, .T. ) ;
#419 = LINE ( 'NONE', #4554, #1387 ) ;
#420 = CLOSED_SHELL ( 'NONE', ( #4223, #100, #1224, #939, #4402, #4415 ) ) ;
#421 = DIRECTION ( 'NONE',  ( 1.000000000000000000, 0.000000000000000000, 1.445602896647339163E-16 ) ) ;
#422 = ORIENTED_EDGE ( 'NONE', *, *, #1064, .T. ) ;
#423 = ORIENTED_EDGE ( 'NONE', *, *, #4082, .T. ) ;
#424 = DIRECTION ( 'NONE',  ( 1.000000000000000000, -0.000000000000000000, 1.445602896647339163E-16 ) ) ;
#425 = CARTESIAN_POINT ( 'NONE',  ( -1.110345230445701104, 0.6999999999999999556, -1.145043518897132184 ) ) ;
#426 = DIRECTION ( 'NONE',  ( -1.000000000000000000, 0.000000000000000000, 1.301042606982605715E-15 ) ) ;
#427 = EDGE_CURVE ( 'NONE', #1986, #1819, #3639, .T. ) ;
#428 = DIRECTION ( 'NONE',  ( -1.445602896647339163E-16, 0.000000000000000000, 1.000000000000000000 ) ) ;
#429 = ORIENTED_EDGE ( 'NONE', *, *, #2412, .F. ) ;
#430 = ORIENTED_EDGE ( 'NONE', *, *, #2500, .T. ) ;
#431 = VERTEX_POINT ( 'NONE', #3260 ) ;
#432 = EDGE_CURVE ( 'NONE', #2364, #4053, #289, .T. ) ;
#433 = AXIS2_PLACEMENT_3D ( 'NONE', #2547, #4026, #361 ) ;
#434 = ORIENTED_EDGE ( 'NONE', *, *, #1316, .T. ) ;
#435 = DIRECTION ( 'NONE',  ( -1.000000000000000000, 0.000000000000000000, -1.445602896647339163E-16 ) ) ;
#436 = LINE ( 'NONE', #3391, #2856 ) ;
#437 = ORIENTED_EDGE ( 'NONE', *, *, #1262, .F. ) ;
#438 = CARTESIAN_POINT ( 'NONE',  ( 1.199999999999999512, 0.000000000000000000, -0.6749999999999990452 ) ) ;
#439 = CARTESIAN_POINT ( 'NONE',  ( -1.499999999999999334, 0.6472135954999579388, -0.7749999999999998002 ) ) ;
#440 = AXIS2_PLACEMENT_3D ( 'NONE', #4384, #4703, #1386 ) ;
#441 = DIRECTION ( 'NONE',  ( 0.000000000000000000, -1.000000000000000000, -0.000000000000000000 ) ) ;
#442 = LINE ( 'NONE', #493, #907 ) ;
#443 = FACE_OUTER_BOUND ( 'NONE', #4546, .T. ) ;
#444 = VECTOR ( 'NONE', #962, 1000.000000000000000 ) ;
#445 = CARTESIAN_POINT ( 'NONE',  ( -1.199999999999999512, 0.000000000000000000, 0.7750000000000002442 ) ) ;
#446 = ORIENTED_EDGE ( 'NONE', *, *, #562, .T. ) ;
#447 =( NAMED_UNIT ( * ) SI_UNIT ( $, .STERADIAN. ) SOLID_ANGLE_UNIT ( ) );
#448 = DIRECTION ( 'NONE',  ( -0.7071067811865476838, 0.000000000000000000, 0.7071067811865474617 ) ) ;
#449 = LINE ( 'NONE', #3764, #1253 ) ;
#450 = EDGE_CURVE ( 'NONE', #3820, #4145, #2164, .T. ) ;
#451 = AXIS2_PLACEMENT_3D ( 'NONE', #4181, #858, #1849 ) ;
#452 = SURFACE_STYLE_FILL_AREA ( #3336 ) ;
#453 = FACE_OUTER_BOUND ( 'NONE', #3768, .T. ) ;
#454 = ORIENTED_EDGE ( 'NONE', *, *, #3486, .T. ) ;
#455 = VERTEX_POINT ( 'NONE', #1763 ) ;
#456 = DIRECTION ( 'NONE',  ( -0.000000000000000000, -1.000000000000000000, 0.000000000000000000 ) ) ;
#457 = EDGE_LOOP ( 'NONE', ( #1013, #1215, #101, #36 ) ) ;
#458 = ORIENTED_EDGE ( 'NONE', *, *, #1656, .F. ) ;
#459 = AXIS2_PLACEMENT_3D ( 'NONE', #4414, #2917, #1104 ) ;
#460 = DIRECTION ( 'NONE',  ( -1.000000000000000000, 0.000000000000000000, -1.445602896647339163E-16 ) ) ;
#461 = VECTOR ( 'NONE', #652, 1000.000000000000000 ) ;
#462 = VERTEX_POINT ( 'NONE', #736 ) ;
#463 = DIRECTION ( 'NONE',  ( 1.000000000000000000, 0.000000000000000000, 1.445602896647339163E-16 ) ) ;
#464 = VECTOR ( 'NONE', #1955, 1000.000000000000000 ) ;
#465 = DIRECTION ( 'NONE',  ( -0.000000000000000000, -1.000000000000000000, 0.000000000000000000 ) ) ;
#466 = VECTOR ( 'NONE', #1895, 1000.000000000000000 ) ;
#467 = AXIS2_PLACEMENT_3D ( 'NONE', #4209, #905, #3569 ) ;
#468 =( LENGTH_UNIT ( ) NAMED_UNIT ( * ) SI_UNIT ( .MILLI., .METRE. ) );
#469 = LINE ( 'NONE', #131, #4015 ) ;
#470 = DIRECTION ( 'NONE',  ( -0.000000000000000000, -1.000000000000000000, 0.000000000000000000 ) ) ;
#471 = EDGE_CURVE ( 'NONE', #2624, #672, #1784, .T. ) ;
#472 = PLANE ( 'NONE',  #3417 ) ;
#473 = AXIS2_PLACEMENT_3D ( 'NONE', #1693, #873, #3180 ) ;
#474 = CARTESIAN_POINT ( 'NONE',  ( 1.499999999999999334, 0.2000000000000000111, 1.225000000000000533 ) ) ;
#475 = DIRECTION ( 'NONE',  ( 1.000000000000000000, 0.000000000000000000, 0.000000000000000000 ) ) ;
#476 = COLOUR_RGB ( '',0.7921568627450980005, 0.8196078431372548767, 0.9333333333333333481 ) ;
#477 = PLANE ( 'NONE',  #3327 ) ;
#478 = ORIENTED_EDGE ( 'NONE', *, *, #4205, .T. ) ;
#479 = EDGE_CURVE ( 'NONE', #28, #375, #2228, .T. ) ;
#480 = DIRECTION ( 'NONE',  ( 1.445602896647339163E-16, 0.000000000000000000, -1.000000000000000000 ) ) ;
#481 = ORIENTED_EDGE ( 'NONE', *, *, #1608, .F. ) ;
#482 = FILL_AREA_STYLE_COLOUR ( '', #634 ) ;
#483 = EDGE_CURVE ( 'NONE', #1673, #660, #714, .T. ) ;
#484 = ORIENTED_EDGE ( 'NONE', *, *, #1569, .F. ) ;
#485 = ORIENTED_EDGE ( 'NONE', *, *, #1228, .F. ) ;
#486 = CARTESIAN_POINT ( 'NONE',  ( -1.199999999999999734, 0.1999999999999999833, 1.125000000000000444 ) ) ;
#487 = DIRECTION ( 'NONE',  ( 1.445602896647339163E-16, 0.000000000000000000, -1.000000000000000000 ) ) ;
#488 = DIRECTION ( 'NONE',  ( 0.000000000000000000, -1.000000000000000000, -0.000000000000000000 ) ) ;
#489 = DIRECTION ( 'NONE',  ( -1.000000000000000000, 0.000000000000000000, -1.445602896647339163E-16 ) ) ;
#490 = ORIENTED_EDGE ( 'NONE', *, *, #2865, .T. ) ;
#491 = CARTESIAN_POINT ( 'NONE',  ( 1.499999999999999556, 0.2000000000000000111, 0.1250000000000007494 ) ) ;
#492 = DIRECTION ( 'NONE',  ( 1.000000000000000000, 0.000000000000000000, 1.445602896647339163E-16 ) ) ;
#493 = CARTESIAN_POINT ( 'NONE',  ( 1.499999999999999778, 0.6472135954999579388, -1.024999999999999245 ) ) ;
#494 = LINE ( 'NONE', #182, #2962 ) ;
#495 = EDGE_CURVE ( 'NONE', #2025, #3410, #1548, .T. ) ;
#496 = FACE_OUTER_BOUND ( 'NONE', #3728, .T. ) ;
#497 = DIRECTION ( 'NONE',  ( 0.000000000000000000, -1.000000000000000000, 0.000000000000000000 ) ) ;
#498 = CARTESIAN_POINT ( 'NONE',  ( -1.199999999999999512, 0.2000000000000000111, -0.6749999999999994893 ) ) ;
#499 =( GEOMETRIC_REPRESENTATION_CONTEXT ( 3 ) GLOBAL_UNCERTAINTY_ASSIGNED_CONTEXT ( ( #573 ) ) GLOBAL_UNIT_ASSIGNED_CONTEXT ( ( #1111, #3743, #1500 ) ) REPRESENTATION_CONTEXT ( 'NONE', 'WORKASPACE' ) );
#500 = AXIS2_PLACEMENT_3D ( 'NONE', #2528, #322, #681 ) ;
#501 = AXIS2_PLACEMENT_3D ( 'NONE', #3808, #3038, #492 ) ;
#502 = DIRECTION ( 'NONE',  ( 1.000000000000000000, 0.000000000000000000, 1.445602896647339163E-16 ) ) ;
#503 = VERTEX_POINT ( 'NONE', #4753 ) ;
#504 = DIRECTION ( 'NONE',  ( 0.000000000000000000, -1.000000000000000000, 0.000000000000000000 ) ) ;
#505 = PRODUCT_RELATED_PRODUCT_CATEGORY ( 'part', '', ( #1451 ) ) ;
#506 = VERTEX_POINT ( 'NONE', #2543 ) ;
#507 = ORIENTED_EDGE ( 'NONE', *, *, #3941, .F. ) ;
#508 = DIRECTION ( 'NONE',  ( 1.301042606982605912E-15, 0.000000000000000000, 1.000000000000000000 ) ) ;
#509 = CARTESIAN_POINT ( 'NONE',  ( 1.499999999999999334, 0.1999999999999999833, 1.225000000000000533 ) ) ;
#510 = CARTESIAN_POINT ( 'NONE',  ( -1.199999999999999734, 0.2000000000000000111, 0.5750000000000006217 ) ) ;
#511 = EDGE_CURVE ( 'NONE', #3506, #2038, #4260, .T. ) ;
#512 = ORIENTED_EDGE ( 'NONE', *, *, #4153, .F. ) ;
#513 = FACE_OUTER_BOUND ( 'NONE', #4046, .T. ) ;
#514 = AXIS2_PLACEMENT_3D ( 'NONE', #195, #1691, #2502 ) ;
#515 = ORIENTED_EDGE ( 'NONE', *, *, #2835, .T. ) ;
#516 = EDGE_CURVE ( 'NONE', #386, #2521, #2185, .T. ) ;
#517 = CARTESIAN_POINT ( 'NONE',  ( -1.110345230445701104, 0.8000000000000000444, -1.145043518897132184 ) ) ;
#518 = CARTESIAN_POINT ( 'NONE',  ( 1.499999999999999556, 0.2000000000000000111, 0.1250000000000007494 ) ) ;
#519 = ORIENTED_EDGE ( 'NONE', *, *, #284, .F. ) ;
#520 = CARTESIAN_POINT ( 'NONE',  ( 1.199999999999999067, 0.2000000000000000111, 0.7750000000000006883 ) ) ;
#521 = DIRECTION ( 'NONE',  ( 1.000000000000000000, 0.000000000000000000, 0.000000000000000000 ) ) ;
#522 = FACE_OUTER_BOUND ( 'NONE', #1761, .T. ) ;
#523 = VECTOR ( 'NONE', #2049, 1000.000000000000000 ) ;
#524 = CARTESIAN_POINT ( 'NONE',  ( -1.199999999999999512, 0.04999999999999999584, -0.6749999999999994893 ) ) ;
#525 = DIRECTION ( 'NONE',  ( 1.000000000000000000, -0.000000000000000000, 1.445602896647339163E-16 ) ) ;
#526 = ORIENTED_EDGE ( 'NONE', *, *, #806, .T. ) ;
#527 = ORIENTED_EDGE ( 'NONE', *, *, #3798, .F. ) ;
#528 = CARTESIAN_POINT ( 'NONE',  ( -1.770863548392990986E-16, 0.05000000000000000278, 1.225000000000000311 ) ) ;
#529 = AXIS2_PLACEMENT_3D ( 'NONE', #3543, #2081, #2756 ) ;
#530 = SURFACE_STYLE_FILL_AREA ( #1264 ) ;
#531 = ORIENTED_EDGE ( 'NONE', *, *, #4184, .F. ) ;
#532 = CARTESIAN_POINT ( 'NONE',  ( 1.199999999999999956, 0.2000000000000000111, -0.7749999999999989120 ) ) ;
#533 = CARTESIAN_POINT ( 'NONE',  ( -1.499999999999999778, 0.6472135954999579388, 1.025000000000000133 ) ) ;
#534 = CARTESIAN_POINT ( 'NONE',  ( -1.199999999999999512, 0.2000000000000000111, 1.225000000000000089 ) ) ;
#535 = ORIENTED_EDGE ( 'NONE', *, *, #3759, .T. ) ;
#536 = LINE ( 'NONE', #3420, #14 ) ;
#537 = EDGE_LOOP ( 'NONE', ( #434, #4507, #1650, #2545, #4655, #4069, #46, #4613, #2495, #1452, #1556, #2353, #1142, #2818, #4573, #275, #680, #267, #177, #3842, #4243, #1699, #4475, #1618, #2953, #2649, #4695, #3247 ) ) ;
#538 = EDGE_CURVE ( 'NONE', #4199, #2139, #2971, .T. ) ;
#539 = LINE ( 'NONE', #2806, #523 ) ;
#540 = DIRECTION ( 'NONE',  ( -0.000000000000000000, -1.000000000000000000, 0.000000000000000000 ) ) ;
#541 = VECTOR ( 'NONE', #2524, 1000.000000000000000 ) ;
#542 = EDGE_CURVE ( 'NONE', #3108, #875, #3615, .T. ) ;
#543 = CARTESIAN_POINT ( 'NONE',  ( -1.500000000000000666, 5.842640687119285303, 1.500000000000000222 ) ) ;
#544 = LINE ( 'NONE', #3118, #1475 ) ;
#545 = CARTESIAN_POINT ( 'NONE',  ( -0.9391392232563191556, 0.6999999999999999556, -1.145043518897132184 ) ) ;
#546 =( NAMED_UNIT ( * ) PLANE_ANGLE_UNIT ( ) SI_UNIT ( $, .RADIAN. ) );
#547 = DIRECTION ( 'NONE',  ( 1.000000000000000000, 0.000000000000000000, 1.590163186312073696E-15 ) ) ;
#548 = AXIS2_PLACEMENT_3D ( 'NONE', #4171, #2721, #1668 ) ;
#549 = EDGE_LOOP ( 'NONE', ( #1965, #3312, #3823, #3080 ) ) ;
#550 = MECHANICAL_DESIGN_GEOMETRIC_PRESENTATION_REPRESENTATION (  '', ( #1257 ), #3879 ) ;
#551 = EDGE_LOOP ( 'NONE', ( #1056, #592, #1244, #2726 ) ) ;
#552 = AXIS2_PLACEMENT_3D ( 'NONE', #27, #1458, #1841 ) ;
#553 = EDGE_CURVE ( 'NONE', #4053, #3106, #3330, .T. ) ;
#554 = DIRECTION ( 'NONE',  ( -1.000000000000000000, 0.000000000000000000, -1.445602896647339163E-16 ) ) ;
#555 = VECTOR ( 'NONE', #3485, 1000.000000000000000 ) ;
#556 = CARTESIAN_POINT ( 'NONE',  ( -1.199999999999999512, 0.6472135954999579388, -0.2249999999999994504 ) ) ;
#557 = EDGE_CURVE ( 'NONE', #3730, #4326, #2923, .T. ) ;
#558 = VERTEX_POINT ( 'NONE', #355 ) ;
#559 = CARTESIAN_POINT ( 'NONE',  ( 1.499999999999999778, 0.000000000000000000, -1.224999999999999201 ) ) ;
#560 = ORIENTED_EDGE ( 'NONE', *, *, #1592, .F. ) ;
#561 = CARTESIAN_POINT ( 'NONE',  ( 1.499999999999999556, 0.1999999999999999833, -0.1249999999999992506 ) ) ;
#562 = EDGE_CURVE ( 'NONE', #1698, #1000, #3405, .T. ) ;
#563 = DIRECTION ( 'NONE',  ( -1.000000000000000000, 0.000000000000000000, -1.445602896647339163E-16 ) ) ;
#564 = ADVANCED_FACE ( 'NONE', ( #1590 ), #1903, .F. ) ;
#565 = DIRECTION ( 'NONE',  ( -1.590163186312073696E-15, 0.000000000000000000, 1.000000000000000000 ) ) ;
#566 = VERTEX_POINT ( 'NONE', #809 ) ;
#567 = CARTESIAN_POINT ( 'NONE',  ( 1.199999999999999734, 0.6472135954999579388, -0.3249999999999989564 ) ) ;
#568 = DIRECTION ( 'NONE',  ( 1.445602896647339163E-16, 0.000000000000000000, -1.000000000000000000 ) ) ;
#569 = ADVANCED_BREP_SHAPE_REPRESENTATION ( 'DPD12', ( #964, #2559, #2617, #2603, #1116, #953, #4240, #4221, #4148, #2594, #2700, #1090, #2551, #4305, #1048, #4108 ), #1396 ) ;
#570 = PLANE ( 'NONE',  #4277 ) ;
#571 = DIRECTION ( 'NONE',  ( -1.000000000000000000, 0.000000000000000000, -1.445602896647339163E-16 ) ) ;
#572 = EDGE_CURVE ( 'NONE', #3043, #2234, #2799, .T. ) ;
#573 = UNCERTAINTY_MEASURE_WITH_UNIT (LENGTH_MEASURE( 1.000000000000000082E-05 ), #1111, 'distance_accuracy_value', 'NONE');
#574 = VERTEX_POINT ( 'NONE', #4182 ) ;
#575 = ORIENTED_EDGE ( 'NONE', *, *, #3123, .T. ) ;
#576 = ORIENTED_EDGE ( 'NONE', *, *, #4648, .T. ) ;
#577 = DIRECTION ( 'NONE',  ( 0.000000000000000000, 1.000000000000000000, 0.000000000000000000 ) ) ;
#578 = EDGE_CURVE ( 'NONE', #2452, #702, #860, .T. ) ;
#579 = CLOSED_SHELL ( 'NONE', ( #2743, #4247, #3057, #2429, #1899, #1926, #745 ) ) ;
#580 = VERTEX_POINT ( 'NONE', #3358 ) ;
#581 = EDGE_LOOP ( 'NONE', ( #3722, #3346, #1981, #4311 ) ) ;
#582 = DIRECTION ( 'NONE',  ( -0.000000000000000000, -1.000000000000000000, -0.000000000000000000 ) ) ;
#583 = CYLINDRICAL_SURFACE ( 'NONE', #1263, 0.09999999999999982514 ) ;
#584 = VERTEX_POINT ( 'NONE', #3068 ) ;
#585 = CARTESIAN_POINT ( 'NONE',  ( 1.499999999999999778, 0.6472135954999579388, -1.224999999999999201 ) ) ;
#586 = ADVANCED_FACE ( 'NONE', ( #2664 ), #4132, .F. ) ;
#587 = ORIENTED_EDGE ( 'NONE', *, *, #2562, .T. ) ;
#588 = DIRECTION ( 'NONE',  ( 0.000000000000000000, -1.000000000000000000, 0.000000000000000000 ) ) ;
#589 = VECTOR ( 'NONE', #2215, 1000.000000000000000 ) ;
#590 = LINE ( 'NONE', #3883, #173 ) ;
#591 = LINE ( 'NONE', #903, #3713 ) ;
#592 = ORIENTED_EDGE ( 'NONE', *, *, #780, .T. ) ;
#593 = ORIENTED_EDGE ( 'NONE', *, *, #2938, .F. ) ;
#594 = FACE_OUTER_BOUND ( 'NONE', #2553, .T. ) ;
#595 = DIRECTION ( 'NONE',  ( 1.000000000000000000, 0.000000000000000000, 0.000000000000000000 ) ) ;
#596 = CARTESIAN_POINT ( 'NONE',  ( 1.199999999999999289, 0.000000000000000000, -0.5749999999999991784 ) ) ;
#597 = PRESENTATION_STYLE_ASSIGNMENT (( #963 ) ) ;
#598 = CARTESIAN_POINT ( 'NONE',  ( -0.6050000000000002043, 0.000000000000000000, 1.009999999999999787 ) ) ;
#599 = EDGE_LOOP ( 'NONE', ( #3831, #334, #3482, #1713 ) ) ;
#600 = ORIENTED_EDGE ( 'NONE', *, *, #4499, .T. ) ;
#601 = AXIS2_PLACEMENT_3D ( 'NONE', #2777, #3162, #954 ) ;
#602 = DIRECTION ( 'NONE',  ( 0.000000000000000000, 0.000000000000000000, -1.000000000000000000 ) ) ;
#603 = EDGE_CURVE ( 'NONE', #3160, #2402, #2874, .T. ) ;
#604 = EDGE_CURVE ( 'NONE', #3649, #431, #2994, .T. ) ;
#605 = AXIS2_PLACEMENT_3D ( 'NONE', #4371, #2182, #1438 ) ;
#606 = VERTEX_POINT ( 'NONE', #3045 ) ;
#607 = CARTESIAN_POINT ( 'NONE',  ( 1.199999999999999956, 0.04999999999999999584, -0.7749999999999989120 ) ) ;
#608 = DIRECTION ( 'NONE',  ( -0.000000000000000000, -1.000000000000000000, 0.000000000000000000 ) ) ;
#609 = DIRECTION ( 'NONE',  ( 0.000000000000000000, 1.000000000000000000, 0.000000000000000000 ) ) ;
#610 = VECTOR ( 'NONE', #2134, 1000.000000000000000 ) ;
#611 = ORIENTED_EDGE ( 'NONE', *, *, #63, .F. ) ;
#612 = CARTESIAN_POINT ( 'NONE',  ( 1.199999999999999956, 0.6472135954999579388, -1.224999999999998979 ) ) ;
#613 = EDGE_LOOP ( 'NONE', ( #2598, #354, #2147, #746 ) ) ;
#614 = EDGE_LOOP ( 'NONE', ( #454, #2674, #866, #1626 ) ) ;
#615 = DIRECTION ( 'NONE',  ( -0.000000000000000000, -1.000000000000000000, 0.000000000000000000 ) ) ;
#616 = PLANE ( 'NONE',  #3349 ) ;
#617 = CYLINDRICAL_SURFACE ( 'NONE', #3023, 0.09999999999999982514 ) ;
#618 = ORIENTED_EDGE ( 'NONE', *, *, #2354, .T. ) ;
#619 = CARTESIAN_POINT ( 'NONE',  ( -1.199999999999999289, 0.2000000000000000111, -1.124999999999999556 ) ) ;
#620 = FACE_OUTER_BOUND ( 'NONE', #3957, .T. ) ;
#621 = CARTESIAN_POINT ( 'NONE',  ( 1.199999999999999067, 0.6472135954999579388, 0.7750000000000006883 ) ) ;
#622 = EDGE_CURVE ( 'NONE', #1649, #574, #3427, .T. ) ;
#623 = ORIENTED_EDGE ( 'NONE', *, *, #4351, .T. ) ;
#624 = AXIS2_PLACEMENT_3D ( 'NONE', #3688, #2596, #718 ) ;
#625 = ORIENTED_EDGE ( 'NONE', *, *, #1073, .T. ) ;
#626 = ORIENTED_EDGE ( 'NONE', *, *, #3886, .T. ) ;
#627 = DIRECTION ( 'NONE',  ( 0.000000000000000000, -1.000000000000000000, 0.000000000000000000 ) ) ;
#628 = VECTOR ( 'NONE', #2655, 1000.000000000000000 ) ;
#629 = EDGE_CURVE ( 'NONE', #1366, #2118, #3763, .T. ) ;
#630 = LINE ( 'NONE', #945, #2990 ) ;
#631 = VECTOR ( 'NONE', #2641, 1000.000000000000000 ) ;
#632 = DIRECTION ( 'NONE',  ( -1.000000000000000000, 0.000000000000000000, 0.000000000000000000 ) ) ;
#633 = DIRECTION ( 'NONE',  ( 2.519070394157739776E-16, 0.000000000000000000, -1.000000000000000000 ) ) ;
#634 = COLOUR_RGB ( '',0.7921568627450980005, 0.8196078431372548767, 0.9333333333333333481 ) ;
#635 = ORIENTED_EDGE ( 'NONE', *, *, #3496, .T. ) ;
#636 = CARTESIAN_POINT ( 'NONE',  ( -1.199999999999999512, 0.1999999999999999833, 0.7750000000000002442 ) ) ;
#637 = AXIS2_PLACEMENT_3D ( 'NONE', #438, #3560, #2410 ) ;
#638 = VERTEX_POINT ( 'NONE', #1952 ) ;
#639 = AXIS2_PLACEMENT_3D ( 'NONE', #4723, #3582, #2873 ) ;
#640 = ORIENTED_EDGE ( 'NONE', *, *, #223, .F. ) ;
#641 = EDGE_CURVE ( 'NONE', #3664, #206, #401, .T. ) ;
#642 = FACE_OUTER_BOUND ( 'NONE', #1907, .T. ) ;
#643 = CARTESIAN_POINT ( 'NONE',  ( -1.120342244901688573E-16, 0.05000000000000000278, 0.7750000000000004663 ) ) ;
#644 = CARTESIAN_POINT ( 'NONE',  ( 1.199999999999999956, 0.2000000000000000111, -0.7749999999999989120 ) ) ;
#645 = CIRCLE ( 'NONE', #3575, 0.09999999999999982514 ) ;
#646 = DIRECTION ( 'NONE',  ( -1.000000000000000000, 0.000000000000000000, 0.000000000000000000 ) ) ;
#647 = DIRECTION ( 'NONE',  ( 0.000000000000000000, 0.000000000000000000, 1.000000000000000000 ) ) ;
#648 = VERTEX_POINT ( 'NONE', #1134 ) ;
#649 = ADVANCED_FACE ( 'NONE', ( #4537 ), #4516, .F. ) ;
#650 = EDGE_LOOP ( 'NONE', ( #4734, #3796, #2605, #3773, #2399 ) ) ;
#651 = ORIENTED_EDGE ( 'NONE', *, *, #2294, .T. ) ;
#652 = DIRECTION ( 'NONE',  ( 1.000000000000000000, 0.000000000000000000, -1.301042606982605715E-15 ) ) ;
#653 = LINE ( 'NONE', #2021, #4578 ) ;
#654 = EDGE_CURVE ( 'NONE', #875, #78, #3814, .T. ) ;
#655 = PLANE ( 'NONE',  #3447 ) ;
#656 = SURFACE_STYLE_USAGE ( .BOTH. , #3978 ) ;
#657 = EDGE_LOOP ( 'NONE', ( #776, #4382, #1524, #1440 ) ) ;
#658 = DIRECTION ( 'NONE',  ( 0.000000000000000000, -1.000000000000000000, 0.000000000000000000 ) ) ;
#659 = CLOSED_SHELL ( 'NONE', ( #2841, #1460, #2001, #1283, #4448, #3513 ) ) ;
#660 = VERTEX_POINT ( 'NONE', #3449 ) ;
#661 = VERTEX_POINT ( 'NONE', #135 ) ;
#662 = EDGE_CURVE ( 'NONE', #558, #1028, #1610, .T. ) ;
#663 = DIRECTION ( 'NONE',  ( -1.000000000000000000, 0.000000000000000000, -1.445602896647339163E-16 ) ) ;
#664 = EDGE_CURVE ( 'NONE', #3173, #1479, #39, .T. ) ;
#665 = ORIENTED_EDGE ( 'NONE', *, *, #2211, .T. ) ;
#666 = CARTESIAN_POINT ( 'NONE',  ( -1.199999999999999734, 0.2000000000000000111, 0.1250000000000008049 ) ) ;
#667 = CARTESIAN_POINT ( 'NONE',  ( 1.199999999999999512, 0.000000000000000000, 0.6750000000000009326 ) ) ;
#668 = DIRECTION ( 'NONE',  ( -1.445602896647339163E-16, 0.000000000000000000, 1.000000000000000000 ) ) ;
#669 = ORIENTED_EDGE ( 'NONE', *, *, #622, .F. ) ;
#670 = CIRCLE ( 'NONE', #2685, 0.09999999999999982514 ) ;
#671 = ORIENTED_EDGE ( 'NONE', *, *, #1520, .T. ) ;
#672 = VERTEX_POINT ( 'NONE', #2640 ) ;
#673 = DIRECTION ( 'NONE',  ( -1.000000000000000000, 0.000000000000000000, 0.000000000000000000 ) ) ;
#674 = SURFACE_SIDE_STYLE ('',( #3595 ) ) ;
#675 = CARTESIAN_POINT ( 'NONE',  ( -1.499999999999999778, 0.6472135954999579388, 0.7750000000000002442 ) ) ;
#676 = VECTOR ( 'NONE', #3226, 1000.000000000000000 ) ;
#677 = PLANE ( 'NONE',  #2762 ) ;
#678 = DIRECTION ( 'NONE',  ( 1.000000000000000000, 0.000000000000000000, 1.445602896647339163E-16 ) ) ;
#679 = AXIS2_PLACEMENT_3D ( 'NONE', #2225, #2918, #4349 ) ;
#680 = ORIENTED_EDGE ( 'NONE', *, *, #4358, .T. ) ;
#681 = DIRECTION ( 'NONE',  ( 1.000000000000000000, 0.000000000000000000, 0.000000000000000000 ) ) ;
#682 = ORIENTED_EDGE ( 'NONE', *, *, #3572, .F. ) ;
#683 = DIRECTION ( 'NONE',  ( 1.000000000000000000, -0.000000000000000000, 1.445602896647339163E-16 ) ) ;
#684 = CIRCLE ( 'NONE', #3387, 0.09999999999999982514 ) ;
#685 = DIRECTION ( 'NONE',  ( 1.000000000000000000, 0.000000000000000000, 1.590163186312073696E-15 ) ) ;
#686 = CARTESIAN_POINT ( 'NONE',  ( -1.500000000000000666, 0.05000000000000000278, 1.500000000000000222 ) ) ;
#687 = ADVANCED_FACE ( 'NONE', ( #3376 ), #4489, .T. ) ;
#688 = CARTESIAN_POINT ( 'NONE',  ( -1.499999999999999778, 0.2000000000000000111, 1.025000000000000133 ) ) ;
#689 = PLANE ( 'NONE',  #1543 ) ;
#690 = CARTESIAN_POINT ( 'NONE',  ( 1.499999999999999556, 0.6472135954999579388, 0.5750000000000006217 ) ) ;
#691 = ORIENTED_EDGE ( 'NONE', *, *, #2531, .T. ) ;
#692 = CARTESIAN_POINT ( 'NONE',  ( -1.499999999999999778, 0.6472135954999579388, 1.225000000000000089 ) ) ;
#693 = VECTOR ( 'NONE', #2597, 1000.000000000000000 ) ;
#694 = CARTESIAN_POINT ( 'NONE',  ( -1.199999999999999512, 0.2000000000000000111, 0.6750000000000004885 ) ) ;
#695 = VERTEX_POINT ( 'NONE', #89 ) ;
#696 = CARTESIAN_POINT ( 'NONE',  ( -1.199999999999999734, 0.04999999999999999584, 0.5750000000000006217 ) ) ;
#697 =( NAMED_UNIT ( * ) SI_UNIT ( $, .STERADIAN. ) SOLID_ANGLE_UNIT ( ) );
#698 = VERTEX_POINT ( 'NONE', #3939 ) ;
#699 = ORIENTED_EDGE ( 'NONE', *, *, #4648, .F. ) ;
#700 = EDGE_CURVE ( 'NONE', #1528, #1036, #2840, .T. ) ;
#701 = VECTOR ( 'NONE', #426, 1000.000000000000000 ) ;
#702 = VERTEX_POINT ( 'NONE', #2468 ) ;
#703 = EDGE_CURVE ( 'NONE', #1602, #345, #4669, .T. ) ;
#704 = CARTESIAN_POINT ( 'NONE',  ( 1.199999999999999067, 0.2000000000000000111, 0.7750000000000006883 ) ) ;
#705 = COLOUR_RGB ( '',0.7921568627450980005, 0.8196078431372548767, 0.9333333333333333481 ) ;
#706 = FACE_OUTER_BOUND ( 'NONE', #1667, .T. ) ;
#707 = CARTESIAN_POINT ( 'NONE',  ( -1.199999999999999289, 0.2000000000000000111, -1.124999999999999556 ) ) ;
#708 = DIRECTION ( 'NONE',  ( -1.000000000000000000, 0.000000000000000000, -1.445602896647339163E-16 ) ) ;
#709 = CARTESIAN_POINT ( 'NONE',  ( 1.499999999999999556, 0.2000000000000000111, -0.3249999999999993450 ) ) ;
#710 = ADVANCED_FACE ( 'NONE', ( #4562 ), #1329, .T. ) ;
#711 = VERTEX_POINT ( 'NONE', #4308 ) ;
#712 = UNCERTAINTY_MEASURE_WITH_UNIT (LENGTH_MEASURE( 1.000000000000000082E-05 ), #4459, 'distance_accuracy_value', 'NONE');
#713 = VERTEX_POINT ( 'NONE', #4287 ) ;
#714 = LINE ( 'NONE', #1057, #3863 ) ;
#715 = LINE ( 'NONE', #4395, #3337 ) ;
#716 = ADVANCED_FACE ( 'NONE', ( #4638 ), #984, .F. ) ;
#717 = LINE ( 'NONE', #811, #1724 ) ;
#718 = DIRECTION ( 'NONE',  ( 1.000000000000000000, 0.000000000000000000, -1.301042606982605715E-15 ) ) ;
#719 = FACE_OUTER_BOUND ( 'NONE', #3746, .T. ) ;
#720 = VERTEX_POINT ( 'NONE', #1662 ) ;
#721 = EDGE_CURVE ( 'NONE', #153, #3911, #961, .T. ) ;
#722 = LINE ( 'NONE', #1831, #3293 ) ;
#723 = ORIENTED_EDGE ( 'NONE', *, *, #3635, .T. ) ;
#724 = EDGE_LOOP ( 'NONE', ( #2507, #1401, #2441, #2867 ) ) ;
#725 = ORIENTED_EDGE ( 'NONE', *, *, #3780, .F. ) ;
#726 = LINE ( 'NONE', #3698, #3194 ) ;
#727 = DIRECTION ( 'NONE',  ( 1.000000000000000000, 0.000000000000000000, 0.000000000000000000 ) ) ;
#728 = VECTOR ( 'NONE', #3579, 1000.000000000000000 ) ;
#729 = EDGE_CURVE ( 'NONE', #1730, #4625, #3500, .T. ) ;
#730 = VECTOR ( 'NONE', #3062, 1000.000000000000000 ) ;
#731 = VERTEX_POINT ( 'NONE', #3544 ) ;
#732 = CARTESIAN_POINT ( 'NONE',  ( -0.3049999999999997158, 2.554676198546203647, -1.010000000000000231 ) ) ;
#733 = PLANE ( 'NONE',  #4757 ) ;
#734 = DIRECTION ( 'NONE',  ( 1.000000000000000000, 0.000000000000000000, 0.000000000000000000 ) ) ;
#735 = CARTESIAN_POINT ( 'NONE',  ( 1.499999999999999556, 0.2000000000000000111, -0.1249999999999992506 ) ) ;
#736 = CARTESIAN_POINT ( 'NONE',  ( -1.099999999999999645, 0.1999999999999999833, -0.2249999999999994504 ) ) ;
#737 = DIRECTION ( 'NONE',  ( -1.000000000000000000, 0.000000000000000000, -1.445602896647339163E-16 ) ) ;
#738 = FILL_AREA_STYLE ('',( #19 ) ) ;
#739 = AXIS2_PLACEMENT_3D ( 'NONE', #2358, #1961, #4547 ) ;
#740 = CARTESIAN_POINT ( 'NONE',  ( -0.6049999999999997602, 2.554676198546203647, -0.7100000000000004086 ) ) ;
#741 = ORIENTED_EDGE ( 'NONE', *, *, #2011, .T. ) ;
#742 = ADVANCED_FACE ( 'NONE', ( #620 ), #2113, .F. ) ;
#743 = CARTESIAN_POINT ( 'NONE',  ( -1.099999999999999867, 0.1999999999999999833, 1.125000000000000444 ) ) ;
#744 = LINE ( 'NONE', #1118, #1947 ) ;
#745 = ADVANCED_FACE ( 'NONE', ( #1680 ), #882, .F. ) ;
#746 = ORIENTED_EDGE ( 'NONE', *, *, #542, .F. ) ;
#747 = ORIENTED_EDGE ( 'NONE', *, *, #1990, .F. ) ;
#748 = CIRCLE ( 'NONE', #332, 0.09999999999999982514 ) ;
#749 = DIRECTION ( 'NONE',  ( -0.000000000000000000, -1.000000000000000000, 0.000000000000000000 ) ) ;
#750 = CARTESIAN_POINT ( 'NONE',  ( -1.099999999999999423, 0.2000000000000000111, -1.124999999999999556 ) ) ;
#751 = EDGE_LOOP ( 'NONE', ( #2632, #2644, #430, #560 ) ) ;
#752 = DIRECTION ( 'NONE',  ( -1.000000000000000000, 0.000000000000000000, -1.445602896647339163E-16 ) ) ;
#753 = FACE_OUTER_BOUND ( 'NONE', #4224, .T. ) ;
#754 = FACE_OUTER_BOUND ( 'NONE', #3025, .T. ) ;
#755 = SURFACE_SIDE_STYLE ('',( #1130 ) ) ;
#756 = LINE ( 'NONE', #1606, #4084 ) ;
#757 = UNCERTAINTY_MEASURE_WITH_UNIT (LENGTH_MEASURE( 1.000000000000000082E-05 ), #4428, 'distance_accuracy_value', 'NONE');
#758 = ORIENTED_EDGE ( 'NONE', *, *, #1683, .F. ) ;
#759 = DIRECTION ( 'NONE',  ( 1.445602896647339163E-16, 0.000000000000000000, -1.000000000000000000 ) ) ;
#760 = DIRECTION ( 'NONE',  ( -0.000000000000000000, -1.000000000000000000, -0.000000000000000000 ) ) ;
#761 = CARTESIAN_POINT ( 'NONE',  ( -1.499999999999999556, 0.2000000000000000111, 0.5750000000000001776 ) ) ;
#762 = ADVANCED_FACE ( 'NONE', ( #3889 ), #209, .F. ) ;
#763 = DIRECTION ( 'NONE',  ( -2.706303097211879254E-16, 0.000000000000000000, 1.000000000000000000 ) ) ;
#764 = FACE_OUTER_BOUND ( 'NONE', #2740, .T. ) ;
#765 = CARTESIAN_POINT ( 'NONE',  ( -1.199999999999999512, 0.000000000000000000, -0.2249999999999994504 ) ) ;
#766 = ORIENTED_EDGE ( 'NONE', *, *, #3304, .F. ) ;
#767 = CARTESIAN_POINT ( 'NONE',  ( -1.499999999999999556, 0.1999999999999999833, 0.3250000000000003997 ) ) ;
#768 = AXIS2_PLACEMENT_3D ( 'NONE', #910, #938, #1718 ) ;
#769 = VECTOR ( 'NONE', #4068, 1000.000000000000000 ) ;
#770 = ADVANCED_FACE ( 'NONE', ( #2815 ), #3837, .F. ) ;
#771 = EDGE_LOOP ( 'NONE', ( #3259, #5 ) ) ;
#772 = VECTOR ( 'NONE', #4159, 1000.000000000000000 ) ;
#773 = VERTEX_POINT ( 'NONE', #3521 ) ;
#774 = DIRECTION ( 'NONE',  ( 0.000000000000000000, -1.000000000000000000, 0.000000000000000000 ) ) ;
#775 = DIRECTION ( 'NONE',  ( -0.000000000000000000, -1.000000000000000000, 0.000000000000000000 ) ) ;
#776 = ORIENTED_EDGE ( 'NONE', *, *, #3933, .T. ) ;
#777 = CARTESIAN_POINT ( 'NONE',  ( 1.199999999999999512, 0.6472135954999579388, -1.024999999999999245 ) ) ;
#778 = LINE ( 'NONE', #3704, #2366 ) ;
#779 = FACE_OUTER_BOUND ( 'NONE', #4242, .T. ) ;
#780 = EDGE_CURVE ( 'NONE', #3198, #3244, #2444, .T. ) ;
#781 = DIRECTION ( 'NONE',  ( -0.000000000000000000, -1.000000000000000000, 0.000000000000000000 ) ) ;
#782 = AXIS2_PLACEMENT_3D ( 'NONE', #3849, #582, #3802 ) ;
#783 = VERTEX_POINT ( 'NONE', #2396 ) ;
#784 = AXIS2_PLACEMENT_3D ( 'NONE', #1625, #4124, #797 ) ;
#785 = ORIENTED_EDGE ( 'NONE', *, *, #1427, .F. ) ;
#786 = DIRECTION ( 'NONE',  ( -1.000000000000000000, 0.000000000000000000, -1.445602896647339163E-16 ) ) ;
#787 = COLOUR_RGB ( '',1.000000000000000000, 1.000000000000000000, 1.000000000000000000 ) ;
#788 = CARTESIAN_POINT ( 'NONE',  ( -1.199999999999999734, 0.2000000000000000111, 1.125000000000000444 ) ) ;
#789 = EDGE_CURVE ( 'NONE', #4625, #3071, #235, .T. ) ;
#790 = CARTESIAN_POINT ( 'NONE',  ( -1.199999999999999289, 0.000000000000000000, 0.3250000000000004552 ) ) ;
#791 = CARTESIAN_POINT ( 'NONE',  ( -0.6050000000000002043, 0.2000000000000000111, 1.009999999999999787 ) ) ;
#792 = EDGE_LOOP ( 'NONE', ( #2288, #817, #4381, #857 ) ) ;
#793 = EDGE_LOOP ( 'NONE', ( #3905, #4742, #2334, #625, #3817 ) ) ;
#794 = VERTEX_POINT ( 'NONE', #3913 ) ;
#795 = FILL_AREA_STYLE ('',( #1509 ) ) ;
#796 = FACE_OUTER_BOUND ( 'NONE', #2604, .T. ) ;
#797 = DIRECTION ( 'NONE',  ( 1.000000000000000000, 0.000000000000000000, 1.445602896647339163E-16 ) ) ;
#798 = VERTEX_POINT ( 'NONE', #2031 ) ;
#799 = CARTESIAN_POINT ( 'NONE',  ( -1.199999999999999512, 0.6472135954999579388, -0.2249999999999994504 ) ) ;
#800 = DIRECTION ( 'NONE',  ( 1.000000000000000000, 0.000000000000000000, 1.590163186312073893E-15 ) ) ;
#801 = EDGE_CURVE ( 'NONE', #3936, #711, #544, .T. ) ;
#802 = DIRECTION ( 'NONE',  ( -1.000000000000000000, 0.000000000000000000, 0.000000000000000000 ) ) ;
#803 = CLOSED_SHELL ( 'NONE', ( #564, #3413, #2284, #2440, #3090, #3819 ) ) ;
#804 = DIRECTION ( 'NONE',  ( -0.000000000000000000, -1.000000000000000000, 0.000000000000000000 ) ) ;
#805 = CARTESIAN_POINT ( 'NONE',  ( -1.199999999999999289, 0.2000000000000000111, -0.5749999999999996225 ) ) ;
#806 = EDGE_CURVE ( 'NONE', #3197, #2311, #2082, .T. ) ;
#807 = ORIENTED_EDGE ( 'NONE', *, *, #3208, .T. ) ;
#808 = DIRECTION ( 'NONE',  ( -1.000000000000000000, 0.000000000000000000, -2.710505431213766015E-16 ) ) ;
#809 = CARTESIAN_POINT ( 'NONE',  ( -1.499999999999999778, 0.04999999999999999584, 1.225000000000000089 ) ) ;
#810 = CARTESIAN_POINT ( 'NONE',  ( -1.099999999999999645, 0.04999999999999999584, 0.2250000000000006439 ) ) ;
#811 = CARTESIAN_POINT ( 'NONE',  ( -9.143438321294464772E-16, 0.05000000000000000278, 0.5750000000000026201 ) ) ;
#812 = FACE_OUTER_BOUND ( 'NONE', #1377, .T. ) ;
#813 = ORIENTED_EDGE ( 'NONE', *, *, #1647, .T. ) ;
#814 = ORIENTED_EDGE ( 'NONE', *, *, #2474, .F. ) ;
#815 = PLANE ( 'NONE',  #3744 ) ;
#816 =( NAMED_UNIT ( * ) SI_UNIT ( $, .STERADIAN. ) SOLID_ANGLE_UNIT ( ) );
#817 = ORIENTED_EDGE ( 'NONE', *, *, #3670, .T. ) ;
#818 = ORIENTED_EDGE ( 'NONE', *, *, #3918, .F. ) ;
#819 = ORIENTED_EDGE ( 'NONE', *, *, #427, .T. ) ;
#820 = DIRECTION ( 'NONE',  ( -1.000000000000000000, 0.000000000000000000, 1.301042606982605715E-15 ) ) ;
#821 = CARTESIAN_POINT ( 'NONE',  ( -1.099999999999999645, 0.1999999999999999833, 0.2250000000000006439 ) ) ;
#822 = EDGE_CURVE ( 'NONE', #4137, #201, #3099, .T. ) ;
#823 = ORIENTED_EDGE ( 'NONE', *, *, #2130, .T. ) ;
#824 = CARTESIAN_POINT ( 'NONE',  ( 1.199999999999999289, 0.1999999999999999833, 0.3250000000000007883 ) ) ;
#825 = PLANE ( 'NONE',  #2752 ) ;
#826 = CIRCLE ( 'NONE', #440, 0.09999999999999982514 ) ;
#827 = LINE ( 'NONE', #2248, #1676 ) ;
#828 = DIRECTION ( 'NONE',  ( -0.7071067811865476838, 0.000000000000000000, 0.7071067811865474617 ) ) ;
#829 = VECTOR ( 'NONE', #647, 1000.000000000000000 ) ;
#830 = ADVANCED_FACE ( 'NONE', ( #2588 ), #371, .T. ) ;
#831 = CARTESIAN_POINT ( 'NONE',  ( -1.199999999999999512, 0.2000000000000000111, 0.7750000000000002442 ) ) ;
#832 = ADVANCED_FACE ( 'NONE', ( #3589 ), #4370, .F. ) ;
#833 = DIRECTION ( 'NONE',  ( 0.000000000000000000, 1.000000000000000000, 0.000000000000000000 ) ) ;
#834 = DIRECTION ( 'NONE',  ( 1.000000000000000000, 0.000000000000000000, 0.000000000000000000 ) ) ;
#835 = VECTOR ( 'NONE', #960, 1000.000000000000000 ) ;
#836 = SURFACE_STYLE_FILL_AREA ( #4163 ) ;
#837 = CARTESIAN_POINT ( 'NONE',  ( -0.3049999999999997158, 0.2000000000000000111, -1.010000000000000231 ) ) ;
#838 = LINE ( 'NONE', #3794, #274 ) ;
#839 = SURFACE_SIDE_STYLE ('',( #3027 ) ) ;
#840 = ORIENTED_EDGE ( 'NONE', *, *, #2891, .T. ) ;
#841 = EDGE_LOOP ( 'NONE', ( #212, #4269, #2910, #942 ) ) ;
#842 = FACE_OUTER_BOUND ( 'NONE', #877, .T. ) ;
#843 = CARTESIAN_POINT ( 'NONE',  ( 1.499999999999999778, 0.1999999999999999833, -0.7749999999999993561 ) ) ;
#844 = CIRCLE ( 'NONE', #768, 0.09999999999999982514 ) ;
#845 = DIRECTION ( 'NONE',  ( 0.000000000000000000, 1.000000000000000000, 0.000000000000000000 ) ) ;
#846 = ORIENTED_EDGE ( 'NONE', *, *, #3319, .T. ) ;
#847 = CYLINDRICAL_SURFACE ( 'NONE', #1259, 0.09999999999999982514 ) ;
#848 = EDGE_CURVE ( 'NONE', #1834, #3375, #1697, .T. ) ;
#849 = AXIS2_PLACEMENT_3D ( 'NONE', #1885, #3361, #42 ) ;
#850 = DIRECTION ( 'NONE',  ( 1.000000000000000000, 0.000000000000000000, 2.710505431213766015E-16 ) ) ;
#851 = EDGE_CURVE ( 'NONE', #462, #1596, #4728, .T. ) ;
#852 = CIRCLE ( 'NONE', #3557, 0.09999999999999982514 ) ;
#853 = AXIS2_PLACEMENT_3D ( 'NONE', #3142, #2055, #521 ) ;
#854 = DIRECTION ( 'NONE',  ( -0.000000000000000000, -1.000000000000000000, 0.000000000000000000 ) ) ;
#855 = FACE_OUTER_BOUND ( 'NONE', #1792, .T. ) ;
#856 = CARTESIAN_POINT ( 'NONE',  ( 1.499999999999999778, 0.000000000000000000, -1.224999999999999201 ) ) ;
#857 = ORIENTED_EDGE ( 'NONE', *, *, #367, .T. ) ;
#858 = DIRECTION ( 'NONE',  ( 1.301042606982605912E-15, 0.000000000000000000, 1.000000000000000000 ) ) ;
#859 = VECTOR ( 'NONE', #3717, 1000.000000000000000 ) ;
#860 = LINE ( 'NONE', #1226, #1780 ) ;
#861 = DIRECTION ( 'NONE',  ( -1.445602896647339163E-16, 0.000000000000000000, 1.000000000000000000 ) ) ;
#862 = AXIS2_PLACEMENT_3D ( 'NONE', #1603, #3081, #4552 ) ;
#863 = STYLED_ITEM ( 'NONE', ( #3010 ), #1090 ) ;
#864 = CARTESIAN_POINT ( 'NONE',  ( -1.199999999999999289, 0.2000000000000000111, -1.124999999999999556 ) ) ;
#865 = PRESENTATION_LAYER_ASSIGNMENT (  '', '', ( #1257 ) ) ;
#866 = ORIENTED_EDGE ( 'NONE', *, *, #4438, .T. ) ;
#867 = ADVANCED_FACE ( 'NONE', ( #3658 ), #689, .T. ) ;
#868 = ORIENTED_EDGE ( 'NONE', *, *, #2912, .T. ) ;
#869 = EDGE_CURVE ( 'NONE', #2333, #3853, #3232, .T. ) ;
#870 = ORIENTED_EDGE ( 'NONE', *, *, #851, .T. ) ;
#871 = VECTOR ( 'NONE', #540, 1000.000000000000000 ) ;
#872 = FACE_OUTER_BOUND ( 'NONE', #2411, .T. ) ;
#873 = DIRECTION ( 'NONE',  ( 0.000000000000000000, -1.000000000000000000, 0.000000000000000000 ) ) ;
#874 = FACE_OUTER_BOUND ( 'NONE', #3187, .T. ) ;
#875 = VERTEX_POINT ( 'NONE', #1032 ) ;
#876 = DIRECTION ( 'NONE',  ( 0.000000000000000000, 1.000000000000000000, 0.000000000000000000 ) ) ;
#877 = EDGE_LOOP ( 'NONE', ( #3257, #2153, #819, #3733 ) ) ;
#878 = LINE ( 'NONE', #2367, #2158 ) ;
#879 = PLANE ( 'NONE',  #3211 ) ;
#880 =( NAMED_UNIT ( * ) PLANE_ANGLE_UNIT ( ) SI_UNIT ( $, .RADIAN. ) );
#881 = LINE ( 'NONE', #3813, #2780 ) ;
#882 = PLANE ( 'NONE',  #4717 ) ;
#883 = DIRECTION ( 'NONE',  ( 1.000000000000000000, 0.000000000000000000, 0.000000000000000000 ) ) ;
#884 = CARTESIAN_POINT ( 'NONE',  ( 1.199999999999999067, 0.2000000000000000111, 1.225000000000000533 ) ) ;
#885 = AXIS2_PLACEMENT_3D ( 'NONE', #3453, #4471, #2741 ) ;
#886 = CARTESIAN_POINT ( 'NONE',  ( -1.499999999999999556, 0.6472135954999579388, -0.5749999999999996225 ) ) ;
#887 = VERTEX_POINT ( 'NONE', #4328 ) ;
#888 = PLANE ( 'NONE',  #3588 ) ;
#889 = EDGE_CURVE ( 'NONE', #3093, #4452, #4707, .T. ) ;
#890 = ORIENTED_EDGE ( 'NONE', *, *, #2861, .F. ) ;
#891 = CARTESIAN_POINT ( 'NONE',  ( -1.500000000000000666, 0.05000000000000000278, 1.500000000000000222 ) ) ;
#892 = ADVANCED_FACE ( 'NONE', ( #2515 ), #4749, .T. ) ;
#893 = DIRECTION ( 'NONE',  ( 1.000000000000000000, 0.000000000000000000, 0.000000000000000000 ) ) ;
#894 = CARTESIAN_POINT ( 'NONE',  ( 1.199999999999999512, 0.04999999999999999584, 1.025000000000001021 ) ) ;
#895 = CARTESIAN_POINT ( 'NONE',  ( 1.199999999999999289, 0.04999999999999999584, -0.5749999999999991784 ) ) ;
#896 = EDGE_LOOP ( 'NONE', ( #3792, #813, #2268, #2577 ) ) ;
#897 = CARTESIAN_POINT ( 'NONE',  ( -1.199999999999999512, 0.1999999999999999833, 0.2250000000000006439 ) ) ;
#898 = VECTOR ( 'NONE', #4106, 1000.000000000000000 ) ;
#899 = ORIENTED_EDGE ( 'NONE', *, *, #806, .F. ) ;
#900 = CARTESIAN_POINT ( 'NONE',  ( 1.499999999999999556, 0.2000000000000000111, -0.1249999999999992506 ) ) ;
#901 = DIRECTION ( 'NONE',  ( -1.000000000000000000, 0.000000000000000000, 1.301042606982605715E-15 ) ) ;
#902 = AXIS2_PLACEMENT_3D ( 'NONE', #1346, #588, #3467 ) ;
#903 = CARTESIAN_POINT ( 'NONE',  ( 1.499999999999999778, 0.1999999999999999833, -1.024999999999999245 ) ) ;
#904 = DIRECTION ( 'NONE',  ( -0.000000000000000000, -1.000000000000000000, -0.000000000000000000 ) ) ;
#905 = DIRECTION ( 'NONE',  ( -0.000000000000000000, -1.000000000000000000, 0.000000000000000000 ) ) ;
#906 = DIRECTION ( 'NONE',  ( 0.000000000000000000, 0.000000000000000000, -1.000000000000000000 ) ) ;
#907 = VECTOR ( 'NONE', #2343, 1000.000000000000000 ) ;
#908 = EDGE_CURVE ( 'NONE', #4693, #2613, #1821, .T. ) ;
#909 = EDGE_LOOP ( 'NONE', ( #1069, #4420, #2739, #3944 ) ) ;
#910 = CARTESIAN_POINT ( 'NONE',  ( -1.199999999999999512, 0.2000000000000000111, 0.6750000000000004885 ) ) ;
#911 = EDGE_CURVE ( 'NONE', #1685, #3750, #330, .T. ) ;
#912 = VECTOR ( 'NONE', #4208, 1000.000000000000000 ) ;
#913 = APPLICATION_PROTOCOL_DEFINITION ( 'draft international standard', 'automotive_design', 1998, #1115 ) ;
#914 = ORIENTED_EDGE ( 'NONE', *, *, #1046, .T. ) ;
#915 = ORIENTED_EDGE ( 'NONE', *, *, #2451, .F. ) ;
#916 = DIRECTION ( 'NONE',  ( -0.000000000000000000, -1.000000000000000000, 0.000000000000000000 ) ) ;
#917 = EDGE_CURVE ( 'NONE', #51, #3217, #1008, .T. ) ;
#918 = DIRECTION ( 'NONE',  ( 1.000000000000000000, 0.000000000000000000, 0.000000000000000000 ) ) ;
#919 = DIRECTION ( 'NONE',  ( -1.000000000000000000, 0.000000000000000000, -1.590163186312073696E-15 ) ) ;
#920 = ORIENTED_EDGE ( 'NONE', *, *, #1155, .T. ) ;
#921 = LINE ( 'NONE', #2459, #3800 ) ;
#922 = AXIS2_PLACEMENT_3D ( 'NONE', #2275, #3809, #3737 ) ;
#923 = ORIENTED_EDGE ( 'NONE', *, *, #562, .F. ) ;
#924 = EDGE_CURVE ( 'NONE', #711, #1835, #3242, .T. ) ;
#925 = CIRCLE ( 'NONE', #4641, 0.09999999999999982514 ) ;
#926 = PLANE ( 'NONE',  #3601 ) ;
#927 = VECTOR ( 'NONE', #4541, 1000.000000000000000 ) ;
#928 = DIRECTION ( 'NONE',  ( 0.000000000000000000, 1.000000000000000000, 0.000000000000000000 ) ) ;
#929 = VECTOR ( 'NONE', #568, 1000.000000000000000 ) ;
#930 = ORIENTED_EDGE ( 'NONE', *, *, #1262, .T. ) ;
#931 = ADVANCED_FACE ( 'NONE', ( #2155 ), #1437, .F. ) ;
#932 = CARTESIAN_POINT ( 'NONE',  ( 1.499999999999999556, 0.2000000000000000111, 0.3250000000000008438 ) ) ;
#933 = DIRECTION ( 'NONE',  ( -0.000000000000000000, -1.000000000000000000, 0.000000000000000000 ) ) ;
#934 = DIRECTION ( 'NONE',  ( 0.000000000000000000, 1.000000000000000000, 0.000000000000000000 ) ) ;
#935 = DIRECTION ( 'NONE',  ( 1.445602896647339163E-16, 0.000000000000000000, -1.000000000000000000 ) ) ;
#936 = ORIENTED_EDGE ( 'NONE', *, *, #1734, .F. ) ;
#937 = ORIENTED_EDGE ( 'NONE', *, *, #38, .T. ) ;
#938 = DIRECTION ( 'NONE',  ( 0.000000000000000000, 1.000000000000000000, 0.000000000000000000 ) ) ;
#939 = ADVANCED_FACE ( 'NONE', ( #4057 ), #4690, .T. ) ;
#940 = ORIENTED_EDGE ( 'NONE', *, *, #4011, .T. ) ;
#941 = VECTOR ( 'NONE', #2372, 1000.000000000000000 ) ;
#942 = ORIENTED_EDGE ( 'NONE', *, *, #3015, .F. ) ;
#943 = MECHANICAL_DESIGN_GEOMETRIC_PRESENTATION_REPRESENTATION (  '', ( #3803 ), #4346 ) ;
#944 = VERTEX_POINT ( 'NONE', #2222 ) ;
#945 = CARTESIAN_POINT ( 'NONE',  ( -1.099999999999999645, 0.2000000000000000111, 0.6750000000000005995 ) ) ;
#946 = FACE_OUTER_BOUND ( 'NONE', #266, .T. ) ;
#947 = VECTOR ( 'NONE', #2144, 1000.000000000000000 ) ;
#948 = DIRECTION ( 'NONE',  ( 1.301042606982605912E-15, 0.000000000000000000, 1.000000000000000000 ) ) ;
#949 = FACE_OUTER_BOUND ( 'NONE', #2092, .T. ) ;
#950 = VERTEX_POINT ( 'NONE', #3679 ) ;
#951 = CARTESIAN_POINT ( 'NONE',  ( 1.199999999999999734, 0.000000000000000000, -1.124999999999999112 ) ) ;
#952 = ORIENTED_EDGE ( 'NONE', *, *, #2970, .T. ) ;
#953 = MANIFOLD_SOLID_BREP ( 'LPattern3[4]', #1359 ) ;
#954 = DIRECTION ( 'NONE',  ( -1.000000000000000000, 0.000000000000000000, -1.445602896647339163E-16 ) ) ;
#955 = LINE ( 'NONE', #2855, #2036 ) ;
#956 = LINE ( 'NONE', #3893, #1620 ) ;
#957 = DIRECTION ( 'NONE',  ( -1.000000000000000000, 0.000000000000000000, -1.445602896647339163E-16 ) ) ;
#958 = EDGE_CURVE ( 'NONE', #3410, #1230, #2989, .T. ) ;
#959 = ORIENTED_EDGE ( 'NONE', *, *, #3979, .F. ) ;
#960 = DIRECTION ( 'NONE',  ( 1.000000000000000000, -0.000000000000000000, 1.445602896647339163E-16 ) ) ;
#961 = LINE ( 'NONE', #2734, #3953 ) ;
#962 = DIRECTION ( 'NONE',  ( 0.000000000000000000, -1.000000000000000000, 0.000000000000000000 ) ) ;
#963 = SURFACE_STYLE_USAGE ( .BOTH. , #1593 ) ;
#964 = MANIFOLD_SOLID_BREP ( 'Boss-Extrude2[1]', #2601 ) ;
#965 = UNCERTAINTY_MEASURE_WITH_UNIT (LENGTH_MEASURE( 1.000000000000000082E-05 ), #4211, 'distance_accuracy_value', 'NONE');
#966 = ORIENTED_EDGE ( 'NONE', *, *, #4038, .T. ) ;
#967 = VERTEX_POINT ( 'NONE', #3756 ) ;
#968 = VERTEX_POINT ( 'NONE', #1201 ) ;
#969 = CARTESIAN_POINT ( 'NONE',  ( -1.499999999999999556, 0.000000000000000000, 0.5750000000000001776 ) ) ;
#970 = AXIS2_PLACEMENT_3D ( 'NONE', #2829, #1365, #2127 ) ;
#971 = ORIENTED_EDGE ( 'NONE', *, *, #3947, .T. ) ;
#972 = CARTESIAN_POINT ( 'NONE',  ( 1.199999999999999512, 0.1999999999999999833, 1.025000000000001021 ) ) ;
#973 = LINE ( 'NONE', #3555, #859 ) ;
#974 = DIRECTION ( 'NONE',  ( 0.000000000000000000, -1.000000000000000000, 0.000000000000000000 ) ) ;
#975 = ORIENTED_EDGE ( 'NONE', *, *, #471, .T. ) ;
#976 = CARTESIAN_POINT ( 'NONE',  ( -1.499999999999999334, 0.2000000000000000111, -1.024999999999999689 ) ) ;
#977 = ORIENTED_EDGE ( 'NONE', *, *, #1003, .F. ) ;
#978 = EDGE_CURVE ( 'NONE', #2364, #1261, #3255, .T. ) ;
#979 = CARTESIAN_POINT ( 'NONE',  ( 1.199999999999999067, 0.2000000000000000111, 1.225000000000000533 ) ) ;
#980 = CIRCLE ( 'NONE', #514, 0.09999999999999982514 ) ;
#981 = EDGE_LOOP ( 'NONE', ( #3928, #3124, #2625, #3542 ) ) ;
#982 = ORIENTED_EDGE ( 'NONE', *, *, #4189, .T. ) ;
#983 = DIRECTION ( 'NONE',  ( 0.000000000000000000, 0.000000000000000000, -1.000000000000000000 ) ) ;
#984 = CYLINDRICAL_SURFACE ( 'NONE', #3789, 0.09999999999999982514 ) ;
#985 = CARTESIAN_POINT ( 'NONE',  ( -1.499999999999999556, 0.2000000000000000111, 0.1250000000000003331 ) ) ;
#986 = EDGE_CURVE ( 'NONE', #661, #2911, #1847, .T. ) ;
#987 = VERTEX_POINT ( 'NONE', #4129 ) ;
#988 = EDGE_CURVE ( 'NONE', #4010, #698, #395, .T. ) ;
#989 = EDGE_LOOP ( 'NONE', ( #2162, #4031, #1168, #2745, #3441 ) ) ;
#990 = EDGE_LOOP ( 'NONE', ( #4597, #4545, #2102, #2653 ) ) ;
#991 = VECTOR ( 'NONE', #3602, 1000.000000000000000 ) ;
#992 = FACE_OUTER_BOUND ( 'NONE', #2160, .T. ) ;
#993 = EDGE_CURVE ( 'NONE', #783, #3660, #4555, .T. ) ;
#994 = DIRECTION ( 'NONE',  ( 1.301042606982605912E-15, 0.000000000000000000, 1.000000000000000000 ) ) ;
#995 = FACE_OUTER_BOUND ( 'NONE', #792, .T. ) ;
#996 = PLANE ( 'NONE',  #1795 ) ;
#997 = AXIS2_PLACEMENT_3D ( 'NONE', #1390, #3254, #4727 ) ;
#998 = ORIENTED_EDGE ( 'NONE', *, *, #2202, .F. ) ;
#999 = LINE ( 'NONE', #3186, #1720 ) ;
#1000 = VERTEX_POINT ( 'NONE', #4107 ) ;
#1001 = CARTESIAN_POINT ( 'NONE',  ( 1.199999999999999289, 0.000000000000000000, -0.1249999999999992922 ) ) ;
#1002 = DIRECTION ( 'NONE',  ( 0.000000000000000000, -1.000000000000000000, 0.000000000000000000 ) ) ;
#1003 = EDGE_CURVE ( 'NONE', #462, #51, #3091, .T. ) ;
#1004 = CARTESIAN_POINT ( 'NONE',  ( 0.000000000000000000, 0.000000000000000000, 0.000000000000000000 ) ) ;
#1005 = ORIENTED_EDGE ( 'NONE', *, *, #3554, .F. ) ;
#1006 = DIRECTION ( 'NONE',  ( 0.000000000000000000, 1.000000000000000000, 0.000000000000000000 ) ) ;
#1007 = AXIS2_PLACEMENT_3D ( 'NONE', #2295, #441, #3395 ) ;
#1008 = LINE ( 'NONE', #2940, #3396 ) ;
#1009 = CARTESIAN_POINT ( 'NONE',  ( 1.199999999999999956, 0.2000000000000000111, -1.224999999999998979 ) ) ;
#1010 = EDGE_CURVE ( 'NONE', #2786, #794, #2341, .T. ) ;
#1011 = ORIENTED_EDGE ( 'NONE', *, *, #4214, .T. ) ;
#1012 = AXIS2_PLACEMENT_3D ( 'NONE', #3070, #2006, #93 ) ;
#1013 = ORIENTED_EDGE ( 'NONE', *, *, #1369, .F. ) ;
#1014 = EDGE_LOOP ( 'NONE', ( #846, #890, #1034, #1666 ) ) ;
#1015 = CARTESIAN_POINT ( 'NONE',  ( -1.499999999999999778, 0.6472135954999579388, 0.7750000000000002442 ) ) ;
#1016 = VECTOR ( 'NONE', #2687, 1000.000000000000000 ) ;
#1017 = ORIENTED_EDGE ( 'NONE', *, *, #471, .F. ) ;
#1018 = ADVANCED_FACE ( 'NONE', ( #1220 ), #82, .F. ) ;
#1019 = FILL_AREA_STYLE ('',( #4336 ) ) ;
#1020 =( GEOMETRIC_REPRESENTATION_CONTEXT ( 3 ) GLOBAL_UNCERTAINTY_ASSIGNED_CONTEXT ( ( #1640 ) ) GLOBAL_UNIT_ASSIGNED_CONTEXT ( ( #144, #1616, #3454 ) ) REPRESENTATION_CONTEXT ( 'NONE', 'WORKASPACE' ) );
#1021 = EDGE_CURVE ( 'NONE', #4137, #3565, #419, .T. ) ;
#1022 = ORIENTED_EDGE ( 'NONE', *, *, #1753, .F. ) ;
#1023 = CARTESIAN_POINT ( 'NONE',  ( -1.199999999999999512, 0.000000000000000000, -0.6749999999999994893 ) ) ;
#1024 = AXIS2_PLACEMENT_3D ( 'NONE', #4225, #1627, #3107 ) ;
#1025 = EDGE_LOOP ( 'NONE', ( #4373, #1395, #1344, #422 ) ) ;
#1026 = PRESENTATION_LAYER_ASSIGNMENT (  '', '', ( #863 ) ) ;
#1027 = VECTOR ( 'NONE', #3322, 1000.000000000000000 ) ;
#1028 = VERTEX_POINT ( 'NONE', #1247 ) ;
#1029 = FACE_OUTER_BOUND ( 'NONE', #4430, .T. ) ;
#1030 = CARTESIAN_POINT ( 'NONE',  ( -1.499999999999999556, 0.2000000000000000111, 0.3250000000000003997 ) ) ;
#1031 = AXIS2_PLACEMENT_3D ( 'NONE', #109, #2703, #3446 ) ;
#1032 = CARTESIAN_POINT ( 'NONE',  ( 1.499999999999999334, 0.1999999999999999833, 1.025000000000000577 ) ) ;
#1033 = CARTESIAN_POINT ( 'NONE',  ( -0.3049999999999997158, 0.04999999999999999584, -1.010000000000000231 ) ) ;
#1034 = ORIENTED_EDGE ( 'NONE', *, *, #3145, .T. ) ;
#1035 = DIRECTION ( 'NONE',  ( -0.000000000000000000, -1.000000000000000000, 0.000000000000000000 ) ) ;
#1036 = VERTEX_POINT ( 'NONE', #1997 ) ;
#1037 = DIRECTION ( 'NONE',  ( 0.000000000000000000, -1.000000000000000000, -0.000000000000000000 ) ) ;
#1038 = CARTESIAN_POINT ( 'NONE',  ( 0.6050000000000002043, 2.554676198546203647, -1.010000000000000231 ) ) ;
#1039 = FACE_OUTER_BOUND ( 'NONE', #724, .T. ) ;
#1040 = VECTOR ( 'NONE', #4483, 1000.000000000000000 ) ;
#1041 = CARTESIAN_POINT ( 'NONE',  ( -1.499999999999999334, 0.04999999999999999584, -1.024999999999999689 ) ) ;
#1042 = EDGE_CURVE ( 'NONE', #1251, #3506, #154, .T. ) ;
#1043 = ORIENTED_EDGE ( 'NONE', *, *, #3426, .T. ) ;
#1044 = DIRECTION ( 'NONE',  ( 1.000000000000000000, 0.000000000000000000, 0.000000000000000000 ) ) ;
#1045 = ORIENTED_EDGE ( 'NONE', *, *, #3123, .F. ) ;
#1046 = EDGE_CURVE ( 'NONE', #584, #2402, #1298, .T. ) ;
#1047 = ORIENTED_EDGE ( 'NONE', *, *, #3627, .F. ) ;
#1048 = MANIFOLD_SOLID_BREP ( 'Boss-Extrude4', #2519 ) ;
#1049 = DIRECTION ( 'NONE',  ( 1.000000000000000000, 0.000000000000000000, 0.000000000000000000 ) ) ;
#1050 = CARTESIAN_POINT ( 'NONE',  ( -1.499999999999999778, 0.2000000000000000111, 0.7750000000000002442 ) ) ;
#1051 = ORIENTED_EDGE ( 'NONE', *, *, #1211, .T. ) ;
#1052 = FACE_OUTER_BOUND ( 'NONE', #549, .T. ) ;
#1053 = DIRECTION ( 'NONE',  ( -1.000000000000000000, 0.000000000000000000, -1.445602896647339163E-16 ) ) ;
#1054 = DIRECTION ( 'NONE',  ( 1.445602896647339163E-16, 0.000000000000000000, -1.000000000000000000 ) ) ;
#1055 = ORIENTED_EDGE ( 'NONE', *, *, #3583, .T. ) ;
#1056 = ORIENTED_EDGE ( 'NONE', *, *, #128, .F. ) ;
#1057 = CARTESIAN_POINT ( 'NONE',  ( -1.099999999999999645, 0.6472135954999579388, 0.6750000000000005995 ) ) ;
#1058 = ORIENTED_EDGE ( 'NONE', *, *, #4431, .F. ) ;
#1059 = ADVANCED_FACE ( 'NONE', ( #2831 ), #2913, .T. ) ;
#1060 = PRESENTATION_STYLE_ASSIGNMENT (( #3901 ) ) ;
#1061 = PLANE ( 'NONE',  #3248 ) ;
#1062 = VECTOR ( 'NONE', #749, 1000.000000000000000 ) ;
#1063 = ORIENTED_EDGE ( 'NONE', *, *, #1689, .T. ) ;
#1064 = EDGE_CURVE ( 'NONE', #4712, #1933, #3250, .T. ) ;
#1065 = DIRECTION ( 'NONE',  ( 0.000000000000000000, -1.000000000000000000, 0.000000000000000000 ) ) ;
#1066 = LINE ( 'NONE', #4679, #1411 ) ;
#1067 = CIRCLE ( 'NONE', #1682, 0.09999999999999982514 ) ;
#1068 = UNCERTAINTY_MEASURE_WITH_UNIT (LENGTH_MEASURE( 1.000000000000000082E-05 ), #184, 'distance_accuracy_value', 'NONE');
#1069 = ORIENTED_EDGE ( 'NONE', *, *, #2211, .F. ) ;
#1070 = ORIENTED_EDGE ( 'NONE', *, *, #3208, .F. ) ;
#1071 = ADVANCED_FACE ( 'NONE', ( #2483 ), #1432, .F. ) ;
#1072 = EDGE_LOOP ( 'NONE', ( #2138, #4522, #507, #3487 ) ) ;
#1073 = EDGE_CURVE ( 'NONE', #4477, #3001, #4364, .T. ) ;
#1074 = VECTOR ( 'NONE', #2112, 1000.000000000000000 ) ;
#1075 = LINE ( 'NONE', #1840, #4238 ) ;
#1076 = CARTESIAN_POINT ( 'NONE',  ( -1.593777193553689151E-15, 0.05000000000000000278, -1.224999999999997424 ) ) ;
#1077 = EDGE_CURVE ( 'NONE', #3805, #2821, #726, .T. ) ;
#1078 = DIRECTION ( 'NONE',  ( -1.445602896647339163E-16, 0.000000000000000000, 1.000000000000000000 ) ) ;
#1079 = CARTESIAN_POINT ( 'NONE',  ( -1.199999999999999067, 0.2000000000000000111, -1.024999999999999689 ) ) ;
#1080 = PLANE ( 'NONE',  #1914 ) ;
#1081 = ORIENTED_EDGE ( 'NONE', *, *, #338, .T. ) ;
#1082 = EDGE_CURVE ( 'NONE', #606, #1617, #4075, .T. ) ;
#1083 = ORIENTED_EDGE ( 'NONE', *, *, #2149, .T. ) ;
#1084 = CARTESIAN_POINT ( 'NONE',  ( -1.499999999999999556, 0.6472135954999579388, 0.3250000000000003997 ) ) ;
#1085 = CARTESIAN_POINT ( 'NONE',  ( -1.499999999999999334, 0.2000000000000000111, -1.224999999999999645 ) ) ;
#1086 =( NAMED_UNIT ( * ) PLANE_ANGLE_UNIT ( ) SI_UNIT ( $, .RADIAN. ) );
#1087 = CIRCLE ( 'NONE', #4561, 0.09999999999999982514 ) ;
#1088 = CARTESIAN_POINT ( 'NONE',  ( 1.199999999999999512, 0.2000000000000000111, 0.6750000000000009326 ) ) ;
#1089 = ORIENTED_EDGE ( 'NONE', *, *, #2794, .T. ) ;
#1090 = MANIFOLD_SOLID_BREP ( 'LPattern3[10]', #579 ) ;
#1091 = AXIS2_PLACEMENT_3D ( 'NONE', #391, #3655, #4747 ) ;
#1092 = VECTOR ( 'NONE', #1711, 1000.000000000000000 ) ;
#1093 = DIRECTION ( 'NONE',  ( 1.445602896647339163E-16, 0.000000000000000000, -1.000000000000000000 ) ) ;
#1094 = ADVANCED_FACE ( 'NONE', ( #3731 ), #1146, .F. ) ;
#1095 = DIRECTION ( 'NONE',  ( -0.000000000000000000, -1.000000000000000000, 0.000000000000000000 ) ) ;
#1096 = EDGE_LOOP ( 'NONE', ( #4672, #2453, #3526, #1563 ) ) ;
#1097 = ORIENTED_EDGE ( 'NONE', *, *, #1106, .F. ) ;
#1098 = VECTOR ( 'NONE', #4678, 1000.000000000000000 ) ;
#1099 = ORIENTED_EDGE ( 'NONE', *, *, #1873, .T. ) ;
#1100 = CYLINDRICAL_SURFACE ( 'NONE', #2540, 0.09999999999999982514 ) ;
#1101 = VECTOR ( 'NONE', #683, 1000.000000000000000 ) ;
#1102 = CARTESIAN_POINT ( 'NONE',  ( 1.199999999999999956, 0.1999999999999999833, -1.224999999999998979 ) ) ;
#1103 = AXIS2_PLACEMENT_3D ( 'NONE', #1985, #1157, #808 ) ;
#1104 = DIRECTION ( 'NONE',  ( -1.000000000000000000, 0.000000000000000000, -1.445602896647339163E-16 ) ) ;
#1105 = LINE ( 'NONE', #1418, #4241 ) ;
#1106 = EDGE_CURVE ( 'NONE', #2613, #3481, #2627, .T. ) ;
#1107 = VECTOR ( 'NONE', #1607, 1000.000000000000000 ) ;
#1108 = VERTEX_POINT ( 'NONE', #1194 ) ;
#1109 = DIRECTION ( 'NONE',  ( -1.000000000000000000, 0.000000000000000000, -1.590163186312073696E-15 ) ) ;
#1110 = DIRECTION ( 'NONE',  ( 1.000000000000000000, 0.000000000000000000, 0.000000000000000000 ) ) ;
#1111 =( LENGTH_UNIT ( ) NAMED_UNIT ( * ) SI_UNIT ( .MILLI., .METRE. ) );
#1112 = CARTESIAN_POINT ( 'NONE',  ( -1.199999999999999289, 0.2000000000000000111, -1.124999999999999556 ) ) ;
#1113 = DIRECTION ( 'NONE',  ( 0.000000000000000000, -1.000000000000000000, 0.000000000000000000 ) ) ;
#1114 = VERTEX_POINT ( 'NONE', #2675 ) ;
#1115 = APPLICATION_CONTEXT ( 'automotive_design' ) ;
#1116 = MANIFOLD_SOLID_BREP ( 'LPattern3[3]', #659 ) ;
#1117 = CARTESIAN_POINT ( 'NONE',  ( 1.199999999999999289, 0.000000000000000000, 1.125000000000000888 ) ) ;
#1118 = CARTESIAN_POINT ( 'NONE',  ( 1.499999999999999778, 0.1999999999999999833, -1.224999999999999201 ) ) ;
#1119 = UNCERTAINTY_MEASURE_WITH_UNIT (LENGTH_MEASURE( 1.000000000000000082E-05 ), #4665, 'distance_accuracy_value', 'NONE');
#1120 = ORIENTED_EDGE ( 'NONE', *, *, #1836, .F. ) ;
#1121 = ORIENTED_EDGE ( 'NONE', *, *, #1143, .F. ) ;
#1122 = CARTESIAN_POINT ( 'NONE',  ( 1.199999999999999956, 0.2000000000000000111, -1.224999999999998979 ) ) ;
#1123 = VECTOR ( 'NONE', #470, 1000.000000000000000 ) ;
#1125 = VECTOR ( 'NONE', #1888, 1000.000000000000000 ) ;
#1124 = CARTESIAN_POINT ( 'NONE',  ( -1.099999999999999423, 0.6472135954999579388, -1.124999999999999556 ) ) ;
#1126 = ORIENTED_EDGE ( 'NONE', *, *, #4294, .T. ) ;
#1127 = FACE_OUTER_BOUND ( 'NONE', #3621, .T. ) ;
#1128 = FACE_OUTER_BOUND ( 'NONE', #362, .T. ) ;
#1129 = ADVANCED_FACE ( 'NONE', ( #221 ), #4146, .F. ) ;
#1130 = SURFACE_STYLE_FILL_AREA ( #3063 ) ;
#1131 = CARTESIAN_POINT ( 'NONE',  ( 1.199999999999999289, 0.000000000000000000, -0.5749999999999991784 ) ) ;
#1132 =( LENGTH_UNIT ( ) NAMED_UNIT ( * ) SI_UNIT ( .MILLI., .METRE. ) );
#1133 = VERTEX_POINT ( 'NONE', #509 ) ;
#1134 = CARTESIAN_POINT ( 'NONE',  ( -1.499999999999999556, 0.1999999999999999833, 0.1250000000000003331 ) ) ;
#1135 = ADVANCED_FACE ( 'NONE', ( #946 ), #2430, .F. ) ;
#1136 = CARTESIAN_POINT ( 'NONE',  ( -1.499999999999999556, 0.2000000000000000111, 0.3250000000000003997 ) ) ;
#1137 = DIRECTION ( 'NONE',  ( 1.000000000000000000, 0.000000000000000000, -1.301042606982605715E-15 ) ) ;
#1138 = VECTOR ( 'NONE', #1503, 1000.000000000000000 ) ;
#1139 = LINE ( 'NONE', #2213, #769 ) ;
#1140 = VERTEX_POINT ( 'NONE', #196 ) ;
#1141 = DIRECTION ( 'NONE',  ( -1.000000000000000000, 0.000000000000000000, -1.445602896647339163E-16 ) ) ;
#1142 = ORIENTED_EDGE ( 'NONE', *, *, #4763, .T. ) ;
#1143 = EDGE_CURVE ( 'NONE', #987, #2765, #1621, .T. ) ;
#1144 = ORIENTED_EDGE ( 'NONE', *, *, #2876, .T. ) ;
#1145 = VECTOR ( 'NONE', #1923, 1000.000000000000000 ) ;
#1146 = PLANE ( 'NONE',  #92 ) ;
#1147 = DIRECTION ( 'NONE',  ( 1.445602896647339163E-16, 0.000000000000000000, -1.000000000000000000 ) ) ;
#1148 = DIRECTION ( 'NONE',  ( -0.000000000000000000, -1.000000000000000000, -0.000000000000000000 ) ) ;
#1149 = ORIENTED_EDGE ( 'NONE', *, *, #780, .F. ) ;
#1150 = CARTESIAN_POINT ( 'NONE',  ( -1.499999999999999334, 0.1999999999999999833, -1.224999999999999645 ) ) ;
#1151 = CARTESIAN_POINT ( 'NONE',  ( -1.099999999999999645, 0.6472135954999579388, -0.6749999999999993783 ) ) ;
#1152 = VECTOR ( 'NONE', #4369, 1000.000000000000000 ) ;
#1153 = CARTESIAN_POINT ( 'NONE',  ( -1.199999999999999512, 0.2000000000000000111, -0.2249999999999994504 ) ) ;
#1154 = DIRECTION ( 'NONE',  ( -0.000000000000000000, -1.000000000000000000, -0.000000000000000000 ) ) ;
#1155 = EDGE_CURVE ( 'NONE', #1286, #2472, #2042, .T. ) ;
#1156 = CARTESIAN_POINT ( 'NONE',  ( -1.199999999999999512, 0.6472135954999579388, 1.225000000000000089 ) ) ;
#1157 = DIRECTION ( 'NONE',  ( 0.000000000000000000, 1.000000000000000000, 0.000000000000000000 ) ) ;
#1158 = CARTESIAN_POINT ( 'NONE',  ( -1.099999999999999867, 0.6472135954999579388, 1.125000000000000444 ) ) ;
#1159 = DIRECTION ( 'NONE',  ( 1.000000000000000000, 0.000000000000000000, 0.000000000000000000 ) ) ;
#1160 = CARTESIAN_POINT ( 'NONE',  ( -1.499999999999999334, 0.2000000000000000111, -1.224999999999999645 ) ) ;
#1161 = STYLED_ITEM ( 'NONE', ( #1492 ), #964 ) ;
#1162 = LINE ( 'NONE', #3643, #1166 ) ;
#1163 = ORIENTED_EDGE ( 'NONE', *, *, #3979, .T. ) ;
#1164 = CARTESIAN_POINT ( 'NONE',  ( -1.199999999999999289, 0.6472135954999579388, -0.1249999999999996253 ) ) ;
#1165 = VECTOR ( 'NONE', #3684, 1000.000000000000000 ) ;
#1166 = VECTOR ( 'NONE', #359, 1000.000000000000000 ) ;
#1167 = PLANE ( 'NONE',  #4659 ) ;
#1168 = ORIENTED_EDGE ( 'NONE', *, *, #557, .T. ) ;
#1169 = EDGE_CURVE ( 'NONE', #3367, #3129, #3899, .T. ) ;
#1170 = ORIENTED_EDGE ( 'NONE', *, *, #801, .F. ) ;
#1171 = ORIENTED_EDGE ( 'NONE', *, *, #2313, .F. ) ;
#1172 = ADVANCED_FACE ( 'NONE', ( #2405 ), #2382, .F. ) ;
#1173 = FACE_OUTER_BOUND ( 'NONE', #3958, .T. ) ;
#1174 = ORIENTED_EDGE ( 'NONE', *, *, #3572, .T. ) ;
#1175 = PLANE ( 'NONE',  #2716 ) ;
#1176 = CARTESIAN_POINT ( 'NONE',  ( -1.199999999999999289, 0.1999999999999999833, -0.1249999999999996253 ) ) ;
#1177 = SURFACE_STYLE_USAGE ( .BOTH. , #4177 ) ;
#1178 = DIRECTION ( 'NONE',  ( 1.000000000000000000, 0.000000000000000000, 1.445602896647339163E-16 ) ) ;
#1179 = VECTOR ( 'NONE', #2567, 1000.000000000000000 ) ;
#1180 = PLANE ( 'NONE',  #2737 ) ;
#1181 = DIRECTION ( 'NONE',  ( 1.445602896647339163E-16, 0.000000000000000000, -1.000000000000000000 ) ) ;
#1182 = CIRCLE ( 'NONE', #3113, 0.1712060071893820312 ) ;
#1183 = FACE_OUTER_BOUND ( 'NONE', #3669, .T. ) ;
#1184 = DIRECTION ( 'NONE',  ( 1.000000000000000000, 0.000000000000000000, 2.710505431213766015E-16 ) ) ;
#1185 = DIRECTION ( 'NONE',  ( 1.445602896647339163E-16, 0.000000000000000000, -1.000000000000000000 ) ) ;
#1186 = FACE_OUTER_BOUND ( 'NONE', #4576, .T. ) ;
#1187 = DIRECTION ( 'NONE',  ( 0.000000000000000000, -1.000000000000000000, 0.000000000000000000 ) ) ;
#1188 = ORIENTED_EDGE ( 'NONE', *, *, #3411, .F. ) ;
#1189 = CARTESIAN_POINT ( 'NONE',  ( -1.499999999999999556, 0.1999999999999999833, -0.5749999999999996225 ) ) ;
#1190 = AXIS2_PLACEMENT_3D ( 'NONE', #1653, #3131, #1785 ) ;
#1191 = ORIENTED_EDGE ( 'NONE', *, *, #4097, .F. ) ;
#1192 = ORIENTED_EDGE ( 'NONE', *, *, #3286, .F. ) ;
#1193 = ORIENTED_EDGE ( 'NONE', *, *, #578, .F. ) ;
#1194 = CARTESIAN_POINT ( 'NONE',  ( -1.099999999999999645, 0.04999999999999999584, -0.6749999999999993783 ) ) ;
#1195 = EDGE_CURVE ( 'NONE', #4144, #3457, #1482, .T. ) ;
#1196 = CARTESIAN_POINT ( 'NONE',  ( 1.199999999999999512, 0.6472135954999579388, -1.024999999999999245 ) ) ;
#1197 = ORIENTED_EDGE ( 'NONE', *, *, #3918, .T. ) ;
#1198 = DIRECTION ( 'NONE',  ( 0.000000000000000000, -1.000000000000000000, 0.000000000000000000 ) ) ;
#1199 = ADVANCED_FACE ( 'NONE', ( #2018 ), #2067, .T. ) ;
#1200 = DIRECTION ( 'NONE',  ( 0.000000000000000000, -1.000000000000000000, 0.000000000000000000 ) ) ;
#1201 = CARTESIAN_POINT ( 'NONE',  ( 1.199999999999999067, 0.1999999999999999833, 0.7750000000000006883 ) ) ;
#1202 = CARTESIAN_POINT ( 'NONE',  ( 1.499999999999999334, 0.05000000000000000278, -0.1249999999999992506 ) ) ;
#1203 = DIRECTION ( 'NONE',  ( -1.000000000000000000, 0.000000000000000000, 0.000000000000000000 ) ) ;
#1204 = VERTEX_POINT ( 'NONE', #532 ) ;
#1205 = CARTESIAN_POINT ( 'NONE',  ( 0.6050000000000002043, 0.000000000000000000, -1.010000000000000231 ) ) ;
#1206 = CARTESIAN_POINT ( 'NONE',  ( 0.6050000000000002043, 0.2000000000000000944, -1.010000000000000231 ) ) ;
#1207 = CARTESIAN_POINT ( 'NONE',  ( 1.499999999999999556, 0.2000000000000000111, 0.3250000000000008438 ) ) ;
#1208 = PLANE ( 'NONE',  #2365 ) ;
#1209 = CARTESIAN_POINT ( 'NONE',  ( -1.199999999999999067, 0.2000000000000000111, -1.024999999999999689 ) ) ;
#1210 = ORIENTED_EDGE ( 'NONE', *, *, #3379, .F. ) ;
#1211 = EDGE_CURVE ( 'NONE', #4426, #2919, #3484, .T. ) ;
#1212 = PRODUCT_DEFINITION ( 'UNKNOWN', '', #2947, #3004 ) ;
#1213 = CARTESIAN_POINT ( 'NONE',  ( -1.199999999999999734, 0.6472135954999579388, 0.5750000000000006217 ) ) ;
#1214 = PLANE ( 'NONE',  #3303 ) ;
#1215 = ORIENTED_EDGE ( 'NONE', *, *, #2680, .T. ) ;
#1216 = DIRECTION ( 'NONE',  ( 0.000000000000000000, -1.000000000000000000, 0.000000000000000000 ) ) ;
#1217 = PLANE ( 'NONE',  #192 ) ;
#1218 = ADVANCED_FACE ( 'NONE', ( #174 ), #3532, .T. ) ;
#1219 = AXIS2_PLACEMENT_3D ( 'NONE', #103, #2628, #4076 ) ;
#1220 = FACE_OUTER_BOUND ( 'NONE', #4671, .T. ) ;
#1221 = DIRECTION ( 'NONE',  ( 0.000000000000000000, -1.000000000000000000, 0.000000000000000000 ) ) ;
#1222 = DIRECTION ( 'NONE',  ( -0.7071067811865473507, 0.000000000000000000, -0.7071067811865477948 ) ) ;
#1223 = AXIS2_PLACEMENT_3D ( 'NONE', #4708, #3301, #4774 ) ;
#1224 = ADVANCED_FACE ( 'NONE', ( #842 ), #1989, .F. ) ;
#1225 = DIRECTION ( 'NONE',  ( -1.000000000000000000, 0.000000000000000000, -1.445602896647339163E-16 ) ) ;
#1226 = CARTESIAN_POINT ( 'NONE',  ( -1.499999999999999556, 0.2000000000000000111, 0.5750000000000001776 ) ) ;
#1227 = LINE ( 'NONE', #1207, #326 ) ;
#1228 = EDGE_CURVE ( 'NONE', #1372, #3660, #4754, .T. ) ;
#1229 = CARTESIAN_POINT ( 'NONE',  ( 0.6049999999999997602, 2.554676198546203647, 1.009999999999999787 ) ) ;
#1230 = VERTEX_POINT ( 'NONE', #2924 ) ;
#1231 = PRESENTATION_STYLE_ASSIGNMENT (( #3480 ) ) ;
#1232 = ORIENTED_EDGE ( 'NONE', *, *, #2909, .T. ) ;
#1233 = EDGE_CURVE ( 'NONE', #660, #3129, #2951, .T. ) ;
#1234 = PRESENTATION_LAYER_ASSIGNMENT (  '', '', ( #1161 ) ) ;
#1235 = ORIENTED_EDGE ( 'NONE', *, *, #2797, .T. ) ;
#1236 = DIRECTION ( 'NONE',  ( -1.000000000000000000, 0.000000000000000000, 0.000000000000000000 ) ) ;
#1237 = DIRECTION ( 'NONE',  ( 0.000000000000000000, -1.000000000000000000, 0.000000000000000000 ) ) ;
#1238 = CARTESIAN_POINT ( 'NONE',  ( -1.770863548392990986E-16, 0.05000000000000000278, 1.225000000000000311 ) ) ;
#1239 = VECTOR ( 'NONE', #547, 1000.000000000000000 ) ;
#1240 = CARTESIAN_POINT ( 'NONE',  ( 0.000000000000000000, 0.05000000000000000278, 0.000000000000000000 ) ) ;
#1241 = ORIENTED_EDGE ( 'NONE', *, *, #4688, .F. ) ;
#1242 = LINE ( 'NONE', #2678, #2342 ) ;
#1243 = VECTOR ( 'NONE', #3253, 1000.000000000000000 ) ;
#1244 = ORIENTED_EDGE ( 'NONE', *, *, #4153, .T. ) ;
#1245 = CIRCLE ( 'NONE', #4185, 0.09999999999999982514 ) ;
#1246 = VECTOR ( 'NONE', #1278, 1000.000000000000000 ) ;
#1247 = CARTESIAN_POINT ( 'NONE',  ( 1.499999999999999556, 0.000000000000000000, 0.5750000000000006217 ) ) ;
#1248 = CARTESIAN_POINT ( 'NONE',  ( 1.199999999999999067, 0.6472135954999579388, 0.7750000000000006883 ) ) ;
#1249 = LINE ( 'NONE', #3138, #1266 ) ;
#1250 = CYLINDRICAL_SURFACE ( 'NONE', #245, 0.1712060071893820312 ) ;
#1251 = VERTEX_POINT ( 'NONE', #356 ) ;
#1252 = DIRECTION ( 'NONE',  ( 0.000000000000000000, -1.000000000000000000, 0.000000000000000000 ) ) ;
#1253 = VECTOR ( 'NONE', #1976, 1000.000000000000000 ) ;
#1254 = DIRECTION ( 'NONE',  ( 1.000000000000000000, 0.000000000000000000, 2.710505431213766015E-16 ) ) ;
#1255 = CARTESIAN_POINT ( 'NONE',  ( -1.199999999999999289, 0.000000000000000000, -1.124999999999999556 ) ) ;
#1256 = EDGE_CURVE ( 'NONE', #1251, #2647, #1498, .T. ) ;
#1257 = STYLED_ITEM ( 'NONE', ( #4498 ), #2559 ) ;
#1258 = CARTESIAN_POINT ( 'NONE',  ( -1.499999999999999556, 0.000000000000000000, -0.1249999999999996808 ) ) ;
#1259 = AXIS2_PLACEMENT_3D ( 'NONE', #799, #1216, #2338 ) ;
#1260 = PLANE ( 'NONE',  #1777 ) ;
#1261 = VERTEX_POINT ( 'NONE', #3950 ) ;
#1262 = EDGE_CURVE ( 'NONE', #698, #3592, #715, .T. ) ;
#1263 = AXIS2_PLACEMENT_3D ( 'NONE', #556, #1652, #4605 ) ;
#1264 = FILL_AREA_STYLE ('',( #482 ) ) ;
#1265 = ORIENTED_EDGE ( 'NONE', *, *, #1424, .T. ) ;
#1266 = VECTOR ( 'NONE', #1562, 1000.000000000000000 ) ;
#1267 = DIRECTION ( 'NONE',  ( 1.000000000000000000, 0.000000000000000000, 1.445602896647339163E-16 ) ) ;
#1268 = CARTESIAN_POINT ( 'NONE',  ( -1.499999999999999556, 0.6472135954999579388, -0.3249999999999997891 ) ) ;
#1269 = FACE_OUTER_BOUND ( 'NONE', #981, .T. ) ;
#1270 = ORIENTED_EDGE ( 'NONE', *, *, #4310, .F. ) ;
#1271 = CARTESIAN_POINT ( 'NONE',  ( -1.499999999999999334, 0.2000000000000000111, -1.224999999999999645 ) ) ;
#1272 = VERTEX_POINT ( 'NONE', #4779 ) ;
#1273 = CARTESIAN_POINT ( 'NONE',  ( -1.099999999999999645, 0.1999999999999999833, -0.6749999999999993783 ) ) ;
#1274 = DIRECTION ( 'NONE',  ( -0.7071067811865477948, 0.000000000000000000, 0.7071067811865473507 ) ) ;
#1275 = EDGE_CURVE ( 'NONE', #2287, #3527, #2972, .T. ) ;
#1276 = DIRECTION ( 'NONE',  ( 1.000000000000000000, 0.000000000000000000, 2.710505431213766015E-16 ) ) ;
#1277 = DIRECTION ( 'NONE',  ( -0.000000000000000000, -1.000000000000000000, 0.000000000000000000 ) ) ;
#1278 = DIRECTION ( 'NONE',  ( -1.000000000000000000, 0.000000000000000000, -1.445602896647339163E-16 ) ) ;
#1279 = DIRECTION ( 'NONE',  ( 2.519070394157739776E-16, 0.000000000000000000, -1.000000000000000000 ) ) ;
#1280 = VECTOR ( 'NONE', #3026, 1000.000000000000000 ) ;
#1281 = LINE ( 'NONE', #1544, #2714 ) ;
#1282 = ORIENTED_EDGE ( 'NONE', *, *, #1578, .F. ) ;
#1283 = ADVANCED_FACE ( 'NONE', ( #995 ), #1340, .T. ) ;
#1284 = ORIENTED_EDGE ( 'NONE', *, *, #3353, .F. ) ;
#1285 = CARTESIAN_POINT ( 'NONE',  ( 1.199999999999999512, 0.2000000000000000111, 1.025000000000001021 ) ) ;
#1286 = VERTEX_POINT ( 'NONE', #2209 ) ;
#1287 = ORIENTED_EDGE ( 'NONE', *, *, #1692, .T. ) ;
#1288 = EDGE_LOOP ( 'NONE', ( #1648, #2565, #4760, #1508, #104 ) ) ;
#1289 = CARTESIAN_POINT ( 'NONE',  ( -1.499999999999999556, 0.2000000000000000111, 0.1250000000000003331 ) ) ;
#1290 =( NAMED_UNIT ( * ) SI_UNIT ( $, .STERADIAN. ) SOLID_ANGLE_UNIT ( ) );
#1291 = PLANE ( 'NONE',  #2820 ) ;
#1292 = DIRECTION ( 'NONE',  ( 1.000000000000000000, 0.000000000000000000, 0.000000000000000000 ) ) ;
#1293 = EDGE_CURVE ( 'NONE', #3973, #3990, #1725, .T. ) ;
#1294 = ORIENTED_EDGE ( 'NONE', *, *, #2446, .T. ) ;
#1295 = CARTESIAN_POINT ( 'NONE',  ( -1.110345230445701104, 0.8000000000000000444, -1.145043518897132184 ) ) ;
#1296 = VECTOR ( 'NONE', #3339, 1000.000000000000000 ) ;
#1297 = ORIENTED_EDGE ( 'NONE', *, *, #1937, .T. ) ;
#1298 = LINE ( 'NONE', #1700, #2012 ) ;
#1299 = PLANE ( 'NONE',  #902 ) ;
#1300 = CARTESIAN_POINT ( 'NONE',  ( -0.9391392232563191556, 0.8000000000000000444, -1.145043518897132184 ) ) ;
#1301 = VECTOR ( 'NONE', #4662, 1000.000000000000000 ) ;
#1302 = ORIENTED_EDGE ( 'NONE', *, *, #1983, .F. ) ;
#1303 = EDGE_CURVE ( 'NONE', #199, #2883, #1744, .T. ) ;
#1304 = DIRECTION ( 'NONE',  ( 1.000000000000000000, 0.000000000000000000, 0.000000000000000000 ) ) ;
#1305 = DIRECTION ( 'NONE',  ( -1.590163186312073893E-15, 0.000000000000000000, 1.000000000000000000 ) ) ;
#1306 = CARTESIAN_POINT ( 'NONE',  ( -1.499999999999999556, 0.000000000000000000, -0.1249999999999996808 ) ) ;
#1307 = VECTOR ( 'NONE', #2784, 1000.000000000000000 ) ;
#1308 = ORIENTED_EDGE ( 'NONE', *, *, #213, .F. ) ;
#1309 = EDGE_LOOP ( 'NONE', ( #971, #527, #1707, #3306 ) ) ;
#1310 = DIRECTION ( 'NONE',  ( 1.000000000000000000, 0.000000000000000000, 2.710505431213766015E-16 ) ) ;
#1311 = VECTOR ( 'NONE', #2877, 1000.000000000000000 ) ;
#1312 = ORIENTED_EDGE ( 'NONE', *, *, #2891, .F. ) ;
#1313 = ORIENTED_EDGE ( 'NONE', *, *, #2642, .F. ) ;
#1314 = CARTESIAN_POINT ( 'NONE',  ( 1.199999999999999512, 0.2000000000000000111, 0.2250000000000009770 ) ) ;
#1315 = LINE ( 'NONE', #1238, #4731 ) ;
#1316 = EDGE_CURVE ( 'NONE', #2788, #1272, #1826, .T. ) ;
#1317 = CARTESIAN_POINT ( 'NONE',  ( 1.199999999999999734, 0.2000000000000000111, 0.1250000000000011380 ) ) ;
#1318 = ORIENTED_EDGE ( 'NONE', *, *, #553, .T. ) ;
#1319 = DIRECTION ( 'NONE',  ( -1.000000000000000000, 0.000000000000000000, 1.301042606982605715E-15 ) ) ;
#1320 = COLOUR_RGB ( '',0.7921568627450980005, 0.8196078431372548767, 0.9333333333333333481 ) ;
#1321 = ORIENTED_EDGE ( 'NONE', *, *, #123, .F. ) ;
#1322 = VECTOR ( 'NONE', #335, 1000.000000000000000 ) ;
#1323 = CARTESIAN_POINT ( 'NONE',  ( 1.199999999999999512, 0.2000000000000000111, 1.025000000000001021 ) ) ;
#1324 = CIRCLE ( 'NONE', #385, 0.1712060071893820312 ) ;
#1325 = DIRECTION ( 'NONE',  ( -1.000000000000000000, 0.000000000000000000, 0.000000000000000000 ) ) ;
#1326 = DIRECTION ( 'NONE',  ( -1.000000000000000000, 0.000000000000000000, -1.445602896647339163E-16 ) ) ;
#1327 = AXIS2_PLACEMENT_3D ( 'NONE', #3786, #2323, #2278 ) ;
#1328 = DIRECTION ( 'NONE',  ( -1.000000000000000000, 0.000000000000000000, 0.000000000000000000 ) ) ;
#1329 = PLANE ( 'NONE',  #2109 ) ;
#1330 = LINE ( 'NONE', #3545, #3490 ) ;
#1331 = ORIENTED_EDGE ( 'NONE', *, *, #1275, .F. ) ;
#1332 = VECTOR ( 'NONE', #187, 1000.000000000000000 ) ;
#1333 = VERTEX_POINT ( 'NONE', #4423 ) ;
#1334 = ORIENTED_EDGE ( 'NONE', *, *, #4268, .T. ) ;
#1335 = CARTESIAN_POINT ( 'NONE',  ( 1.199999999999999289, 0.2000000000000000111, -0.1249999999999992922 ) ) ;
#1336 = MECHANICAL_DESIGN_GEOMETRIC_PRESENTATION_REPRESENTATION (  '', ( #3415 ), #4658 ) ;
#1337 = EDGE_LOOP ( 'NONE', ( #2173, #360, #3866, #3332 ) ) ;
#1338 = EDGE_CURVE ( 'NONE', #2624, #1863, #270, .T. ) ;
#1339 = VECTOR ( 'NONE', #357, 1000.000000000000000 ) ;
#1340 = CYLINDRICAL_SURFACE ( 'NONE', #1715, 0.09999999999999982514 ) ;
#1341 = PLANE ( 'NONE',  #1645 ) ;
#1342 = ORIENTED_EDGE ( 'NONE', *, *, #203, .T. ) ;
#1343 = DIRECTION ( 'NONE',  ( -2.519070394157739776E-16, 0.000000000000000000, 1.000000000000000000 ) ) ;
#1344 = ORIENTED_EDGE ( 'NONE', *, *, #1756, .T. ) ;
#1345 = EDGE_CURVE ( 'NONE', #702, #3525, #4089, .T. ) ;
#1346 = CARTESIAN_POINT ( 'NONE',  ( -1.199999999999999512, 0.2000000000000000111, 0.2250000000000006439 ) ) ;
#1347 = DIRECTION ( 'NONE',  ( 1.445602896647339163E-16, 0.000000000000000000, -1.000000000000000000 ) ) ;
#1348 = EDGE_CURVE ( 'NONE', #773, #4144, #3961, .T. ) ;
#1349 = CARTESIAN_POINT ( 'NONE',  ( 1.199999999999999512, 0.2000000000000000111, 0.6750000000000009326 ) ) ;
#1350 = CARTESIAN_POINT ( 'NONE',  ( -1.499999999999999556, 0.1999999999999999833, 0.1250000000000003331 ) ) ;
#1351 = DIRECTION ( 'NONE',  ( 1.000000000000000000, 0.000000000000000000, 1.590163186312073893E-15 ) ) ;
#1352 = CARTESIAN_POINT ( 'NONE',  ( -1.199999999999999289, 0.6472135954999579388, 0.3250000000000004552 ) ) ;
#1353 =( LENGTH_UNIT ( ) NAMED_UNIT ( * ) SI_UNIT ( .MILLI., .METRE. ) );
#1354 = ORIENTED_EDGE ( 'NONE', *, *, #4184, .T. ) ;
#1355 = EDGE_LOOP ( 'NONE', ( #4248, #2571 ) ) ;
#1356 = ORIENTED_EDGE ( 'NONE', *, *, #3670, .F. ) ;
#1357 = LINE ( 'NONE', #216, #3700 ) ;
#1358 = AXIS2_PLACEMENT_3D ( 'NONE', #2505, #3536, #3205 ) ;
#1359 = CLOSED_SHELL ( 'NONE', ( #2415, #2271, #190, #4780, #3466, #1564, #4473 ) ) ;
#1360 = VERTEX_POINT ( 'NONE', #1468 ) ;
#1361 = FACE_OUTER_BOUND ( 'NONE', #793, .T. ) ;
#1362 = ADVANCED_FACE ( 'NONE', ( #3202 ), #2949, .F. ) ;
#1363 = CARTESIAN_POINT ( 'NONE',  ( 1.499999999999999334, 0.05000000000000000278, 1.500000000000000666 ) ) ;
#1364 = ORIENTED_EDGE ( 'NONE', *, *, #1348, .F. ) ;
#1365 = DIRECTION ( 'NONE',  ( 0.000000000000000000, -1.000000000000000000, -0.000000000000000000 ) ) ;
#1366 = VERTEX_POINT ( 'NONE', #2254 ) ;
#1367 = DIRECTION ( 'NONE',  ( 0.000000000000000000, -1.000000000000000000, 0.000000000000000000 ) ) ;
#1368 = DIRECTION ( 'NONE',  ( -1.000000000000000000, 0.000000000000000000, 1.301042606982605715E-15 ) ) ;
#1369 = EDGE_CURVE ( 'NONE', #1133, #887, #973, .T. ) ;
#1370 = CARTESIAN_POINT ( 'NONE',  ( 1.199999999999999067, 0.000000000000000000, 1.225000000000000533 ) ) ;
#1371 = FILL_AREA_STYLE_COLOUR ( '', #1710 ) ;
#1372 = VERTEX_POINT ( 'NONE', #2095 ) ;
#1373 = LINE ( 'NONE', #1030, #3164 ) ;
#1374 = CARTESIAN_POINT ( 'NONE',  ( 0.6050000000000002043, 2.554676198546203647, -1.010000000000000231 ) ) ;
#1375 = DIRECTION ( 'NONE',  ( -1.000000000000000000, 0.000000000000000000, -1.445602896647339163E-16 ) ) ;
#1376 = EDGE_CURVE ( 'NONE', #345, #321, #402, .T. ) ;
#1377 = EDGE_LOOP ( 'NONE', ( #1958, #3638, #405, #4744 ) ) ;
#1378 = ORIENTED_EDGE ( 'NONE', *, *, #1962, .T. ) ;
#1379 = AXIS2_PLACEMENT_3D ( 'NONE', #2462, #4304, #3517 ) ;
#1380 = EDGE_CURVE ( 'NONE', #2881, #3651, #1883, .T. ) ;
#1381 = DIRECTION ( 'NONE',  ( -1.445602896647339163E-16, 0.000000000000000000, 1.000000000000000000 ) ) ;
#1382 = LINE ( 'NONE', #4360, #3884 ) ;
#1383 = EDGE_LOOP ( 'NONE', ( #1431, #2461, #975, #3656 ) ) ;
#1384 = DIRECTION ( 'NONE',  ( 1.000000000000000000, 0.000000000000000000, 0.000000000000000000 ) ) ;
#1385 = ORIENTED_EDGE ( 'NONE', *, *, #3825, .F. ) ;
#1386 = DIRECTION ( 'NONE',  ( 1.000000000000000000, 0.000000000000000000, 2.710505431213766015E-16 ) ) ;
#1387 = VECTOR ( 'NONE', #130, 1000.000000000000000 ) ;
#1388 = CARTESIAN_POINT ( 'NONE',  ( -1.199999999999999512, 0.04999999999999999584, 0.2250000000000006439 ) ) ;
#1389 = LINE ( 'NONE', #3989, #1243 ) ;
#1390 = CARTESIAN_POINT ( 'NONE',  ( 1.199999999999999512, 0.1999999999999999833, 0.6750000000000009326 ) ) ;
#1391 = CARTESIAN_POINT ( 'NONE',  ( -1.199999999999999289, 0.6472135954999579388, -0.5749999999999996225 ) ) ;
#1392 = VECTOR ( 'NONE', #2975, 1000.000000000000000 ) ;
#1393 = DIRECTION ( 'NONE',  ( 1.445602896647339163E-16, 0.000000000000000000, -1.000000000000000000 ) ) ;
#1394 = VECTOR ( 'NONE', #786, 1000.000000000000000 ) ;
#1395 = ORIENTED_EDGE ( 'NONE', *, *, #1303, .T. ) ;
#1396 =( GEOMETRIC_REPRESENTATION_CONTEXT ( 3 ) GLOBAL_UNCERTAINTY_ASSIGNED_CONTEXT ( ( #1068 ) ) GLOBAL_UNIT_ASSIGNED_CONTEXT ( ( #184, #1733, #158 ) ) REPRESENTATION_CONTEXT ( 'NONE', 'WORKASPACE' ) );
#1397 = ORIENTED_EDGE ( 'NONE', *, *, #4156, .T. ) ;
#1398 = EDGE_LOOP ( 'NONE', ( #484, #4157, #747, #3761 ) ) ;
#1399 = CARTESIAN_POINT ( 'NONE',  ( -1.499999999999999334, 0.6472135954999579388, -0.7749999999999998002 ) ) ;
#1400 = EDGE_CURVE ( 'NONE', #4649, #1108, #3576, .T. ) ;
#1401 = ORIENTED_EDGE ( 'NONE', *, *, #662, .F. ) ;
#1402 = FACE_OUTER_BOUND ( 'NONE', #2801, .T. ) ;
#1403 = EDGE_CURVE ( 'NONE', #1479, #2375, #397, .T. ) ;
#1404 = FACE_OUTER_BOUND ( 'NONE', #1686, .T. ) ;
#1405 = FACE_OUTER_BOUND ( 'NONE', #613, .T. ) ;
#1406 = PRESENTATION_LAYER_ASSIGNMENT (  '', '', ( #3803 ) ) ;
#1407 = ORIENTED_EDGE ( 'NONE', *, *, #4788, .F. ) ;
#1408 = DIRECTION ( 'NONE',  ( 1.000000000000000000, 0.000000000000000000, 0.000000000000000000 ) ) ;
#1409 = ORIENTED_EDGE ( 'NONE', *, *, #3641, .F. ) ;
#1410 = VECTOR ( 'NONE', #3642, 1000.000000000000000 ) ;
#1411 = VECTOR ( 'NONE', #250, 1000.000000000000000 ) ;
#1412 = DIRECTION ( 'NONE',  ( -1.590163186312073696E-15, 0.000000000000000000, 1.000000000000000000 ) ) ;
#1413 = LINE ( 'NONE', #1124, #1027 ) ;
#1414 = LINE ( 'NONE', #2809, #2105 ) ;
#1415 = DIRECTION ( 'NONE',  ( 2.706303097211879254E-16, 0.000000000000000000, -1.000000000000000000 ) ) ;
#1416 = FILL_AREA_STYLE_COLOUR ( '', #1320 ) ;
#1417 = EDGE_CURVE ( 'NONE', #2804, #3999, #3797, .T. ) ;
#1418 = CARTESIAN_POINT ( 'NONE',  ( 1.499999999999999556, 0.1999999999999999833, 0.3250000000000008438 ) ) ;
#1419 = EDGE_CURVE ( 'NONE', #321, #4733, #3089, .T. ) ;
#1420 = CARTESIAN_POINT ( 'NONE',  ( -1.499999999999999556, 0.1999999999999999833, 0.3250000000000003997 ) ) ;
#1421 = ORIENTED_EDGE ( 'NONE', *, *, #3886, .F. ) ;
#1422 = ORIENTED_EDGE ( 'NONE', *, *, #2562, .F. ) ;
#1423 = DIRECTION ( 'NONE',  ( 0.000000000000000000, -1.000000000000000000, 0.000000000000000000 ) ) ;
#1424 = EDGE_CURVE ( 'NONE', #3581, #1333, #3069, .T. ) ;
#1425 = FACE_OUTER_BOUND ( 'NONE', #4274, .T. ) ;
#1426 = CARTESIAN_POINT ( 'NONE',  ( -1.099999999999999423, 0.2000000000000000111, -1.124999999999999556 ) ) ;
#1427 = EDGE_CURVE ( 'NONE', #2821, #3943, #111, .T. ) ;
#1428 = CARTESIAN_POINT ( 'NONE',  ( 1.199999999999999067, 0.6472135954999579388, 1.225000000000000533 ) ) ;
#1429 = VERTEX_POINT ( 'NONE', #1568 ) ;
#1430 = EDGE_CURVE ( 'NONE', #2811, #3458, #1227, .T. ) ;
#1431 = ORIENTED_EDGE ( 'NONE', *, *, #1833, .F. ) ;
#1432 = CYLINDRICAL_SURFACE ( 'NONE', #639, 0.09999999999999982514 ) ;
#1433 = EDGE_CURVE ( 'NONE', #2691, #3369, #2727, .T. ) ;
#1434 = DIRECTION ( 'NONE',  ( -1.000000000000000000, 0.000000000000000000, -1.445602896647339163E-16 ) ) ;
#1435 = CARTESIAN_POINT ( 'NONE',  ( 1.199999999999999289, 0.04999999999999999584, 1.125000000000000888 ) ) ;
#1436 = CARTESIAN_POINT ( 'NONE',  ( -0.9391392232563191556, 0.8000000000000000444, -1.145043518897132184 ) ) ;
#1437 = PLANE ( 'NONE',  #459 ) ;
#1438 = DIRECTION ( 'NONE',  ( -1.445602896647339163E-16, 0.000000000000000000, 1.000000000000000000 ) ) ;
#1439 = EDGE_CURVE ( 'NONE', #3419, #1815, #3815, .T. ) ;
#1440 = ORIENTED_EDGE ( 'NONE', *, *, #1293, .T. ) ;
#1441 = CARTESIAN_POINT ( 'NONE',  ( 1.499999999999999556, 0.6472135954999579388, 0.3250000000000008438 ) ) ;
#1442 = DIRECTION ( 'NONE',  ( -1.000000000000000000, 0.000000000000000000, -1.590163186312073696E-15 ) ) ;
#1443 = CYLINDRICAL_SURFACE ( 'NONE', #2279, 0.09999999999999982514 ) ;
#1444 = DIRECTION ( 'NONE',  ( -2.706303097211879254E-16, 0.000000000000000000, 1.000000000000000000 ) ) ;
#1445 = AXIS2_PLACEMENT_3D ( 'NONE', #4109, #2296, #3710 ) ;
#1446 = ORIENTED_EDGE ( 'NONE', *, *, #4691, .F. ) ;
#1447 = LINE ( 'NONE', #1788, #2533 ) ;
#1448 = CARTESIAN_POINT ( 'NONE',  ( 0.6049999999999997602, 0.2000000000000000944, 1.009999999999999787 ) ) ;
#1449 = VECTOR ( 'NONE', #4440, 1000.000000000000000 ) ;
#1450 = ORIENTED_EDGE ( 'NONE', *, *, #3086, .F. ) ;
#1451 = PRODUCT ( 'DPD12', 'DPD12', '', ( #2824 ) ) ;
#1452 = ORIENTED_EDGE ( 'NONE', *, *, #1734, .T. ) ;
#1453 = ORIENTED_EDGE ( 'NONE', *, *, #338, .F. ) ;
#1454 =( NAMED_UNIT ( * ) SI_UNIT ( $, .STERADIAN. ) SOLID_ANGLE_UNIT ( ) );
#1455 = EDGE_CURVE ( 'NONE', #3150, #3071, #2303, .T. ) ;
#1456 = VECTOR ( 'NONE', #3938, 1000.000000000000000 ) ;
#1457 = PLANE ( 'NONE',  #1829 ) ;
#1458 = DIRECTION ( 'NONE',  ( -1.590163186312073893E-15, 0.000000000000000000, 1.000000000000000000 ) ) ;
#1459 = DIRECTION ( 'NONE',  ( -1.000000000000000000, 0.000000000000000000, 0.000000000000000000 ) ) ;
#1460 = ADVANCED_FACE ( 'NONE', ( #2735 ), #4210, .F. ) ;
#1461 = LINE ( 'NONE', #2939, #1984 ) ;
#1462 = DIRECTION ( 'NONE',  ( 1.445602896647339163E-16, 0.000000000000000000, -1.000000000000000000 ) ) ;
#1463 = CARTESIAN_POINT ( 'NONE',  ( -1.500000000000000666, 0.05000000000000000278, 1.500000000000000222 ) ) ;
#1464 = ORIENTED_EDGE ( 'NONE', *, *, #1770, .F. ) ;
#1465 = VECTOR ( 'NONE', #2659, 1000.000000000000000 ) ;
#1466 = VERTEX_POINT ( 'NONE', #810 ) ;
#1467 = FACE_OUTER_BOUND ( 'NONE', #551, .T. ) ;
#1468 = CARTESIAN_POINT ( 'NONE',  ( 1.499999999999999778, 0.000000000000000000, -1.024999999999999245 ) ) ;
#1469 = DIRECTION ( 'NONE',  ( 1.445602896647339163E-16, 0.000000000000000000, -1.000000000000000000 ) ) ;
#1470 = VECTOR ( 'NONE', #230, 1000.000000000000000 ) ;
#1471 = LINE ( 'NONE', #4468, #3785 ) ;
#1472 = DIRECTION ( 'NONE',  ( 1.000000000000000000, 0.000000000000000000, 0.000000000000000000 ) ) ;
#1473 = ORIENTED_EDGE ( 'NONE', *, *, #1809, .T. ) ;
#1474 = VECTOR ( 'NONE', #416, 1000.000000000000000 ) ;
#1475 = VECTOR ( 'NONE', #4593, 1000.000000000000000 ) ;
#1476 = LINE ( 'NONE', #2907, #1138 ) ;
#1477 = AXIS2_PLACEMENT_3D ( 'NONE', #1349, #928, #1326 ) ;
#1478 =( NAMED_UNIT ( * ) PLANE_ANGLE_UNIT ( ) SI_UNIT ( $, .RADIAN. ) );
#1479 = VERTEX_POINT ( 'NONE', #1904 ) ;
#1480 = EDGE_CURVE ( 'NONE', #713, #4452, #449, .T. ) ;
#1481 = ORIENTED_EDGE ( 'NONE', *, *, #3280, .T. ) ;
#1482 = CIRCLE ( 'NONE', #782, 0.09999999999999982514 ) ;
#1483 = VERTEX_POINT ( 'NONE', #3046 ) ;
#1484 = SURFACE_STYLE_FILL_AREA ( #1838 ) ;
#1485 = DIRECTION ( 'NONE',  ( 1.445602896647339163E-16, 0.000000000000000000, -1.000000000000000000 ) ) ;
#1486 = CARTESIAN_POINT ( 'NONE',  ( 1.199999999999999289, 0.000000000000000000, 1.125000000000000888 ) ) ;
#1487 = CIRCLE ( 'NONE', #2498, 0.1712060071893820312 ) ;
#1488 = MECHANICAL_DESIGN_GEOMETRIC_PRESENTATION_REPRESENTATION (  '', ( #3967 ), #2121 ) ;
#1489 = ORIENTED_EDGE ( 'NONE', *, *, #1338, .F. ) ;
#1490 = CARTESIAN_POINT ( 'NONE',  ( 1.199999999999999512, 0.1999999999999999833, -0.6749999999999990452 ) ) ;
#1491 = EDGE_CURVE ( 'NONE', #241, #558, #4160, .T. ) ;
#1492 = PRESENTATION_STYLE_ASSIGNMENT (( #3040 ) ) ;
#1493 = PLANE ( 'NONE',  #605 ) ;
#1494 = VECTOR ( 'NONE', #258, 1000.000000000000000 ) ;
#1495 = EDGE_LOOP ( 'NONE', ( #1144, #3008, #1671, #2980 ) ) ;
#1496 = DIRECTION ( 'NONE',  ( -0.000000000000000000, -1.000000000000000000, 0.000000000000000000 ) ) ;
#1497 = LINE ( 'NONE', #4022, #3706 ) ;
#1498 = LINE ( 'NONE', #4652, #4271 ) ;
#1499 = ADVANCED_FACE ( 'NONE', ( #522 ), #2350, .F. ) ;
#1500 =( NAMED_UNIT ( * ) SI_UNIT ( $, .STERADIAN. ) SOLID_ANGLE_UNIT ( ) );
#1501 = LINE ( 'NONE', #675, #1392 ) ;
#1502 = ORIENTED_EDGE ( 'NONE', *, *, #542, .T. ) ;
#1503 = DIRECTION ( 'NONE',  ( 0.000000000000000000, -1.000000000000000000, 0.000000000000000000 ) ) ;
#1504 = FILL_AREA_STYLE ('',( #4785 ) ) ;
#1505 = ORIENTED_EDGE ( 'NONE', *, *, #1169, .T. ) ;
#1506 = ORIENTED_EDGE ( 'NONE', *, *, #604, .F. ) ;
#1507 = ADVANCED_FACE ( 'NONE', ( #4113 ), #3788, .F. ) ;
#1508 = ORIENTED_EDGE ( 'NONE', *, *, #1403, .F. ) ;
#1509 = FILL_AREA_STYLE_COLOUR ( '', #1867 ) ;
#1510 = CARTESIAN_POINT ( 'NONE',  ( -1.199999999999999512, 0.1999999999999999833, 0.2250000000000006439 ) ) ;
#1511 = ORIENTED_EDGE ( 'NONE', *, *, #1581, .F. ) ;
#1512 = LINE ( 'NONE', #2221, #1857 ) ;
#1513 = DIRECTION ( 'NONE',  ( -1.000000000000000000, 0.000000000000000000, -1.445602896647339163E-16 ) ) ;
#1514 = DIRECTION ( 'NONE',  ( 1.445602896647339163E-16, 0.000000000000000000, -1.000000000000000000 ) ) ;
#1515 = ADVANCED_FACE ( 'NONE', ( #1930 ), #1519, .F. ) ;
#1516 = CARTESIAN_POINT ( 'NONE',  ( -1.499999999999999778, 0.1999999999999999833, 1.025000000000000133 ) ) ;
#1517 = CARTESIAN_POINT ( 'NONE',  ( -1.099999999999999867, 0.2000000000000000111, 1.125000000000000444 ) ) ;
#1518 = DIRECTION ( 'NONE',  ( -1.000000000000000000, 0.000000000000000000, 0.000000000000000000 ) ) ;
#1519 = CYLINDRICAL_SURFACE ( 'NONE', #3637, 0.09999999999999982514 ) ;
#1520 = EDGE_CURVE ( 'NONE', #2552, #4010, #2996, .T. ) ;
#1521 = DIRECTION ( 'NONE',  ( 0.000000000000000000, 1.000000000000000000, 0.000000000000000000 ) ) ;
#1522 = AXIS2_PLACEMENT_3D ( 'NONE', #4359, #2954, #2192 ) ;
#1523 = DIRECTION ( 'NONE',  ( 0.000000000000000000, 1.000000000000000000, 0.000000000000000000 ) ) ;
#1524 = ORIENTED_EDGE ( 'NONE', *, *, #2812, .T. ) ;
#1525 = EDGE_CURVE ( 'NONE', #3244, #2048, #170, .T. ) ;
#1526 = VECTOR ( 'NONE', #3652, 1000.000000000000000 ) ;
#1527 = ORIENTED_EDGE ( 'NONE', *, *, #3810, .F. ) ;
#1528 = VERTEX_POINT ( 'NONE', #4329 ) ;
#1529 = EDGE_LOOP ( 'NONE', ( #4469, #2669, #4542, #219 ) ) ;
#1530 = VECTOR ( 'NONE', #3994, 1000.000000000000000 ) ;
#1531 = CARTESIAN_POINT ( 'NONE',  ( -1.199999999999999512, 0.2000000000000000111, -1.224999999999999201 ) ) ;
#1532 = VERTEX_POINT ( 'NONE', #3890 ) ;
#1533 = LINE ( 'NONE', #4435, #2332 ) ;
#1534 = LINE ( 'NONE', #3014, #1040 ) ;
#1535 = MECHANICAL_DESIGN_GEOMETRIC_PRESENTATION_REPRESENTATION (  '', ( #4544 ), #2929 ) ;
#1536 = CARTESIAN_POINT ( 'NONE',  ( -1.199999999999999734, 0.6472135954999579388, 1.125000000000000444 ) ) ;
#1537 = ORIENTED_EDGE ( 'NONE', *, *, #4645, .T. ) ;
#1538 = DIRECTION ( 'NONE',  ( 1.445602896647339163E-16, 0.000000000000000000, -1.000000000000000000 ) ) ;
#1539 = ORIENTED_EDGE ( 'NONE', *, *, #2861, .T. ) ;
#1540 = CARTESIAN_POINT ( 'NONE',  ( 1.499999999999999334, 0.000000000000000000, 0.7750000000000006883 ) ) ;
#1541 = CARTESIAN_POINT ( 'NONE',  ( -1.199999999999999512, 0.1999999999999999833, -0.6749999999999994893 ) ) ;
#1542 = DIRECTION ( 'NONE',  ( 0.000000000000000000, -1.000000000000000000, 0.000000000000000000 ) ) ;
#1543 = AXIS2_PLACEMENT_3D ( 'NONE', #1374, #351, #4773 ) ;
#1544 = CARTESIAN_POINT ( 'NONE',  ( -1.499999999999999556, 0.6472135954999579388, -0.1249999999999996808 ) ) ;
#1545 = ORIENTED_EDGE ( 'NONE', *, *, #986, .T. ) ;
#1546 = EDGE_CURVE ( 'NONE', #3527, #3593, #1330, .T. ) ;
#1547 = CARTESIAN_POINT ( 'NONE',  ( -1.499999999999999556, 0.6472135954999579388, -0.1249999999999996808 ) ) ;
#1548 = CIRCLE ( 'NONE', #1775, 0.09999999999999982514 ) ;
#1549 = PRESENTATION_LAYER_ASSIGNMENT (  '', '', ( #1854 ) ) ;
#1550 = FILL_AREA_STYLE ('',( #70 ) ) ;
#1551 = ADVANCED_FACE ( 'NONE', ( #3501 ), #2056, .F. ) ;
#1552 = ORIENTED_EDGE ( 'NONE', *, *, #2666, .F. ) ;
#1553 = ORIENTED_EDGE ( 'NONE', *, *, #1082, .F. ) ;
#1554 = ORIENTED_EDGE ( 'NONE', *, *, #3240, .F. ) ;
#1555 = DIRECTION ( 'NONE',  ( 1.000000000000000000, 0.000000000000000000, -1.301042606982605912E-15 ) ) ;
#1556 = ORIENTED_EDGE ( 'NONE', *, *, #2725, .F. ) ;
#1557 = FACE_OUTER_BOUND ( 'NONE', #537, .T. ) ;
#1558 = PLANE ( 'NONE',  #4062 ) ;
#1559 = VECTOR ( 'NONE', #4219, 1000.000000000000000 ) ;
#1560 = CARTESIAN_POINT ( 'NONE',  ( 1.499999999999999778, 0.04999999999999999584, -1.224999999999999201 ) ) ;
#1561 = AXIS2_PLACEMENT_3D ( 'NONE', #1541, #3428, #475 ) ;
#1562 = DIRECTION ( 'NONE',  ( -0.000000000000000000, -1.000000000000000000, 0.000000000000000000 ) ) ;
#1563 = ORIENTED_EDGE ( 'NONE', *, *, #721, .F. ) ;
#1564 = ADVANCED_FACE ( 'NONE', ( #2421 ), #570, .F. ) ;
#1565 = PLANE ( 'NONE',  #2575 ) ;
#1566 = CARTESIAN_POINT ( 'NONE',  ( -0.6574999999999998623, 0.05000000000000000278, -0.6575000000000000844 ) ) ;
#1567 = STYLED_ITEM ( 'NONE', ( #3620 ), #2551 ) ;
#1568 = CARTESIAN_POINT ( 'NONE',  ( -1.499999999999999556, 0.000000000000000000, 0.1250000000000003331 ) ) ;
#1569 = EDGE_CURVE ( 'NONE', #2227, #3101, #3196, .T. ) ;
#1570 = DIRECTION ( 'NONE',  ( -0.000000000000000000, -1.000000000000000000, -0.000000000000000000 ) ) ;
#1571 = CARTESIAN_POINT ( 'NONE',  ( -1.281551237635083274, 0.8000000000000000444, -1.145043518897132184 ) ) ;
#1572 = VERTEX_POINT ( 'NONE', #163 ) ;
#1573 = ORIENTED_EDGE ( 'NONE', *, *, #3074, .T. ) ;
#1574 = EDGE_LOOP ( 'NONE', ( #3204, #3715, #1511, #1804 ) ) ;
#1575 = CARTESIAN_POINT ( 'NONE',  ( 1.499999999999999556, 0.1999999999999999833, -0.1249999999999992506 ) ) ;
#1576 = EDGE_CURVE ( 'NONE', #1824, #713, #4670, .T. ) ;
#1577 = DIRECTION ( 'NONE',  ( 1.000000000000000000, 0.000000000000000000, -1.301042606982605715E-15 ) ) ;
#1578 = EDGE_CURVE ( 'NONE', #431, #1602, #4692, .T. ) ;
#1579 = ORIENTED_EDGE ( 'NONE', *, *, #2945, .T. ) ;
#1580 = LINE ( 'NONE', #2651, #4320 ) ;
#1581 = EDGE_CURVE ( 'NONE', #1819, #4426, #3522, .T. ) ;
#1582 = ORIENTED_EDGE ( 'NONE', *, *, #4127, .F. ) ;
#1583 = DIRECTION ( 'NONE',  ( -0.000000000000000000, -1.000000000000000000, 0.000000000000000000 ) ) ;
#1584 = DIRECTION ( 'NONE',  ( -0.000000000000000000, -1.000000000000000000, 0.000000000000000000 ) ) ;
#1585 = ADVANCED_FACE ( 'NONE', ( #1663 ), #4309, .T. ) ;
#1586 = DIRECTION ( 'NONE',  ( 0.000000000000000000, 1.000000000000000000, 0.000000000000000000 ) ) ;
#1587 = VECTOR ( 'NONE', #3159, 1000.000000000000000 ) ;
#1588 = DIRECTION ( 'NONE',  ( -1.445602896647339163E-16, 0.000000000000000000, 1.000000000000000000 ) ) ;
#1589 = LINE ( 'NONE', #518, #2128 ) ;
#1590 = FACE_OUTER_BOUND ( 'NONE', #581, .T. ) ;
#1591 = DIRECTION ( 'NONE',  ( 1.000000000000000000, 0.000000000000000000, 0.000000000000000000 ) ) ;
#1592 = EDGE_CURVE ( 'NONE', #2069, #3613, #4616, .T. ) ;
#1593 = SURFACE_SIDE_STYLE ('',( #836 ) ) ;
#1594 = FACE_OUTER_BOUND ( 'NONE', #771, .T. ) ;
#1595 = ORIENTED_EDGE ( 'NONE', *, *, #3261, .F. ) ;
#1596 = VERTEX_POINT ( 'NONE', #2083 ) ;
#1597 = VECTOR ( 'NONE', #1619, 1000.000000000000000 ) ;
#1598 =( LENGTH_UNIT ( ) NAMED_UNIT ( * ) SI_UNIT ( .MILLI., .METRE. ) );
#1599 = ORIENTED_EDGE ( 'NONE', *, *, #911, .T. ) ;
#1600 = CARTESIAN_POINT ( 'NONE',  ( 1.499999999999999778, 0.2000000000000000111, -1.224999999999999201 ) ) ;
#1601 = DIRECTION ( 'NONE',  ( 1.000000000000000000, 0.000000000000000000, 2.710505431213766015E-16 ) ) ;
#1602 = VERTEX_POINT ( 'NONE', #3862 ) ;
#1603 = CARTESIAN_POINT ( 'NONE',  ( -1.500000000000000666, 5.842640687119285303, 1.500000000000000222 ) ) ;
#1604 = ORIENTED_EDGE ( 'NONE', *, *, #4122, .F. ) ;
#1605 = EDGE_CURVE ( 'NONE', #3926, #1286, #4288, .T. ) ;
#1606 = CARTESIAN_POINT ( 'NONE',  ( -1.199999999999999067, 0.000000000000000000, -1.024999999999999689 ) ) ;
#1607 = DIRECTION ( 'NONE',  ( 1.000000000000000000, -0.000000000000000000, 1.445602896647339163E-16 ) ) ;
#1608 = EDGE_CURVE ( 'NONE', #2380, #4567, #2397, .T. ) ;
#1609 = DIRECTION ( 'NONE',  ( -1.000000000000000000, 0.000000000000000000, -1.084202172485506406E-15 ) ) ;
#1610 = LINE ( 'NONE', #1540, #2020 ) ;
#1611 = DIRECTION ( 'NONE',  ( -0.000000000000000000, -1.000000000000000000, 0.000000000000000000 ) ) ;
#1612 = DIRECTION ( 'NONE',  ( 0.000000000000000000, -1.000000000000000000, 0.000000000000000000 ) ) ;
#1613 = ORIENTED_EDGE ( 'NONE', *, *, #159, .F. ) ;
#1614 = EDGE_LOOP ( 'NONE', ( #2904, #1746, #2131, #2262 ) ) ;
#1615 = ORIENTED_EDGE ( 'NONE', *, *, #4511, .T. ) ;
#1616 =( NAMED_UNIT ( * ) PLANE_ANGLE_UNIT ( ) SI_UNIT ( $, .RADIAN. ) );
#1617 = VERTEX_POINT ( 'NONE', #1009 ) ;
#1618 = ORIENTED_EDGE ( 'NONE', *, *, #307, .T. ) ;
#1619 = DIRECTION ( 'NONE',  ( 0.000000000000000000, 0.000000000000000000, 1.000000000000000000 ) ) ;
#1620 = VECTOR ( 'NONE', #2398, 1000.000000000000000 ) ;
#1621 = LINE ( 'NONE', #1268, #4191 ) ;
#1622 = DIRECTION ( 'NONE',  ( 0.000000000000000000, -1.000000000000000000, 0.000000000000000000 ) ) ;
#1623 = EDGE_CURVE ( 'NONE', #3200, #4213, #3143, .T. ) ;
#1624 = VECTOR ( 'NONE', #3126, 1000.000000000000000 ) ;
#1625 = CARTESIAN_POINT ( 'NONE',  ( -1.199999999999999289, 0.2000000000000000111, -1.124999999999999556 ) ) ;
#1626 = ORIENTED_EDGE ( 'NONE', *, *, #2510, .T. ) ;
#1627 = DIRECTION ( 'NONE',  ( 0.000000000000000000, -1.000000000000000000, 0.000000000000000000 ) ) ;
#1628 = COLOUR_RGB ( '',0.2509803921568627416, 0.2509803921568627416, 0.2509803921568627416 ) ;
#1629 = ORIENTED_EDGE ( 'NONE', *, *, #2557, .F. ) ;
#1630 = AXIS2_PLACEMENT_3D ( 'NONE', #4035, #1801, #4348 ) ;
#1631 = CARTESIAN_POINT ( 'NONE',  ( 1.199999999999999512, 0.2000000000000000111, -0.6749999999999990452 ) ) ;
#1632 = LINE ( 'NONE', #86, #871 ) ;
#1633 = EDGE_CURVE ( 'NONE', #2765, #4276, #1712, .T. ) ;
#1634 =( NAMED_UNIT ( * ) SI_UNIT ( $, .STERADIAN. ) SOLID_ANGLE_UNIT ( ) );
#1635 = CARTESIAN_POINT ( 'NONE',  ( -1.199999999999999512, 0.1999999999999999833, 0.6750000000000004885 ) ) ;
#1636 = AXIS2_PLACEMENT_3D ( 'NONE', #4183, #136, #40 ) ;
#1637 = DIRECTION ( 'NONE',  ( -1.000000000000000000, 0.000000000000000000, 1.301042606982605715E-15 ) ) ;
#1638 = DIRECTION ( 'NONE',  ( -1.590163186312073893E-15, 0.000000000000000000, 1.000000000000000000 ) ) ;
#1639 = SURFACE_STYLE_USAGE ( .BOTH. , #1853 ) ;
#1640 = UNCERTAINTY_MEASURE_WITH_UNIT (LENGTH_MEASURE( 1.000000000000000082E-05 ), #144, 'distance_accuracy_value', 'NONE');
#1641 = VECTOR ( 'NONE', #3876, 1000.000000000000000 ) ;
#1642 = LINE ( 'NONE', #2373, #4404 ) ;
#1643 = EDGE_LOOP ( 'NONE', ( #2775, #2046, #2218, #1956 ) ) ;
#1644 = AXIS2_PLACEMENT_3D ( 'NONE', #1240, #845, #489 ) ;
#1645 = AXIS2_PLACEMENT_3D ( 'NONE', #2457, #3873, #4198 ) ;
#1646 = CARTESIAN_POINT ( 'NONE',  ( 1.499999999999999334, 0.05000000000000000278, 0.7750000000000006883 ) ) ;
#1647 = EDGE_CURVE ( 'NONE', #1572, #1251, #3161, .T. ) ;
#1648 = ORIENTED_EDGE ( 'NONE', *, *, #4497, .F. ) ;
#1649 = VERTEX_POINT ( 'NONE', #210 ) ;
#1650 = ORIENTED_EDGE ( 'NONE', *, *, #1345, .F. ) ;
#1651 = ORIENTED_EDGE ( 'NONE', *, *, #4666, .F. ) ;
#1652 = DIRECTION ( 'NONE',  ( 0.000000000000000000, -1.000000000000000000, 0.000000000000000000 ) ) ;
#1653 = CARTESIAN_POINT ( 'NONE',  ( -1.199999999999999734, 0.2000000000000000111, 1.125000000000000444 ) ) ;
#1654 = ORIENTED_EDGE ( 'NONE', *, *, #993, .T. ) ;
#1655 = CARTESIAN_POINT ( 'NONE',  ( -1.199999999999999734, 0.04999999999999999584, -0.3249999999999992895 ) ) ;
#1656 = EDGE_CURVE ( 'NONE', #3896, #3197, #1067, .T. ) ;
#1657 = ORIENTED_EDGE ( 'NONE', *, *, #367, .F. ) ;
#1658 = DIRECTION ( 'NONE',  ( 0.000000000000000000, 1.000000000000000000, 0.000000000000000000 ) ) ;
#1659 = DIRECTION ( 'NONE',  ( -0.000000000000000000, -1.000000000000000000, 0.000000000000000000 ) ) ;
#1660 = DIRECTION ( 'NONE',  ( 0.000000000000000000, -1.000000000000000000, 0.000000000000000000 ) ) ;
#1661 = VECTOR ( 'NONE', #3844, 1000.000000000000000 ) ;
#1662 = CARTESIAN_POINT ( 'NONE',  ( -1.199999999999999734, 0.2000000000000000111, 0.1250000000000008049 ) ) ;
#1663 = FACE_OUTER_BOUND ( 'NONE', #1014, .T. ) ;
#1664 = ADVANCED_FACE ( 'NONE', ( #2469 ), #3940, .F. ) ;
#1665 = ADVANCED_FACE ( 'NONE', ( #3570 ), #1080, .F. ) ;
#1666 = ORIENTED_EDGE ( 'NONE', *, *, #1827, .T. ) ;
#1667 = EDGE_LOOP ( 'NONE', ( #1553, #2063, #3551, #1651 ) ) ;
#1668 = DIRECTION ( 'NONE',  ( 1.445602896647339163E-16, 0.000000000000000000, -1.000000000000000000 ) ) ;
#1669 = DIRECTION ( 'NONE',  ( 1.000000000000000000, 0.000000000000000000, 0.000000000000000000 ) ) ;
#1670 = CARTESIAN_POINT ( 'NONE',  ( -1.499999999999999556, 0.1999999999999999833, 0.5750000000000001776 ) ) ;
#1671 = ORIENTED_EDGE ( 'NONE', *, *, #2143, .T. ) ;
#1672 = CARTESIAN_POINT ( 'NONE',  ( 1.499999999999999334, 0.05000000000000000278, 1.500000000000000666 ) ) ;
#1673 = VERTEX_POINT ( 'NONE', #1845 ) ;
#1674 = PLANE ( 'NONE',  #601 ) ;
#1675 = CARTESIAN_POINT ( 'NONE',  ( 1.499999999999999334, 0.2000000000000000111, 1.225000000000000533 ) ) ;
#1676 = VECTOR ( 'NONE', #4556, 1000.000000000000000 ) ;
#1677 = DIRECTION ( 'NONE',  ( 0.000000000000000000, -1.000000000000000000, 0.000000000000000000 ) ) ;
#1678 = ORIENTED_EDGE ( 'NONE', *, *, #1003, .T. ) ;
#1679 = CARTESIAN_POINT ( 'NONE',  ( -1.199999999999999734, 0.6472135954999579388, 1.125000000000000444 ) ) ;
#1680 = FACE_OUTER_BOUND ( 'NONE', #2148, .T. ) ;
#1681 = CARTESIAN_POINT ( 'NONE',  ( 1.199999999999999289, 0.2000000000000000111, 1.125000000000000888 ) ) ;
#1682 = AXIS2_PLACEMENT_3D ( 'NONE', #3215, #2445, #3914 ) ;
#1683 = EDGE_CURVE ( 'NONE', #794, #3990, #2901, .T. ) ;
#1684 = CARTESIAN_POINT ( 'NONE',  ( -1.110345230445701104, 0.6999999999999999556, -1.145043518897132184 ) ) ;
#1685 = VERTEX_POINT ( 'NONE', #3233 ) ;
#1686 = EDGE_LOOP ( 'NONE', ( #4523, #298, #4353, #4403 ) ) ;
#1687 = DIRECTION ( 'NONE',  ( -1.000000000000000000, 0.000000000000000000, -2.710505431213766015E-16 ) ) ;
#1688 = VECTOR ( 'NONE', #2558, 1000.000000000000000 ) ;
#1689 = EDGE_CURVE ( 'NONE', #4314, #503, #4386, .T. ) ;
#1690 = ORIENTED_EDGE ( 'NONE', *, *, #284, .T. ) ;
#1691 = DIRECTION ( 'NONE',  ( 0.000000000000000000, -1.000000000000000000, -0.000000000000000000 ) ) ;
#1692 = EDGE_CURVE ( 'NONE', #4398, #1028, #283, .T. ) ;
#1693 = CARTESIAN_POINT ( 'NONE',  ( 1.199999999999999512, 0.6472135954999579388, 0.6750000000000009326 ) ) ;
#1694 = FACE_OUTER_BOUND ( 'NONE', #246, .T. ) ;
#1695 = ORIENTED_EDGE ( 'NONE', *, *, #3167, .F. ) ;
#1696 = CARTESIAN_POINT ( 'NONE',  ( -1.281551237635083274, 0.6999999999999999556, -1.145043518897132184 ) ) ;
#1697 = CIRCLE ( 'NONE', #152, 0.09999999999999982514 ) ;
#1698 = VERTEX_POINT ( 'NONE', #1033 ) ;
#1699 = ORIENTED_EDGE ( 'NONE', *, *, #1770, .T. ) ;
#1700 = CARTESIAN_POINT ( 'NONE',  ( 1.199999999999999734, 0.2000000000000000111, -0.3249999999999989564 ) ) ;
#1701 = CARTESIAN_POINT ( 'NONE',  ( 1.499999999999999556, 0.1999999999999999833, 0.5750000000000006217 ) ) ;
#1702 = CARTESIAN_POINT ( 'NONE',  ( 1.199999999999999734, 0.1999999999999999833, 0.5750000000000010658 ) ) ;
#1703 = AXIS2_PLACEMENT_3D ( 'NONE', #2005, #3892, #3475 ) ;
#1704 = CARTESIAN_POINT ( 'NONE',  ( 0.6049999999999997602, 0.2000000000000000111, 1.009999999999999787 ) ) ;
#1705 = FILL_AREA_STYLE ('',( #1371 ) ) ;
#1706 = VECTOR ( 'NONE', #2556, 1000.000000000000000 ) ;
#1707 = ORIENTED_EDGE ( 'NONE', *, *, #3783, .T. ) ;
#1708 = ORIENTED_EDGE ( 'NONE', *, *, #2130, .F. ) ;
#1709 = CARTESIAN_POINT ( 'NONE',  ( 1.499999999999999556, 0.04999999999999999584, -0.3249999999999993450 ) ) ;
#1710 = COLOUR_RGB ( '',0.7921568627450980005, 0.8196078431372548767, 0.9333333333333333481 ) ;
#1711 = DIRECTION ( 'NONE',  ( -1.000000000000000000, 0.000000000000000000, -1.590163186312073696E-15 ) ) ;
#1712 = LINE ( 'NONE', #1306, #1307 ) ;
#1713 = ORIENTED_EDGE ( 'NONE', *, *, #3426, .F. ) ;
#1714 = ADVANCED_FACE ( 'NONE', ( #2538 ), #1493, .F. ) ;
#1715 = AXIS2_PLACEMENT_3D ( 'NONE', #4318, #2477, #3923 ) ;
#1716 = VERTEX_POINT ( 'NONE', #709 ) ;
#1717 = ORIENTED_EDGE ( 'NONE', *, *, #2325, .F. ) ;
#1718 = DIRECTION ( 'NONE',  ( 1.000000000000000000, 0.000000000000000000, 0.000000000000000000 ) ) ;
#1719 = EDGE_CURVE ( 'NONE', #2048, #3093, #4771, .T. ) ;
#1720 = VECTOR ( 'NONE', #3927, 1000.000000000000000 ) ;
#1721 = MECHANICAL_DESIGN_GEOMETRIC_PRESENTATION_REPRESENTATION (  '', ( #863 ), #3724 ) ;
#1722 = VECTOR ( 'NONE', #1496, 1000.000000000000000 ) ;
#1723 = ORIENTED_EDGE ( 'NONE', *, *, #1233, .T. ) ;
#1724 = VECTOR ( 'NONE', #4042, 1000.000000000000000 ) ;
#1725 = LINE ( 'NONE', #2229, #3720 ) ;
#1726 = DIRECTION ( 'NONE',  ( 0.000000000000000000, -1.000000000000000000, 0.000000000000000000 ) ) ;
#1727 = ORIENTED_EDGE ( 'NONE', *, *, #483, .F. ) ;
#1728 = CARTESIAN_POINT ( 'NONE',  ( 0.6049999999999997602, 0.000000000000000000, 1.009999999999999787 ) ) ;
#1729 = CIRCLE ( 'NONE', #407, 0.09999999999999982514 ) ;
#1730 = VERTEX_POINT ( 'NONE', #4036 ) ;
#1731 = ADVANCED_FACE ( 'NONE', ( #331 ), #4390, .F. ) ;
#1732 = LINE ( 'NONE', #1701, #2692 ) ;
#1733 =( NAMED_UNIT ( * ) PLANE_ANGLE_UNIT ( ) SI_UNIT ( $, .RADIAN. ) );
#1734 = EDGE_CURVE ( 'NONE', #566, #1911, #3590, .T. ) ;
#1735 = LINE ( 'NONE', #666, #1311 ) ;
#1736 = CARTESIAN_POINT ( 'NONE',  ( -1.499999999999999778, 0.2000000000000000111, 1.025000000000000133 ) ) ;
#1737 = DIRECTION ( 'NONE',  ( 1.445602896647339163E-16, 0.000000000000000000, -1.000000000000000000 ) ) ;
#1738 = ORIENTED_EDGE ( 'NONE', *, *, #4162, .F. ) ;
#1739 = ORIENTED_EDGE ( 'NONE', *, *, #557, .F. ) ;
#1740 = VERTEX_POINT ( 'NONE', #3279 ) ;
#1741 = LINE ( 'NONE', #4622, #4787 ) ;
#1742 = AXIS2_PLACEMENT_3D ( 'NONE', #273, #4700, #1384 ) ;
#1743 = VECTOR ( 'NONE', #456, 1000.000000000000000 ) ;
#1744 = LINE ( 'NONE', #3666, #4572 ) ;
#1745 = CARTESIAN_POINT ( 'NONE',  ( -1.499999999999999556, 0.2000000000000000111, -0.1249999999999996808 ) ) ;
#1746 = ORIENTED_EDGE ( 'NONE', *, *, #1578, .T. ) ;
#1747 = CARTESIAN_POINT ( 'NONE',  ( 1.499999999999999334, 0.05000000000000000278, 0.3250000000000008438 ) ) ;
#1748 = ORIENTED_EDGE ( 'NONE', *, *, #1902, .T. ) ;
#1749 = ORIENTED_EDGE ( 'NONE', *, *, #2955, .T. ) ;
#1750 = FACE_OUTER_BOUND ( 'NONE', #1941, .T. ) ;
#1751 = VECTOR ( 'NONE', #2381, 1000.000000000000000 ) ;
#1752 = DIRECTION ( 'NONE',  ( 1.000000000000000000, 0.000000000000000000, 0.000000000000000000 ) ) ;
#1753 = EDGE_CURVE ( 'NONE', #241, #968, #1757, .T. ) ;
#1754 = CARTESIAN_POINT ( 'NONE',  ( 1.499999999999999334, 0.1999999999999999833, 1.225000000000000533 ) ) ;
#1755 = DIRECTION ( 'NONE',  ( 0.000000000000000000, -1.000000000000000000, -0.000000000000000000 ) ) ;
#1756 = EDGE_CURVE ( 'NONE', #2883, #4712, #10, .T. ) ;
#1757 = LINE ( 'NONE', #3328, #3307 ) ;
#1758 = AXIS2_PLACEMENT_3D ( 'NONE', #4408, #4745, #1049 ) ;
#1759 = ORIENTED_EDGE ( 'NONE', *, *, #4282, .F. ) ;
#1760 = ORIENTED_EDGE ( 'NONE', *, *, #848, .T. ) ;
#1761 = EDGE_LOOP ( 'NONE', ( #2300, #146, #194, #60 ) ) ;
#1762 = VECTOR ( 'NONE', #2390, 1000.000000000000000 ) ;
#1763 = CARTESIAN_POINT ( 'NONE',  ( 1.199999999999999289, 0.2000000000000000111, -0.1249999999999992922 ) ) ;
#1764 = LINE ( 'NONE', #1806, #1410 ) ;
#1765 = AXIS2_PLACEMENT_3D ( 'NONE', #831, #1538, #376 ) ;
#1766 = DIRECTION ( 'NONE',  ( 1.000000000000000000, 0.000000000000000000, -1.301042606982605715E-15 ) ) ;
#1767 = ORIENTED_EDGE ( 'NONE', *, *, #2970, .F. ) ;
#1768 = DIRECTION ( 'NONE',  ( -1.000000000000000000, 0.000000000000000000, 0.000000000000000000 ) ) ;
#1769 = ORIENTED_EDGE ( 'NONE', *, *, #133, .T. ) ;
#1770 = EDGE_CURVE ( 'NONE', #4145, #3345, #353, .T. ) ;
#1771 = CARTESIAN_POINT ( 'NONE',  ( -1.199999999999999289, 0.2000000000000000111, -1.124999999999999556 ) ) ;
#1772 = DIRECTION ( 'NONE',  ( -1.000000000000000000, 0.000000000000000000, -1.084202172485506406E-15 ) ) ;
#1773 = DIRECTION ( 'NONE',  ( -2.519070394157739776E-16, 0.000000000000000000, 1.000000000000000000 ) ) ;
#1774 = DIRECTION ( 'NONE',  ( 1.000000000000000000, 0.000000000000000000, 1.445602896647339163E-16 ) ) ;
#1775 = AXIS2_PLACEMENT_3D ( 'NONE', #377, #2566, #1850 ) ;
#1776 = DIRECTION ( 'NONE',  ( 0.000000000000000000, -1.000000000000000000, 0.000000000000000000 ) ) ;
#1777 = AXIS2_PLACEMENT_3D ( 'NONE', #864, #2668, #4494 ) ;
#1778 = CARTESIAN_POINT ( 'NONE',  ( 1.499999999999999334, 0.05000000000000000278, 1.500000000000000666 ) ) ;
#1779 = EDGE_CURVE ( 'NONE', #2620, #2380, #2084, .T. ) ;
#1780 = VECTOR ( 'NONE', #4088, 1000.000000000000000 ) ;
#1781 = EDGE_LOOP ( 'NONE', ( #4236, #940, #3030, #3249 ) ) ;
#1782 = EDGE_LOOP ( 'NONE', ( #1879, #1235, #4644, #3675 ) ) ;
#1783 = ORIENTED_EDGE ( 'NONE', *, *, #4688, .T. ) ;
#1784 = LINE ( 'NONE', #692, #2637 ) ;
#1785 = DIRECTION ( 'NONE',  ( 1.000000000000000000, 0.000000000000000000, 0.000000000000000000 ) ) ;
#1786 = LINE ( 'NONE', #4002, #3867 ) ;
#1787 = EDGE_CURVE ( 'NONE', #3855, #1716, #2942, .T. ) ;
#1788 = CARTESIAN_POINT ( 'NONE',  ( 0.6049999999999997602, 2.554676198546203647, 1.009999999999999787 ) ) ;
#1789 = VECTOR ( 'NONE', #2848, 1000.000000000000000 ) ;
#1790 = EDGE_LOOP ( 'NONE', ( #4380, #333, #1913, #4527 ) ) ;
#1791 = CARTESIAN_POINT ( 'NONE',  ( -0.6049999999999997602, 0.000000000000000000, -0.7100000000000004086 ) ) ;
#1792 = EDGE_LOOP ( 'NONE', ( #1527, #226, #2497, #1708, #2098 ) ) ;
#1793 = VECTOR ( 'NONE', #775, 1000.000000000000000 ) ;
#1794 = ORIENTED_EDGE ( 'NONE', *, *, #387, .T. ) ;
#1795 = AXIS2_PLACEMENT_3D ( 'NONE', #4719, #4379, #678 ) ;
#1796 = DIRECTION ( 'NONE',  ( 1.000000000000000000, 0.000000000000000000, -1.301042606982605912E-15 ) ) ;
#1797 = ADVANCED_FACE ( 'NONE', ( #4416 ), #3256, .F. ) ;
#1798 = FACE_OUTER_BOUND ( 'NONE', #2062, .T. ) ;
#1799 = FACE_OUTER_BOUND ( 'NONE', #989, .T. ) ;
#1800 = PLANE ( 'NONE',  #1905 ) ;
#1801 = DIRECTION ( 'NONE',  ( 0.000000000000000000, 1.000000000000000000, 0.000000000000000000 ) ) ;
#1802 = DIRECTION ( 'NONE',  ( 1.000000000000000000, 0.000000000000000000, 1.590163186312073696E-15 ) ) ;
#1803 = VECTOR ( 'NONE', #4756, 1000.000000000000000 ) ;
#1804 = ORIENTED_EDGE ( 'NONE', *, *, #3562, .F. ) ;
#1805 = DIRECTION ( 'NONE',  ( -1.590163186312073696E-15, 0.000000000000000000, 1.000000000000000000 ) ) ;
#1806 = CARTESIAN_POINT ( 'NONE',  ( 1.499999999999999778, 0.000000000000000000, -1.024999999999999245 ) ) ;
#1807 = LINE ( 'NONE', #1038, #541 ) ;
#1808 = ORIENTED_EDGE ( 'NONE', *, *, #4383, .F. ) ;
#1809 = EDGE_CURVE ( 'NONE', #4007, #4120, #1105, .T. ) ;
#1810 = CARTESIAN_POINT ( 'NONE',  ( -1.199999999999999289, 0.6472135954999579388, -1.124999999999999556 ) ) ;
#1811 = CIRCLE ( 'NONE', #1742, 0.09999999999999982514 ) ;
#1812 = CLOSED_SHELL ( 'NONE', ( #2438, #2646, #363, #1018, #3263, #4491, #3762 ) ) ;
#1813 = FACE_OUTER_BOUND ( 'NONE', #4450, .T. ) ;
#1814 = VERTEX_POINT ( 'NONE', #2589 ) ;
#1815 = VERTEX_POINT ( 'NONE', #4058 ) ;
#1816 = EDGE_LOOP ( 'NONE', ( #2723, #1898, #3997, #4647 ) ) ;
#1817 = CARTESIAN_POINT ( 'NONE',  ( -1.008308020411516363E-15, 0.05000000000000000278, -0.7749999999999973577 ) ) ;
#1818 = DIRECTION ( 'NONE',  ( 1.000000000000000000, 0.000000000000000000, 1.445602896647339163E-16 ) ) ;
#1819 = VERTEX_POINT ( 'NONE', #1131 ) ;
#1820 = CARTESIAN_POINT ( 'NONE',  ( -0.6050000000000002043, 0.000000000000000000, 1.009999999999999787 ) ) ;
#1821 = LINE ( 'NONE', #3993, #2100 ) ;
#1822 = DIRECTION ( 'NONE',  ( 1.000000000000000000, 0.000000000000000000, 1.445602896647339163E-16 ) ) ;
#1823 = EDGE_LOOP ( 'NONE', ( #2744, #2434, #966, #2828 ) ) ;
#1824 = VERTEX_POINT ( 'NONE', #2612 ) ;
#1825 = CARTESIAN_POINT ( 'NONE',  ( -1.199999999999999512, 0.04999999999999999584, -0.2249999999999994504 ) ) ;
#1826 = LINE ( 'NONE', #1136, #2116 ) ;
#1827 = EDGE_CURVE ( 'NONE', #3636, #73, #2156, .T. ) ;
#1828 = CARTESIAN_POINT ( 'NONE',  ( -1.199999999999999512, 0.6472135954999579388, -0.7749999999999993561 ) ) ;
#1829 = AXIS2_PLACEMENT_3D ( 'NONE', #3628, #1412, #685 ) ;
#1830 = ORIENTED_EDGE ( 'NONE', *, *, #2226, .T. ) ;
#1831 = CARTESIAN_POINT ( 'NONE',  ( 1.199999999999999289, 0.6472135954999579388, 0.3250000000000007883 ) ) ;
#1832 = DIRECTION ( 'NONE',  ( -1.000000000000000000, 0.000000000000000000, -1.445602896647339163E-16 ) ) ;
#1833 = EDGE_CURVE ( 'NONE', #638, #580, #3084, .T. ) ;
#1834 = VERTEX_POINT ( 'NONE', #2276 ) ;
#1835 = VERTEX_POINT ( 'NONE', #3374 ) ;
#1836 = EDGE_CURVE ( 'NONE', #4374, #1360, #442, .T. ) ;
#1837 = EDGE_LOOP ( 'NONE', ( #4632, #3148, #3174, #94, #446 ) ) ;
#1838 = FILL_AREA_STYLE ('',( #2581 ) ) ;
#1839 = VECTOR ( 'NONE', #1660, 1000.000000000000000 ) ;
#1840 = CARTESIAN_POINT ( 'NONE',  ( 1.499999999999999556, 0.2000000000000000111, -0.3249999999999993450 ) ) ;
#1841 = DIRECTION ( 'NONE',  ( 1.000000000000000000, 0.000000000000000000, 1.590163186312073893E-15 ) ) ;
#1842 = ORIENTED_EDGE ( 'NONE', *, *, #2823, .F. ) ;
#1843 = CARTESIAN_POINT ( 'NONE',  ( 1.199999999999999512, 0.000000000000000000, -1.024999999999999245 ) ) ;
#1844 = ADVANCED_FACE ( 'NONE', ( #855 ), #4154, .T. ) ;
#1845 = CARTESIAN_POINT ( 'NONE',  ( -1.099999999999999645, 0.1999999999999999833, 0.6750000000000005995 ) ) ;
#1846 = ORIENTED_EDGE ( 'NONE', *, *, #1155, .F. ) ;
#1847 = CIRCLE ( 'NONE', #309, 0.09999999999999982514 ) ;
#1848 = ORIENTED_EDGE ( 'NONE', *, *, #2865, .F. ) ;
#1849 = DIRECTION ( 'NONE',  ( 1.000000000000000000, 0.000000000000000000, -1.301042606982605912E-15 ) ) ;
#1850 = DIRECTION ( 'NONE',  ( -1.000000000000000000, 0.000000000000000000, 0.000000000000000000 ) ) ;
#1851 = CARTESIAN_POINT ( 'NONE',  ( -1.199999999999999289, 0.04999999999999999584, -1.124999999999999556 ) ) ;
#1852 = EDGE_CURVE ( 'NONE', #4192, #4477, #469, .T. ) ;
#1853 = SURFACE_SIDE_STYLE ('',( #3687 ) ) ;
#1854 = STYLED_ITEM ( 'NONE', ( #597 ), #4305 ) ;
#1855 = DIRECTION ( 'NONE',  ( 0.000000000000000000, -1.000000000000000000, 0.000000000000000000 ) ) ;
#1856 = ORIENTED_EDGE ( 'NONE', *, *, #352, .T. ) ;
#1857 = VECTOR ( 'NONE', #3630, 1000.000000000000000 ) ;
#1858 = DIRECTION ( 'NONE',  ( -1.000000000000000000, 0.000000000000000000, 8.131516293641297060E-16 ) ) ;
#1859 = SURFACE_STYLE_USAGE ( .BOTH. , #4141 ) ;
#1860 = ORIENTED_EDGE ( 'NONE', *, *, #4738, .F. ) ;
#1861 = EDGE_LOOP ( 'NONE', ( #725, #265, #364, #4237 ) ) ;
#1862 = AXIS2_PLACEMENT_3D ( 'NONE', #4065, #3335, #18 ) ;
#1863 = VERTEX_POINT ( 'NONE', #1516 ) ;
#1864 = COLOUR_RGB ( '',0.7921568627450980005, 0.8196078431372548767, 0.9333333333333333481 ) ;
#1865 = CARTESIAN_POINT ( 'NONE',  ( -1.199999999999999512, 0.04999999999999999584, 1.225000000000000089 ) ) ;
#1866 = VECTOR ( 'NONE', #1319, 1000.000000000000000 ) ;
#1867 = COLOUR_RGB ( '',0.7921568627450980005, 0.8196078431372548767, 0.9333333333333333481 ) ;
#1868 = VERTEX_POINT ( 'NONE', #1560 ) ;
#1869 = VECTOR ( 'NONE', #4736, 1000.000000000000000 ) ;
#1870 = LINE ( 'NONE', #3702, #628 ) ;
#1871 = DIRECTION ( 'NONE',  ( -1.000000000000000000, 0.000000000000000000, -1.445602896647339163E-16 ) ) ;
#1872 = AXIS2_PLACEMENT_3D ( 'NONE', #1510, #488, #2 ) ;
#1873 = EDGE_CURVE ( 'NONE', #455, #3855, #2991, .T. ) ;
#1874 = CARTESIAN_POINT ( 'NONE',  ( -1.499999999999999556, 0.2000000000000000111, -0.3249999999999997891 ) ) ;
#1875 = CARTESIAN_POINT ( 'NONE',  ( -1.199999999999999289, 0.2000000000000000111, -0.1249999999999996253 ) ) ;
#1876 = DIRECTION ( 'NONE',  ( 1.000000000000000000, 0.000000000000000000, 0.000000000000000000 ) ) ;
#1877 = EDGE_CURVE ( 'NONE', #950, #4145, #2682, .T. ) ;
#1878 = VECTOR ( 'NONE', #4204, 1000.000000000000000 ) ;
#1879 = ORIENTED_EDGE ( 'NONE', *, *, #1692, .F. ) ;
#1880 = FACE_OUTER_BOUND ( 'NONE', #4667, .T. ) ;
#1881 = ORIENTED_EDGE ( 'NONE', *, *, #1345, .T. ) ;
#1882 = DIRECTION ( 'NONE',  ( 1.445602896647339163E-16, 0.000000000000000000, -1.000000000000000000 ) ) ;
#1883 = LINE ( 'NONE', #1363, #1789 ) ;
#1884 = LINE ( 'NONE', #4134, #97 ) ;
#1885 = CARTESIAN_POINT ( 'NONE',  ( -1.199999999999999289, 0.2000000000000000111, -1.124999999999999556 ) ) ;
#1886 = CYLINDRICAL_SURFACE ( 'NONE', #3709, 0.09999999999999982514 ) ;
#1887 = EDGE_LOOP ( 'NONE', ( #369, #189, #2206, #1891 ) ) ;
#1888 = DIRECTION ( 'NONE',  ( 1.445602896647339163E-16, 0.000000000000000000, -1.000000000000000000 ) ) ;
#1889 = ORIENTED_EDGE ( 'NONE', *, *, #4550, .T. ) ;
#1890 = VECTOR ( 'NONE', #4496, 1000.000000000000000 ) ;
#1891 = ORIENTED_EDGE ( 'NONE', *, *, #988, .F. ) ;
#1892 = DIRECTION ( 'NONE',  ( 2.519070394157739776E-16, 0.000000000000000000, -1.000000000000000000 ) ) ;
#1893 = AXIS2_PLACEMENT_3D ( 'NONE', #3050, #4167, #2712 ) ;
#1894 = EDGE_LOOP ( 'NONE', ( #1120, #3463, #3237, #576 ) ) ;
#1895 = DIRECTION ( 'NONE',  ( 0.000000000000000000, -1.000000000000000000, 0.000000000000000000 ) ) ;
#1896 = CARTESIAN_POINT ( 'NONE',  ( 1.499999999999999556, 0.6472135954999579388, -0.5749999999999991784 ) ) ;
#1897 = PRESENTATION_STYLE_ASSIGNMENT (( #1177 ) ) ;
#1898 = ORIENTED_EDGE ( 'NONE', *, *, #4788, .T. ) ;
#1899 = ADVANCED_FACE ( 'NONE', ( #3423 ), #58, .T. ) ;
#1900 = PLANE ( 'NONE',  #2718 ) ;
#1901 = FILL_AREA_STYLE ('',( #4463 ) ) ;
#1902 = EDGE_CURVE ( 'NONE', #3898, #4673, #756, .T. ) ;
#1903 = PLANE ( 'NONE',  #2488 ) ;
#1904 = CARTESIAN_POINT ( 'NONE',  ( -1.099999999999999867, 0.000000000000000000, 1.125000000000000444 ) ) ;
#1905 = AXIS2_PLACEMENT_3D ( 'NONE', #121, #2016, #1514 ) ;
#1906 = DIRECTION ( 'NONE',  ( 1.445602896647339163E-16, 0.000000000000000000, -1.000000000000000000 ) ) ;
#1907 = EDGE_LOOP ( 'NONE', ( #1545, #1936, #2170, #412 ) ) ;
#1908 = CARTESIAN_POINT ( 'NONE',  ( -1.499999999999999334, 0.6472135954999579388, -1.024999999999999689 ) ) ;
#1909 = AXIS2_PLACEMENT_3D ( 'NONE', #524, #3502, #2326 ) ;
#1910 = AXIS2_PLACEMENT_3D ( 'NONE', #517, #1658, #257 ) ;
#1911 = VERTEX_POINT ( 'NONE', #3041 ) ;
#1912 = EDGE_LOOP ( 'NONE', ( #1842, #1265, #4368, #4354 ) ) ;
#1913 = ORIENTED_EDGE ( 'NONE', *, *, #1937, .F. ) ;
#1914 = AXIS2_PLACEMENT_3D ( 'NONE', #2136, #1822, #1054 ) ;
#1915 =( NAMED_UNIT ( * ) PLANE_ANGLE_UNIT ( ) SI_UNIT ( $, .RADIAN. ) );
#1916 = DIRECTION ( 'NONE',  ( -0.000000000000000000, -1.000000000000000000, 0.000000000000000000 ) ) ;
#1917 = ORIENTED_EDGE ( 'NONE', *, *, #4365, .F. ) ;
#1918 = DIRECTION ( 'NONE',  ( 0.000000000000000000, -1.000000000000000000, 0.000000000000000000 ) ) ;
#1919 = EDGE_CURVE ( 'NONE', #4486, #386, #827, .T. ) ;
#1920 = CARTESIAN_POINT ( 'NONE',  ( -1.199999999999999512, 0.000000000000000000, 0.2250000000000006439 ) ) ;
#1921 = EDGE_CURVE ( 'NONE', #968, #1835, #85, .T. ) ;
#1922 = CIRCLE ( 'NONE', #3772, 0.09999999999999982514 ) ;
#1923 = DIRECTION ( 'NONE',  ( 0.000000000000000000, -1.000000000000000000, 0.000000000000000000 ) ) ;
#1924 = CARTESIAN_POINT ( 'NONE',  ( -0.6049999999999997602, 0.2000000000000000111, -0.7100000000000004086 ) ) ;
#1925 = CARTESIAN_POINT ( 'NONE',  ( -1.199999999999999512, 0.04999999999999999584, -0.6749999999999994893 ) ) ;
#1926 = ADVANCED_FACE ( 'NONE', ( #4460 ), #3017, .F. ) ;
#1927 = LINE ( 'NONE', #1205, #4422 ) ;
#1928 = CARTESIAN_POINT ( 'NONE',  ( -1.199999999999999734, 0.04999999999999999584, 1.125000000000000444 ) ) ;
#1929 = EDGE_CURVE ( 'NONE', #2291, #2041, #3355, .T. ) ;
#1930 = FACE_OUTER_BOUND ( 'NONE', #1781, .T. ) ;
#1931 = FACE_OUTER_BOUND ( 'NONE', #1574, .T. ) ;
#1932 = CARTESIAN_POINT ( 'NONE',  ( -1.199999999999999734, 0.04999999999999999584, 1.125000000000000444 ) ) ;
#1933 = VERTEX_POINT ( 'NONE', #4512 ) ;
#1934 = EDGE_CURVE ( 'NONE', #944, #672, #2320, .T. ) ;
#1935 = VECTOR ( 'NONE', #525, 1000.000000000000000 ) ;
#1936 = ORIENTED_EDGE ( 'NONE', *, *, #2238, .F. ) ;
#1937 = EDGE_CURVE ( 'NONE', #3410, #1366, #156, .T. ) ;
#1938 = EDGE_LOOP ( 'NONE', ( #2957, #4751, #4657, #2322 ) ) ;
#1939 = DIRECTION ( 'NONE',  ( -1.000000000000000000, 0.000000000000000000, 0.000000000000000000 ) ) ;
#1940 = FACE_BOUND ( 'NONE', #1837, .T. ) ;
#1941 = EDGE_LOOP ( 'NONE', ( #3727, #1197 ) ) ;
#1942 = LINE ( 'NONE', #2386, #2956 ) ;
#1943 = LINE ( 'NONE', #393, #1970 ) ;
#1944 = VECTOR ( 'NONE', #4465, 1000.000000000000000 ) ;
#1945 = EDGE_CURVE ( 'NONE', #4501, #4701, #365, .T. ) ;
#1946 = CARTESIAN_POINT ( 'NONE',  ( -1.499999999999999778, 0.04999999999999999584, 0.7750000000000002442 ) ) ;
#1947 = VECTOR ( 'NONE', #1577, 1000.000000000000000 ) ;
#1948 = FACE_OUTER_BOUND ( 'NONE', #4071, .T. ) ;
#1949 = ORIENTED_EDGE ( 'NONE', *, *, #2853, .T. ) ;
#1950 = LINE ( 'NONE', #3403, #2345 ) ;
#1951 = STYLED_ITEM ( 'NONE', ( #3310 ), #4221 ) ;
#1952 = CARTESIAN_POINT ( 'NONE',  ( -1.199999999999999512, 0.1999999999999999833, 1.225000000000000089 ) ) ;
#1953 = CARTESIAN_POINT ( 'NONE',  ( 1.199999999999999734, 0.6472135954999579388, 0.1250000000000011380 ) ) ;
#1954 = DIRECTION ( 'NONE',  ( 0.000000000000000000, 1.000000000000000000, 0.000000000000000000 ) ) ;
#1955 = DIRECTION ( 'NONE',  ( -0.000000000000000000, -1.000000000000000000, 0.000000000000000000 ) ) ;
#1956 = ORIENTED_EDGE ( 'NONE', *, *, #3429, .F. ) ;
#1957 = PLANE ( 'NONE',  #885 ) ;
#1958 = ORIENTED_EDGE ( 'NONE', *, *, #336, .T. ) ;
#1959 = ADVANCED_FACE ( 'NONE', ( #3929 ), #202, .F. ) ;
#1960 = ORIENTED_EDGE ( 'NONE', *, *, #1369, .T. ) ;
#1961 = DIRECTION ( 'NONE',  ( 0.000000000000000000, -1.000000000000000000, 0.000000000000000000 ) ) ;
#1962 = EDGE_CURVE ( 'NONE', #3855, #3801, #4203, .T. ) ;
#1963 = CYLINDRICAL_SURFACE ( 'NONE', #4768, 0.1712060071893820312 ) ;
#1964 = FACE_OUTER_BOUND ( 'NONE', #1495, .T. ) ;
#1965 = ORIENTED_EDGE ( 'NONE', *, *, #1427, .T. ) ;
#1966 = CARTESIAN_POINT ( 'NONE',  ( -1.199999999999999067, 0.04999999999999999584, -1.024999999999999689 ) ) ;
#1967 = FACE_OUTER_BOUND ( 'NONE', #141, .T. ) ;
#1968 = STYLED_ITEM ( 'NONE', ( #138 ), #4240 ) ;
#1969 = AXIS2_PLACEMENT_3D ( 'NONE', #4008, #3622, #1408 ) ;
#1970 = VECTOR ( 'NONE', #1871, 1000.000000000000000 ) ;
#1971 = CARTESIAN_POINT ( 'NONE',  ( -1.199999999999999512, 0.2000000000000000111, -0.6749999999999994893 ) ) ;
#1972 = LINE ( 'NONE', #2297, #1123 ) ;
#1973 = ORIENTED_EDGE ( 'NONE', *, *, #4143, .T. ) ;
#1974 = DIRECTION ( 'NONE',  ( 0.000000000000000000, -1.000000000000000000, 0.000000000000000000 ) ) ;
#1975 = DIRECTION ( 'NONE',  ( -0.000000000000000000, -1.000000000000000000, -0.000000000000000000 ) ) ;
#1976 = DIRECTION ( 'NONE',  ( 1.000000000000000000, -0.000000000000000000, 1.445602896647339163E-16 ) ) ;
#1977 = LINE ( 'NONE', #3451, #2157 ) ;
#1978 = PLANE ( 'NONE',  #4482 ) ;
#1979 = ORIENTED_EDGE ( 'NONE', *, *, #3344, .T. ) ;
#1980 = ORIENTED_EDGE ( 'NONE', *, *, #3240, .T. ) ;
#1981 = ORIENTED_EDGE ( 'NONE', *, *, #2853, .F. ) ;
#1982 = CARTESIAN_POINT ( 'NONE',  ( -1.199999999999999289, 0.6472135954999579388, 0.3250000000000004552 ) ) ;
#1983 = EDGE_CURVE ( 'NONE', #2521, #773, #878, .T. ) ;
#1984 = VECTOR ( 'NONE', #983, 1000.000000000000000 ) ;
#1985 = CARTESIAN_POINT ( 'NONE',  ( 1.199999999999999512, 0.2000000000000000111, -0.2249999999999991174 ) ) ;
#1986 = VERTEX_POINT ( 'NONE', #3112 ) ;
#1987 = ORIENTED_EDGE ( 'NONE', *, *, #2033, .F. ) ;
#1988 = CARTESIAN_POINT ( 'NONE',  ( 1.199999999999999512, 0.2000000000000000111, -0.6749999999999990452 ) ) ;
#1989 = PLANE ( 'NONE',  #88 ) ;
#1990 = EDGE_CURVE ( 'NONE', #3350, #4393, #539, .T. ) ;
#1991 = CARTESIAN_POINT ( 'NONE',  ( -1.199999999999999956, 0.000000000000000000, 1.025000000000000577 ) ) ;
#1992 = FACE_OUTER_BOUND ( 'NONE', #260, .T. ) ;
#1993 = ORIENTED_EDGE ( 'NONE', *, *, #2057, .F. ) ;
#1994 = LINE ( 'NONE', #4582, #3098 ) ;
#1995 = ORIENTED_EDGE ( 'NONE', *, *, #3496, .F. ) ;
#1996 = VECTOR ( 'NONE', #396, 1000.000000000000000 ) ;
#1997 = CARTESIAN_POINT ( 'NONE',  ( -1.499999999999999778, 0.2000000000000000111, 1.025000000000000133 ) ) ;
#1998 = DIRECTION ( 'NONE',  ( -1.445602896647339163E-16, 0.000000000000000000, 1.000000000000000000 ) ) ;
#1999 = CARTESIAN_POINT ( 'NONE',  ( 1.499999999999999556, 0.1999999999999999833, -0.5749999999999991784 ) ) ;
#2000 = FACE_OUTER_BOUND ( 'NONE', #1096, .T. ) ;
#2001 = ADVANCED_FACE ( 'NONE', ( #2103 ), #1674, .F. ) ;
#2002 = CARTESIAN_POINT ( 'NONE',  ( 1.199999999999999512, 0.2000000000000000111, -1.024999999999999245 ) ) ;
#2003 = CARTESIAN_POINT ( 'NONE',  ( -1.499999999999999334, 0.1999999999999999833, -0.7749999999999998002 ) ) ;
#2004 = DIRECTION ( 'NONE',  ( 1.445602896647339163E-16, 0.000000000000000000, -1.000000000000000000 ) ) ;
#2005 = CARTESIAN_POINT ( 'NONE',  ( -1.199999999999999512, 0.000000000000000000, 0.2250000000000006439 ) ) ;
#2006 = DIRECTION ( 'NONE',  ( 0.000000000000000000, 1.000000000000000000, 0.000000000000000000 ) ) ;
#2007 = ORIENTED_EDGE ( 'NONE', *, *, #133, .F. ) ;
#2008 = ORIENTED_EDGE ( 'NONE', *, *, #3074, .F. ) ;
#2009 = VERTEX_POINT ( 'NONE', #3907 ) ;
#2010 = LINE ( 'NONE', #3528, #4367 ) ;
#2011 = EDGE_CURVE ( 'NONE', #3936, #4398, #1732, .T. ) ;
#2012 = VECTOR ( 'NONE', #4660, 1000.000000000000000 ) ;
#2013 = SURFACE_SIDE_STYLE ('',( #530 ) ) ;
#2014 = ORIENTED_EDGE ( 'NONE', *, *, #3718, .T. ) ;
#2015 = AXIS2_PLACEMENT_3D ( 'NONE', #3945, #627, #4394 ) ;
#2016 = DIRECTION ( 'NONE',  ( 1.000000000000000000, 0.000000000000000000, 1.445602896647339163E-16 ) ) ;
#2017 = CIRCLE ( 'NONE', #4716, 0.09999999999999982514 ) ;
#2018 = FACE_OUTER_BOUND ( 'NONE', #415, .T. ) ;
#2019 = CARTESIAN_POINT ( 'NONE',  ( -1.500000000000000666, 0.8000000000000003775, -1.499999999999999778 ) ) ;
#2020 = VECTOR ( 'NONE', #1882, 1000.000000000000000 ) ;
#2021 = CARTESIAN_POINT ( 'NONE',  ( -1.499999999999999556, 0.6472135954999579388, 0.1250000000000003331 ) ) ;
#2022 = ADVANCED_FACE ( 'NONE', ( #3563 ), #4633, .F. ) ;
#2023 = EDGE_LOOP ( 'NONE', ( #3075, #3942, #2671, #4291 ) ) ;
#2024 = FACE_OUTER_BOUND ( 'NONE', #4775, .T. ) ;
#2025 = VERTEX_POINT ( 'NONE', #1323 ) ;
#2026 = DIRECTION ( 'NONE',  ( 0.000000000000000000, 1.000000000000000000, 0.000000000000000000 ) ) ;
#2027 = CYLINDRICAL_SURFACE ( 'NONE', #1031, 0.09999999999999982514 ) ;
#2028 = EDGE_CURVE ( 'NONE', #3071, #798, #2997, .T. ) ;
#2029 = ORIENTED_EDGE ( 'NONE', *, *, #1064, .F. ) ;
#2030 = CYLINDRICAL_SURFACE ( 'NONE', #300, 0.09999999999999982514 ) ;
#2031 = CARTESIAN_POINT ( 'NONE',  ( 1.199999999999999289, 0.000000000000000000, 0.3250000000000007883 ) ) ;
#2032 = DIRECTION ( 'NONE',  ( 0.000000000000000000, 1.000000000000000000, 0.000000000000000000 ) ) ;
#2033 = EDGE_CURVE ( 'NONE', #3910, #1372, #3229, .T. ) ;
#2034 = CARTESIAN_POINT ( 'NONE',  ( -1.199999999999999734, 0.000000000000000000, 1.125000000000000444 ) ) ;
#2035 = DIRECTION ( 'NONE',  ( 1.000000000000000000, 0.000000000000000000, 2.710505431213766015E-16 ) ) ;
#2036 = VECTOR ( 'NONE', #2414, 1000.000000000000000 ) ;
#2037 = CARTESIAN_POINT ( 'NONE',  ( -1.199999999999999512, 0.2000000000000000111, 0.2250000000000006439 ) ) ;
#2038 = VERTEX_POINT ( 'NONE', #4227 ) ;
#2039 = SHAPE_DEFINITION_REPRESENTATION ( #3230, #569 ) ;
#2040 = ORIENTED_EDGE ( 'NONE', *, *, #1779, .F. ) ;
#2041 = VERTEX_POINT ( 'NONE', #4611 ) ;
#2042 = LINE ( 'NONE', #2694, #2568 ) ;
#2043 = AXIS2_PLACEMENT_3D ( 'NONE', #4273, #1037, #2165 ) ;
#2044 = PLANE ( 'NONE',  #3971 ) ;
#2045 = CARTESIAN_POINT ( 'NONE',  ( 1.499999999999999556, 0.2000000000000000111, 0.5750000000000006217 ) ) ;
#2046 = ORIENTED_EDGE ( 'NONE', *, *, #3983, .T. ) ;
#2047 = LINE ( 'NONE', #3224, #1641 ) ;
#2048 = VERTEX_POINT ( 'NONE', #1273 ) ;
#2049 = DIRECTION ( 'NONE',  ( -1.000000000000000000, 0.000000000000000000, -1.445602896647339163E-16 ) ) ;
#2050 = FACE_OUTER_BOUND ( 'NONE', #2052, .T. ) ;
#2051 = SURFACE_STYLE_FILL_AREA ( #1705 ) ;
#2052 = EDGE_LOOP ( 'NONE', ( #4535, #2145, #214, #4630 ) ) ;
#2053 = LINE ( 'NONE', #281, #2475 ) ;
#2054 = CLOSED_SHELL ( 'NONE', ( #3278, #374, #1665, #1731, #1059, #4725, #4470 ) ) ;
#2055 = DIRECTION ( 'NONE',  ( -0.000000000000000000, -1.000000000000000000, 0.000000000000000000 ) ) ;
#2056 = PLANE ( 'NONE',  #2808 ) ;
#2057 = EDGE_CURVE ( 'NONE', #1333, #199, #3539, .T. ) ;
#2058 = FACE_OUTER_BOUND ( 'NONE', #1355, .T. ) ;
#2059 = CARTESIAN_POINT ( 'NONE',  ( 1.199999999999999512, 0.1999999999999999833, 0.2250000000000009770 ) ) ;
#2060 = ORIENTED_EDGE ( 'NONE', *, *, #1419, .T. ) ;
#2061 = EDGE_CURVE ( 'NONE', #4213, #1114, #3847, .T. ) ;
#2062 = EDGE_LOOP ( 'NONE', ( #1011, #2458, #3624, #3537 ) ) ;
#2063 = ORIENTED_EDGE ( 'NONE', *, *, #3587, .F. ) ;
#2064 = FACE_OUTER_BOUND ( 'NONE', #1614, .T. ) ;
#2065 = ORIENTED_EDGE ( 'NONE', *, *, #3891, .T. ) ;
#2066 = AXIS2_PLACEMENT_3D ( 'NONE', #1600, #508, #2720 ) ;
#2067 = CYLINDRICAL_SURFACE ( 'NONE', #248, 0.09999999999999982514 ) ;
#2068 = DIRECTION ( 'NONE',  ( -1.590163186312073696E-15, 0.000000000000000000, 1.000000000000000000 ) ) ;
#2069 = VERTEX_POINT ( 'NONE', #3136 ) ;
#2070 = CARTESIAN_POINT ( 'NONE',  ( 0.6050000000000002043, 0.04999999999999999584, -1.010000000000000231 ) ) ;
#2071 = ORIENTED_EDGE ( 'NONE', *, *, #3605, .T. ) ;
#2072 = CARTESIAN_POINT ( 'NONE',  ( -1.199999999999999734, 0.2000000000000000111, -0.3249999999999992895 ) ) ;
#2073 = LINE ( 'NONE', #2832, #1762 ) ;
#2074 = ADVANCED_FACE ( 'NONE', ( #2437 ), #1299, .T. ) ;
#2075 = CARTESIAN_POINT ( 'NONE',  ( -1.199999999999999512, 0.2000000000000000111, 1.225000000000000089 ) ) ;
#2076 =( NAMED_UNIT ( * ) SI_UNIT ( $, .STERADIAN. ) SOLID_ANGLE_UNIT ( ) );
#2077 = AXIS2_PLACEMENT_3D ( 'NONE', #1196, #1147, #460 ) ;
#2078 = EDGE_CURVE ( 'NONE', #3108, #3614, #2073, .T. ) ;
#2079 = LINE ( 'NONE', #2107, #3479 ) ;
#2080 = EDGE_LOOP ( 'NONE', ( #4302, #1749, #2385, #3515 ) ) ;
#2081 = DIRECTION ( 'NONE',  ( 0.000000000000000000, -1.000000000000000000, 0.000000000000000000 ) ) ;
#2082 = LINE ( 'NONE', #3195, #1246 ) ;
#2083 = CARTESIAN_POINT ( 'NONE',  ( -1.099999999999999645, 0.000000000000000000, -0.2249999999999994504 ) ) ;
#2084 = CIRCLE ( 'NONE', #1223, 0.1712060071893820312 ) ;
#2085 = UNCERTAINTY_MEASURE_WITH_UNIT (LENGTH_MEASURE( 1.000000000000000082E-05 ), #1353, 'distance_accuracy_value', 'NONE');
#2086 = ADVANCED_FACE ( 'NONE', ( #228 ), #926, .T. ) ;
#2087 = ORIENTED_EDGE ( 'NONE', *, *, #1376, .F. ) ;
#2088 = ORIENTED_EDGE ( 'NONE', *, *, #418, .F. ) ;
#2089 = ADVANCED_FACE ( 'NONE', ( #346 ), #1457, .F. ) ;
#2090 = ORIENTED_EDGE ( 'NONE', *, *, #4661, .T. ) ;
#2091 = LINE ( 'NONE', #4265, #1624 ) ;
#2092 = EDGE_LOOP ( 'NONE', ( #1595, #1973, #4217, #3535 ) ) ;
#2093 = EDGE_CURVE ( 'NONE', #3106, #794, #3959, .T. ) ;
#2094 = CARTESIAN_POINT ( 'NONE',  ( 1.499999999999999334, 0.05000000000000000278, 1.500000000000000666 ) ) ;
#2095 = CARTESIAN_POINT ( 'NONE',  ( -1.281551237635083274, 0.8000000000000000444, -1.145043518897132184 ) ) ;
#2096 = FILL_AREA_STYLE_COLOUR ( '', #787 ) ;
#2097 = ADVANCED_FACE ( 'NONE', ( #642 ), #1100, .F. ) ;
#2098 = ORIENTED_EDGE ( 'NONE', *, *, #3653, .F. ) ;
#2099 = CARTESIAN_POINT ( 'NONE',  ( -1.499999999999999556, 0.04999999999999999584, -0.1249999999999996808 ) ) ;
#2100 = VECTOR ( 'NONE', #2560, 1000.000000000000000 ) ;
#2101 = ORIENTED_EDGE ( 'NONE', *, *, #2767, .F. ) ;
#2102 = ORIENTED_EDGE ( 'NONE', *, *, #2389, .T. ) ;
#2103 = FACE_OUTER_BOUND ( 'NONE', #1025, .T. ) ;
#2104 = DIRECTION ( 'NONE',  ( 1.000000000000000000, 0.000000000000000000, 1.445602896647339163E-16 ) ) ;
#2105 = VECTOR ( 'NONE', #4283, 1000.000000000000000 ) ;
#2106 = FACE_OUTER_BOUND ( 'NONE', #2580, .T. ) ;
#2107 = CARTESIAN_POINT ( 'NONE',  ( -1.500000000000000666, 5.842640687119285303, -1.499999999999999778 ) ) ;
#2108 = VECTOR ( 'NONE', #2631, 1000.000000000000000 ) ;
#2109 = AXIS2_PLACEMENT_3D ( 'NONE', #2420, #1305, #1351 ) ;
#2110 = VERTEX_POINT ( 'NONE', #2511 ) ;
#2111 = ADVANCED_FACE ( 'NONE', ( #4342 ), #4032, .T. ) ;
#2112 = DIRECTION ( 'NONE',  ( 0.000000000000000000, -1.000000000000000000, 0.000000000000000000 ) ) ;
#2113 = CYLINDRICAL_SURFACE ( 'NONE', #467, 0.09999999999999982514 ) ;
#2114 = DIRECTION ( 'NONE',  ( 1.445602896647339163E-16, 0.000000000000000000, -1.000000000000000000 ) ) ;
#2115 = ORIENTED_EDGE ( 'NONE', *, *, #3686, .T. ) ;
#2116 = VECTOR ( 'NONE', #378, 1000.000000000000000 ) ;
#2117 = ORIENTED_EDGE ( 'NONE', *, *, #1719, .T. ) ;
#2118 = VERTEX_POINT ( 'NONE', #3320 ) ;
#2119 = DIRECTION ( 'NONE',  ( 1.000000000000000000, 0.000000000000000000, 1.445602896647339163E-16 ) ) ;
#2120 = AXIS2_PLACEMENT_3D ( 'NONE', #4528, #3133, #4608 ) ;
#2121 =( GEOMETRIC_REPRESENTATION_CONTEXT ( 3 ) GLOBAL_UNCERTAINTY_ASSIGNED_CONTEXT ( ( #3662 ) ) GLOBAL_UNIT_ASSIGNED_CONTEXT ( ( #3445, #3516, #1454 ) ) REPRESENTATION_CONTEXT ( 'NONE', 'WORKASPACE' ) );
#2122 = VECTOR ( 'NONE', #3365, 1000.000000000000000 ) ;
#2123 = CARTESIAN_POINT ( 'NONE',  ( -1.281551237635083274, 0.8000000000000000444, -1.145043518897132184 ) ) ;
#2124 = DIRECTION ( 'NONE',  ( 0.000000000000000000, -1.000000000000000000, 0.000000000000000000 ) ) ;
#2125 = EDGE_CURVE ( 'NONE', #2749, #3036, #3296, .T. ) ;
#2126 = EDGE_LOOP ( 'NONE', ( #4405, #1191, #1099, #1378 ) ) ;
#2127 = DIRECTION ( 'NONE',  ( 1.000000000000000000, 0.000000000000000000, 2.710505431213766015E-16 ) ) ;
#2128 = VECTOR ( 'NONE', #2754, 1000.000000000000000 ) ;
#2129 = ORIENTED_EDGE ( 'NONE', *, *, #3007, .F. ) ;
#2130 = EDGE_CURVE ( 'NONE', #4649, #3382, #4621, .T. ) ;
#2131 = ORIENTED_EDGE ( 'NONE', *, *, #703, .T. ) ;
#2132 = CARTESIAN_POINT ( 'NONE',  ( 1.499999999999999334, 0.05000000000000000278, 1.500000000000000666 ) ) ;
#2133 = CARTESIAN_POINT ( 'NONE',  ( 1.199999999999999734, 0.2000000000000000111, 0.5750000000000010658 ) ) ;
#2134 = DIRECTION ( 'NONE',  ( -1.445602896647339163E-16, 0.000000000000000000, 1.000000000000000000 ) ) ;
#2135 = DIRECTION ( 'NONE',  ( 1.445602896647339163E-16, 0.000000000000000000, -1.000000000000000000 ) ) ;
#2136 = CARTESIAN_POINT ( 'NONE',  ( -1.499999999999999334, 0.6472135954999579388, -1.024999999999999689 ) ) ;
#2137 = ORIENTED_EDGE ( 'NONE', *, *, #4691, .T. ) ;
#2138 = ORIENTED_EDGE ( 'NONE', *, *, #3778, .F. ) ;
#2139 = VERTEX_POINT ( 'NONE', #324 ) ;
#2140 = DIRECTION ( 'NONE',  ( -0.000000000000000000, -1.000000000000000000, -0.000000000000000000 ) ) ;
#2141 = AXIS2_PLACEMENT_3D ( 'NONE', #3352, #106, #800 ) ;
#2142 = DIRECTION ( 'NONE',  ( -0.000000000000000000, -1.000000000000000000, 0.000000000000000000 ) ) ;
#2143 = EDGE_CURVE ( 'NONE', #503, #1483, #3584, .T. ) ;
#2144 = DIRECTION ( 'NONE',  ( -0.000000000000000000, -1.000000000000000000, 0.000000000000000000 ) ) ;
#2145 = ORIENTED_EDGE ( 'NONE', *, *, #2925, .F. ) ;
#2146 = DIRECTION ( 'NONE',  ( 0.000000000000000000, -1.000000000000000000, 0.000000000000000000 ) ) ;
#2147 = ORIENTED_EDGE ( 'NONE', *, *, #2909, .F. ) ;
#2148 = EDGE_LOOP ( 'NONE', ( #2329, #1453, #1489, #611, #2129 ) ) ;
#2149 = EDGE_CURVE ( 'NONE', #2466, #3338, #4769, .T. ) ;
#2150 = LINE ( 'NONE', #3273, #676 ) ;
#2151 = VECTOR ( 'NONE', #2247, 1000.000000000000000 ) ;
#2152 = FACE_OUTER_BOUND ( 'NONE', #4293, .T. ) ;
#2153 = ORIENTED_EDGE ( 'NONE', *, *, #4444, .T. ) ;
#2154 = DIRECTION ( 'NONE',  ( -0.000000000000000000, -1.000000000000000000, 0.000000000000000000 ) ) ;
#2155 = FACE_OUTER_BOUND ( 'NONE', #457, .T. ) ;
#2156 = LINE ( 'NONE', #3610, #59 ) ;
#2157 = VECTOR ( 'NONE', #4259, 1000.000000000000000 ) ;
#2158 = VECTOR ( 'NONE', #3832, 1000.000000000000000 ) ;
#2159 = ADVANCED_FACE ( 'NONE', ( #1750 ), #4366, .T. ) ;
#2160 = EDGE_LOOP ( 'NONE', ( #4078, #193, #3177, #167, #519 ) ) ;
#2161 = ORIENTED_EDGE ( 'NONE', *, *, #1430, .T. ) ;
#2162 = ORIENTED_EDGE ( 'NONE', *, *, #1990, .T. ) ;
#2163 = VECTOR ( 'NONE', #1279, 1000.000000000000000 ) ;
#2164 = LINE ( 'NONE', #3334, #155 ) ;
#2165 = DIRECTION ( 'NONE',  ( 1.000000000000000000, 0.000000000000000000, 0.000000000000000000 ) ) ;
#2166 = DIRECTION ( 'NONE',  ( 0.000000000000000000, 1.000000000000000000, 0.000000000000000000 ) ) ;
#2167 = VECTOR ( 'NONE', #3859, 1000.000000000000000 ) ;
#2168 = EDGE_CURVE ( 'NONE', #887, #78, #2150, .T. ) ;
#2169 =( NAMED_UNIT ( * ) PLANE_ANGLE_UNIT ( ) SI_UNIT ( $, .RADIAN. ) );
#2170 = ORIENTED_EDGE ( 'NONE', *, *, #4666, .T. ) ;
#2171 = DIRECTION ( 'NONE',  ( 0.000000000000000000, -1.000000000000000000, 0.000000000000000000 ) ) ;
#2172 = ORIENTED_EDGE ( 'NONE', *, *, #1082, .T. ) ;
#2173 = ORIENTED_EDGE ( 'NONE', *, *, #1983, .T. ) ;
#2174 = DIRECTION ( 'NONE',  ( 1.000000000000000000, 0.000000000000000000, 1.445602896647339163E-16 ) ) ;
#2175 = DIRECTION ( 'NONE',  ( -0.000000000000000000, -1.000000000000000000, 0.000000000000000000 ) ) ;
#2176 = AXIS2_PLACEMENT_3D ( 'NONE', #3608, #1776, #734 ) ;
#2177 = DIRECTION ( 'NONE',  ( -1.000000000000000000, 0.000000000000000000, 0.000000000000000000 ) ) ;
#2178 = CARTESIAN_POINT ( 'NONE',  ( -1.499999999999999334, 0.1999999999999999833, -1.024999999999999689 ) ) ;
#2179 = DIRECTION ( 'NONE',  ( -1.590163186312073893E-15, 0.000000000000000000, 1.000000000000000000 ) ) ;
#2180 = DIRECTION ( 'NONE',  ( 0.000000000000000000, -1.000000000000000000, 0.000000000000000000 ) ) ;
#2181 = VECTOR ( 'NONE', #3745, 1000.000000000000000 ) ;
#2182 = DIRECTION ( 'NONE',  ( -1.000000000000000000, 0.000000000000000000, -1.445602896647339163E-16 ) ) ;
#2183 = ADVANCED_FACE ( 'NONE', ( #1029 ), #4052, .F. ) ;
#2184 = ORIENTED_EDGE ( 'NONE', *, *, #3933, .F. ) ;
#2185 = LINE ( 'NONE', #4735, #2793 ) ;
#2186 = EDGE_CURVE ( 'NONE', #1596, #1740, #826, .T. ) ;
#2187 = LINE ( 'NONE', #534, #2509 ) ;
#2188 = VECTOR ( 'NONE', #4295, 1000.000000000000000 ) ;
#2189 = DIRECTION ( 'NONE',  ( 1.000000000000000000, -0.000000000000000000, 1.445602896647339163E-16 ) ) ;
#2190 = CARTESIAN_POINT ( 'NONE',  ( 1.499999999999999556, 0.000000000000000000, 0.1250000000000007494 ) ) ;
#2191 = ORIENTED_EDGE ( 'NONE', *, *, #4055, .F. ) ;
#2192 = DIRECTION ( 'NONE',  ( 1.000000000000000000, 0.000000000000000000, 0.000000000000000000 ) ) ;
#2193 = AXIS2_PLACEMENT_3D ( 'NONE', #4685, #1367, #3985 ) ;
#2194 = VECTOR ( 'NONE', #2645, 1000.000000000000000 ) ;
#2195 = ORIENTED_EDGE ( 'NONE', *, *, #3432, .F. ) ;
#2196 = ORIENTED_EDGE ( 'NONE', *, *, #1877, .F. ) ;
#2197 = CIRCLE ( 'NONE', #2958, 0.09999999999999982514 ) ;
#2198 = ORIENTED_EDGE ( 'NONE', *, *, #3015, .T. ) ;
#2199 = CIRCLE ( 'NONE', #99, 0.09999999999999982514 ) ;
#2200 = LINE ( 'NONE', #2219, #991 ) ;
#2201 = CARTESIAN_POINT ( 'NONE',  ( -1.199999999999999512, 0.000000000000000000, -1.224999999999999201 ) ) ;
#2202 = EDGE_CURVE ( 'NONE', #2552, #3592, #2200, .T. ) ;
#2203 = CARTESIAN_POINT ( 'NONE',  ( 1.199999999999999956, 0.04999999999999999584, -1.224999999999998979 ) ) ;
#2204 = DIRECTION ( 'NONE',  ( 0.000000000000000000, -1.000000000000000000, 0.000000000000000000 ) ) ;
#2205 = CARTESIAN_POINT ( 'NONE',  ( 1.199999999999999289, 0.6472135954999579388, -0.1249999999999992922 ) ) ;
#2206 = ORIENTED_EDGE ( 'NONE', *, *, #3283, .T. ) ;
#2207 = CARTESIAN_POINT ( 'NONE',  ( -1.499999999999999334, 0.000000000000000000, -1.224999999999999645 ) ) ;
#2208 = EDGE_CURVE ( 'NONE', #1429, #375, #368, .T. ) ;
#2209 = CARTESIAN_POINT ( 'NONE',  ( 1.499999999999999334, 0.8000000000000003775, -1.499999999999998890 ) ) ;
#2210 = DIRECTION ( 'NONE',  ( 0.000000000000000000, 0.000000000000000000, 1.000000000000000000 ) ) ;
#2211 = EDGE_CURVE ( 'NONE', #1716, #584, #1075, .T. ) ;
#2212 = CARTESIAN_POINT ( 'NONE',  ( -1.199999999999999289, 0.000000000000000000, -0.5749999999999996225 ) ) ;
#2213 = CARTESIAN_POINT ( 'NONE',  ( 1.199999999999999512, 0.000000000000000000, -1.024999999999999245 ) ) ;
#2214 = ORIENTED_EDGE ( 'NONE', *, *, #1623, .F. ) ;
#2215 = DIRECTION ( 'NONE',  ( 0.000000000000000000, -1.000000000000000000, 0.000000000000000000 ) ) ;
#2216 = CARTESIAN_POINT ( 'NONE',  ( -1.500000000000000666, 5.842640687119285303, 1.500000000000000222 ) ) ;
#2217 = ORIENTED_EDGE ( 'NONE', *, *, #4294, .F. ) ;
#2218 = ORIENTED_EDGE ( 'NONE', *, *, #1433, .T. ) ;
#2219 = CARTESIAN_POINT ( 'NONE',  ( -1.499999999999999556, 0.2000000000000000111, -0.1249999999999996808 ) ) ;
#2220 = ORIENTED_EDGE ( 'NONE', *, *, #4718, .T. ) ;
#2221 = CARTESIAN_POINT ( 'NONE',  ( -1.099999999999999645, 0.2000000000000000111, -0.2249999999999994504 ) ) ;
#2222 = CARTESIAN_POINT ( 'NONE',  ( -1.499999999999999778, 0.000000000000000000, 1.025000000000000133 ) ) ;
#2223 = EDGE_CURVE ( 'NONE', #2263, #1114, #4325, .T. ) ;
#2224 = VECTOR ( 'NONE', #3354, 1000.000000000000000 ) ;
#2225 = CARTESIAN_POINT ( 'NONE',  ( -1.199999999999999512, 0.1999999999999999833, -0.6749999999999994893 ) ) ;
#2226 = EDGE_CURVE ( 'NONE', #3036, #4053, #4724, .T. ) ;
#2227 = VERTEX_POINT ( 'NONE', #2606 ) ;
#2228 = LINE ( 'NONE', #1084, #1165 ) ;
#2229 = CARTESIAN_POINT ( 'NONE',  ( 1.499999999999999778, 0.2000000000000000111, -1.024999999999999245 ) ) ;
#2230 = ADVANCED_FACE ( 'NONE', ( #414 ), #2676, .F. ) ;
#2231 = DIRECTION ( 'NONE',  ( -1.000000000000000000, 0.000000000000000000, -1.445602896647339163E-16 ) ) ;
#2232 = DIRECTION ( 'NONE',  ( 1.000000000000000000, 0.000000000000000000, -1.301042606982605715E-15 ) ) ;
#2233 = VECTOR ( 'NONE', #421, 1000.000000000000000 ) ;
#2234 = VERTEX_POINT ( 'NONE', #1865 ) ;
#2235 = DIRECTION ( 'NONE',  ( 1.000000000000000000, 0.000000000000000000, 0.000000000000000000 ) ) ;
#2236 =( NAMED_UNIT ( * ) PLANE_ANGLE_UNIT ( ) SI_UNIT ( $, .RADIAN. ) );
#2237 = EDGE_LOOP ( 'NONE', ( #3271, #1232, #1960, #4361 ) ) ;
#2238 = EDGE_CURVE ( 'NONE', #1617, #2911, #3775, .T. ) ;
#2239 = ORIENTED_EDGE ( 'NONE', *, *, #2763, .F. ) ;
#2240 = ORIENTED_EDGE ( 'NONE', *, *, #117, .T. ) ;
#2241 = EDGE_CURVE ( 'NONE', #1036, #2821, #4101, .T. ) ;
#2242 = LINE ( 'NONE', #49, #3681 ) ;
#2243 = CARTESIAN_POINT ( 'NONE',  ( 1.199999999999999512, 0.04999999999999999584, 0.6750000000000009326 ) ) ;
#2244 = ORIENTED_EDGE ( 'NONE', *, *, #2093, .T. ) ;
#2245 = CARTESIAN_POINT ( 'NONE',  ( 1.499999999999999556, 0.000000000000000000, -0.3249999999999993450 ) ) ;
#2246 = DIRECTION ( 'NONE',  ( 0.000000000000000000, -1.000000000000000000, 0.000000000000000000 ) ) ;
#2247 = DIRECTION ( 'NONE',  ( 0.000000000000000000, -1.000000000000000000, 0.000000000000000000 ) ) ;
#2248 = CARTESIAN_POINT ( 'NONE',  ( -1.500000000000000666, 0.05000000000000000278, -1.499999999999999778 ) ) ;
#2249 = DIRECTION ( 'NONE',  ( 1.000000000000000000, 0.000000000000000000, 0.000000000000000000 ) ) ;
#2250 = VECTOR ( 'NONE', #4713, 1000.000000000000000 ) ;
#2251 = ORIENTED_EDGE ( 'NONE', *, *, #2325, .T. ) ;
#2252 = LINE ( 'NONE', #3714, #2393 ) ;
#2253 = CARTESIAN_POINT ( 'NONE',  ( 1.199999999999999512, 0.000000000000000000, 0.2250000000000009770 ) ) ;
#2254 = CARTESIAN_POINT ( 'NONE',  ( 1.499999999999999334, 0.2000000000000000111, 1.225000000000000533 ) ) ;
#2255 = AXIS2_PLACEMENT_3D ( 'NONE', #4355, #2522, #673 ) ;
#2256 = SURFACE_SIDE_STYLE ('',( #452 ) ) ;
#2257 = CARTESIAN_POINT ( 'NONE',  ( -0.3049999999999997158, 0.2000000000000000111, -1.010000000000000231 ) ) ;
#2258 = VERTEX_POINT ( 'NONE', #4433 ) ;
#2259 = CYLINDRICAL_SURFACE ( 'NONE', #433, 0.09999999999999982514 ) ;
#2260 = CARTESIAN_POINT ( 'NONE',  ( 0.6049999999999997602, 0.2000000000000000111, 1.009999999999999787 ) ) ;
#2261 = ORIENTED_EDGE ( 'NONE', *, *, #1455, .F. ) ;
#2262 = ORIENTED_EDGE ( 'NONE', *, *, #1376, .T. ) ;
#2263 = VERTEX_POINT ( 'NONE', #821 ) ;
#2264 =( NAMED_UNIT ( * ) SI_UNIT ( $, .STERADIAN. ) SOLID_ANGLE_UNIT ( ) );
#2265 = ADVANCED_FACE ( 'NONE', ( #1173 ), #1963, .F. ) ;
#2266 = CIRCLE ( 'NONE', #1103, 0.09999999999999982514 ) ;
#2267 = CARTESIAN_POINT ( 'NONE',  ( -1.499999999999999334, 0.1999999999999999833, -1.024999999999999689 ) ) ;
#2268 = ORIENTED_EDGE ( 'NONE', *, *, #1042, .T. ) ;
#2269 = AXIS2_PLACEMENT_3D ( 'NONE', #2360, #3828, #2652 ) ;
#2270 = CARTESIAN_POINT ( 'NONE',  ( -1.099999999999999645, 0.2000000000000000111, 0.6750000000000005995 ) ) ;
#2271 = ADVANCED_FACE ( 'NONE', ( #796 ), #1214, .T. ) ;
#2272 = CARTESIAN_POINT ( 'NONE',  ( -1.199999999999999289, 0.2000000000000000111, -1.124999999999999556 ) ) ;
#2273 = VECTOR ( 'NONE', #2359, 1000.000000000000000 ) ;
#2274 = PLANE ( 'NONE',  #4231 ) ;
#2275 = CARTESIAN_POINT ( 'NONE',  ( -1.499999999999999556, 0.6472135954999579388, 0.5750000000000001776 ) ) ;
#2276 = CARTESIAN_POINT ( 'NONE',  ( 1.199999999999999512, 0.1999999999999999833, -1.024999999999999245 ) ) ;
#2277 = LINE ( 'NONE', #2301, #2817 ) ;
#2278 = DIRECTION ( 'NONE',  ( 1.000000000000000000, 0.000000000000000000, 2.710505431213766015E-16 ) ) ;
#2279 = AXIS2_PLACEMENT_3D ( 'NONE', #4606, #4376, #1292 ) ;
#2280 = CARTESIAN_POINT ( 'NONE',  ( -1.629917265969879404E-15, 0.05000000000000000278, 1.025000000000002576 ) ) ;
#2281 = CARTESIAN_POINT ( 'NONE',  ( -1.199999999999999512, 0.000000000000000000, 1.225000000000000089 ) ) ;
#2282 = ORIENTED_EDGE ( 'NONE', *, *, #869, .F. ) ;
#2283 = CARTESIAN_POINT ( 'NONE',  ( -1.499999999999999334, 0.000000000000000000, -1.024999999999999689 ) ) ;
#2284 = ADVANCED_FACE ( 'NONE', ( #76 ), #3699, .F. ) ;
#2285 = ORIENTED_EDGE ( 'NONE', *, *, #3383, .F. ) ;
#2286 = EDGE_CURVE ( 'NONE', #3458, #731, #2242, .T. ) ;
#2287 = VERTEX_POINT ( 'NONE', #1531 ) ;
#2288 = ORIENTED_EDGE ( 'NONE', *, *, #1756, .F. ) ;
#2289 = CARTESIAN_POINT ( 'NONE',  ( 1.232376469391853091E-15, 0.05000000000000000278, -0.7749999999999973577 ) ) ;
#2290 = PLANE ( 'NONE',  #137 ) ;
#2291 = VERTEX_POINT ( 'NONE', #389 ) ;
#2292 = LINE ( 'NONE', #3442, #254 ) ;
#2293 = DIRECTION ( 'NONE',  ( -1.445602896647339163E-16, 0.000000000000000000, 1.000000000000000000 ) ) ;
#2294 = EDGE_CURVE ( 'NONE', #1933, #3419, #1580, .T. ) ;
#2295 = CARTESIAN_POINT ( 'NONE',  ( -1.199999999999999512, 0.1999999999999999833, -0.2249999999999994504 ) ) ;
#2296 = DIRECTION ( 'NONE',  ( 1.445602896647339163E-16, 0.000000000000000000, -1.000000000000000000 ) ) ;
#2297 = CARTESIAN_POINT ( 'NONE',  ( -1.199999999999999289, 0.2000000000000000111, -0.5749999999999996225 ) ) ;
#2298 = LINE ( 'NONE', #398, #4 ) ;
#2299 = ADVANCED_FACE ( 'NONE', ( #4505 ), #2290, .F. ) ;
#2300 = ORIENTED_EDGE ( 'NONE', *, *, #3653, .T. ) ;
#2301 = CARTESIAN_POINT ( 'NONE',  ( -1.499999999999999556, 0.000000000000000000, -0.3249999999999997891 ) ) ;
#2302 = CARTESIAN_POINT ( 'NONE',  ( 1.199999999999999956, 0.6472135954999579388, -0.7749999999999989120 ) ) ;
#2303 = LINE ( 'NONE', #1953, #941 ) ;
#2304 = EDGE_CURVE ( 'NONE', #2258, #2881, #436, .T. ) ;
#2305 = CARTESIAN_POINT ( 'NONE',  ( -1.199999999999999289, 0.1999999999999999833, 0.3250000000000004552 ) ) ;
#2306 = LINE ( 'NONE', #166, #464 ) ;
#2307 = ORIENTED_EDGE ( 'NONE', *, *, #3627, .T. ) ;
#2308 = ORIENTED_EDGE ( 'NONE', *, *, #1605, .T. ) ;
#2309 = CARTESIAN_POINT ( 'NONE',  ( 1.499999999999999556, 0.6472135954999579388, -0.5749999999999991784 ) ) ;
#2310 = AXIS2_PLACEMENT_3D ( 'NONE', #2729, #4279, #3493 ) ;
#2311 = VERTEX_POINT ( 'NONE', #2267 ) ;
#2312 = VERTEX_POINT ( 'NONE', #3732 ) ;
#2313 = EDGE_CURVE ( 'NONE', #3316, #2452, #748, .T. ) ;
#2314 = AXIS2_PLACEMENT_3D ( 'NONE', #3680, #4730, #3634 ) ;
#2315 = CARTESIAN_POINT ( 'NONE',  ( -1.110345230445701104, 0.6999999999999999556, -1.145043518897132184 ) ) ;
#2316 = ORIENTED_EDGE ( 'NONE', *, *, #293, .F. ) ;
#2317 = CARTESIAN_POINT ( 'NONE',  ( -1.199999999999999512, 0.04999999999999999584, -0.7749999999999993561 ) ) ;
#2318 = ORIENTED_EDGE ( 'NONE', *, *, #1656, .T. ) ;
#2319 = VECTOR ( 'NONE', #2154, 1000.000000000000000 ) ;
#2320 = LINE ( 'NONE', #3781, #3378 ) ;
#2321 = LINE ( 'NONE', #3085, #2351 ) ;
#2322 = ORIENTED_EDGE ( 'NONE', *, *, #1689, .F. ) ;
#2323 = DIRECTION ( 'NONE',  ( -0.000000000000000000, -1.000000000000000000, 0.000000000000000000 ) ) ;
#2324 = DIRECTION ( 'NONE',  ( 1.000000000000000000, 0.000000000000000000, 0.000000000000000000 ) ) ;
#2325 = EDGE_CURVE ( 'NONE', #4192, #1000, #3058, .T. ) ;
#2326 = DIRECTION ( 'NONE',  ( -1.000000000000000000, 0.000000000000000000, 0.000000000000000000 ) ) ;
#2327 = DIRECTION ( 'NONE',  ( -1.000000000000000000, 0.000000000000000000, 1.301042606982605715E-15 ) ) ;
#2328 = ORIENTED_EDGE ( 'NONE', *, *, #1608, .T. ) ;
#2329 = ORIENTED_EDGE ( 'NONE', *, *, #3672, .F. ) ;
#2330 = AXIS2_PLACEMENT_3D ( 'NONE', #2426, #3175, #2119 ) ;
#2331 = CIRCLE ( 'NONE', #1703, 0.09999999999999982514 ) ;
#2332 = VECTOR ( 'NONE', #4481, 1000.000000000000000 ) ;
#2333 = VERTEX_POINT ( 'NONE', #843 ) ;
#2334 = ORIENTED_EDGE ( 'NONE', *, *, #1852, .T. ) ;
#2335 = SURFACE_SIDE_STYLE ('',( #1484 ) ) ;
#2336 = FACE_OUTER_BOUND ( 'NONE', #2530, .T. ) ;
#2337 = ORIENTED_EDGE ( 'NONE', *, *, #703, .F. ) ;
#2338 = DIRECTION ( 'NONE',  ( 1.000000000000000000, 0.000000000000000000, 2.710505431213766015E-16 ) ) ;
#2339 = CARTESIAN_POINT ( 'NONE',  ( -1.500000000000000666, 0.05000000000000000278, 0.1250000000000003331 ) ) ;
#2340 = AXIS2_PLACEMENT_3D ( 'NONE', #3437, #916, #3103 ) ;
#2341 = LINE ( 'NONE', #4531, #3472 ) ;
#2342 = VECTOR ( 'NONE', #4151, 1000.000000000000000 ) ;
#2343 = DIRECTION ( 'NONE',  ( 0.000000000000000000, -1.000000000000000000, 0.000000000000000000 ) ) ;
#2344 = DIRECTION ( 'NONE',  ( 0.000000000000000000, -1.000000000000000000, -0.000000000000000000 ) ) ;
#2345 = VECTOR ( 'NONE', #2705, 1000.000000000000000 ) ;
#2346 = ADVANCED_FACE ( 'NONE', ( #2336 ), #3804, .T. ) ;
#2347 = ORIENTED_EDGE ( 'NONE', *, *, #3550, .F. ) ;
#2348 = DIRECTION ( 'NONE',  ( 1.000000000000000000, 0.000000000000000000, 0.000000000000000000 ) ) ;
#2349 = CARTESIAN_POINT ( 'NONE',  ( 1.199999999999999512, 0.04999999999999999584, -0.2249999999999991174 ) ) ;
#2350 = CYLINDRICAL_SURFACE ( 'NONE', #4037, 0.09999999999999982514 ) ;
#2351 = VECTOR ( 'NONE', #3398, 1000.000000000000000 ) ;
#2352 = CARTESIAN_POINT ( 'NONE',  ( -1.199999999999999512, 0.6472135954999579388, 0.7750000000000002442 ) ) ;
#2353 = ORIENTED_EDGE ( 'NONE', *, *, #4205, .F. ) ;
#2354 = EDGE_CURVE ( 'NONE', #2263, #3200, #3265, .T. ) ;
#2355 = EDGE_LOOP ( 'NONE', ( #3697, #3616, #3753, #1794 ) ) ;
#2356 = VERTEX_POINT ( 'NONE', #4272 ) ;
#2357 = ORIENTED_EDGE ( 'NONE', *, *, #1546, .F. ) ;
#2358 = CARTESIAN_POINT ( 'NONE',  ( -1.199999999999999289, 0.2000000000000000111, -1.124999999999999556 ) ) ;
#2359 = DIRECTION ( 'NONE',  ( 1.000000000000000000, 0.000000000000000000, 1.445602896647339163E-16 ) ) ;
#2360 = CARTESIAN_POINT ( 'NONE',  ( 1.199999999999999067, 0.2000000000000000111, 0.7750000000000006883 ) ) ;
#2361 = ADVANCED_FACE ( 'NONE', ( #2798 ), #1341, .T. ) ;
#2362 = ORIENTED_EDGE ( 'NONE', *, *, #3283, .F. ) ;
#2363 = DIRECTION ( 'NONE',  ( 1.000000000000000000, 0.000000000000000000, 2.710505431213766015E-16 ) ) ;
#2364 = VERTEX_POINT ( 'NONE', #3827 ) ;
#2365 = AXIS2_PLACEMENT_3D ( 'NONE', #3667, #1469, #2950 ) ;
#2366 = VECTOR ( 'NONE', #2656, 1000.000000000000000 ) ;
#2367 = CARTESIAN_POINT ( 'NONE',  ( 1.947949903232286215E-15, 0.05000000000000000278, -1.224999999999997424 ) ) ;
#2368 = DIRECTION ( 'NONE',  ( 1.000000000000000000, 0.000000000000000000, 1.445602896647339163E-16 ) ) ;
#2369 = ADVANCED_FACE ( 'NONE', ( #4246 ), #2044, .T. ) ;
#2370 = DIRECTION ( 'NONE',  ( -0.000000000000000000, -1.000000000000000000, 0.000000000000000000 ) ) ;
#2371 = DIRECTION ( 'NONE',  ( 0.000000000000000000, -1.000000000000000000, 0.000000000000000000 ) ) ;
#2372 = DIRECTION ( 'NONE',  ( 0.000000000000000000, -1.000000000000000000, 0.000000000000000000 ) ) ;
#2373 = CARTESIAN_POINT ( 'NONE',  ( -1.499999999999999556, 0.2000000000000000111, -0.5749999999999996225 ) ) ;
#2374 = ORIENTED_EDGE ( 'NONE', *, *, #3609, .F. ) ;
#2375 = VERTEX_POINT ( 'NONE', #1991 ) ;
#2376 = CARTESIAN_POINT ( 'NONE',  ( -0.3049999999999997713, 0.2000000000000000944, -1.010000000000000231 ) ) ;
#2377 = ADVANCED_FACE ( 'NONE', ( #3509 ), #2431, .F. ) ;
#2378 = SURFACE_STYLE_USAGE ( .BOTH. , #839 ) ;
#2379 = ORIENTED_EDGE ( 'NONE', *, *, #1106, .T. ) ;
#2380 = VERTEX_POINT ( 'NONE', #3154 ) ;
#2381 = DIRECTION ( 'NONE',  ( 0.000000000000000000, 0.000000000000000000, 1.000000000000000000 ) ) ;
#2382 = PLANE ( 'NONE',  #548 ) ;
#2383 = CARTESIAN_POINT ( 'NONE',  ( -1.199999999999999512, 0.000000000000000000, 0.6750000000000004885 ) ) ;
#2384 = EDGE_CURVE ( 'NONE', #2333, #2919, #2747, .T. ) ;
#2385 = ORIENTED_EDGE ( 'NONE', *, *, #801, .T. ) ;
#2386 = CARTESIAN_POINT ( 'NONE',  ( -1.499999999999999778, 0.6472135954999579388, 1.025000000000000133 ) ) ;
#2387 = ORIENTED_EDGE ( 'NONE', *, *, #418, .T. ) ;
#2388 = AXIS2_PLACEMENT_3D ( 'NONE', #2879, #668, #306 ) ;
#2389 = EDGE_CURVE ( 'NONE', #2788, #4199, #3533, .T. ) ;
#2390 = DIRECTION ( 'NONE',  ( 0.000000000000000000, -1.000000000000000000, 0.000000000000000000 ) ) ;
#2391 = DIRECTION ( 'NONE',  ( 1.000000000000000000, 0.000000000000000000, 1.445602896647339163E-16 ) ) ;
#2392 = FACE_OUTER_BOUND ( 'NONE', #4584, .T. ) ;
#2393 = VECTOR ( 'NONE', #2370, 1000.000000000000000 ) ;
#2394 = ORIENTED_EDGE ( 'NONE', *, *, #3718, .F. ) ;
#2395 = PLANE ( 'NONE',  #3235 ) ;
#2396 = CARTESIAN_POINT ( 'NONE',  ( -0.9391392232563191556, 0.6999999999999999556, -1.145043518897132184 ) ) ;
#2397 = LINE ( 'NONE', #545, #3604 ) ;
#2398 = DIRECTION ( 'NONE',  ( -2.706303097211879254E-16, 0.000000000000000000, 1.000000000000000000 ) ) ;
#2399 = ORIENTED_EDGE ( 'NONE', *, *, #2935, .F. ) ;
#2400 = CARTESIAN_POINT ( 'NONE',  ( -1.499999999999999778, 0.1999999999999999833, 1.025000000000000133 ) ) ;
#2401 = ORIENTED_EDGE ( 'NONE', *, *, #908, .T. ) ;
#2402 = VERTEX_POINT ( 'NONE', #4549 ) ;
#2403 = DIRECTION ( 'NONE',  ( 0.000000000000000000, -1.000000000000000000, 0.000000000000000000 ) ) ;
#2404 = AXIS2_PLACEMENT_3D ( 'NONE', #1684, #1954, #113 ) ;
#2405 = FACE_OUTER_BOUND ( 'NONE', #3298, .T. ) ;
#2406 = LINE ( 'NONE', #3461, #3115 ) ;
#2407 = VECTOR ( 'NONE', #3716, 1000.000000000000000 ) ;
#2408 = CYLINDRICAL_SURFACE ( 'NONE', #4510, 0.09999999999999982514 ) ;
#2409 = ORIENTED_EDGE ( 'NONE', *, *, #604, .T. ) ;
#2410 = DIRECTION ( 'NONE',  ( -1.000000000000000000, 0.000000000000000000, 0.000000000000000000 ) ) ;
#2411 = EDGE_LOOP ( 'NONE', ( #2520, #3343, #4298, #323, #2347 ) ) ;
#2412 = EDGE_CURVE ( 'NONE', #4733, #660, #2199, .T. ) ;
#2413 = DIRECTION ( 'NONE',  ( 1.445602896647339163E-16, 0.000000000000000000, -1.000000000000000000 ) ) ;
#2414 = DIRECTION ( 'NONE',  ( -1.000000000000000000, 0.000000000000000000, -1.445602896647339163E-16 ) ) ;
#2415 = ADVANCED_FACE ( 'NONE', ( #874 ), #583, .T. ) ;
#2416 = FACE_OUTER_BOUND ( 'NONE', #2237, .T. ) ;
#2417 = ORIENTED_EDGE ( 'NONE', *, *, #2805, .T. ) ;
#2418 = PLANE ( 'NONE',  #529 ) ;
#2419 = VECTOR ( 'NONE', #3021, 1000.000000000000000 ) ;
#2420 = CARTESIAN_POINT ( 'NONE',  ( -1.499999999999999334, 0.2000000000000000111, -0.7749999999999998002 ) ) ;
#2421 = FACE_OUTER_BOUND ( 'NONE', #3683, .T. ) ;
#2422 = DIRECTION ( 'NONE',  ( -1.000000000000000000, 0.000000000000000000, -1.445602896647339163E-16 ) ) ;
#2423 = FACE_OUTER_BOUND ( 'NONE', #15, .T. ) ;
#2424 = ORIENTED_EDGE ( 'NONE', *, *, #1919, .T. ) ;
#2425 = CIRCLE ( 'NONE', #4500, 0.1712060071893820312 ) ;
#2426 = CARTESIAN_POINT ( 'NONE',  ( -1.199999999999999734, 0.2000000000000000111, 1.125000000000000444 ) ) ;
#2427 = ORIENTED_EDGE ( 'NONE', *, *, #1809, .F. ) ;
#2428 = DIRECTION ( 'NONE',  ( 1.301042606982605715E-15, 0.000000000000000000, 1.000000000000000000 ) ) ;
#2429 = ADVANCED_FACE ( 'NONE', ( #1694 ), #1291, .F. ) ;
#2430 = CYLINDRICAL_SURFACE ( 'NONE', #2340, 0.09999999999999982514 ) ;
#2431 = CYLINDRICAL_SURFACE ( 'NONE', #3497, 0.09999999999999982514 ) ;
#2432 = EDGE_CURVE ( 'NONE', #3660, #783, #2425, .T. ) ;
#2433 = CARTESIAN_POINT ( 'NONE',  ( -1.499999999999999556, 0.04999999999999999584, -0.5749999999999996225 ) ) ;
#2434 = ORIENTED_EDGE ( 'NONE', *, *, #2713, .F. ) ;
#2435 = PLANE ( 'NONE',  #4418 ) ;
#2436 = EDGE_LOOP ( 'NONE', ( #211, #2087, #2088, #3598, #429 ) ) ;
#2437 = FACE_OUTER_BOUND ( 'NONE', #650, .T. ) ;
#2438 = ADVANCED_FACE ( 'NONE', ( #2770 ), #2827, .T. ) ;
#2439 = DIRECTION ( 'NONE',  ( -1.000000000000000000, 0.000000000000000000, -1.445602896647339163E-16 ) ) ;
#2440 = ADVANCED_FACE ( 'NONE', ( #1269 ), #4627, .T. ) ;
#2441 = ORIENTED_EDGE ( 'NONE', *, *, #4783, .F. ) ;
#2442 = VECTOR ( 'NONE', #1343, 1000.000000000000000 ) ;
#2443 = CARTESIAN_POINT ( 'NONE',  ( -1.499999999999999556, 0.000000000000000000, -0.3249999999999997891 ) ) ;
#2444 = LINE ( 'NONE', #2003, #244 ) ;
#2445 = DIRECTION ( 'NONE',  ( 0.000000000000000000, -1.000000000000000000, -0.000000000000000000 ) ) ;
#2446 = EDGE_CURVE ( 'NONE', #383, #1230, #1315, .T. ) ;
#2447 = PLANE ( 'NONE',  #2871 ) ;
#2448 = ORIENTED_EDGE ( 'NONE', *, *, #822, .T. ) ;
#2449 = ORIENTED_EDGE ( 'NONE', *, *, #1480, .F. ) ;
#2450 = PLANE ( 'NONE',  #2484 ) ;
#2451 = EDGE_CURVE ( 'NONE', #4676, #2069, #3104, .T. ) ;
#2452 = VERTEX_POINT ( 'NONE', #510 ) ;
#2453 = ORIENTED_EDGE ( 'NONE', *, *, #2223, .T. ) ;
#2454 = CARTESIAN_POINT ( 'NONE',  ( 0.000000000000000000, 0.2000000000000000111, 0.000000000000000000 ) ) ;
#2455 = CIRCLE ( 'NONE', #3597, 0.09999999999999982514 ) ;
#2456 = DIRECTION ( 'NONE',  ( 0.000000000000000000, 1.000000000000000000, 0.000000000000000000 ) ) ;
#2457 = CARTESIAN_POINT ( 'NONE',  ( 1.499999999999999556, 0.2000000000000000111, 0.1250000000000007494 ) ) ;
#2458 = ORIENTED_EDGE ( 'NONE', *, *, #1042, .F. ) ;
#2459 = CARTESIAN_POINT ( 'NONE',  ( 1.499999999999999334, 0.2000000000000000111, 1.025000000000000577 ) ) ;
#2460 = EDGE_CURVE ( 'NONE', #967, #2804, #2406, .T. ) ;
#2461 = ORIENTED_EDGE ( 'NONE', *, *, #63, .T. ) ;
#2462 = CARTESIAN_POINT ( 'NONE',  ( 1.499999999999999556, 0.6472135954999579388, 0.5750000000000006217 ) ) ;
#2463 = DIRECTION ( 'NONE',  ( -1.000000000000000000, 0.000000000000000000, 8.131516293641297060E-16 ) ) ;
#2464 = AXIS2_PLACEMENT_3D ( 'NONE', #2753, #3209, #4252 ) ;
#2465 = CARTESIAN_POINT ( 'NONE',  ( -1.199999999999999512, 0.6472135954999579388, 0.2250000000000006439 ) ) ;
#2466 = VERTEX_POINT ( 'NONE', #894 ) ;
#2467 = DIRECTION ( 'NONE',  ( -1.000000000000000000, 0.000000000000000000, -1.445602896647339163E-16 ) ) ;
#2468 = CARTESIAN_POINT ( 'NONE',  ( -1.499999999999999556, 0.2000000000000000111, 0.5750000000000001776 ) ) ;
#2469 = FACE_OUTER_BOUND ( 'NONE', #4096, .T. ) ;
#2470 = EDGE_LOOP ( 'NONE', ( #2699, #2921, #2884, #1604 ) ) ;
#2471 = ORIENTED_EDGE ( 'NONE', *, *, #2623, .F. ) ;
#2472 = VERTEX_POINT ( 'NONE', #2019 ) ;
#2473 = PLANE ( 'NONE',  #2015 ) ;
#2474 = EDGE_CURVE ( 'NONE', #4764, #1466, #2893, .T. ) ;
#2475 = VECTOR ( 'NONE', #1774, 1000.000000000000000 ) ;
#2476 = ADVANCED_FACE ( 'NONE', ( #1813 ), #3577, .F. ) ;
#2477 = DIRECTION ( 'NONE',  ( 0.000000000000000000, -1.000000000000000000, 0.000000000000000000 ) ) ;
#2478 = LINE ( 'NONE', #2931, #947 ) ;
#2479 = EDGE_LOOP ( 'NONE', ( #2195, #2239, #1554, #3677, #4429 ) ) ;
#2480 = LINE ( 'NONE', #559, #1866 ) ;
#2481 = AXIS2_PLACEMENT_3D ( 'NONE', #32, #1586, #802 ) ;
#2482 = EDGE_LOOP ( 'NONE', ( #1356, #343, #1993, #4074 ) ) ;
#2483 = FACE_OUTER_BOUND ( 'NONE', #252, .T. ) ;
#2484 = AXIS2_PLACEMENT_3D ( 'NONE', #1015, #4674, #4315 ) ;
#2485 = DIRECTION ( 'NONE',  ( 1.000000000000000000, 0.000000000000000000, -1.301042606982605912E-15 ) ) ;
#2486 = VECTOR ( 'NONE', #4067, 1000.000000000000000 ) ;
#2487 = AXIS2_PLACEMENT_3D ( 'NONE', #2937, #4103, #327 ) ;
#2488 = AXIS2_PLACEMENT_3D ( 'NONE', #2253, #833, #4112 ) ;
#2489 = LINE ( 'NONE', #1820, #3313 ) ;
#2490 = DIRECTION ( 'NONE',  ( -1.000000000000000000, 0.000000000000000000, -1.445602896647339163E-16 ) ) ;
#2491 = DIRECTION ( 'NONE',  ( 1.000000000000000000, 0.000000000000000000, 2.710505431213766015E-16 ) ) ;
#2492 = ADVANCED_FACE ( 'NONE', ( #1405 ), #3243, .F. ) ;
#2493 = VERTEX_POINT ( 'NONE', #271 ) ;
#2494 = VECTOR ( 'NONE', #1611, 1000.000000000000000 ) ;
#2495 = ORIENTED_EDGE ( 'NONE', *, *, #2925, .T. ) ;
#2496 = CARTESIAN_POINT ( 'NONE',  ( -1.499999999999999556, 0.000000000000000000, 0.3250000000000003997 ) ) ;
#2497 = ORIENTED_EDGE ( 'NONE', *, *, #56, .F. ) ;
#2498 = AXIS2_PLACEMENT_3D ( 'NONE', #1295, #4126, #3754 ) ;
#2499 = AXIS2_PLACEMENT_3D ( 'NONE', #4280, #2778, #3540 ) ;
#2500 = EDGE_CURVE ( 'NONE', #3001, #3613, #1066, .T. ) ;
#2501 = AXIS2_PLACEMENT_3D ( 'NONE', #4580, #1622, #3924 ) ;
#2502 = DIRECTION ( 'NONE',  ( 1.000000000000000000, 0.000000000000000000, 0.000000000000000000 ) ) ;
#2503 = SURFACE_STYLE_FILL_AREA ( #1019 ) ;
#2504 = ORIENTED_EDGE ( 'NONE', *, *, #35, .T. ) ;
#2505 = CARTESIAN_POINT ( 'NONE',  ( -1.199999999999999512, 0.2000000000000000111, -0.6749999999999994893 ) ) ;
#2506 = AXIS2_PLACEMENT_3D ( 'NONE', #3857, #2683, #2368 ) ;
#2507 = ORIENTED_EDGE ( 'NONE', *, *, #4653, .F. ) ;
#2508 = ORIENTED_EDGE ( 'NONE', *, *, #2797, .F. ) ;
#2509 = VECTOR ( 'NONE', #2142, 1000.000000000000000 ) ;
#2510 = EDGE_CURVE ( 'NONE', #4501, #3457, #2478, .T. ) ;
#2511 = CARTESIAN_POINT ( 'NONE',  ( -1.199999999999999289, 0.2000000000000000111, -0.5749999999999996225 ) ) ;
#2512 = CARTESIAN_POINT ( 'NONE',  ( -0.3049999999999997158, 0.000000000000000000, -1.010000000000000231 ) ) ;
#2513 = ORIENTED_EDGE ( 'NONE', *, *, #3587, .T. ) ;
#2514 = CARTESIAN_POINT ( 'NONE',  ( -1.499999999999999778, 0.2000000000000000111, 1.225000000000000089 ) ) ;
#2515 = FACE_OUTER_BOUND ( 'NONE', #3511, .T. ) ;
#2516 = DIRECTION ( 'NONE',  ( -1.445602896647339163E-16, 0.000000000000000000, 1.000000000000000000 ) ) ;
#2517 = EDGE_LOOP ( 'NONE', ( #669, #535, #67, #1615 ) ) ;
#2518 = EDGE_CURVE ( 'NONE', #606, #1868, #3267, .T. ) ;
#2519 = CLOSED_SHELL ( 'NONE', ( #4558, #4372, #867, #3736, #2346, #3325, #2787 ) ) ;
#2520 = ORIENTED_EDGE ( 'NONE', *, *, #1520, .F. ) ;
#2521 = VERTEX_POINT ( 'NONE', #3203 ) ;
#2522 = DIRECTION ( 'NONE',  ( -0.000000000000000000, -1.000000000000000000, -0.000000000000000000 ) ) ;
#2523 = CARTESIAN_POINT ( 'NONE',  ( 1.199999999999999289, 0.2000000000000000111, 1.125000000000000888 ) ) ;
#2524 = DIRECTION ( 'NONE',  ( -0.000000000000000000, -1.000000000000000000, 0.000000000000000000 ) ) ;
#2525 = CARTESIAN_POINT ( 'NONE',  ( 1.499999999999999556, 0.6472135954999579388, 0.1250000000000007494 ) ) ;
#2526 = SURFACE_SIDE_STYLE ('',( #4740 ) ) ;
#2527 = VERTEX_POINT ( 'NONE', #1041 ) ;
#2528 = CARTESIAN_POINT ( 'NONE',  ( -1.199999999999999512, 0.000000000000000000, -0.6749999999999994893 ) ) ;
#2529 = ORIENTED_EDGE ( 'NONE', *, *, #56, .T. ) ;
#2530 = EDGE_LOOP ( 'NONE', ( #1446, #1537, #593, #2870 ) ) ;
#2531 = EDGE_CURVE ( 'NONE', #2786, #1204, #1382, .T. ) ;
#2532 = CARTESIAN_POINT ( 'NONE',  ( 8.312216655722192854E-17, 0.05000000000000000278, -0.5749999999999994005 ) ) ;
#2533 = VECTOR ( 'NONE', #3671, 1000.000000000000000 ) ;
#2534 = CARTESIAN_POINT ( 'NONE',  ( 1.499999999999999778, 0.2000000000000000111, -1.024999999999999245 ) ) ;
#2535 = ADVANCED_FACE ( 'NONE', ( #2548 ), #996, .T. ) ;
#2536 = PLANE ( 'NONE',  #3066 ) ;
#2537 = DIRECTION ( 'NONE',  ( 1.445602896647339163E-16, 0.000000000000000000, -1.000000000000000000 ) ) ;
#2538 = FACE_OUTER_BOUND ( 'NONE', #1782, .T. ) ;
#2539 = AXIS2_PLACEMENT_3D ( 'NONE', #2034, #3839, #4540 ) ;
#2540 = AXIS2_PLACEMENT_3D ( 'NONE', #2936, #2175, #278 ) ;
#2541 = ORIENTED_EDGE ( 'NONE', *, *, #2384, .F. ) ;
#2542 = AXIS2_PLACEMENT_3D ( 'NONE', #985, #1638, #3119 ) ;
#2543 = CARTESIAN_POINT ( 'NONE',  ( 0.6049999999999997602, 0.2000000000000000111, 1.009999999999999787 ) ) ;
#2544 = CARTESIAN_POINT ( 'NONE',  ( 1.499999999999999778, 0.2000000000000000111, -0.7749999999999993561 ) ) ;
#2545 = ORIENTED_EDGE ( 'NONE', *, *, #277, .T. ) ;
#2546 = CIRCLE ( 'NONE', #3006, 0.09999999999999982514 ) ;
#2547 = CARTESIAN_POINT ( 'NONE',  ( -1.199999999999999512, 0.6472135954999579388, 0.6750000000000004885 ) ) ;
#2548 = FACE_OUTER_BOUND ( 'NONE', #3065, .T. ) ;
#2549 = ORIENTED_EDGE ( 'NONE', *, *, #128, .T. ) ;
#2550 = EDGE_CURVE ( 'NONE', #3101, #3664, #3951, .T. ) ;
#2551 = MANIFOLD_SOLID_BREP ( 'Boss-Extrude3', #4135 ) ;
#2552 = VERTEX_POINT ( 'NONE', #1745 ) ;
#2553 = EDGE_LOOP ( 'NONE', ( #3646, #287, #3606, #48, #2137 ) ) ;
#2554 = CARTESIAN_POINT ( 'NONE',  ( -1.099999999999999645, 0.6472135954999579388, 0.2250000000000006439 ) ) ;
#2555 = VECTOR ( 'NONE', #3633, 1000.000000000000000 ) ;
#2556 = DIRECTION ( 'NONE',  ( 1.445602896647339163E-16, 0.000000000000000000, -1.000000000000000000 ) ) ;
#2557 = EDGE_CURVE ( 'NONE', #3834, #2375, #342, .T. ) ;
#2558 = DIRECTION ( 'NONE',  ( 1.000000000000000000, 0.000000000000000000, -1.301042606982605912E-15 ) ) ;
#2559 = MANIFOLD_SOLID_BREP ( 'Boss-Extrude2[2]', #2054 ) ;
#2560 = DIRECTION ( 'NONE',  ( -0.000000000000000000, -1.000000000000000000, 0.000000000000000000 ) ) ;
#2561 = AXIS2_PLACEMENT_3D ( 'NONE', #3586, #280, #1752 ) ;
#2562 = EDGE_CURVE ( 'NONE', #3375, #1685, #744, .T. ) ;
#2563 = DIRECTION ( 'NONE',  ( 0.000000000000000000, -1.000000000000000000, 0.000000000000000000 ) ) ;
#2564 = VECTOR ( 'NONE', #3861, 1000.000000000000000 ) ;
#2565 = ORIENTED_EDGE ( 'NONE', *, *, #1934, .F. ) ;
#2566 = DIRECTION ( 'NONE',  ( 0.000000000000000000, 1.000000000000000000, 0.000000000000000000 ) ) ;
#2567 = DIRECTION ( 'NONE',  ( -1.000000000000000000, 0.000000000000000000, -1.590163186312073696E-15 ) ) ;
#2568 = VECTOR ( 'NONE', #4548, 1000.000000000000000 ) ;
#2569 = FACE_OUTER_BOUND ( 'NONE', #2517, .T. ) ;
#2570 = DIRECTION ( 'NONE',  ( -0.000000000000000000, -1.000000000000000000, 0.000000000000000000 ) ) ;
#2571 = ORIENTED_EDGE ( 'NONE', *, *, #2432, .F. ) ;
#2572 = CARTESIAN_POINT ( 'NONE',  ( -1.199999999999999512, 0.1999999999999999833, -0.7749999999999993561 ) ) ;
#2573 = AXIS2_PLACEMENT_3D ( 'NONE', #1314, #3508, #554 ) ;
#2574 = DIRECTION ( 'NONE',  ( 1.000000000000000000, 0.000000000000000000, 1.445602896647339163E-16 ) ) ;
#2575 = AXIS2_PLACEMENT_3D ( 'NONE', #2638, #400, #1225 ) ;
#2576 = ORIENTED_EDGE ( 'NONE', *, *, #4189, .F. ) ;
#2577 = ORIENTED_EDGE ( 'NONE', *, *, #511, .T. ) ;
#2578 = EDGE_CURVE ( 'NONE', #4120, #3433, #3222, .T. ) ;
#2579 = PRESENTATION_LAYER_ASSIGNMENT (  '', '', ( #1951 ) ) ;
#2580 = EDGE_LOOP ( 'NONE', ( #115, #2117, #4226, #24 ) ) ;
#2581 = FILL_AREA_STYLE_COLOUR ( '', #705 ) ;
#2582 = EDGE_CURVE ( 'NONE', #506, #2312, #3315, .T. ) ;
#2583 = DIRECTION ( 'NONE',  ( 0.000000000000000000, 1.000000000000000000, 0.000000000000000000 ) ) ;
#2584 = DIRECTION ( 'NONE',  ( -1.000000000000000000, 0.000000000000000000, -1.445602896647339163E-16 ) ) ;
#2585 = DIRECTION ( 'NONE',  ( 0.000000000000000000, -1.000000000000000000, -0.000000000000000000 ) ) ;
#2586 = FACE_OUTER_BOUND ( 'NONE', #4250, .T. ) ;
#2587 = EDGE_CURVE ( 'NONE', #1483, #272, #408, .T. ) ;
#2588 = FACE_OUTER_BOUND ( 'NONE', #614, .T. ) ;
#2589 = CARTESIAN_POINT ( 'NONE',  ( -1.099999999999999645, 0.04999999999999999584, 0.6750000000000005995 ) ) ;
#2590 = ORIENTED_EDGE ( 'NONE', *, *, #1605, .F. ) ;
#2591 = CARTESIAN_POINT ( 'NONE',  ( -1.199999999999999512, 0.04999999999999999584, 0.7750000000000002442 ) ) ;
#2592 = CARTESIAN_POINT ( 'NONE',  ( -1.499999999999999778, 0.1999999999999999833, 1.225000000000000089 ) ) ;
#2593 = EDGE_CURVE ( 'NONE', #2311, #3898, #4095, .T. ) ;
#2594 = MANIFOLD_SOLID_BREP ( 'LPattern3[8]', #1812 ) ;
#2595 = PLANE ( 'NONE',  #3661 ) ;
#2596 = DIRECTION ( 'NONE',  ( 1.301042606982605715E-15, 0.000000000000000000, 1.000000000000000000 ) ) ;
#2597 = DIRECTION ( 'NONE',  ( -0.000000000000000000, -1.000000000000000000, 0.000000000000000000 ) ) ;
#2598 = ORIENTED_EDGE ( 'NONE', *, *, #4143, .F. ) ;
#2599 = ADVANCED_FACE ( 'NONE', ( #3003 ), #1167, .F. ) ;
#2600 = CARTESIAN_POINT ( 'NONE',  ( -1.199999999999999512, 0.04999999999999999584, -0.2249999999999994504 ) ) ;
#2601 = CLOSED_SHELL ( 'NONE', ( #2658, #1094, #2230, #1199, #3625, #69 ) ) ;
#2602 = ORIENTED_EDGE ( 'NONE', *, *, #3915, .T. ) ;
#2603 = MANIFOLD_SOLID_BREP ( 'LPattern3[2]', #3514 ) ;
#2604 = EDGE_LOOP ( 'NONE', ( #1045, #3887, #1313, #22, #4049 ) ) ;
#2605 = ORIENTED_EDGE ( 'NONE', *, *, #3145, .F. ) ;
#2606 = CARTESIAN_POINT ( 'NONE',  ( -0.6050000000000002043, 0.2000000000000000944, 1.009999999999999787 ) ) ;
#2607 = ORIENTED_EDGE ( 'NONE', *, *, #2500, .F. ) ;
#2608 = PLANE ( 'NONE',  #2487 ) ;
#2609 = CYLINDRICAL_SURFACE ( 'NONE', #2839, 0.09999999999999982514 ) ;
#2610 = LINE ( 'NONE', #4437, #898 ) ;
#2611 =( NAMED_UNIT ( * ) PLANE_ANGLE_UNIT ( ) SI_UNIT ( $, .RADIAN. ) );
#2612 = CARTESIAN_POINT ( 'NONE',  ( -1.499999999999999334, 0.000000000000000000, -0.7749999999999998002 ) ) ;
#2613 = VERTEX_POINT ( 'NONE', #4571 ) ;
#2614 = DIRECTION ( 'NONE',  ( 0.000000000000000000, -1.000000000000000000, 0.000000000000000000 ) ) ;
#2615 = DIRECTION ( 'NONE',  ( -1.000000000000000000, 0.000000000000000000, 0.000000000000000000 ) ) ;
#2616 = DIRECTION ( 'NONE',  ( 1.445602896647339163E-16, 0.000000000000000000, -1.000000000000000000 ) ) ;
#2617 = MANIFOLD_SOLID_BREP ( 'LPattern3[1]', #420 ) ;
#2618 = LINE ( 'NONE', #740, #693 ) ;
#2619 = VECTOR ( 'NONE', #615, 1000.000000000000000 ) ;
#2620 = VERTEX_POINT ( 'NONE', #3385 ) ;
#2621 = EDGE_CURVE ( 'NONE', #584, #455, #2266, .T. ) ;
#2622 = CARTESIAN_POINT ( 'NONE',  ( -1.199999999999999289, 0.2000000000000000111, -0.5749999999999996225 ) ) ;
#2623 = EDGE_CURVE ( 'NONE', #3999, #3043, #3357, .T. ) ;
#2624 = VERTEX_POINT ( 'NONE', #4158 ) ;
#2625 = ORIENTED_EDGE ( 'NONE', *, *, #1455, .T. ) ;
#2626 = ORIENTED_EDGE ( 'NONE', *, *, #4570, .F. ) ;
#2627 = LINE ( 'NONE', #2289, #4419 ) ;
#2628 = DIRECTION ( 'NONE',  ( 1.445602896647339163E-16, 0.000000000000000000, -1.000000000000000000 ) ) ;
#2629 = CARTESIAN_POINT ( 'NONE',  ( -1.099999999999999645, 0.000000000000000000, -0.6749999999999993783 ) ) ;
#2630 = ORIENTED_EDGE ( 'NONE', *, *, #4072, .F. ) ;
#2631 = DIRECTION ( 'NONE',  ( -0.000000000000000000, -1.000000000000000000, 0.000000000000000000 ) ) ;
#2632 = ORIENTED_EDGE ( 'NONE', *, *, #4323, .F. ) ;
#2633 = CARTESIAN_POINT ( 'NONE',  ( -1.499999999999999778, 0.6472135954999579388, 1.225000000000000089 ) ) ;
#2634 = DIRECTION ( 'NONE',  ( -1.000000000000000000, 0.000000000000000000, 0.000000000000000000 ) ) ;
#2635 = VECTOR ( 'NONE', #4389, 1000.000000000000000 ) ;
#2636 = DIRECTION ( 'NONE',  ( 0.000000000000000000, -1.000000000000000000, 0.000000000000000000 ) ) ;
#2637 = VECTOR ( 'NONE', #3281, 1000.000000000000000 ) ;
#2638 = CARTESIAN_POINT ( 'NONE',  ( 1.199999999999999734, 0.000000000000000000, -1.124999999999999112 ) ) ;
#2639 = VECTOR ( 'NONE', #2889, 1000.000000000000000 ) ;
#2640 = CARTESIAN_POINT ( 'NONE',  ( -1.499999999999999778, 0.000000000000000000, 1.225000000000000089 ) ) ;
#2641 = DIRECTION ( 'NONE',  ( 0.000000000000000000, -1.000000000000000000, 0.000000000000000000 ) ) ;
#2642 = EDGE_CURVE ( 'NONE', #1740, #2765, #2277, .T. ) ;
#2643 = LINE ( 'NONE', #2305, #4281 ) ;
#2644 = ORIENTED_EDGE ( 'NONE', *, *, #4332, .F. ) ;
#2645 = DIRECTION ( 'NONE',  ( -1.000000000000000000, 0.000000000000000000, -1.445602896647339163E-16 ) ) ;
#2646 = ADVANCED_FACE ( 'NONE', ( #61 ), #472, .T. ) ;
#2647 = VERTEX_POINT ( 'NONE', #4515 ) ;
#2648 = VECTOR ( 'NONE', #608, 1000.000000000000000 ) ;
#2649 = ORIENTED_EDGE ( 'NONE', *, *, #3086, .T. ) ;
#2650 = COLOUR_RGB ( '',0.7921568627450980005, 0.8196078431372548767, 0.9333333333333333481 ) ;
#2651 = CARTESIAN_POINT ( 'NONE',  ( 1.499999999999999556, 0.000000000000000000, -0.1249999999999992506 ) ) ;
#2652 = DIRECTION ( 'NONE',  ( -1.000000000000000000, 0.000000000000000000, -1.445602896647339163E-16 ) ) ;
#2653 = ORIENTED_EDGE ( 'NONE', *, *, #538, .T. ) ;
#2654 = AXIS2_PLACEMENT_3D ( 'NONE', #2075, #1347, #2833 ) ;
#2655 = DIRECTION ( 'NONE',  ( 1.000000000000000000, 0.000000000000000000, 1.590163186312073893E-15 ) ) ;
#2656 = DIRECTION ( 'NONE',  ( -1.000000000000000000, 0.000000000000000000, -1.590163186312073696E-15 ) ) ;
#2657 = VECTOR ( 'NONE', #3011, 1000.000000000000000 ) ;
#2658 = ADVANCED_FACE ( 'NONE', ( #1880 ), #1565, .F. ) ;
#2659 = DIRECTION ( 'NONE',  ( -0.000000000000000000, -1.000000000000000000, 0.000000000000000000 ) ) ;
#2660 = DIRECTION ( 'NONE',  ( 1.000000000000000000, -0.000000000000000000, 1.445602896647339163E-16 ) ) ;
#2661 = CARTESIAN_POINT ( 'NONE',  ( 1.499999999999999334, 0.000000000000000000, 1.025000000000000577 ) ) ;
#2662 = ORIENTED_EDGE ( 'NONE', *, *, #3759, .F. ) ;
#2663 = SURFACE_SIDE_STYLE ('',( #3740 ) ) ;
#2664 = FACE_OUTER_BOUND ( 'NONE', #896, .T. ) ;
#2665 = DIRECTION ( 'NONE',  ( 0.000000000000000000, 1.000000000000000000, 0.000000000000000000 ) ) ;
#2666 = EDGE_CURVE ( 'NONE', #4326, #2356, #1927, .T. ) ;
#2667 = DIRECTION ( 'NONE',  ( -1.000000000000000000, 0.000000000000000000, -1.445602896647339163E-16 ) ) ;
#2668 = DIRECTION ( 'NONE',  ( 0.000000000000000000, -1.000000000000000000, 0.000000000000000000 ) ) ;
#2669 = ORIENTED_EDGE ( 'NONE', *, *, #3399, .T. ) ;
#2670 = CARTESIAN_POINT ( 'NONE',  ( 1.499999999999999334, 0.2000000000000000111, 0.7750000000000006883 ) ) ;
#2671 = ORIENTED_EDGE ( 'NONE', *, *, #1833, .T. ) ;
#2672 = ORIENTED_EDGE ( 'NONE', *, *, #2518, .F. ) ;
#2673 = VECTOR ( 'NONE', #1584, 1000.000000000000000 ) ;
#2674 = ORIENTED_EDGE ( 'NONE', *, *, #4358, .F. ) ;
#2675 = CARTESIAN_POINT ( 'NONE',  ( -1.099999999999999645, 0.000000000000000000, 0.2250000000000006439 ) ) ;
#2676 = PLANE ( 'NONE',  #2077 ) ;
#2677 = ORIENTED_EDGE ( 'NONE', *, *, #3869, .T. ) ;
#2678 = CARTESIAN_POINT ( 'NONE',  ( 1.199999999999999512, 0.1999999999999999833, -1.024999999999999245 ) ) ;
#2679 = DIRECTION ( 'NONE',  ( 1.000000000000000000, 0.000000000000000000, 1.445602896647339163E-16 ) ) ;
#2680 = EDGE_CURVE ( 'NONE', #1133, #4786, #1950, .T. ) ;
#2681 = CARTESIAN_POINT ( 'NONE',  ( 1.199999999999999734, 0.04999999999999999584, -1.124999999999999112 ) ) ;
#2682 = LINE ( 'NONE', #108, #4539 ) ;
#2683 = DIRECTION ( 'NONE',  ( 0.000000000000000000, -1.000000000000000000, 0.000000000000000000 ) ) ;
#2684 = ORIENTED_EDGE ( 'NONE', *, *, #2474, .T. ) ;
#2685 = AXIS2_PLACEMENT_3D ( 'NONE', #1117, #4378, #318 ) ;
#2686 = SURFACE_STYLE_USAGE ( .BOTH. , #2663 ) ;
#2687 = DIRECTION ( 'NONE',  ( -1.000000000000000000, 0.000000000000000000, -1.445602896647339163E-16 ) ) ;
#2688 = DIRECTION ( 'NONE',  ( 0.000000000000000000, 1.000000000000000000, 0.000000000000000000 ) ) ;
#2689 = PLANE ( 'NONE',  #4620 ) ;
#2690 = CARTESIAN_POINT ( 'NONE',  ( -1.499999999999999556, 0.1999999999999999833, -0.3249999999999997891 ) ) ;
#2691 = VERTEX_POINT ( 'NONE', #4111 ) ;
#2692 = VECTOR ( 'NONE', #181, 1000.000000000000000 ) ;
#2693 = ORIENTED_EDGE ( 'NONE', *, *, #3632, .T. ) ;
#2694 = CARTESIAN_POINT ( 'NONE',  ( -1.500000000000000666, 0.8000000000000003775, -1.499999999999999778 ) ) ;
#2695 = DIRECTION ( 'NONE',  ( 0.000000000000000000, 1.000000000000000000, 0.000000000000000000 ) ) ;
#2696 = ADVANCED_FACE ( 'NONE', ( #1183 ), #37, .T. ) ;
#2697 = ORIENTED_EDGE ( 'NONE', *, *, #293, .T. ) ;
#2698 = DIRECTION ( 'NONE',  ( 0.000000000000000000, -1.000000000000000000, 0.000000000000000000 ) ) ;
#2699 = ORIENTED_EDGE ( 'NONE', *, *, #1417, .T. ) ;
#2700 = MANIFOLD_SOLID_BREP ( 'LPattern3[9]', #3056 ) ;
#2701 = SURFACE_STYLE_FILL_AREA ( #2900 ) ;
#2702 = DIRECTION ( 'NONE',  ( -1.000000000000000000, 0.000000000000000000, -1.445602896647339163E-16 ) ) ;
#2703 = DIRECTION ( 'NONE',  ( -0.000000000000000000, -1.000000000000000000, 0.000000000000000000 ) ) ;
#2704 = ADVANCED_FACE ( 'NONE', ( #3067 ), #4536, .T. ) ;
#2705 = DIRECTION ( 'NONE',  ( -1.000000000000000000, 0.000000000000000000, -1.445602896647339163E-16 ) ) ;
#2706 = EDGE_CURVE ( 'NONE', #1483, #4073, #3333, .T. ) ;
#2707 = DIRECTION ( 'NONE',  ( 0.000000000000000000, 1.000000000000000000, 0.000000000000000000 ) ) ;
#2708 = CARTESIAN_POINT ( 'NONE',  ( 1.499999999999999334, 0.6472135954999579388, 0.7750000000000006883 ) ) ;
#2709 =( GEOMETRIC_REPRESENTATION_CONTEXT ( 3 ) GLOBAL_UNCERTAINTY_ASSIGNED_CONTEXT ( ( #712 ) ) GLOBAL_UNIT_ASSIGNED_CONTEXT ( ( #4459, #3708, #107 ) ) REPRESENTATION_CONTEXT ( 'NONE', 'WORKASPACE' ) );
#2710 = CARTESIAN_POINT ( 'NONE',  ( -0.9391392232563191556, 0.8000000000000000444, -1.145043518897132184 ) ) ;
#2711 = ORIENTED_EDGE ( 'NONE', *, *, #483, .T. ) ;
#2712 = DIRECTION ( 'NONE',  ( 1.000000000000000000, 0.000000000000000000, 0.000000000000000000 ) ) ;
#2713 = EDGE_CURVE ( 'NONE', #4073, #2881, #2252, .T. ) ;
#2714 = VECTOR ( 'NONE', #1187, 1000.000000000000000 ) ;
#2715 = ORIENTED_EDGE ( 'NONE', *, *, #1046, .F. ) ;
#2716 = AXIS2_PLACEMENT_3D ( 'NONE', #349, #752, #4079 ) ;
#2717 = VERTEX_POINT ( 'NONE', #2002 ) ;
#2718 = AXIS2_PLACEMENT_3D ( 'NONE', #3018, #1181, #3760 ) ;
#2719 = ORIENTED_EDGE ( 'NONE', *, *, #2208, .F. ) ;
#2720 = DIRECTION ( 'NONE',  ( 1.000000000000000000, 0.000000000000000000, -1.301042606982605912E-15 ) ) ;
#2721 = DIRECTION ( 'NONE',  ( 1.000000000000000000, 0.000000000000000000, 1.445602896647339163E-16 ) ) ;
#2722 = DIRECTION ( 'NONE',  ( -1.000000000000000000, 0.000000000000000000, -1.445602896647339163E-16 ) ) ;
#2723 = ORIENTED_EDGE ( 'NONE', *, *, #911, .F. ) ;
#2724 = DIRECTION ( 'NONE',  ( 0.000000000000000000, -1.000000000000000000, -0.000000000000000000 ) ) ;
#2725 = EDGE_CURVE ( 'NONE', #4474, #1911, #3912, .T. ) ;
#2726 = ORIENTED_EDGE ( 'NONE', *, *, #4127, .T. ) ;
#2727 = CIRCLE ( 'NONE', #3031, 0.09999999999999982514 ) ;
#2728 = AXIS2_PLACEMENT_3D ( 'NONE', #3830, #2698, #463 ) ;
#2729 = CARTESIAN_POINT ( 'NONE',  ( 1.199999999999999512, 0.000000000000000000, 0.2250000000000009770 ) ) ;
#2730 = VECTOR ( 'NONE', #2174, 1000.000000000000000 ) ;
#2731 = CARTESIAN_POINT ( 'NONE',  ( -1.500000000000000666, 0.8000000000000003775, 1.500000000000000222 ) ) ;
#2732 = EDGE_CURVE ( 'NONE', #375, #4213, #4256, .T. ) ;
#2733 = FACE_OUTER_BOUND ( 'NONE', #240, .T. ) ;
#2734 = CARTESIAN_POINT ( 'NONE',  ( -1.199999999999999734, 0.6472135954999579388, 0.1250000000000008049 ) ) ;
#2735 = FACE_OUTER_BOUND ( 'NONE', #2981, .T. ) ;
#2736 = FACE_OUTER_BOUND ( 'NONE', #3456, .T. ) ;
#2737 = AXIS2_PLACEMENT_3D ( 'NONE', #3424, #4588, #2391 ) ;
#2738 = LINE ( 'NONE', #3430, #4334 ) ;
#2739 = ORIENTED_EDGE ( 'NONE', *, *, #1873, .F. ) ;
#2740 = EDGE_LOOP ( 'NONE', ( #4267, #4330, #2282, #2662 ) ) ;
#2741 = DIRECTION ( 'NONE',  ( 1.000000000000000000, 0.000000000000000000, 1.445602896647339163E-16 ) ) ;
#2742 = ADVANCED_FACE ( 'NONE', ( #496 ), #161, .F. ) ;
#2743 = ADVANCED_FACE ( 'NONE', ( #2733 ), #2030, .T. ) ;
#2744 = ORIENTED_EDGE ( 'NONE', *, *, #2304, .T. ) ;
#2745 = ORIENTED_EDGE ( 'NONE', *, *, #2666, .T. ) ;
#2746 = DIRECTION ( 'NONE',  ( 0.000000000000000000, -1.000000000000000000, -0.000000000000000000 ) ) ;
#2747 = LINE ( 'NONE', #3900, #4119 ) ;
#2748 = CARTESIAN_POINT ( 'NONE',  ( 1.499999999999999556, 0.2000000000000000111, 0.5750000000000006217 ) ) ;
#2749 = VERTEX_POINT ( 'NONE', #1709 ) ;
#2750 = LINE ( 'NONE', #3464, #2943 ) ;
#2751 = ORIENTED_EDGE ( 'NONE', *, *, #2304, .F. ) ;
#2752 = AXIS2_PLACEMENT_3D ( 'NONE', #1896, #1513, #2293 ) ;
#2753 = CARTESIAN_POINT ( 'NONE',  ( -1.199999999999999512, 0.000000000000000000, 0.2250000000000006439 ) ) ;
#2754 = DIRECTION ( 'NONE',  ( -1.000000000000000000, 0.000000000000000000, 1.301042606982605715E-15 ) ) ;
#2755 = DIRECTION ( 'NONE',  ( 1.000000000000000000, 0.000000000000000000, 1.590163186312073696E-15 ) ) ;
#2756 = DIRECTION ( 'NONE',  ( 1.000000000000000000, 0.000000000000000000, 1.445602896647339163E-16 ) ) ;
#2757 = CARTESIAN_POINT ( 'NONE',  ( 1.499999999999999556, 0.000000000000000000, 0.3250000000000008438 ) ) ;
#2758 = CARTESIAN_POINT ( 'NONE',  ( 1.499999999999999334, 0.8000000000000003775, 1.500000000000000666 ) ) ;
#2759 = LINE ( 'NONE', #791, #2181 ) ;
#2760 = ORIENTED_EDGE ( 'NONE', *, *, #851, .F. ) ;
#2761 = DIRECTION ( 'NONE',  ( 0.000000000000000000, 1.000000000000000000, 0.000000000000000000 ) ) ;
#2762 = AXIS2_PLACEMENT_3D ( 'NONE', #4427, #4739, #1141 ) ;
#2763 = EDGE_CURVE ( 'NONE', #648, #153, #3471, .T. ) ;
#2764 = ORIENTED_EDGE ( 'NONE', *, *, #1073, .F. ) ;
#2765 = VERTEX_POINT ( 'NONE', #2443 ) ;
#2766 = DIRECTION ( 'NONE',  ( -1.000000000000000000, 0.000000000000000000, -1.590163186312073696E-15 ) ) ;
#2767 = EDGE_CURVE ( 'NONE', #3801, #3160, #134, .T. ) ;
#2768 = CARTESIAN_POINT ( 'NONE',  ( 1.199999999999999289, 0.6472135954999579388, -0.5749999999999991784 ) ) ;
#2769 = CIRCLE ( 'NONE', #1909, 0.09999999999999982514 ) ;
#2770 = FACE_OUTER_BOUND ( 'NONE', #2862, .T. ) ;
#2771 = AXIS2_PLACEMENT_3D ( 'NONE', #301, #2875, #3676 ) ;
#2772 =( NAMED_UNIT ( * ) SI_UNIT ( $, .STERADIAN. ) SOLID_ANGLE_UNIT ( ) );
#2773 = ORIENTED_EDGE ( 'NONE', *, *, #789, .T. ) ;
#2774 = CARTESIAN_POINT ( 'NONE',  ( 1.199999999999999734, 0.1999999999999999833, -0.3249999999999989564 ) ) ;
#2775 = ORIENTED_EDGE ( 'NONE', *, *, #213, .T. ) ;
#2776 = AXIS2_PLACEMENT_3D ( 'NONE', #621, #2114, #1375 ) ;
#2777 = CARTESIAN_POINT ( 'NONE',  ( 1.199999999999999289, 0.6472135954999579388, -0.1249999999999992922 ) ) ;
#2778 = DIRECTION ( 'NONE',  ( 0.000000000000000000, 1.000000000000000000, 0.000000000000000000 ) ) ;
#2779 = PLANE ( 'NONE',  #4266 ) ;
#2780 = VECTOR ( 'NONE', #3117, 1000.000000000000000 ) ;
#2781 = VERTEX_POINT ( 'NONE', #3888 ) ;
#2782 = CARTESIAN_POINT ( 'NONE',  ( 1.199999999999999512, 0.000000000000000000, -0.2249999999999991174 ) ) ;
#2783 = CARTESIAN_POINT ( 'NONE',  ( -1.199999999999999734, 0.2000000000000000111, 1.125000000000000444 ) ) ;
#2784 = DIRECTION ( 'NONE',  ( -1.445602896647339163E-16, 0.000000000000000000, 1.000000000000000000 ) ) ;
#2785 = CARTESIAN_POINT ( 'NONE',  ( 1.499999999999999556, 0.1999999999999999833, 0.5750000000000006217 ) ) ;
#2786 = VERTEX_POINT ( 'NONE', #4286 ) ;
#2787 = ADVANCED_FACE ( 'NONE', ( #594 ), #2418, .F. ) ;
#2788 = VERTEX_POINT ( 'NONE', #2838 ) ;
#2789 = FACE_OUTER_BOUND ( 'NONE', #87, .T. ) ;
#2790 = EDGE_CURVE ( 'NONE', #2118, #3338, #3193, .T. ) ;
#2791 = ORIENTED_EDGE ( 'NONE', *, *, #4438, .F. ) ;
#2792 = ORIENTED_EDGE ( 'NONE', *, *, #411, .T. ) ;
#2793 = VECTOR ( 'NONE', #2885, 1000.000000000000000 ) ;
#2794 = EDGE_CURVE ( 'NONE', #1673, #3649, #2546, .T. ) ;
#2795 = CARTESIAN_POINT ( 'NONE',  ( 1.499999999999999556, 0.6472135954999579388, 0.1250000000000007494 ) ) ;
#2796 = VECTOR ( 'NONE', #1113, 1000.000000000000000 ) ;
#2797 = EDGE_CURVE ( 'NONE', #4398, #241, #881, .T. ) ;
#2798 = FACE_OUTER_BOUND ( 'NONE', #125, .T. ) ;
#2799 = CIRCLE ( 'NONE', #3407, 0.09999999999999982514 ) ;
#2800 = CARTESIAN_POINT ( 'NONE',  ( 1.499999999999999556, 0.1999999999999999833, 0.3250000000000008438 ) ) ;
#2801 = EDGE_LOOP ( 'NONE', ( #2244, #3548, #691, #1579 ) ) ;
#2802 = FACE_OUTER_BOUND ( 'NONE', #4301, .T. ) ;
#2803 = STYLED_ITEM ( 'NONE', ( #3518 ), #569 ) ;
#2804 = VERTEX_POINT ( 'NONE', #208 ) ;
#2805 = EDGE_CURVE ( 'NONE', #695, #1466, #684, .T. ) ;
#2806 = CARTESIAN_POINT ( 'NONE',  ( 0.6049999999999997602, 0.000000000000000000, 1.009999999999999787 ) ) ;
#2807 = CARTESIAN_POINT ( 'NONE',  ( -1.199999999999999734, 0.000000000000000000, 0.1250000000000008049 ) ) ;
#2808 = AXIS2_PLACEMENT_3D ( 'NONE', #1681, #3474, #4639 ) ;
#2809 = CARTESIAN_POINT ( 'NONE',  ( -1.499999999999999334, 0.2000000000000000111, -1.024999999999999689 ) ) ;
#2810 = DIRECTION ( 'NONE',  ( -1.445602896647339163E-16, 0.000000000000000000, 1.000000000000000000 ) ) ;
#2811 = VERTEX_POINT ( 'NONE', #932 ) ;
#2812 = EDGE_CURVE ( 'NONE', #2717, #3973, #3087, .T. ) ;
#2813 = CARTESIAN_POINT ( 'NONE',  ( 1.499999999999999334, 5.842640687119285303, 1.500000000000000666 ) ) ;
#2814 = PRESENTATION_LAYER_ASSIGNMENT (  '', '', ( #3967 ) ) ;
#2815 = FACE_OUTER_BOUND ( 'NONE', #44, .T. ) ;
#2816 = CARTESIAN_POINT ( 'NONE',  ( -1.499999999999999778, 0.1999999999999999833, 0.7750000000000002442 ) ) ;
#2817 = VECTOR ( 'NONE', #2969, 1000.000000000000000 ) ;
#2818 = ORIENTED_EDGE ( 'NONE', *, *, #516, .T. ) ;
#2819 = VECTOR ( 'NONE', #1542, 1000.000000000000000 ) ;
#2820 = AXIS2_PLACEMENT_3D ( 'NONE', #533, #2068, #222 ) ;
#2821 = VERTEX_POINT ( 'NONE', #3141 ) ;
#2822 = LINE ( 'NONE', #528, #1661 ) ;
#2823 = EDGE_CURVE ( 'NONE', #3581, #1815, #4592, .T. ) ;
#2824 = PRODUCT_CONTEXT ( 'NONE', #118, 'mechanical' ) ;
#2825 = ORIENTED_EDGE ( 'NONE', *, *, #1439, .F. ) ;
#2826 = DIRECTION ( 'NONE',  ( -1.000000000000000000, 0.000000000000000000, -1.445602896647339163E-16 ) ) ;
#2827 = CYLINDRICAL_SURFACE ( 'NONE', #4579, 0.09999999999999982514 ) ;
#2828 = ORIENTED_EDGE ( 'NONE', *, *, #3411, .T. ) ;
#2829 = CARTESIAN_POINT ( 'NONE',  ( 1.199999999999999512, 0.1999999999999999833, -0.2249999999999991174 ) ) ;
#2830 = ORIENTED_EDGE ( 'NONE', *, *, #3647, .T. ) ;
#2831 = FACE_OUTER_BOUND ( 'NONE', #4102, .T. ) ;
#2832 = CARTESIAN_POINT ( 'NONE',  ( 1.199999999999999512, 0.6472135954999579388, 1.025000000000001021 ) ) ;
#2833 = DIRECTION ( 'NONE',  ( -1.000000000000000000, 0.000000000000000000, -1.445602896647339163E-16 ) ) ;
#2834 = DIRECTION ( 'NONE',  ( 0.000000000000000000, -1.000000000000000000, 0.000000000000000000 ) ) ;
#2835 = EDGE_CURVE ( 'NONE', #503, #1532, #3836, .T. ) ;
#2836 = ORIENTED_EDGE ( 'NONE', *, *, #1633, .T. ) ;
#2837 = CIRCLE ( 'NONE', #4518, 0.09999999999999982514 ) ;
#2838 = CARTESIAN_POINT ( 'NONE',  ( -1.499999999999999556, 0.2000000000000000111, 0.3250000000000003997 ) ) ;
#2839 = AXIS2_PLACEMENT_3D ( 'NONE', #4176, #465, #850 ) ;
#2840 = LINE ( 'NONE', #1736, #1092 ) ;
#2841 = ADVANCED_FACE ( 'NONE', ( #4232 ), #2395, .F. ) ;
#2842 = DIRECTION ( 'NONE',  ( -1.445602896647339163E-16, 0.000000000000000000, 1.000000000000000000 ) ) ;
#2843 = EDGE_LOOP ( 'NONE', ( #2933, #1126, #1889, #3435 ) ) ;
#2844 = ORIENTED_EDGE ( 'NONE', *, *, #3227, .T. ) ;
#2845 = DIRECTION ( 'NONE',  ( -1.445602896647339163E-16, 0.000000000000000000, 1.000000000000000000 ) ) ;
#2846 = FACE_OUTER_BOUND ( 'NONE', #1823, .T. ) ;
#2847 = CIRCLE ( 'NONE', #127, 0.09999999999999982514 ) ;
#2848 = DIRECTION ( 'NONE',  ( 0.000000000000000000, 0.000000000000000000, -1.000000000000000000 ) ) ;
#2849 = CARTESIAN_POINT ( 'NONE',  ( 1.499999999999999334, 0.6472135954999579388, 1.025000000000000577 ) ) ;
#2850 = EDGE_LOOP ( 'NONE', ( #2214, #1397, #3916, #3894 ) ) ;
#2851 = LINE ( 'NONE', #1672, #1587 ) ;
#2852 = ORIENTED_EDGE ( 'NONE', *, *, #3444, .T. ) ;
#2853 = EDGE_CURVE ( 'NONE', #798, #1730, #2053, .T. ) ;
#2854 = CARTESIAN_POINT ( 'NONE',  ( -1.499999999999999556, 0.000000000000000000, 0.3250000000000003997 ) ) ;
#2855 = CARTESIAN_POINT ( 'NONE',  ( 1.481742969063521823E-16, 0.05000000000000000278, -1.024999999999999467 ) ) ;
#2856 = VECTOR ( 'NONE', #1555, 1000.000000000000000 ) ;
#2857 = SURFACE_SIDE_STYLE ('',( #2051 ) ) ;
#2858 = LINE ( 'NONE', #1754, #610 ) ;
#2859 = CARTESIAN_POINT ( 'NONE',  ( -1.099999999999999645, 0.6472135954999579388, -0.2249999999999994504 ) ) ;
#2860 = CARTESIAN_POINT ( 'NONE',  ( -1.499999999999999556, 0.000000000000000000, -0.5749999999999996225 ) ) ;
#2861 = EDGE_CURVE ( 'NONE', #720, #695, #1735, .T. ) ;
#2862 = EDGE_LOOP ( 'NONE', ( #3097, #2711, #1723, #4449 ) ) ;
#2863 = ORIENTED_EDGE ( 'NONE', *, *, #1525, .T. ) ;
#2864 = LINE ( 'NONE', #1285, #3552 ) ;
#2865 = EDGE_CURVE ( 'NONE', #3910, #783, #3566, .T. ) ;
#2866 = AXIS2_PLACEMENT_3D ( 'NONE', #2878, #2135, #1053 ) ;
#2867 = ORIENTED_EDGE ( 'NONE', *, *, #924, .F. ) ;
#2868 = LINE ( 'NONE', #3981, #4299 ) ;
#2869 = AXIS2_PLACEMENT_3D ( 'NONE', #3920, #168, #4696 ) ;
#2870 = ORIENTED_EDGE ( 'NONE', *, *, #3439, .F. ) ;
#2871 = AXIS2_PLACEMENT_3D ( 'NONE', #4643, #3865, #4262 ) ;
#2872 = EDGE_LOOP ( 'NONE', ( #2626, #3392, #4333, #119, #1450, #437, #2362, #3059, #3799, #1464, #2196, #1860, #3573, #1097, #3028, #3937, #4782, #1364, #1302, #4680, #3689, #1047, #1284, #328, #2184, #758, #3290, #179, #4201, #4401, #4454, #3561, #2101, #1767, #3165, #2576, #308, #3673, #2751, #959, #2992, #4051, #4619, #3100, #3972, #4743, #1192, #936, #640, #3771, #3559, #785, #3483, #2934, #1270, #20, #531, #2932 ) ) ;
#2873 = DIRECTION ( 'NONE',  ( 1.000000000000000000, 0.000000000000000000, 0.000000000000000000 ) ) ;
#2874 = CIRCLE ( 'NONE', #4484, 0.09999999999999982514 ) ;
#2875 = DIRECTION ( 'NONE',  ( -1.590163186312073893E-15, 0.000000000000000000, 1.000000000000000000 ) ) ;
#2876 = EDGE_CURVE ( 'NONE', #272, #1532, #4748, .T. ) ;
#2877 = DIRECTION ( 'NONE',  ( -0.000000000000000000, -1.000000000000000000, 0.000000000000000000 ) ) ;
#2878 = CARTESIAN_POINT ( 'NONE',  ( -1.199999999999999289, 0.2000000000000000111, -0.1249999999999996253 ) ) ;
#2879 = CARTESIAN_POINT ( 'NONE',  ( 0.6049999999999997602, 0.2000000000000000111, 1.009999999999999787 ) ) ;
#2880 = ADVANCED_FACE ( 'NONE', ( #4689 ), #4347, .F. ) ;
#2881 = VERTEX_POINT ( 'NONE', #350 ) ;
#2882 = VECTOR ( 'NONE', #2616, 1000.000000000000000 ) ;
#2883 = VERTEX_POINT ( 'NONE', #3276 ) ;
#2884 = ORIENTED_EDGE ( 'NONE', *, *, #572, .T. ) ;
#2885 = DIRECTION ( 'NONE',  ( 0.000000000000000000, 0.000000000000000000, 1.000000000000000000 ) ) ;
#2886 = VECTOR ( 'NONE', #2124, 1000.000000000000000 ) ;
#2887 = AXIS2_PLACEMENT_3D ( 'NONE', #2243, #1148, #2177 ) ;
#2888 = CYLINDRICAL_SURFACE ( 'NONE', #1190, 0.09999999999999982514 ) ;
#2889 = DIRECTION ( 'NONE',  ( -0.000000000000000000, -1.000000000000000000, 0.000000000000000000 ) ) ;
#2890 = VECTOR ( 'NONE', #633, 1000.000000000000000 ) ;
#2891 = EDGE_CURVE ( 'NONE', #4701, #2287, #1922, .T. ) ;
#2892 = DIRECTION ( 'NONE',  ( -1.000000000000000000, 0.000000000000000000, -1.445602896647339163E-16 ) ) ;
#2893 = LINE ( 'NONE', #2908, #3645 ) ;
#2894 = EDGE_CURVE ( 'NONE', #3636, #2788, #1373, .T. ) ;
#2895 = EDGE_LOOP ( 'NONE', ( #2379, #4142, #2529, #2401 ) ) ;
#2896 = FACE_OUTER_BOUND ( 'NONE', #285, .T. ) ;
#2897 = ORIENTED_EDGE ( 'NONE', *, *, #4626, .F. ) ;
#2898 = CARTESIAN_POINT ( 'NONE',  ( -1.110345230445701104, 0.6999999999999999556, -1.145043518897132184 ) ) ;
#2899 = CARTESIAN_POINT ( 'NONE',  ( -4.228388472693434752E-16, 0.05000000000000000278, -0.3249999999999974021 ) ) ;
#2900 = FILL_AREA_STYLE ('',( #1416 ) ) ;
#2901 = LINE ( 'NONE', #1778, #1530 ) ;
#2902 = LINE ( 'NONE', #2986, #730 ) ;
#2903 = ORIENTED_EDGE ( 'NONE', *, *, #3061, .F. ) ;
#2904 = ORIENTED_EDGE ( 'NONE', *, *, #4624, .F. ) ;
#2905 = LINE ( 'NONE', #2207, #4714 ) ;
#2906 = FILL_AREA_STYLE ('',( #3262 ) ) ;
#2907 = CARTESIAN_POINT ( 'NONE',  ( 1.499999999999999334, 5.842640687119285303, -1.499999999999999334 ) ) ;
#2908 = CARTESIAN_POINT ( 'NONE',  ( -1.099999999999999645, 0.2000000000000000111, 0.2250000000000006439 ) ) ;
#2909 = EDGE_CURVE ( 'NONE', #875, #1133, #2858, .T. ) ;
#2910 = ORIENTED_EDGE ( 'NONE', *, *, #978, .F. ) ;
#2911 = VERTEX_POINT ( 'NONE', #2203 ) ;
#2912 = EDGE_CURVE ( 'NONE', #3565, #731, #4388, .T. ) ;
#2913 = CYLINDRICAL_SURFACE ( 'NONE', #2193, 0.09999999999999982514 ) ;
#2914 = DIRECTION ( 'NONE',  ( 1.000000000000000000, 0.000000000000000000, 1.445602896647339163E-16 ) ) ;
#2915 = CARTESIAN_POINT ( 'NONE',  ( -1.500000000000000666, 0.05000000000000000278, -0.3249999999999997891 ) ) ;
#2916 = DIRECTION ( 'NONE',  ( 1.000000000000000000, 0.000000000000000000, 1.445602896647339163E-16 ) ) ;
#2917 = DIRECTION ( 'NONE',  ( 1.445602896647339163E-16, 0.000000000000000000, -1.000000000000000000 ) ) ;
#2918 = DIRECTION ( 'NONE',  ( 0.000000000000000000, -1.000000000000000000, -0.000000000000000000 ) ) ;
#2919 = VERTEX_POINT ( 'NONE', #3231 ) ;
#2920 = AXIS2_PLACEMENT_3D ( 'NONE', #1771, #4014, #727 ) ;
#2921 = ORIENTED_EDGE ( 'NONE', *, *, #2623, .T. ) ;
#2922 = AXIS2_PLACEMENT_3D ( 'NONE', #2967, #4019, #1802 ) ;
#2923 = LINE ( 'NONE', #4039, #81 ) ;
#2924 = CARTESIAN_POINT ( 'NONE',  ( 1.199999999999999067, 0.04999999999999999584, 1.225000000000000533 ) ) ;
#2925 = EDGE_CURVE ( 'NONE', #967, #566, #4034, .T. ) ;
#2926 = FACE_OUTER_BOUND ( 'NONE', #1912, .T. ) ;
#2927 = FACE_OUTER_BOUND ( 'NONE', #47, .T. ) ;
#2928 = EDGE_CURVE ( 'NONE', #2527, #2613, #3991, .T. ) ;
#2929 =( GEOMETRIC_REPRESENTATION_CONTEXT ( 3 ) GLOBAL_UNCERTAINTY_ASSIGNED_CONTEXT ( ( #3864 ) ) GLOBAL_UNIT_ASSIGNED_CONTEXT ( ( #1132, #3784, #3044 ) ) REPRESENTATION_CONTEXT ( 'NONE', 'WORKASPACE' ) );
#2930 = CARTESIAN_POINT ( 'NONE',  ( -1.199999999999999289, 0.1999999999999999833, 0.3250000000000004552 ) ) ;
#2931 = CARTESIAN_POINT ( 'NONE',  ( -1.199999999999999067, 0.2000000000000000111, -1.024999999999999689 ) ) ;
#2932 = ORIENTED_EDGE ( 'NONE', *, *, #3034, .F. ) ;
#2933 = ORIENTED_EDGE ( 'NONE', *, *, #889, .F. ) ;
#2934 = ORIENTED_EDGE ( 'NONE', *, *, #3891, .F. ) ;
#2935 = EDGE_CURVE ( 'NONE', #4199, #4764, #4169, .T. ) ;
#2936 = CARTESIAN_POINT ( 'NONE',  ( 1.199999999999999734, 0.2000000000000000111, -1.124999999999999112 ) ) ;
#2937 = CARTESIAN_POINT ( 'NONE',  ( 1.199999999999999289, 0.2000000000000000111, -0.5749999999999991784 ) ) ;
#2938 = EDGE_CURVE ( 'NONE', #4393, #3730, #2489, .T. ) ;
#2939 = CARTESIAN_POINT ( 'NONE',  ( 1.499999999999999334, 0.05000000000000000278, 1.500000000000000666 ) ) ;
#2940 = CARTESIAN_POINT ( 'NONE',  ( -1.199999999999999289, 0.1999999999999999833, -0.1249999999999996253 ) ) ;
#2941 = MECHANICAL_DESIGN_GEOMETRIC_PRESENTATION_REPRESENTATION (  '', ( #1854 ), #3949 ) ;
#2942 = LINE ( 'NONE', #735, #4461 ) ;
#2943 = VECTOR ( 'NONE', #1198, 1000.000000000000000 ) ;
#2944 = AXIS2_PLACEMENT_3D ( 'NONE', #2783, #4257, #595 ) ;
#2945 = EDGE_CURVE ( 'NONE', #1204, #3106, #3965, .T. ) ;
#2946 = UNCERTAINTY_MEASURE_WITH_UNIT (LENGTH_MEASURE( 1.000000000000000082E-05 ), #122, 'distance_accuracy_value', 'NONE');
#2947 = PRODUCT_DEFINITION_FORMATION_WITH_SPECIFIED_SOURCE ( 'ANY', '', #1451, .NOT_KNOWN. ) ;
#2948 = CARTESIAN_POINT ( 'NONE',  ( 1.199999999999999289, 0.2000000000000000111, -0.5749999999999991784 ) ) ;
#2949 = PLANE ( 'NONE',  #1862 ) ;
#2950 = DIRECTION ( 'NONE',  ( -1.000000000000000000, 0.000000000000000000, -1.445602896647339163E-16 ) ) ;
#2951 = CIRCLE ( 'NONE', #3878, 0.09999999999999982514 ) ;
#2952 = FACE_OUTER_BOUND ( 'NONE', #4581, .T. ) ;
#2953 = ORIENTED_EDGE ( 'NONE', *, *, #2202, .T. ) ;
#2954 = DIRECTION ( 'NONE',  ( 0.000000000000000000, 1.000000000000000000, 0.000000000000000000 ) ) ;
#2955 = EDGE_CURVE ( 'NONE', #968, #3936, #3083, .T. ) ;
#2956 = VECTOR ( 'NONE', #3393, 1000.000000000000000 ) ;
#2957 = ORIENTED_EDGE ( 'NONE', *, *, #4038, .F. ) ;
#2958 = AXIS2_PLACEMENT_3D ( 'NONE', #4424, #1570, #4091 ) ;
#2959 = EDGE_LOOP ( 'NONE', ( #1830, #3005, #4341, #3921 ) ) ;
#2960 = CARTESIAN_POINT ( 'NONE',  ( 0.6049999999999997602, 0.2000000000000000111, 1.009999999999999787 ) ) ;
#2961 = DIRECTION ( 'NONE',  ( 0.000000000000000000, 1.000000000000000000, 0.000000000000000000 ) ) ;
#2962 = VECTOR ( 'NONE', #1659, 1000.000000000000000 ) ;
#2963 = ORIENTED_EDGE ( 'NONE', *, *, #603, .T. ) ;
#2964 = CARTESIAN_POINT ( 'NONE',  ( 1.199999999999999067, 0.2000000000000000111, 1.225000000000000533 ) ) ;
#2965 = CARTESIAN_POINT ( 'NONE',  ( -1.099999999999999867, 0.04999999999999999584, 1.125000000000000444 ) ) ;
#2966 = FILL_AREA_STYLE_COLOUR ( '', #4476 ) ;
#2967 = CARTESIAN_POINT ( 'NONE',  ( -1.499999999999999334, 0.6472135954999579388, -1.224999999999999645 ) ) ;
#2968 = EDGE_CURVE ( 'NONE', #2402, #2749, #4772, .T. ) ;
#2969 = DIRECTION ( 'NONE',  ( -1.000000000000000000, 0.000000000000000000, -1.590163186312073696E-15 ) ) ;
#2970 = EDGE_CURVE ( 'NONE', #731, #3801, #1461, .T. ) ;
#2971 = LINE ( 'NONE', #3975, #1322 ) ;
#2972 = LINE ( 'NONE', #1085, #1179 ) ;
#2973 = DIRECTION ( 'NONE',  ( -1.000000000000000000, 0.000000000000000000, -2.706303097211879254E-16 ) ) ;
#2974 = DIRECTION ( 'NONE',  ( 1.301042606982605715E-15, 0.000000000000000000, 1.000000000000000000 ) ) ;
#2975 = DIRECTION ( 'NONE',  ( 0.000000000000000000, -1.000000000000000000, 0.000000000000000000 ) ) ;
#2976 = MECHANICAL_DESIGN_GEOMETRIC_PRESENTATION_REPRESENTATION (  '', ( #1968 ), #3153 ) ;
#2977 = ORIENTED_EDGE ( 'NONE', *, *, #2587, .F. ) ;
#2978 = CARTESIAN_POINT ( 'NONE',  ( -1.499999999999999334, 0.1999999999999999833, -0.7749999999999998002 ) ) ;
#2979 =( NAMED_UNIT ( * ) SI_UNIT ( $, .STERADIAN. ) SOLID_ANGLE_UNIT ( ) );
#2980 = ORIENTED_EDGE ( 'NONE', *, *, #2587, .T. ) ;
#2981 = EDGE_LOOP ( 'NONE', ( #12, #4207, #2115, #651 ) ) ;
#2982 = SURFACE_STYLE_FILL_AREA ( #795 ) ;
#2983 = CARTESIAN_POINT ( 'NONE',  ( -1.199999999999999512, 0.000000000000000000, -0.2249999999999994504 ) ) ;
#2984 = EDGE_LOOP ( 'NONE', ( #4139, #3489, #1193, #1171, #4290 ) ) ;
#2985 = DIRECTION ( 'NONE',  ( -1.000000000000000000, 0.000000000000000000, -1.445602896647339163E-16 ) ) ;
#2986 = CARTESIAN_POINT ( 'NONE',  ( -1.199999999999999512, 0.2000000000000000111, -1.224999999999999201 ) ) ;
#2987 = ADVANCED_FACE ( 'NONE', ( #1052 ), #2536, .T. ) ;
#2988 = FACE_OUTER_BOUND ( 'NONE', #261, .T. ) ;
#2989 = LINE ( 'NONE', #4439, #1465 ) ;
#2990 = VECTOR ( 'NONE', #3178, 1000.000000000000000 ) ;
#2991 = LINE ( 'NONE', #4083, #2233 ) ;
#2992 = ORIENTED_EDGE ( 'NONE', *, *, #2876, .F. ) ;
#2993 = DIRECTION ( 'NONE',  ( 1.000000000000000000, 0.000000000000000000, 1.445602896647339163E-16 ) ) ;
#2994 = LINE ( 'NONE', #3741, #1016 ) ;
#2995 = ADVANCED_FACE ( 'NONE', ( #329 ), #1800, .F. ) ;
#2996 = LINE ( 'NONE', #3377, #1944 ) ;
#2997 = CIRCLE ( 'NONE', #2310, 0.09999999999999982514 ) ;
#2998 = LINE ( 'NONE', #403, #4664 ) ;
#2999 = DIRECTION ( 'NONE',  ( -1.000000000000000000, 0.000000000000000000, 0.000000000000000000 ) ) ;
#3000 = VECTOR ( 'NONE', #33, 1000.000000000000000 ) ;
#3001 = VERTEX_POINT ( 'NONE', #3326 ) ;
#3002 = LINE ( 'NONE', #2309, #3822 ) ;
#3003 = FACE_OUTER_BOUND ( 'NONE', #599, .T. ) ;
#3004 = PRODUCT_DEFINITION_CONTEXT ( 'detailed design', #1115, 'design' ) ;
#3005 = ORIENTED_EDGE ( 'NONE', *, *, #432, .F. ) ;
#3006 = AXIS2_PLACEMENT_3D ( 'NONE', #1635, #233, #1304 ) ;
#3007 = EDGE_CURVE ( 'NONE', #3173, #638, #2455, .T. ) ;
#3008 = ORIENTED_EDGE ( 'NONE', *, *, #2835, .F. ) ;
#3009 = ORIENTED_EDGE ( 'NONE', *, *, #1623, .T. ) ;
#3010 = PRESENTATION_STYLE_ASSIGNMENT (( #102 ) ) ;
#3011 = DIRECTION ( 'NONE',  ( 0.000000000000000000, -1.000000000000000000, 0.000000000000000000 ) ) ;
#3012 = ORIENTED_EDGE ( 'NONE', *, *, #3167, .T. ) ;
#3013 = DIRECTION ( 'NONE',  ( 0.000000000000000000, 1.000000000000000000, 0.000000000000000000 ) ) ;
#3014 = CARTESIAN_POINT ( 'NONE',  ( 1.499999999999999556, 0.2000000000000000111, 0.3250000000000008438 ) ) ;
#3015 = EDGE_CURVE ( 'NONE', #1204, #2364, #2847, .T. ) ;
#3016 = VECTOR ( 'NONE', #854, 1000.000000000000000 ) ;
#3017 = PLANE ( 'NONE',  #1445 ) ;
#3018 = CARTESIAN_POINT ( 'NONE',  ( -1.199999999999999067, 0.6472135954999579388, -1.024999999999999689 ) ) ;
#3019 = EDGE_LOOP ( 'NONE', ( #1808, #3207, #2427, #1738 ) ) ;
#3020 = DIRECTION ( 'NONE',  ( 0.000000000000000000, -1.000000000000000000, 0.000000000000000000 ) ) ;
#3021 = DIRECTION ( 'NONE',  ( 1.000000000000000000, -0.000000000000000000, 1.445602896647339163E-16 ) ) ;
#3022 = CARTESIAN_POINT ( 'NONE',  ( 5.168030355514198688E-16, 0.05000000000000000278, -0.3249999999999974021 ) ) ;
#3023 = AXIS2_PLACEMENT_3D ( 'NONE', #2465, #1677, #1276 ) ;
#3024 = FACE_OUTER_BOUND ( 'NONE', #1398, .T. ) ;
#3025 = EDGE_LOOP ( 'NONE', ( #4131, #2672, #2172, #3877 ) ) ;
#3026 = DIRECTION ( 'NONE',  ( 0.000000000000000000, -1.000000000000000000, 0.000000000000000000 ) ) ;
#3027 = SURFACE_STYLE_FILL_AREA ( #1550 ) ;
#3028 = ORIENTED_EDGE ( 'NONE', *, *, #2928, .F. ) ;
#3029 = ADVANCED_FACE ( 'NONE', ( #872 ), #733, .T. ) ;
#3030 = ORIENTED_EDGE ( 'NONE', *, *, #1195, .T. ) ;
#3031 = AXIS2_PLACEMENT_3D ( 'NONE', #1255, #2665, #1159 ) ;
#3032 = ORIENTED_EDGE ( 'NONE', *, *, #2790, .F. ) ;
#3033 = DIRECTION ( 'NONE',  ( -1.445602896647339163E-16, 0.000000000000000000, 1.000000000000000000 ) ) ;
#3034 = EDGE_CURVE ( 'NONE', #1272, #3525, #4218, .T. ) ;
#3035 = DIRECTION ( 'NONE',  ( 1.000000000000000000, 0.000000000000000000, 0.000000000000000000 ) ) ;
#3036 = VERTEX_POINT ( 'NONE', #8 ) ;
#3037 = CARTESIAN_POINT ( 'NONE',  ( -1.199999999999999512, 0.2000000000000000111, -0.2249999999999994504 ) ) ;
#3038 = DIRECTION ( 'NONE',  ( 0.000000000000000000, -1.000000000000000000, 0.000000000000000000 ) ) ;
#3039 = AXIS2_PLACEMENT_3D ( 'NONE', #3347, #26, #4453 ) ;
#3040 = SURFACE_STYLE_USAGE ( .BOTH. , #755 ) ;
#3041 = CARTESIAN_POINT ( 'NONE',  ( -1.500000000000000666, 0.05000000000000000278, 1.500000000000000222 ) ) ;
#3042 = LINE ( 'NONE', #4513, #3821 ) ;
#3043 = VERTEX_POINT ( 'NONE', #2965 ) ;
#3044 =( NAMED_UNIT ( * ) SI_UNIT ( $, .STERADIAN. ) SOLID_ANGLE_UNIT ( ) );
#3045 = CARTESIAN_POINT ( 'NONE',  ( 1.499999999999999778, 0.2000000000000000111, -1.224999999999999201 ) ) ;
#3046 = CARTESIAN_POINT ( 'NONE',  ( 1.499999999999999334, 0.2000000000000000111, 0.7750000000000006883 ) ) ;
#3047 = CARTESIAN_POINT ( 'NONE',  ( 1.199999999999999512, 0.000000000000000000, -0.6749999999999990452 ) ) ;
#3048 = DIRECTION ( 'NONE',  ( -1.000000000000000000, 0.000000000000000000, -1.445602896647339163E-16 ) ) ;
#3049 = ORIENTED_EDGE ( 'NONE', *, *, #3469, .F. ) ;
#3050 = CARTESIAN_POINT ( 'NONE',  ( -1.199999999999999289, 0.1999999999999999833, -1.124999999999999556 ) ) ;
#3051 = ADVANCED_FACE ( 'NONE', ( #754 ), #4458, .T. ) ;
#3052 = DIRECTION ( 'NONE',  ( 0.000000000000000000, -1.000000000000000000, 0.000000000000000000 ) ) ;
#3053 = MECHANICAL_DESIGN_GEOMETRIC_PRESENTATION_REPRESENTATION (  '', ( #1951 ), #499 ) ;
#3054 = ORIENTED_EDGE ( 'NONE', *, *, #3850, .T. ) ;
#3055 = VECTOR ( 'NONE', #2146, 1000.000000000000000 ) ;
#3056 = CLOSED_SHELL ( 'NONE', ( #4003, #4755, #931, #4140, #2476, #2492 ) ) ;
#3057 = ADVANCED_FACE ( 'NONE', ( #2586 ), #2274, .F. ) ;
#3058 = LINE ( 'NONE', #4172, #2657 ) ;
#3059 = ORIENTED_EDGE ( 'NONE', *, *, #511, .F. ) ;
#3060 = PLANE ( 'NONE',  #2120 ) ;
#3061 = EDGE_CURVE ( 'NONE', #3964, #3805, #2610, .T. ) ;
#3062 = DIRECTION ( 'NONE',  ( -0.000000000000000000, -1.000000000000000000, 0.000000000000000000 ) ) ;
#3063 = FILL_AREA_STYLE ('',( #2966 ) ) ;
#3064 = FACE_OUTER_BOUND ( 'NONE', #1887, .T. ) ;
#3065 = EDGE_LOOP ( 'NONE', ( #2791, #2357, #1331, #1312, #4525 ) ) ;
#3066 = AXIS2_PLACEMENT_3D ( 'NONE', #688, #2179, #3631 ) ;
#3067 = FACE_OUTER_BOUND ( 'NONE', #3425, .T. ) ;
#3068 = CARTESIAN_POINT ( 'NONE',  ( 1.199999999999999734, 0.2000000000000000111, -0.3249999999999989564 ) ) ;
#3069 = LINE ( 'NONE', #4490, #11 ) ;
#3070 = CARTESIAN_POINT ( 'NONE',  ( -1.110345230445701104, 0.8000000000000000444, -1.145043518897132184 ) ) ;
#3071 = VERTEX_POINT ( 'NONE', #31 ) ;
#3072 = FACE_OUTER_BOUND ( 'NONE', #2850, .T. ) ;
#3073 = ADVANCED_FACE ( 'NONE', ( #779 ), #4195, .F. ) ;
#3074 = EDGE_CURVE ( 'NONE', #3649, #4733, #4056, .T. ) ;
#3075 = ORIENTED_EDGE ( 'NONE', *, *, #664, .F. ) ;
#3076 = DIRECTION ( 'NONE',  ( 1.445602896647339163E-16, 0.000000000000000000, -1.000000000000000000 ) ) ;
#3077 = DIRECTION ( 'NONE',  ( 1.000000000000000000, 0.000000000000000000, -1.301042606982605912E-15 ) ) ;
#3078 = PLANE ( 'NONE',  #1644 ) ;
#3079 = EDGE_CURVE ( 'NONE', #2647, #3345, #4081, .T. ) ;
#3080 = ORIENTED_EDGE ( 'NONE', *, *, #2241, .T. ) ;
#3081 = DIRECTION ( 'NONE',  ( 1.000000000000000000, 0.000000000000000000, 0.000000000000000000 ) ) ;
#3082 = ORIENTED_EDGE ( 'NONE', *, *, #958, .T. ) ;
#3083 = CIRCLE ( 'NONE', #997, 0.09999999999999982514 ) ;
#3084 = LINE ( 'NONE', #1156, #3000 ) ;
#3085 = CARTESIAN_POINT ( 'NONE',  ( 1.199999999999999289, 0.2000000000000000111, 0.3250000000000007883 ) ) ;
#3086 = EDGE_CURVE ( 'NONE', #3592, #73, #4577, .T. ) ;
#3087 = LINE ( 'NONE', #4560, #912 ) ;
#3088 = CARTESIAN_POINT ( 'NONE',  ( 1.499999999999999334, 0.6472135954999579388, 1.025000000000000577 ) ) ;
#3089 = LINE ( 'NONE', #3742, #2419 ) ;
#3090 = ADVANCED_FACE ( 'NONE', ( #2988 ), #655, .F. ) ;
#3091 = CIRCLE ( 'NONE', #1007, 0.09999999999999982514 ) ;
#3092 = LINE ( 'NONE', #3122, #4264 ) ;
#3093 = VERTEX_POINT ( 'NONE', #3151 ) ;
#3094 = DIRECTION ( 'NONE',  ( -1.000000000000000000, 0.000000000000000000, -1.445602896647339163E-16 ) ) ;
#3095 = VECTOR ( 'NONE', #1423, 1000.000000000000000 ) ;
#3096 = CIRCLE ( 'NONE', #4646, 0.09999999999999982514 ) ;
#3097 = ORIENTED_EDGE ( 'NONE', *, *, #3120, .T. ) ;
#3098 = VECTOR ( 'NONE', #1918, 1000.000000000000000 ) ;
#3099 = CIRCLE ( 'NONE', #1630, 0.09999999999999982514 ) ;
#3100 = ORIENTED_EDGE ( 'NONE', *, *, #3344, .F. ) ;
#3101 = VERTEX_POINT ( 'NONE', #3507 ) ;
#3102 = DIRECTION ( 'NONE',  ( 0.000000000000000000, 1.000000000000000000, 0.000000000000000000 ) ) ;
#3103 = DIRECTION ( 'NONE',  ( 1.000000000000000000, 0.000000000000000000, 2.710505431213766015E-16 ) ) ;
#3104 = LINE ( 'NONE', #4220, #2273 ) ;
#3105 = LINE ( 'NONE', #2748, #3969 ) ;
#3106 = VERTEX_POINT ( 'NONE', #607 ) ;
#3107 = DIRECTION ( 'NONE',  ( 1.000000000000000000, 0.000000000000000000, 0.000000000000000000 ) ) ;
#3108 = VERTEX_POINT ( 'NONE', #972 ) ;
#3109 = AXIS2_PLACEMENT_3D ( 'NONE', #3406, #2688, #1591 ) ;
#3110 = MECHANICAL_DESIGN_GEOMETRIC_PRESENTATION_REPRESENTATION (  '', ( #4726 ), #4116 ) ;
#3111 = SURFACE_STYLE_FILL_AREA ( #3880 ) ;
#3112 = CARTESIAN_POINT ( 'NONE',  ( 1.199999999999999289, 0.1999999999999999833, -0.5749999999999991784 ) ) ;
#3113 = AXIS2_PLACEMENT_3D ( 'NONE', #4253, #4704, #4687 ) ;
#3114 = LINE ( 'NONE', #805, #1107 ) ;
#3115 = VECTOR ( 'NONE', #148, 1000.000000000000000 ) ;
#3116 = ORIENTED_EDGE ( 'NONE', *, *, #269, .T. ) ;
#3117 = DIRECTION ( 'NONE',  ( -1.445602896647339163E-16, 0.000000000000000000, 1.000000000000000000 ) ) ;
#3118 = CARTESIAN_POINT ( 'NONE',  ( 1.199999999999999734, 0.6472135954999579388, 0.5750000000000010658 ) ) ;
#3119 = DIRECTION ( 'NONE',  ( 1.000000000000000000, 0.000000000000000000, 1.590163186312073893E-15 ) ) ;
#3120 = EDGE_CURVE ( 'NONE', #3367, #1673, #980, .T. ) ;
#3121 = LINE ( 'NONE', #165, #4030 ) ;
#3122 = CARTESIAN_POINT ( 'NONE',  ( -4.698209414103861586E-17, 0.05000000000000000278, 0.3250000000000006217 ) ) ;
#3123 = EDGE_CURVE ( 'NONE', #4276, #150, #4270, .T. ) ;
#3124 = ORIENTED_EDGE ( 'NONE', *, *, #4383, .T. ) ;
#3125 = MECHANICAL_DESIGN_GEOMETRIC_PRESENTATION_REPRESENTATION (  '', ( #183 ), #3807 ) ;
#3126 = DIRECTION ( 'NONE',  ( -1.445602896647339163E-16, 0.000000000000000000, 1.000000000000000000 ) ) ;
#3127 = ORIENTED_EDGE ( 'NONE', *, *, #4097, .T. ) ;
#3128 = ORIENTED_EDGE ( 'NONE', *, *, #1934, .T. ) ;
#3129 = VERTEX_POINT ( 'NONE', #3596 ) ;
#3130 = CARTESIAN_POINT ( 'NONE',  ( 1.499999999999999334, 0.2000000000000000111, 1.025000000000000577 ) ) ;
#3131 = DIRECTION ( 'NONE',  ( -0.000000000000000000, -1.000000000000000000, 0.000000000000000000 ) ) ;
#3132 = ORIENTED_EDGE ( 'NONE', *, *, #4599, .F. ) ;
#3133 = DIRECTION ( 'NONE',  ( 1.445602896647339163E-16, 0.000000000000000000, -1.000000000000000000 ) ) ;
#3134 = VECTOR ( 'NONE', #54, 1000.000000000000000 ) ;
#3135 = ORIENTED_EDGE ( 'NONE', *, *, #629, .T. ) ;
#3136 = CARTESIAN_POINT ( 'NONE',  ( 0.6049999999999997602, 0.04999999999999999584, 1.009999999999999787 ) ) ;
#3137 = EDGE_CURVE ( 'NONE', #3316, #1814, #630, .T. ) ;
#3138 = CARTESIAN_POINT ( 'NONE',  ( -1.199999999999999512, 0.2000000000000000111, 0.7750000000000002442 ) ) ;
#3139 = ADVANCED_FACE ( 'NONE', ( #1361 ), #4650, .T. ) ;
#3140 = CARTESIAN_POINT ( 'NONE',  ( 1.199999999999999067, 0.000000000000000000, 0.7750000000000006883 ) ) ;
#3141 = CARTESIAN_POINT ( 'NONE',  ( -1.500000000000000666, 0.05000000000000000278, 1.025000000000000133 ) ) ;
#3142 = CARTESIAN_POINT ( 'NONE',  ( -1.199999999999999512, 0.2000000000000000111, 0.6750000000000004885 ) ) ;
#3143 = LINE ( 'NONE', #1352, #444 ) ;
#3144 = UNCERTAINTY_MEASURE_WITH_UNIT (LENGTH_MEASURE( 1.000000000000000082E-05 ), #290, 'distance_accuracy_value', 'NONE');
#3145 = EDGE_CURVE ( 'NONE', #720, #3636, #292, .T. ) ;
#3146 = PLANE ( 'NONE',  #2330 ) ;
#3147 = ORIENTED_EDGE ( 'NONE', *, *, #1010, .T. ) ;
#3148 = ORIENTED_EDGE ( 'NONE', *, *, #2451, .T. ) ;
#3149 = EDGE_CURVE ( 'NONE', #3338, #272, #3871, .T. ) ;
#3150 = VERTEX_POINT ( 'NONE', #4677 ) ;
#3151 = CARTESIAN_POINT ( 'NONE',  ( -1.199999999999999289, 0.1999999999999999833, -0.5749999999999996225 ) ) ;
#3152 = CARTESIAN_POINT ( 'NONE',  ( 1.499999999999999556, 0.000000000000000000, -0.5749999999999991784 ) ) ;
#3153 =( GEOMETRIC_REPRESENTATION_CONTEXT ( 3 ) GLOBAL_UNCERTAINTY_ASSIGNED_CONTEXT ( ( #965 ) ) GLOBAL_UNIT_ASSIGNED_CONTEXT ( ( #4211, #546, #4617 ) ) REPRESENTATION_CONTEXT ( 'NONE', 'WORKASPACE' ) );
#3154 = CARTESIAN_POINT ( 'NONE',  ( -0.9391392232563191556, 0.6999999999999999556, -1.145043518897132184 ) ) ;
#3155 = VECTOR ( 'NONE', #4479, 1000.000000000000000 ) ;
#3156 = PLANE ( 'NONE',  #3494 ) ;
#3157 = ADVANCED_FACE ( 'NONE', ( #2846 ), #4244, .T. ) ;
#3158 = ORIENTED_EDGE ( 'NONE', *, *, #4590, .T. ) ;
#3159 = DIRECTION ( 'NONE',  ( 0.000000000000000000, 0.000000000000000000, -1.000000000000000000 ) ) ;
#3160 = VERTEX_POINT ( 'NONE', #3288 ) ;
#3161 = CIRCLE ( 'NONE', #295, 0.09999999999999982514 ) ;
#3162 = DIRECTION ( 'NONE',  ( 1.445602896647339163E-16, 0.000000000000000000, -1.000000000000000000 ) ) ;
#3163 =( NAMED_UNIT ( * ) PLANE_ANGLE_UNIT ( ) SI_UNIT ( $, .RADIAN. ) );
#3164 = VECTOR ( 'NONE', #1078, 1000.000000000000000 ) ;
#3165 = ORIENTED_EDGE ( 'NONE', *, *, #2912, .F. ) ;
#3166 = ORIENTED_EDGE ( 'NONE', *, *, #4583, .T. ) ;
#3167 = EDGE_CURVE ( 'NONE', #1286, #4486, #1476, .T. ) ;
#3168 = CARTESIAN_POINT ( 'NONE',  ( -1.199999999999999289, 0.000000000000000000, 0.3250000000000004552 ) ) ;
#3169 = CARTESIAN_POINT ( 'NONE',  ( -1.499999999999999556, 0.6472135954999579388, 0.5750000000000001776 ) ) ;
#3170 = CARTESIAN_POINT ( 'NONE',  ( -1.199999999999999289, 0.6472135954999579388, -0.1249999999999996253 ) ) ;
#3171 = CARTESIAN_POINT ( 'NONE',  ( -1.199999999999999512, 0.04999999999999999584, 0.6750000000000004885 ) ) ;
#3172 = CARTESIAN_POINT ( 'NONE',  ( 1.499999999999999778, 0.1999999999999999833, -1.024999999999999245 ) ) ;
#3173 = VERTEX_POINT ( 'NONE', #743 ) ;
#3174 = ORIENTED_EDGE ( 'NONE', *, *, #1592, .T. ) ;
#3175 = DIRECTION ( 'NONE',  ( 0.000000000000000000, -1.000000000000000000, 0.000000000000000000 ) ) ;
#3176 = MECHANICAL_DESIGN_GEOMETRIC_PRESENTATION_REPRESENTATION (  '', ( #3696 ), #4400 ) ;
#3177 = ORIENTED_EDGE ( 'NONE', *, *, #387, .F. ) ;
#3178 = DIRECTION ( 'NONE',  ( -0.000000000000000000, -1.000000000000000000, 0.000000000000000000 ) ) ;
#3179 = VECTOR ( 'NONE', #1906, 1000.000000000000000 ) ;
#3180 = DIRECTION ( 'NONE',  ( 1.000000000000000000, 0.000000000000000000, 0.000000000000000000 ) ) ;
#3181 = DIRECTION ( 'NONE',  ( 0.000000000000000000, -1.000000000000000000, 0.000000000000000000 ) ) ;
#3182 = EDGE_CURVE ( 'NONE', #4007, #4625, #3691, .T. ) ;
#3183 = CIRCLE ( 'NONE', #4406, 0.09999999999999982514 ) ;
#3184 = VECTOR ( 'NONE', #497, 1000.000000000000000 ) ;
#3185 = ORIENTED_EDGE ( 'NONE', *, *, #654, .T. ) ;
#3186 = CARTESIAN_POINT ( 'NONE',  ( -1.499999999999999778, 0.2000000000000000111, 1.225000000000000089 ) ) ;
#3187 = EDGE_LOOP ( 'NONE', ( #3305, #870, #140, #3192 ) ) ;
#3188 = DIRECTION ( 'NONE',  ( 0.000000000000000000, 1.000000000000000000, 0.000000000000000000 ) ) ;
#3189 = LINE ( 'NONE', #1370, #4729 ) ;
#3190 = AXIS2_PLACEMENT_3D ( 'NONE', #1851, #3309, #632 ) ;
#3191 = ORIENTED_EDGE ( 'NONE', *, *, #2313, .T. ) ;
#3192 = ORIENTED_EDGE ( 'NONE', *, *, #4506, .F. ) ;
#3193 = LINE ( 'NONE', #4668, #2167 ) ;
#3194 = VECTOR ( 'NONE', #25, 1000.000000000000000 ) ;
#3195 = CARTESIAN_POINT ( 'NONE',  ( -1.199999999999999067, 0.1999999999999999833, -1.024999999999999689 ) ) ;
#3196 = LINE ( 'NONE', #236, #3414 ) ;
#3197 = VERTEX_POINT ( 'NONE', #4761 ) ;
#3198 = VERTEX_POINT ( 'NONE', #2978 ) ;
#3199 = LINE ( 'NONE', #2400, #1239 ) ;
#3200 = VERTEX_POINT ( 'NONE', #2930 ) ;
#3201 = ADVANCED_FACE ( 'NONE', ( #1404 ), #4784, .T. ) ;
#3202 = FACE_OUTER_BOUND ( 'NONE', #909, .T. ) ;
#3203 = CARTESIAN_POINT ( 'NONE',  ( -1.500000000000000666, 0.05000000000000000278, -1.224999999999999645 ) ) ;
#3204 = ORIENTED_EDGE ( 'NONE', *, *, #4511, .F. ) ;
#3205 = DIRECTION ( 'NONE',  ( 1.000000000000000000, 0.000000000000000000, 0.000000000000000000 ) ) ;
#3206 = ORIENTED_EDGE ( 'NONE', *, *, #1753, .T. ) ;
#3207 = ORIENTED_EDGE ( 'NONE', *, *, #2578, .F. ) ;
#3208 = EDGE_CURVE ( 'NONE', #3999, #1528, #286, .T. ) ;
#3209 = DIRECTION ( 'NONE',  ( 0.000000000000000000, 1.000000000000000000, 0.000000000000000000 ) ) ;
#3210 = DIRECTION ( 'NONE',  ( -0.000000000000000000, -1.000000000000000000, -0.000000000000000000 ) ) ;
#3211 = AXIS2_PLACEMENT_3D ( 'NONE', #4179, #1222, #1274 ) ;
#3212 = DIRECTION ( 'NONE',  ( 0.000000000000000000, -1.000000000000000000, 0.000000000000000000 ) ) ;
#3213 = VECTOR ( 'NONE', #1200, 1000.000000000000000 ) ;
#3214 = CARTESIAN_POINT ( 'NONE',  ( 1.499999999999999778, 0.6472135954999579388, -1.224999999999999201 ) ) ;
#3215 = CARTESIAN_POINT ( 'NONE',  ( -1.199999999999999289, 0.1999999999999999833, -1.124999999999999556 ) ) ;
#3216 = ADVANCED_FACE ( 'NONE', ( #1039 ), #677, .F. ) ;
#3217 = VERTEX_POINT ( 'NONE', #3619 ) ;
#3218 = ORIENTED_EDGE ( 'NONE', *, *, #2593, .F. ) ;
#3219 = DIRECTION ( 'NONE',  ( -0.000000000000000000, -1.000000000000000000, 0.000000000000000000 ) ) ;
#3220 = EDGE_CURVE ( 'NONE', #3614, #2493, #670, .T. ) ;
#3221 = AXIS2_PLACEMENT_3D ( 'NONE', #4317, #994, #3948 ) ;
#3222 = LINE ( 'NONE', #98, #3640 ) ;
#3223 = ORIENTED_EDGE ( 'NONE', *, *, #2518, .T. ) ;
#3224 = CARTESIAN_POINT ( 'NONE',  ( 1.499999999999999778, 0.2000000000000000111, -1.024999999999999245 ) ) ;
#3225 = ORIENTED_EDGE ( 'NONE', *, *, #3291, .T. ) ;
#3226 = DIRECTION ( 'NONE',  ( 1.445602896647339163E-16, 0.000000000000000000, -1.000000000000000000 ) ) ;
#3227 = EDGE_CURVE ( 'NONE', #3101, #3350, #1447, .T. ) ;
#3228 = FACE_BOUND ( 'NONE', #4085, .T. ) ;
#3229 = CIRCLE ( 'NONE', #1910, 0.1712060071893820312 ) ;
#3230 = PRODUCT_DEFINITION_SHAPE ( 'NONE', 'NONE',  #1212 ) ;
#3231 = CARTESIAN_POINT ( 'NONE',  ( 1.499999999999999778, 0.000000000000000000, -0.7749999999999993561 ) ) ;
#3232 = LINE ( 'NONE', #3300, #2555 ) ;
#3233 = CARTESIAN_POINT ( 'NONE',  ( 1.499999999999999778, 0.1999999999999999833, -1.224999999999999201 ) ) ;
#3234 = EDGE_CURVE ( 'NONE', #1333, #3419, #4399, .T. ) ;
#3235 = AXIS2_PLACEMENT_3D ( 'NONE', #2782, #3499, #4614 ) ;
#3236 = ORIENTED_EDGE ( 'NONE', *, *, #2945, .F. ) ;
#3237 = ORIENTED_EDGE ( 'NONE', *, *, #3383, .T. ) ;
#3238 = ORIENTED_EDGE ( 'NONE', *, *, #2732, .F. ) ;
#3239 = DIRECTION ( 'NONE',  ( 0.000000000000000000, -1.000000000000000000, 0.000000000000000000 ) ) ;
#3240 = EDGE_CURVE ( 'NONE', #28, #648, #4094, .T. ) ;
#3241 = CARTESIAN_POINT ( 'NONE',  ( 1.199999999999999289, 0.2000000000000000111, -0.1249999999999992922 ) ) ;
#3242 = CIRCLE ( 'NONE', #3860, 0.09999999999999982514 ) ;
#3243 = PLANE ( 'NONE',  #175 ) ;
#3244 = VERTEX_POINT ( 'NONE', #2572 ) ;
#3245 = CARTESIAN_POINT ( 'NONE',  ( -1.110345230445701104, 0.8000000000000000444, -1.145043518897132184 ) ) ;
#3246 = CIRCLE ( 'NONE', #4559, 0.09999999999999982514 ) ;
#3247 = ORIENTED_EDGE ( 'NONE', *, *, #2894, .T. ) ;
#3248 = AXIS2_PLACEMENT_3D ( 'NONE', #4781, #2974, #2232 ) ;
#3249 = ORIENTED_EDGE ( 'NONE', *, *, #2510, .F. ) ;
#3250 = LINE ( 'NONE', #1001, #2730 ) ;
#3251 = DIRECTION ( 'NONE',  ( -1.445602896647339163E-16, 0.000000000000000000, 1.000000000000000000 ) ) ;
#3252 = AXIS2_PLACEMENT_3D ( 'NONE', #1925, #3400, #1203 ) ;
#3253 = DIRECTION ( 'NONE',  ( 1.000000000000000000, -0.000000000000000000, 1.445602896647339163E-16 ) ) ;
#3254 = DIRECTION ( 'NONE',  ( 0.000000000000000000, -1.000000000000000000, -0.000000000000000000 ) ) ;
#3255 = LINE ( 'NONE', #57, #3946 ) ;
#3256 = PLANE ( 'NONE',  #2388 ) ;
#3257 = ORIENTED_EDGE ( 'NONE', *, *, #143, .F. ) ;
#3258 = ORIENTED_EDGE ( 'NONE', *, *, #2935, .T. ) ;
#3259 = ORIENTED_EDGE ( 'NONE', *, *, #2033, .T. ) ;
#3260 = CARTESIAN_POINT ( 'NONE',  ( -1.499999999999999778, 0.1999999999999999833, 0.7750000000000002442 ) ) ;
#3261 = EDGE_CURVE ( 'NONE', #4786, #2493, #3314, .T. ) ;
#3262 = FILL_AREA_STYLE_COLOUR ( '', #3895 ) ;
#3263 = ADVANCED_FACE ( 'NONE', ( #3648 ), #2259, .T. ) ;
#3264 = CARTESIAN_POINT ( 'NONE',  ( -1.499999999999999334, 0.2000000000000000111, -0.7749999999999998002 ) ) ;
#3265 = CIRCLE ( 'NONE', #1872, 0.09999999999999982514 ) ;
#3266 = CARTESIAN_POINT ( 'NONE',  ( 1.499999999999999556, 0.6472135954999579388, -0.3249999999999993450 ) ) ;
#3267 = LINE ( 'NONE', #320, #4350 ) ;
#3268 = ORIENTED_EDGE ( 'NONE', *, *, #721, .T. ) ;
#3269 = LINE ( 'NONE', #4362, #112 ) ;
#3270 = VERTEX_POINT ( 'NONE', #696 ) ;
#3271 = ORIENTED_EDGE ( 'NONE', *, *, #654, .F. ) ;
#3272 = VECTOR ( 'NONE', #919, 1000.000000000000000 ) ;
#3273 = CARTESIAN_POINT ( 'NONE',  ( 1.499999999999999334, 0.000000000000000000, 1.225000000000000533 ) ) ;
#3274 = PLANE ( 'NONE',  #552 ) ;
#3275 = PLANE ( 'NONE',  #1091 ) ;
#3276 = CARTESIAN_POINT ( 'NONE',  ( 1.199999999999999289, 0.1999999999999999833, -0.1249999999999992922 ) ) ;
#3277 = DIRECTION ( 'NONE',  ( 1.000000000000000000, 0.000000000000000000, 0.000000000000000000 ) ) ;
#3278 = ADVANCED_FACE ( 'NONE', ( #3723 ), #341, .T. ) ;
#3279 = CARTESIAN_POINT ( 'NONE',  ( -1.199999999999999734, 0.000000000000000000, -0.3249999999999992895 ) ) ;
#3280 = EDGE_CURVE ( 'NONE', #3433, #798, #722, .T. ) ;
#3281 = DIRECTION ( 'NONE',  ( 0.000000000000000000, -1.000000000000000000, 0.000000000000000000 ) ) ;
#3282 = CARTESIAN_POINT ( 'NONE',  ( -1.099999999999999645, 0.2000000000000000111, -0.6749999999999993783 ) ) ;
#3283 = EDGE_CURVE ( 'NONE', #2038, #698, #4564, .T. ) ;
#3284 = LINE ( 'NONE', #3241, #1803 ) ;
#3285 = CARTESIAN_POINT ( 'NONE',  ( -1.199999999999999956, 0.2000000000000000111, 1.025000000000000577 ) ) ;
#3286 = EDGE_CURVE ( 'NONE', #1911, #3505, #4385, .T. ) ;
#3287 = ORIENTED_EDGE ( 'NONE', *, *, #313, .T. ) ;
#3288 = CARTESIAN_POINT ( 'NONE',  ( 1.199999999999999289, 0.04999999999999999584, -0.1249999999999992922 ) ) ;
#3289 = DIRECTION ( 'NONE',  ( -1.000000000000000000, 0.000000000000000000, 1.301042606982605715E-15 ) ) ;
#3290 = ORIENTED_EDGE ( 'NONE', *, *, #2093, .F. ) ;
#3291 = EDGE_CURVE ( 'NONE', #2311, #2291, #29, .T. ) ;
#3292 = ORIENTED_EDGE ( 'NONE', *, *, #4675, .T. ) ;
#3293 = VECTOR ( 'NONE', #381, 1000.000000000000000 ) ;
#3294 = ORIENTED_EDGE ( 'NONE', *, *, #917, .F. ) ;
#3295 = EDGE_CURVE ( 'NONE', #1572, #2038, #1512, .T. ) ;
#3296 = LINE ( 'NONE', #2132, #1526 ) ;
#3297 = CARTESIAN_POINT ( 'NONE',  ( 0.6049999999999997602, 0.000000000000000000, 1.009999999999999787 ) ) ;
#3298 = EDGE_LOOP ( 'NONE', ( #299, #1980, #423, #4324 ) ) ;
#3299 = DIRECTION ( 'NONE',  ( 1.000000000000000000, 0.000000000000000000, 2.710505431213766015E-16 ) ) ;
#3300 = CARTESIAN_POINT ( 'NONE',  ( 1.499999999999999556, 0.1999999999999999833, -0.5749999999999991784 ) ) ;
#3301 = DIRECTION ( 'NONE',  ( 0.000000000000000000, 1.000000000000000000, 0.000000000000000000 ) ) ;
#3302 = ORIENTED_EDGE ( 'NONE', *, *, #917, .T. ) ;
#3303 = AXIS2_PLACEMENT_3D ( 'NONE', #2983, #774, #3418 ) ;
#3304 = EDGE_CURVE ( 'NONE', #2291, #2009, #4770, .T. ) ;
#3305 = ORIENTED_EDGE ( 'NONE', *, *, #3787, .T. ) ;
#3306 = ORIENTED_EDGE ( 'NONE', *, *, #123, .T. ) ;
#3307 = VECTOR ( 'NONE', #4750, 1000.000000000000000 ) ;
#3308 = CARTESIAN_POINT ( 'NONE',  ( 1.499999999999999334, 0.1999999999999999833, 1.025000000000000577 ) ) ;
#3309 = DIRECTION ( 'NONE',  ( -0.000000000000000000, -1.000000000000000000, -0.000000000000000000 ) ) ;
#3310 = PRESENTATION_STYLE_ASSIGNMENT (( #4467 ) ) ;
#3311 = LINE ( 'NONE', #4024, #2486 ) ;
#3312 = ORIENTED_EDGE ( 'NONE', *, *, #4675, .F. ) ;
#3313 = VECTOR ( 'NONE', #1415, 1000.000000000000000 ) ;
#3314 = LINE ( 'NONE', #1428, #4005 ) ;
#3315 = LINE ( 'NONE', #2260, #2194 ) ;
#3316 = VERTEX_POINT ( 'NONE', #2270 ) ;
#3317 = ORIENTED_EDGE ( 'NONE', *, *, #4590, .F. ) ;
#3318 = ORIENTED_EDGE ( 'NONE', *, *, #4763, .F. ) ;
#3319 = EDGE_CURVE ( 'NONE', #73, #695, #1870, .T. ) ;
#3320 = CARTESIAN_POINT ( 'NONE',  ( 1.499999999999999334, 0.2000000000000000111, 1.025000000000000577 ) ) ;
#3321 = AXIS2_PLACEMENT_3D ( 'NONE', #4018, #1462, #282 ) ;
#3322 = DIRECTION ( 'NONE',  ( 0.000000000000000000, -1.000000000000000000, 0.000000000000000000 ) ) ;
#3323 = ORIENTED_EDGE ( 'NONE', *, *, #2790, .T. ) ;
#3324 = LINE ( 'NONE', #777, #466 ) ;
#3325 = ADVANCED_FACE ( 'NONE', ( #1799 ), #3275, .T. ) ;
#3326 = CARTESIAN_POINT ( 'NONE',  ( 0.6050000000000002043, 0.2000000000000000111, -1.010000000000000231 ) ) ;
#3327 = AXIS2_PLACEMENT_3D ( 'NONE', #1229, #3476, #3816 ) ;
#3328 = CARTESIAN_POINT ( 'NONE',  ( 1.199999999999999067, 0.1999999999999999833, 0.7750000000000006883 ) ) ;
#3329 = AXIS2_PLACEMENT_3D ( 'NONE', #2600, #4070, #1858 ) ;
#3330 = CIRCLE ( 'NONE', #2255, 0.09999999999999982514 ) ;
#3331 = AXIS2_PLACEMENT_3D ( 'NONE', #231, #565, #2755 ) ;
#3332 = ORIENTED_EDGE ( 'NONE', *, *, #4170, .T. ) ;
#3333 = LINE ( 'NONE', #4086, #3690 ) ;
#3334 = CARTESIAN_POINT ( 'NONE',  ( -1.499999999999999556, 0.2000000000000000111, -0.5749999999999996225 ) ) ;
#3335 = DIRECTION ( 'NONE',  ( 0.000000000000000000, 1.000000000000000000, 0.000000000000000000 ) ) ;
#3336 = FILL_AREA_STYLE ('',( #3766 ) ) ;
#3337 = VECTOR ( 'NONE', #3685, 1000.000000000000000 ) ;
#3338 = VERTEX_POINT ( 'NONE', #3734 ) ;
#3339 = DIRECTION ( 'NONE',  ( 1.445602896647339163E-16, 0.000000000000000000, -1.000000000000000000 ) ) ;
#3340 = AXIS2_PLACEMENT_3D ( 'NONE', #1023, #4275, #3956 ) ;
#3341 = VECTOR ( 'NONE', #820, 1000.000000000000000 ) ;
#3342 = PRESENTATION_LAYER_ASSIGNMENT (  '', '', ( #3963 ) ) ;
#3343 = ORIENTED_EDGE ( 'NONE', *, *, #307, .F. ) ;
#3344 = EDGE_CURVE ( 'NONE', #1230, #2466, #1245, .T. ) ;
#3345 = VERTEX_POINT ( 'NONE', #2915 ) ;
#3346 = ORIENTED_EDGE ( 'NONE', *, *, #729, .F. ) ;
#3347 = CARTESIAN_POINT ( 'NONE',  ( -0.6050000000000002043, 2.554676198546203647, 1.009999999999999787 ) ) ;
#3348 = CARTESIAN_POINT ( 'NONE',  ( 1.499999999999999334, 0.05000000000000000278, -1.024999999999999245 ) ) ;
#3349 = AXIS2_PLACEMENT_3D ( 'NONE', #3987, #4634, #302 ) ;
#3350 = VERTEX_POINT ( 'NONE', #3297 ) ;
#3351 = CARTESIAN_POINT ( 'NONE',  ( -1.199999999999999512, 0.2000000000000000111, -0.7749999999999993561 ) ) ;
#3352 = CARTESIAN_POINT ( 'NONE',  ( -1.499999999999999556, 0.2000000000000000111, 0.5750000000000001776 ) ) ;
#3353 = EDGE_CURVE ( 'NONE', #2911, #1868, #4455, .T. ) ;
#3354 = DIRECTION ( 'NONE',  ( -0.000000000000000000, -1.000000000000000000, 0.000000000000000000 ) ) ;
#3355 = LINE ( 'NONE', #3757, #1145 ) ;
#3356 = EDGE_LOOP ( 'NONE', ( #311, #4150, #4607, #915 ) ) ;
#3357 = LINE ( 'NONE', #1517, #1722 ) ;
#3358 = CARTESIAN_POINT ( 'NONE',  ( -1.199999999999999512, 0.000000000000000000, 1.225000000000000089 ) ) ;
#3359 = DIRECTION ( 'NONE',  ( -0.000000000000000000, -1.000000000000000000, 0.000000000000000000 ) ) ;
#3360 = ADVANCED_FACE ( 'NONE', ( #4033 ), #2608, .T. ) ;
#3361 = DIRECTION ( 'NONE',  ( 0.000000000000000000, -1.000000000000000000, 0.000000000000000000 ) ) ;
#3362 = DIRECTION ( 'NONE',  ( -1.000000000000000000, 0.000000000000000000, 0.000000000000000000 ) ) ;
#3363 = ORIENTED_EDGE ( 'NONE', *, *, #1143, .T. ) ;
#3364 = CARTESIAN_POINT ( 'NONE',  ( -1.199999999999999734, 0.1999999999999999833, 0.1250000000000008049 ) ) ;
#3365 = DIRECTION ( 'NONE',  ( -0.000000000000000000, -1.000000000000000000, 0.000000000000000000 ) ) ;
#3366 = ORIENTED_EDGE ( 'NONE', *, *, #2432, .T. ) ;
#3367 = VERTEX_POINT ( 'NONE', #4411 ) ;
#3368 = ADVANCED_FACE ( 'NONE', ( #706 ), #370, .F. ) ;
#3369 = VERTEX_POINT ( 'NONE', #2201 ) ;
#3370 = CARTESIAN_POINT ( 'NONE',  ( -1.199999999999999512, 0.2000000000000000111, 0.6750000000000004885 ) ) ;
#3371 = EDGE_LOOP ( 'NONE', ( #4711, #4502, #3268, #723 ) ) ;
#3372 = DIRECTION ( 'NONE',  ( 1.000000000000000000, 0.000000000000000000, -1.301042606982605912E-15 ) ) ;
#3373 = CARTESIAN_POINT ( 'NONE',  ( -1.199999999999999734, 0.2000000000000000111, 0.5750000000000006217 ) ) ;
#3374 = CARTESIAN_POINT ( 'NONE',  ( 1.199999999999999067, 0.000000000000000000, 0.7750000000000006883 ) ) ;
#3375 = VERTEX_POINT ( 'NONE', #1102 ) ;
#3376 = FACE_OUTER_BOUND ( 'NONE', #4306, .T. ) ;
#3377 = CARTESIAN_POINT ( 'NONE',  ( -1.199999999999999289, 0.2000000000000000111, -0.1249999999999996253 ) ) ;
#3378 = VECTOR ( 'NONE', #1588, 1000.000000000000000 ) ;
#3379 = EDGE_CURVE ( 'NONE', #206, #4326, #6, .T. ) ;
#3380 = CARTESIAN_POINT ( 'NONE',  ( -1.199999999999999734, 0.6472135954999579388, -0.3249999999999992895 ) ) ;
#3381 = AXIS2_PLACEMENT_3D ( 'NONE', #1971, #1221, #1178 ) ;
#3382 = VERTEX_POINT ( 'NONE', #3351 ) ;
#3383 = EDGE_CURVE ( 'NONE', #1834, #3388, #3324, .T. ) ;
#3384 = CARTESIAN_POINT ( 'NONE',  ( -1.499999999999999556, 0.1999999999999999833, -0.5749999999999996225 ) ) ;
#3385 = CARTESIAN_POINT ( 'NONE',  ( -1.281551237635083274, 0.6999999999999999556, -1.145043518897132184 ) ) ;
#3386 = ORIENTED_EDGE ( 'NONE', *, *, #3182, .F. ) ;
#3387 = AXIS2_PLACEMENT_3D ( 'NONE', #3448, #904, #1609 ) ;
#3388 = VERTEX_POINT ( 'NONE', #1843 ) ;
#3389 = ORIENTED_EDGE ( 'NONE', *, *, #3379, .T. ) ;
#3390 = CARTESIAN_POINT ( 'NONE',  ( 1.499999999999999778, 0.2000000000000000111, -1.224999999999999201 ) ) ;
#3391 = CARTESIAN_POINT ( 'NONE',  ( 7.480994990150018066E-16, 0.05000000000000000278, 0.5750000000000026201 ) ) ;
#3392 = ORIENTED_EDGE ( 'NONE', *, *, #3869, .F. ) ;
#3393 = DIRECTION ( 'NONE',  ( 0.000000000000000000, -1.000000000000000000, 0.000000000000000000 ) ) ;
#3394 = DIRECTION ( 'NONE',  ( 0.000000000000000000, -1.000000000000000000, 0.000000000000000000 ) ) ;
#3395 = DIRECTION ( 'NONE',  ( 1.000000000000000000, 0.000000000000000000, 2.710505431213766015E-16 ) ) ;
#3396 = VECTOR ( 'NONE', #2490, 1000.000000000000000 ) ;
#3397 = DIRECTION ( 'NONE',  ( 0.000000000000000000, -1.000000000000000000, 0.000000000000000000 ) ) ;
#3398 = DIRECTION ( 'NONE',  ( 1.000000000000000000, 0.000000000000000000, 1.445602896647339163E-16 ) ) ;
#3399 = EDGE_CURVE ( 'NONE', #1986, #1649, #3183, .T. ) ;
#3400 = DIRECTION ( 'NONE',  ( -0.000000000000000000, -1.000000000000000000, -0.000000000000000000 ) ) ;
#3401 = VECTOR ( 'NONE', #3594, 1000.000000000000000 ) ;
#3402 = EDGE_LOOP ( 'NONE', ( #3317, #635, #3363, #2836 ) ) ;
#3403 = CARTESIAN_POINT ( 'NONE',  ( 1.199999999999999067, 0.1999999999999999833, 1.225000000000000533 ) ) ;
#3404 = VECTOR ( 'NONE', #317, 1000.000000000000000 ) ;
#3405 = LINE ( 'NONE', #1566, #160 ) ;
#3406 = CARTESIAN_POINT ( 'NONE',  ( -1.199999999999999734, 0.000000000000000000, 1.125000000000000444 ) ) ;
#3407 = AXIS2_PLACEMENT_3D ( 'NONE', #1928, #760, #1518 ) ;
#3408 = LINE ( 'NONE', #1160, #3421 ) ;
#3409 = PLANE ( 'NONE',  #1012 ) ;
#3410 = VERTEX_POINT ( 'NONE', #2964 ) ;
#3411 = EDGE_CURVE ( 'NONE', #4314, #2258, #1533, .T. ) ;
#3412 = DIRECTION ( 'NONE',  ( 1.000000000000000000, 0.000000000000000000, 1.445602896647339163E-16 ) ) ;
#3413 = ADVANCED_FACE ( 'NONE', ( #1127 ), #1175, .F. ) ;
#3414 = VECTOR ( 'NONE', #3970, 1000.000000000000000 ) ;
#3415 = STYLED_ITEM ( 'NONE', ( #147 ), #1116 ) ;
#3416 = SURFACE_SIDE_STYLE ('',( #2982 ) ) ;
#3417 = AXIS2_PLACEMENT_3D ( 'NONE', #4488, #2614, #2993 ) ;
#3418 = DIRECTION ( 'NONE',  ( 1.000000000000000000, 0.000000000000000000, 1.445602896647339163E-16 ) ) ;
#3419 = VERTEX_POINT ( 'NONE', #2245 ) ;
#3420 = CARTESIAN_POINT ( 'NONE',  ( 1.481742969063521823E-16, 0.05000000000000000278, -1.024999999999999467 ) ) ;
#3421 = VECTOR ( 'NONE', #4445, 1000.000000000000000 ) ;
#3422 = PLANE ( 'NONE',  #501 ) ;
#3423 = FACE_OUTER_BOUND ( 'NONE', #2023, .T. ) ;
#3424 = CARTESIAN_POINT ( 'NONE',  ( -1.199999999999999289, 0.2000000000000000111, -1.124999999999999556 ) ) ;
#3425 = EDGE_LOOP ( 'NONE', ( #3749, #1385, #665, #914 ) ) ;
#3426 = EDGE_CURVE ( 'NONE', #3926, #3505, #1994, .T. ) ;
#3427 = LINE ( 'NONE', #2302, #772 ) ;
#3428 = DIRECTION ( 'NONE',  ( 0.000000000000000000, -1.000000000000000000, -0.000000000000000000 ) ) ;
#3429 = EDGE_CURVE ( 'NONE', #2009, #3369, #2750, .T. ) ;
#3430 = CARTESIAN_POINT ( 'NONE',  ( 1.499999999999999778, 0.000000000000000000, -0.7749999999999993561 ) ) ;
#3431 = DIRECTION ( 'NONE',  ( -0.7071067811865477948, 0.000000000000000000, 0.7071067811865473507 ) ) ;
#3432 = EDGE_CURVE ( 'NONE', #153, #2263, #852, .T. ) ;
#3433 = VERTEX_POINT ( 'NONE', #824 ) ;
#3434 = PRESENTATION_STYLE_ASSIGNMENT (( #2378 ) ) ;
#3435 = ORIENTED_EDGE ( 'NONE', *, *, #1480, .T. ) ;
#3436 = CIRCLE ( 'NONE', #1358, 0.09999999999999982514 ) ;
#3437 = CARTESIAN_POINT ( 'NONE',  ( -1.199999999999999512, 0.2000000000000000111, 0.2250000000000006439 ) ) ;
#3438 = DIRECTION ( 'NONE',  ( -0.000000000000000000, -1.000000000000000000, 0.000000000000000000 ) ) ;
#3439 = EDGE_CURVE ( 'NONE', #2227, #4393, #4508, .T. ) ;
#3440 = PLANE ( 'NONE',  #2269 ) ;
#3441 = ORIENTED_EDGE ( 'NONE', *, *, #3641, .T. ) ;
#3442 = CARTESIAN_POINT ( 'NONE',  ( -1.499999999999999556, 0.1999999999999999833, -0.1249999999999996808 ) ) ;
#3443 = PLANE ( 'NONE',  #4683 ) ;
#3444 = EDGE_CURVE ( 'NONE', #1863, #944, #1942, .T. ) ;
#3445 =( LENGTH_UNIT ( ) NAMED_UNIT ( * ) SI_UNIT ( .MILLI., .METRE. ) );
#3446 = DIRECTION ( 'NONE',  ( 1.000000000000000000, 0.000000000000000000, 2.710505431213766015E-16 ) ) ;
#3447 = AXIS2_PLACEMENT_3D ( 'NONE', #2795, #2428, #4335 ) ;
#3448 = CARTESIAN_POINT ( 'NONE',  ( -1.199999999999999512, 0.04999999999999999584, 0.2250000000000006439 ) ) ;
#3449 = CARTESIAN_POINT ( 'NONE',  ( -1.099999999999999645, 0.000000000000000000, 0.6750000000000005995 ) ) ;
#3450 = DIRECTION ( 'NONE',  ( -1.000000000000000000, 0.000000000000000000, -1.445602896647339163E-16 ) ) ;
#3451 = CARTESIAN_POINT ( 'NONE',  ( 1.460058925613812966E-16, 0.05000000000000000278, -1.010000000000000231 ) ) ;
#3452 = DIRECTION ( 'NONE',  ( -0.000000000000000000, -1.000000000000000000, -0.000000000000000000 ) ) ;
#3453 = CARTESIAN_POINT ( 'NONE',  ( -1.199999999999999512, 0.2000000000000000111, 0.6750000000000004885 ) ) ;
#3454 =( NAMED_UNIT ( * ) SI_UNIT ( $, .STERADIAN. ) SOLID_ANGLE_UNIT ( ) );
#3455 = AXIS2_PLACEMENT_3D ( 'NONE', #2898, #2583, #1434 ) ;
#3456 = EDGE_LOOP ( 'NONE', ( #1294, #4138, #1297, #626 ) ) ;
#3457 = VERTEX_POINT ( 'NONE', #1966 ) ;
#3458 = VERTEX_POINT ( 'NONE', #491 ) ;
#3459 = DIRECTION ( 'NONE',  ( 1.000000000000000000, 0.000000000000000000, 1.445602896647339163E-16 ) ) ;
#3460 = SURFACE_STYLE_USAGE ( .BOTH. , #2335 ) ;
#3461 = CARTESIAN_POINT ( 'NONE',  ( -1.199999999999999512, 0.2000000000000000111, 1.225000000000000089 ) ) ;
#3462 = PLANE ( 'NONE',  #784 ) ;
#3463 = ORIENTED_EDGE ( 'NONE', *, *, #3469, .T. ) ;
#3464 = CARTESIAN_POINT ( 'NONE',  ( -1.199999999999999512, 0.6472135954999579388, -1.224999999999999201 ) ) ;
#3465 = ORIENTED_EDGE ( 'NONE', *, *, #3780, .T. ) ;
#3466 = ADVANCED_FACE ( 'NONE', ( #151 ), #847, .T. ) ;
#3467 = DIRECTION ( 'NONE',  ( 1.000000000000000000, 0.000000000000000000, 1.445602896647339163E-16 ) ) ;
#3468 = CARTESIAN_POINT ( 'NONE',  ( 1.499999999999999556, 0.2000000000000000111, -0.1249999999999992506 ) ) ;
#3469 = EDGE_CURVE ( 'NONE', #4374, #1834, #1242, .T. ) ;
#3470 = PLANE ( 'NONE',  #1477 ) ;
#3471 = LINE ( 'NONE', #1350, #4392 ) ;
#3472 = VECTOR ( 'NONE', #781, 1000.000000000000000 ) ;
#3473 = DIRECTION ( 'NONE',  ( 1.000000000000000000, 0.000000000000000000, 1.590163186312073696E-15 ) ) ;
#3474 = DIRECTION ( 'NONE',  ( 0.000000000000000000, 1.000000000000000000, 0.000000000000000000 ) ) ;
#3475 = DIRECTION ( 'NONE',  ( 1.000000000000000000, 0.000000000000000000, 2.710505431213766015E-16 ) ) ;
#3476 = DIRECTION ( 'NONE',  ( -1.445602896647339163E-16, 0.000000000000000000, 1.000000000000000000 ) ) ;
#3477 = VECTOR ( 'NONE', #1773, 1000.000000000000000 ) ;
#3478 = DIRECTION ( 'NONE',  ( 1.445602896647339163E-16, 0.000000000000000000, -1.000000000000000000 ) ) ;
#3479 = VECTOR ( 'NONE', #2834, 1000.000000000000000 ) ;
#3480 = SURFACE_STYLE_USAGE ( .BOTH. , #2013 ) ;
#3481 = VERTEX_POINT ( 'NONE', #2317 ) ;
#3482 = ORIENTED_EDGE ( 'NONE', *, *, #3286, .T. ) ;
#3483 = ORIENTED_EDGE ( 'NONE', *, *, #1077, .F. ) ;
#3484 = LINE ( 'NONE', #3152, #4417 ) ;
#3485 = DIRECTION ( 'NONE',  ( 1.000000000000000000, -0.000000000000000000, 1.445602896647339163E-16 ) ) ;
#3486 = EDGE_CURVE ( 'NONE', #3457, #2527, #536, .T. ) ;
#3487 = ORIENTED_EDGE ( 'NONE', *, *, #3220, .F. ) ;
#3488 = DIRECTION ( 'NONE',  ( 1.445602896647339163E-16, 0.000000000000000000, -1.000000000000000000 ) ) ;
#3489 = ORIENTED_EDGE ( 'NONE', *, *, #277, .F. ) ;
#3490 = VECTOR ( 'NONE', #2842, 1000.000000000000000 ) ;
#3491 = PRESENTATION_LAYER_ASSIGNMENT (  '', '', ( #4726 ) ) ;
#3492 = DIRECTION ( 'NONE',  ( -0.000000000000000000, -1.000000000000000000, 0.000000000000000000 ) ) ;
#3493 = DIRECTION ( 'NONE',  ( -1.000000000000000000, 0.000000000000000000, -2.710505431213766015E-16 ) ) ;
#3494 = AXIS2_PLACEMENT_3D ( 'NONE', #2544, #337, #3617 ) ;
#3495 = CARTESIAN_POINT ( 'NONE',  ( -1.499999999999999556, 0.2000000000000000111, -0.5749999999999996225 ) ) ;
#3496 = EDGE_CURVE ( 'NONE', #3217, #987, #2292, .T. ) ;
#3497 = AXIS2_PLACEMENT_3D ( 'NONE', #124, #3438, #1601 ) ;
#3498 = APPLICATION_PROTOCOL_DEFINITION ( 'draft international standard', 'automotive_design', 1998, #118 ) ;
#3499 = DIRECTION ( 'NONE',  ( 0.000000000000000000, 1.000000000000000000, 0.000000000000000000 ) ) ;
#3500 = LINE ( 'NONE', #2757, #929 ) ;
#3501 = FACE_OUTER_BOUND ( 'NONE', #1790, .T. ) ;
#3502 = DIRECTION ( 'NONE',  ( -0.000000000000000000, -1.000000000000000000, -0.000000000000000000 ) ) ;
#3503 = CIRCLE ( 'NONE', #2043, 0.09999999999999982514 ) ;
#3504 = ADVANCED_FACE ( 'NONE', ( #2024 ), #178, .T. ) ;
#3505 = VERTEX_POINT ( 'NONE', #105 ) ;
#3506 = VERTEX_POINT ( 'NONE', #1655 ) ;
#3507 = CARTESIAN_POINT ( 'NONE',  ( 0.6049999999999997602, 0.2000000000000000944, 1.009999999999999787 ) ) ;
#3508 = DIRECTION ( 'NONE',  ( 0.000000000000000000, 1.000000000000000000, 0.000000000000000000 ) ) ;
#3509 = FACE_OUTER_BOUND ( 'NONE', #23, .T. ) ;
#3510 = CARTESIAN_POINT ( 'NONE',  ( -1.099999999999999423, 0.04999999999999999584, -1.124999999999999556 ) ) ;
#3511 = EDGE_LOOP ( 'NONE', ( #930, #998, #671, #4099 ) ) ;
#3512 = DIRECTION ( 'NONE',  ( 1.301042606982605715E-15, 0.000000000000000000, 1.000000000000000000 ) ) ;
#3513 = ADVANCED_FACE ( 'NONE', ( #3777 ), #79, .F. ) ;
#3514 = CLOSED_SHELL ( 'NONE', ( #3504, #83, #2995, #392, #4316, #832, #4027 ) ) ;
#3515 = ORIENTED_EDGE ( 'NONE', *, *, #924, .T. ) ;
#3516 =( NAMED_UNIT ( * ) PLANE_ANGLE_UNIT ( ) SI_UNIT ( $, .RADIAN. ) );
#3517 = DIRECTION ( 'NONE',  ( 1.000000000000000000, 0.000000000000000000, -1.301042606982605715E-15 ) ) ;
#3518 = PRESENTATION_STYLE_ASSIGNMENT (( #4254 ) ) ;
#3519 = ORIENTED_EDGE ( 'NONE', *, *, #578, .T. ) ;
#3520 = CARTESIAN_POINT ( 'NONE',  ( 1.807003620809166250E-17, 0.05000000000000000278, -0.1249999999999994588 ) ) ;
#3521 = CARTESIAN_POINT ( 'NONE',  ( -1.199999999999999512, 0.04999999999999999584, -1.224999999999999201 ) ) ;
#3522 = LINE ( 'NONE', #596, #4623 ) ;
#3523 = UNCERTAINTY_MEASURE_WITH_UNIT (LENGTH_MEASURE( 1.000000000000000082E-05 ), #3692, 'distance_accuracy_value', 'NONE');
#3524 = DIRECTION ( 'NONE',  ( 0.000000000000000000, -1.000000000000000000, -0.000000000000000000 ) ) ;
#3525 = VERTEX_POINT ( 'NONE', #4200 ) ;
#3526 = ORIENTED_EDGE ( 'NONE', *, *, #4282, .T. ) ;
#3527 = VERTEX_POINT ( 'NONE', #1271 ) ;
#3528 = CARTESIAN_POINT ( 'NONE',  ( 1.199999999999999512, 0.2000000000000000111, -1.024999999999999245 ) ) ;
#3529 = ADVANCED_FACE ( 'NONE', ( #513 ), #3060, .F. ) ;
#3530 = ORIENTED_EDGE ( 'NONE', *, *, #1719, .F. ) ;
#3531 = CARTESIAN_POINT ( 'NONE',  ( -1.199999999999999289, 0.000000000000000000, -0.1249999999999996253 ) ) ;
#3532 = CYLINDRICAL_SURFACE ( 'NONE', #473, 0.09999999999999982514 ) ;
#3533 = LINE ( 'NONE', #197, #555 ) ;
#3534 = VECTOR ( 'NONE', #2485, 1000.000000000000000 ) ;
#3535 = ORIENTED_EDGE ( 'NONE', *, *, #3220, .T. ) ;
#3536 = DIRECTION ( 'NONE',  ( 0.000000000000000000, 1.000000000000000000, 0.000000000000000000 ) ) ;
#3537 = ORIENTED_EDGE ( 'NONE', *, *, #3079, .T. ) ;
#3538 = VECTOR ( 'NONE', #906, 1000.000000000000000 ) ;
#3539 = LINE ( 'NONE', #561, #215 ) ;
#3540 = DIRECTION ( 'NONE',  ( -1.000000000000000000, 0.000000000000000000, 0.000000000000000000 ) ) ;
#3541 = AXIS2_PLACEMENT_3D ( 'NONE', #619, #3212, #2916 ) ;
#3542 = ORIENTED_EDGE ( 'NONE', *, *, #2028, .T. ) ;
#3543 = CARTESIAN_POINT ( 'NONE',  ( 0.000000000000000000, 0.2000000000000000111, 0.000000000000000000 ) ) ;
#3544 = CARTESIAN_POINT ( 'NONE',  ( 1.499999999999999556, 0.04999999999999999584, 0.1250000000000007494 ) ) ;
#3545 = CARTESIAN_POINT ( 'NONE',  ( -1.499999999999999334, 0.2000000000000000111, -1.024999999999999689 ) ) ;
#3546 = ADVANCED_FACE ( 'NONE', ( #1557 ), #4175, .F. ) ;
#3547 = ORIENTED_EDGE ( 'NONE', *, *, #3635, .F. ) ;
#3548 = ORIENTED_EDGE ( 'NONE', *, *, #1010, .F. ) ;
#3549 = DIRECTION ( 'NONE',  ( -0.000000000000000000, -1.000000000000000000, 0.000000000000000000 ) ) ;
#3550 = EDGE_CURVE ( 'NONE', #4010, #1572, #3567, .T. ) ;
#3551 = ORIENTED_EDGE ( 'NONE', *, *, #2812, .F. ) ;
#3552 = VECTOR ( 'NONE', #3549, 1000.000000000000000 ) ;
#3553 = AXIS2_PLACEMENT_3D ( 'NONE', #765, #3721, #3668 ) ;
#3554 = EDGE_CURVE ( 'NONE', #4568, #4567, #1487, .T. ) ;
#3555 = CARTESIAN_POINT ( 'NONE',  ( 1.499999999999999334, 0.6472135954999579388, 1.225000000000000533 ) ) ;
#3556 = CARTESIAN_POINT ( 'NONE',  ( -1.199999999999999289, 0.2000000000000000111, -1.124999999999999556 ) ) ;
#3557 = AXIS2_PLACEMENT_3D ( 'NONE', #897, #2724, #3806 ) ;
#3558 = VECTOR ( 'NONE', #1637, 1000.000000000000000 ) ;
#3559 = ORIENTED_EDGE ( 'NONE', *, *, #4499, .F. ) ;
#3560 = DIRECTION ( 'NONE',  ( 0.000000000000000000, 1.000000000000000000, 0.000000000000000000 ) ) ;
#3561 = ORIENTED_EDGE ( 'NONE', *, *, #603, .F. ) ;
#3562 = EDGE_CURVE ( 'NONE', #574, #1819, #4193, .T. ) ;
#3563 = FACE_OUTER_BOUND ( 'NONE', #841, .T. ) ;
#3564 = AXIS2_PLACEMENT_3D ( 'NONE', #788, #4538, #883 ) ;
#3565 = VERTEX_POINT ( 'NONE', #4300 ) ;
#3566 = LINE ( 'NONE', #1436, #1074 ) ;
#3567 = CIRCLE ( 'NONE', #4575, 0.09999999999999982514 ) ;
#3568 = PRESENTATION_LAYER_ASSIGNMENT (  '', '', ( #3415 ) ) ;
#3569 = DIRECTION ( 'NONE',  ( 1.000000000000000000, 0.000000000000000000, 0.000000000000000000 ) ) ;
#3570 = FACE_OUTER_BOUND ( 'NONE', #4093, .T. ) ;
#3571 = ORIENTED_EDGE ( 'NONE', *, *, #1228, .T. ) ;
#3572 = EDGE_CURVE ( 'NONE', #3982, #217, #3966, .T. ) ;
#3573 = ORIENTED_EDGE ( 'NONE', *, *, #4268, .F. ) ;
#3574 = DIRECTION ( 'NONE',  ( 0.000000000000000000, 1.000000000000000000, 0.000000000000000000 ) ) ;
#3575 = AXIS2_PLACEMENT_3D ( 'NONE', #1388, #3210, #2463 ) ;
#3576 = LINE ( 'NONE', #3282, #2494 ) ;
#3577 = PLANE ( 'NONE',  #3726 ) ;
#3578 = ORIENTED_EDGE ( 'NONE', *, *, #4533, .F. ) ;
#3579 = DIRECTION ( 'NONE',  ( -1.000000000000000000, 0.000000000000000000, -1.590163186312073696E-15 ) ) ;
#3580 = ORIENTED_EDGE ( 'NONE', *, *, #1021, .F. ) ;
#3581 = VERTEX_POINT ( 'NONE', #2774 ) ;
#3582 = DIRECTION ( 'NONE',  ( -0.000000000000000000, -1.000000000000000000, 0.000000000000000000 ) ) ;
#3583 = EDGE_CURVE ( 'NONE', #3750, #75, #2480, .T. ) ;
#3584 = LINE ( 'NONE', #704, #4161 ) ;
#3585 = CARTESIAN_POINT ( 'NONE',  ( -1.199999999999999512, 0.04999999999999999584, 0.6750000000000004885 ) ) ;
#3586 = CARTESIAN_POINT ( 'NONE',  ( -1.199999999999999512, 0.6472135954999579388, -0.6749999999999994893 ) ) ;
#3587 = EDGE_CURVE ( 'NONE', #3973, #606, #2047, .T. ) ;
#3588 = AXIS2_PLACEMENT_3D ( 'NONE', #1547, #3412, #96 ) ;
#3589 = FACE_OUTER_BOUND ( 'NONE', #2843, .T. ) ;
#3590 = LINE ( 'NONE', #372, #829 ) ;
#3591 = ORIENTED_EDGE ( 'NONE', *, *, #1021, .T. ) ;
#3592 = VERTEX_POINT ( 'NONE', #2099 ) ;
#3593 = VERTEX_POINT ( 'NONE', #976 ) ;
#3594 = DIRECTION ( 'NONE',  ( -0.000000000000000000, -1.000000000000000000, 0.000000000000000000 ) ) ;
#3595 = SURFACE_STYLE_FILL_AREA ( #2906 ) ;
#3596 = CARTESIAN_POINT ( 'NONE',  ( -1.199999999999999734, 0.000000000000000000, 0.5750000000000006217 ) ) ;
#3597 = AXIS2_PLACEMENT_3D ( 'NONE', #486, #2746, #4413 ) ;
#3598 = ORIENTED_EDGE ( 'NONE', *, *, #1233, .F. ) ;
#3599 = FACE_OUTER_BOUND ( 'NONE', #4514, .T. ) ;
#3600 = ORIENTED_EDGE ( 'NONE', *, *, #3583, .F. ) ;
#3601 = AXIS2_PLACEMENT_3D ( 'NONE', #4686, #2413, #663 ) ;
#3602 = DIRECTION ( 'NONE',  ( -0.000000000000000000, -1.000000000000000000, 0.000000000000000000 ) ) ;
#3603 = CARTESIAN_POINT ( 'NONE',  ( 0.6049999999999997602, 0.2000000000000000111, 1.009999999999999787 ) ) ;
#3604 = VECTOR ( 'NONE', #2032, 1000.000000000000000 ) ;
#3605 = EDGE_CURVE ( 'NONE', #2118, #2025, #921, .T. ) ;
#3606 = ORIENTED_EDGE ( 'NONE', *, *, #641, .T. ) ;
#3607 = DIRECTION ( 'NONE',  ( 0.000000000000000000, 1.000000000000000000, 0.000000000000000000 ) ) ;
#3608 = CARTESIAN_POINT ( 'NONE',  ( 1.199999999999999512, 0.6472135954999579388, -0.6749999999999990452 ) ) ;
#3609 = EDGE_CURVE ( 'NONE', #1036, #967, #999, .T. ) ;
#3610 = CARTESIAN_POINT ( 'NONE',  ( -1.499999999999999556, 0.2000000000000000111, 0.1250000000000003331 ) ) ;
#3611 = VECTOR ( 'NONE', #1277, 1000.000000000000000 ) ;
#3612 = ORIENTED_EDGE ( 'NONE', *, *, #2578, .T. ) ;
#3613 = VERTEX_POINT ( 'NONE', #2070 ) ;
#3614 = VERTEX_POINT ( 'NONE', #225 ) ;
#3615 = LINE ( 'NONE', #3308, #461 ) ;
#3616 = ORIENTED_EDGE ( 'NONE', *, *, #3304, .T. ) ;
#3617 = DIRECTION ( 'NONE',  ( 1.000000000000000000, 0.000000000000000000, -1.301042606982605912E-15 ) ) ;
#3618 = CARTESIAN_POINT ( 'NONE',  ( 1.499999999999999556, 0.000000000000000000, 0.5750000000000006217 ) ) ;
#3619 = CARTESIAN_POINT ( 'NONE',  ( -1.499999999999999556, 0.1999999999999999833, -0.1249999999999996808 ) ) ;
#3620 = PRESENTATION_STYLE_ASSIGNMENT (( #4006 ) ) ;
#3621 = EDGE_LOOP ( 'NONE', ( #3386, #1473, #2792, #4174 ) ) ;
#3622 = DIRECTION ( 'NONE',  ( 0.000000000000000000, 1.000000000000000000, 0.000000000000000000 ) ) ;
#3623 = AXIS2_PLACEMENT_3D ( 'NONE', #1399, #1805, #4442 ) ;
#3624 = ORIENTED_EDGE ( 'NONE', *, *, #1256, .T. ) ;
#3625 = ADVANCED_FACE ( 'NONE', ( #2802 ), #2435, .F. ) ;
#3626 = VECTOR ( 'NONE', #4136, 1000.000000000000000 ) ;
#3627 = EDGE_CURVE ( 'NONE', #1868, #4486, #2851, .T. ) ;
#3628 = CARTESIAN_POINT ( 'NONE',  ( -1.499999999999999556, 0.6472135954999579388, 0.1250000000000003331 ) ) ;
#3629 = PRESENTATION_LAYER_ASSIGNMENT (  '', '', ( #2803 ) ) ;
#3630 = DIRECTION ( 'NONE',  ( -0.000000000000000000, -1.000000000000000000, 0.000000000000000000 ) ) ;
#3631 = DIRECTION ( 'NONE',  ( 1.000000000000000000, 0.000000000000000000, 1.590163186312073893E-15 ) ) ;
#3632 = EDGE_CURVE ( 'NONE', #3375, #75, #4249, .T. ) ;
#3633 = DIRECTION ( 'NONE',  ( -1.445602896647339163E-16, 0.000000000000000000, 1.000000000000000000 ) ) ;
#3634 = DIRECTION ( 'NONE',  ( -1.000000000000000000, 0.000000000000000000, 0.000000000000000000 ) ) ;
#3635 = EDGE_CURVE ( 'NONE', #3911, #1429, #253, .T. ) ;
#3636 = VERTEX_POINT ( 'NONE', #4656 ) ;
#3637 = AXIS2_PLACEMENT_3D ( 'NONE', #90, #4517, #2324 ) ;
#3638 = ORIENTED_EDGE ( 'NONE', *, *, #3137, .T. ) ;
#3639 = LINE ( 'NONE', #4063, #2250 ) ;
#3640 = VECTOR ( 'NONE', #1832, 1000.000000000000000 ) ;
#3641 = EDGE_CURVE ( 'NONE', #2356, #3350, #4631, .T. ) ;
#3642 = DIRECTION ( 'NONE',  ( 1.445602896647339163E-16, 0.000000000000000000, -1.000000000000000000 ) ) ;
#3643 = CARTESIAN_POINT ( 'NONE',  ( 1.199999999999999289, 0.1999999999999999833, -0.5749999999999991784 ) ) ;
#3644 = LINE ( 'NONE', #2257, #2796 ) ;
#3645 = VECTOR ( 'NONE', #1095, 1000.000000000000000 ) ;
#3646 = ORIENTED_EDGE ( 'NONE', *, *, #1569, .T. ) ;
#3647 = EDGE_CURVE ( 'NONE', #75, #3388, #2837, .T. ) ;
#3648 = FACE_OUTER_BOUND ( 'NONE', #3769, .T. ) ;
#3649 = VERTEX_POINT ( 'NONE', #636 ) ;
#3650 = ORIENTED_EDGE ( 'NONE', *, *, #432, .T. ) ;
#3651 = VERTEX_POINT ( 'NONE', #1747 ) ;
#3652 = DIRECTION ( 'NONE',  ( 0.000000000000000000, 0.000000000000000000, -1.000000000000000000 ) ) ;
#3653 = EDGE_CURVE ( 'NONE', #2110, #4649, #3436, .T. ) ;
#3654 = PLANE ( 'NONE',  #3882 ) ;
#3655 = DIRECTION ( 'NONE',  ( 0.000000000000000000, -1.000000000000000000, 0.000000000000000000 ) ) ;
#3656 = ORIENTED_EDGE ( 'NONE', *, *, #4497, .T. ) ;
#3657 = CARTESIAN_POINT ( 'NONE',  ( -1.199999999999999512, 0.2000000000000000111, 0.2250000000000006439 ) ) ;
#3658 = FACE_OUTER_BOUND ( 'NONE', #227, .T. ) ;
#3659 = DIRECTION ( 'NONE',  ( 0.000000000000000000, -1.000000000000000000, 0.000000000000000000 ) ) ;
#3660 = VERTEX_POINT ( 'NONE', #1696 ) ;
#3661 = AXIS2_PLACEMENT_3D ( 'NONE', #3047, #1521, #2667 ) ;
#3662 = UNCERTAINTY_MEASURE_WITH_UNIT (LENGTH_MEASURE( 1.000000000000000082E-05 ), #3445, 'distance_accuracy_value', 'NONE');
#3663 = ORIENTED_EDGE ( 'NONE', *, *, #1338, .T. ) ;
#3664 = VERTEX_POINT ( 'NONE', #4682 ) ;
#3665 = DIRECTION ( 'NONE',  ( 0.7071067811865477948, 0.000000000000000000, -0.7071067811865473507 ) ) ;
#3666 = CARTESIAN_POINT ( 'NONE',  ( 1.199999999999999289, 0.1999999999999999833, -0.1249999999999992922 ) ) ;
#3667 = CARTESIAN_POINT ( 'NONE',  ( 1.199999999999999512, 0.2000000000000000111, -1.024999999999999245 ) ) ;
#3668 = DIRECTION ( 'NONE',  ( 1.000000000000000000, 0.000000000000000000, 2.710505431213766015E-16 ) ) ;
#3669 = EDGE_LOOP ( 'NONE', ( #2065, #2903, #623, #4387 ) ) ;
#3670 = EDGE_CURVE ( 'NONE', #2883, #3581, #4061, .T. ) ;
#3671 = DIRECTION ( 'NONE',  ( -0.000000000000000000, -1.000000000000000000, 0.000000000000000000 ) ) ;
#3672 = EDGE_CURVE ( 'NONE', #3834, #3173, #1811, .T. ) ;
#3673 = ORIENTED_EDGE ( 'NONE', *, *, #1380, .F. ) ;
#3674 = VECTOR ( 'NONE', #3977, 1000.000000000000000 ) ;
#3675 = ORIENTED_EDGE ( 'NONE', *, *, #662, .T. ) ;
#3676 = DIRECTION ( 'NONE',  ( 1.000000000000000000, 0.000000000000000000, 1.590163186312073893E-15 ) ) ;
#3677 = ORIENTED_EDGE ( 'NONE', *, *, #4156, .F. ) ;
#3678 = DIRECTION ( 'NONE',  ( -0.000000000000000000, -1.000000000000000000, -0.000000000000000000 ) ) ;
#3679 = CARTESIAN_POINT ( 'NONE',  ( -1.199999999999999289, 0.04999999999999999584, -0.5749999999999996225 ) ) ;
#3680 = CARTESIAN_POINT ( 'NONE',  ( 1.199999999999999512, 0.2000000000000000111, 0.6750000000000009326 ) ) ;
#3681 = VECTOR ( 'NONE', #1916, 1000.000000000000000 ) ;
#3682 = ORIENTED_EDGE ( 'NONE', *, *, #4624, .T. ) ;
#3683 = EDGE_LOOP ( 'NONE', ( #4352, #3302, #3158, #575 ) ) ;
#3684 = DIRECTION ( 'NONE',  ( 0.000000000000000000, -1.000000000000000000, 0.000000000000000000 ) ) ;
#3685 = DIRECTION ( 'NONE',  ( -1.000000000000000000, 0.000000000000000000, -1.445602896647339163E-16 ) ) ;
#3686 = EDGE_CURVE ( 'NONE', #199, #1933, #2868, .T. ) ;
#3687 = SURFACE_STYLE_FILL_AREA ( #738 ) ;
#3688 = CARTESIAN_POINT ( 'NONE',  ( 1.499999999999999556, 0.6472135954999579388, -0.3249999999999993450 ) ) ;
#3689 = ORIENTED_EDGE ( 'NONE', *, *, #1919, .F. ) ;
#3690 = VECTOR ( 'NONE', #759, 1000.000000000000000 ) ;
#3691 = LINE ( 'NONE', #2525, #3835 ) ;
#3692 =( LENGTH_UNIT ( ) NAMED_UNIT ( * ) SI_UNIT ( .MILLI., .METRE. ) );
#3693 = ADVANCED_FACE ( 'NONE', ( #3599 ), #297, .T. ) ;
#3694 = ORIENTED_EDGE ( 'NONE', *, *, #1683, .T. ) ;
#3695 = ORIENTED_EDGE ( 'NONE', *, *, #4055, .T. ) ;
#3696 = STYLED_ITEM ( 'NONE', ( #1897 ), #953 ) ;
#3697 = ORIENTED_EDGE ( 'NONE', *, *, #1929, .F. ) ;
#3698 = CARTESIAN_POINT ( 'NONE',  ( -1.500000000000000666, 0.05000000000000000278, 1.500000000000000222 ) ) ;
#3699 = PLANE ( 'NONE',  #1219 ) ;
#3700 = VECTOR ( 'NONE', #602, 1000.000000000000000 ) ;
#3701 = ORIENTED_EDGE ( 'NONE', *, *, #2125, .T. ) ;
#3702 = CARTESIAN_POINT ( 'NONE',  ( -1.987703982890135507E-16, 0.05000000000000000278, 0.1250000000000027200 ) ) ;
#3703 = AXIS2_PLACEMENT_3D ( 'NONE', #3171, #3932, #1325 ) ;
#3704 = CARTESIAN_POINT ( 'NONE',  ( -1.499999999999999334, 0.2000000000000000111, -0.7749999999999998002 ) ) ;
#3705 = DIRECTION ( 'NONE',  ( 0.000000000000000000, -1.000000000000000000, 0.000000000000000000 ) ) ;
#3706 = VECTOR ( 'NONE', #4778, 1000.000000000000000 ) ;
#3707 = EDGE_CURVE ( 'NONE', #580, #1479, #4441, .T. ) ;
#3708 =( NAMED_UNIT ( * ) PLANE_ANGLE_UNIT ( ) SI_UNIT ( $, .RADIAN. ) );
#3709 = AXIS2_PLACEMENT_3D ( 'NONE', #694, #339, #1472 ) ;
#3710 = DIRECTION ( 'NONE',  ( -1.000000000000000000, 0.000000000000000000, -1.445602896647339163E-16 ) ) ;
#3711 = VECTOR ( 'NONE', #4464, 1000.000000000000000 ) ;
#3712 = CARTESIAN_POINT ( 'NONE',  ( 1.199999999999999289, 0.000000000000000000, -0.1249999999999992922 ) ) ;
#3713 = VECTOR ( 'NONE', #205, 1000.000000000000000 ) ;
#3714 = CARTESIAN_POINT ( 'NONE',  ( 1.499999999999999556, 0.2000000000000000111, 0.5750000000000006217 ) ) ;
#3715 = ORIENTED_EDGE ( 'NONE', *, *, #1211, .F. ) ;
#3716 = DIRECTION ( 'NONE',  ( 1.445602896647339163E-16, 0.000000000000000000, -1.000000000000000000 ) ) ;
#3717 = DIRECTION ( 'NONE',  ( 0.000000000000000000, -1.000000000000000000, 0.000000000000000000 ) ) ;
#3718 = EDGE_CURVE ( 'NONE', #3197, #4673, #3269, .T. ) ;
#3719 = CARTESIAN_POINT ( 'NONE',  ( -0.6049999999999997602, 0.2000000000000000111, -0.7100000000000004086 ) ) ;
#3720 = VECTOR ( 'NONE', #4443, 1000.000000000000000 ) ;
#3721 = DIRECTION ( 'NONE',  ( 0.000000000000000000, 1.000000000000000000, 0.000000000000000000 ) ) ;
#3722 = ORIENTED_EDGE ( 'NONE', *, *, #789, .F. ) ;
#3723 = FACE_OUTER_BOUND ( 'NONE', #1643, .T. ) ;
#3724 =( GEOMETRIC_REPRESENTATION_CONTEXT ( 3 ) GLOBAL_UNCERTAINTY_ASSIGNED_CONTEXT ( ( #4777 ) ) GLOBAL_UNIT_ASSIGNED_CONTEXT ( ( #366, #1915, #2264 ) ) REPRESENTATION_CONTEXT ( 'NONE', 'WORKASPACE' ) );
#3725 = CIRCLE ( 'NONE', #2887, 0.09999999999999982514 ) ;
#3726 = AXIS2_PLACEMENT_3D ( 'NONE', #2849, #4697, #1766 ) ;
#3727 = ORIENTED_EDGE ( 'NONE', *, *, #1779, .T. ) ;
#3728 = EDGE_LOOP ( 'NONE', ( #288, #3974, #1321, #2161, #3751, #952, #4363, #4216, #4289, #3701, #1613, #3166, #3147, #3694, #4720, #2513, #3223, #2307, #1695, #2590, #1043, #3116, #1421, #3135, #3323, #4574, #2977, #3919 ) ) ;
#3729 = EDGE_CURVE ( 'NONE', #4452, #3982, #4681, .T. ) ;
#3730 = VERTEX_POINT ( 'NONE', #1791 ) ;
#3731 = FACE_OUTER_BOUND ( 'NONE', #1816, .T. ) ;
#3732 = CARTESIAN_POINT ( 'NONE',  ( -0.6050000000000002043, 0.2000000000000000111, 1.009999999999999787 ) ) ;
#3733 = ORIENTED_EDGE ( 'NONE', *, *, #1581, .T. ) ;
#3734 = CARTESIAN_POINT ( 'NONE',  ( 1.499999999999999334, 0.04999999999999999584, 1.025000000000000577 ) ) ;
#3735 = CARTESIAN_POINT ( 'NONE',  ( 1.199999999999999956, 0.000000000000000000, -1.224999999999998979 ) ) ;
#3736 = ADVANCED_FACE ( 'NONE', ( #2896 ), #879, .T. ) ;
#3737 = DIRECTION ( 'NONE',  ( 1.000000000000000000, 0.000000000000000000, 1.590163186312073696E-15 ) ) ;
#3738 = DIRECTION ( 'NONE',  ( 0.7071067811865477948, 0.000000000000000000, -0.7071067811865473507 ) ) ;
#3739 = EDGE_CURVE ( 'NONE', #2110, #950, #1972, .T. ) ;
#3740 = SURFACE_STYLE_FILL_AREA ( #1901 ) ;
#3741 = CARTESIAN_POINT ( 'NONE',  ( -1.199999999999999512, 0.1999999999999999833, 0.7750000000000002442 ) ) ;
#3742 = CARTESIAN_POINT ( 'NONE',  ( -1.199999999999999512, 0.000000000000000000, 0.7750000000000002442 ) ) ;
#3743 =( NAMED_UNIT ( * ) PLANE_ANGLE_UNIT ( ) SI_UNIT ( $, .RADIAN. ) );
#3744 = AXIS2_PLACEMENT_3D ( 'NONE', #1982, #480, #3094 ) ;
#3745 = DIRECTION ( 'NONE',  ( 2.706303097211879254E-16, 0.000000000000000000, -1.000000000000000000 ) ) ;
#3746 = EDGE_LOOP ( 'NONE', ( #1058, #3571, #3366, #1848 ) ) ;
#3747 = ORIENTED_EDGE ( 'NONE', *, *, #2061, .T. ) ;
#3748 = DIRECTION ( 'NONE',  ( -1.000000000000000000, 0.000000000000000000, -1.445602896647339163E-16 ) ) ;
#3749 = ORIENTED_EDGE ( 'NONE', *, *, #2968, .T. ) ;
#3750 = VERTEX_POINT ( 'NONE', #856 ) ;
#3751 = ORIENTED_EDGE ( 'NONE', *, *, #2286, .T. ) ;
#3752 = DIRECTION ( 'NONE',  ( 1.000000000000000000, 0.000000000000000000, 2.519070394157739776E-16 ) ) ;
#3753 = ORIENTED_EDGE ( 'NONE', *, *, #3429, .T. ) ;
#3754 = DIRECTION ( 'NONE',  ( -1.000000000000000000, 0.000000000000000000, 0.000000000000000000 ) ) ;
#3755 = LINE ( 'NONE', #439, #3213 ) ;
#3756 = CARTESIAN_POINT ( 'NONE',  ( -1.499999999999999778, 0.2000000000000000111, 1.225000000000000089 ) ) ;
#3757 = CARTESIAN_POINT ( 'NONE',  ( -1.499999999999999334, 0.6472135954999579388, -1.224999999999999645 ) ) ;
#3758 = DIRECTION ( 'NONE',  ( 1.000000000000000000, 0.000000000000000000, 2.710505431213766015E-16 ) ) ;
#3759 = EDGE_CURVE ( 'NONE', #1649, #2333, #3042, .T. ) ;
#3760 = DIRECTION ( 'NONE',  ( -1.000000000000000000, 0.000000000000000000, -1.445602896647339163E-16 ) ) ;
#3761 = ORIENTED_EDGE ( 'NONE', *, *, #3227, .F. ) ;
#3762 = ADVANCED_FACE ( 'NONE', ( #4557 ), #4228, .F. ) ;
#3763 = LINE ( 'NONE', #474, #2407 ) ;
#3764 = CARTESIAN_POINT ( 'NONE',  ( -1.199999999999999289, 0.000000000000000000, -0.5749999999999996225 ) ) ;
#3765 = VECTOR ( 'NONE', #4147, 1000.000000000000000 ) ;
#3766 = FILL_AREA_STYLE_COLOUR ( '', #4043 ) ;
#3767 = DIRECTION ( 'NONE',  ( -1.000000000000000000, 0.000000000000000000, -1.445602896647339163E-16 ) ) ;
#3768 = EDGE_LOOP ( 'NONE', ( #276, #3578, #1995, #3294, #977 ) ) ;
#3769 = EDGE_LOOP ( 'NONE', ( #1727, #1089, #1573, #3995 ) ) ;
#3770 = CARTESIAN_POINT ( 'NONE',  ( 1.499999999999999556, 0.2000000000000000111, -0.5749999999999991784 ) ) ;
#3771 = ORIENTED_EDGE ( 'NONE', *, *, #572, .F. ) ;
#3772 = AXIS2_PLACEMENT_3D ( 'NONE', #707, #3607, #4017 ) ;
#3773 = ORIENTED_EDGE ( 'NONE', *, *, #352, .F. ) ;
#3774 = EDGE_LOOP ( 'NONE', ( #1354, #4028, #3519, #1881 ) ) ;
#3775 = LINE ( 'NONE', #1122, #1062 ) ;
#3776 = ORIENTED_EDGE ( 'NONE', *, *, #1491, .F. ) ;
#3777 = FACE_OUTER_BOUND ( 'NONE', #2482, .T. ) ;
#3778 = EDGE_CURVE ( 'NONE', #78, #3614, #157, .T. ) ;
#3779 = DIRECTION ( 'NONE',  ( 1.000000000000000000, 0.000000000000000000, 1.445602896647339163E-16 ) ) ;
#3780 = EDGE_CURVE ( 'NONE', #3458, #4137, #1589, .T. ) ;
#3781 = CARTESIAN_POINT ( 'NONE',  ( -1.499999999999999778, 0.000000000000000000, 1.225000000000000089 ) ) ;
#3782 = CARTESIAN_POINT ( 'NONE',  ( -1.199999999999999512, 0.1999999999999999833, -0.2249999999999994504 ) ) ;
#3783 = EDGE_CURVE ( 'NONE', #201, #2811, #2321, .T. ) ;
#3784 =( NAMED_UNIT ( * ) PLANE_ANGLE_UNIT ( ) SI_UNIT ( $, .RADIAN. ) );
#3785 = VECTOR ( 'NONE', #2189, 1000.000000000000000 ) ;
#3786 = CARTESIAN_POINT ( 'NONE',  ( -1.199999999999999512, 0.2000000000000000111, -0.2249999999999994504 ) ) ;
#3787 = EDGE_CURVE ( 'NONE', #1140, #462, #1729, .T. ) ;
#3788 = PLANE ( 'NONE',  #1636 ) ;
#3789 = AXIS2_PLACEMENT_3D ( 'NONE', #186, #933, #1254 ) ;
#3790 = AXIS2_PLACEMENT_3D ( 'NONE', #1088, #2570, #4045 ) ;
#3791 = DIRECTION ( 'NONE',  ( -1.000000000000000000, 0.000000000000000000, 0.000000000000000000 ) ) ;
#3792 = ORIENTED_EDGE ( 'NONE', *, *, #3295, .F. ) ;
#3793 = ORIENTED_EDGE ( 'NONE', *, *, #2557, .T. ) ;
#3794 = CARTESIAN_POINT ( 'NONE',  ( -0.6049999999999997602, 0.2000000000000000944, -0.7100000000000004086 ) ) ;
#3795 = ADVANCED_FACE ( 'NONE', ( #3064 ), #2027, .F. ) ;
#3796 = ORIENTED_EDGE ( 'NONE', *, *, #2894, .F. ) ;
#3797 = CIRCLE ( 'NONE', #3564, 0.09999999999999982514 ) ;
#3798 = EDGE_CURVE ( 'NONE', #201, #172, #1632, .T. ) ;
#3799 = ORIENTED_EDGE ( 'NONE', *, *, #4214, .F. ) ;
#3800 = VECTOR ( 'NONE', #4339, 1000.000000000000000 ) ;
#3801 = VERTEX_POINT ( 'NONE', #1202 ) ;
#3802 = DIRECTION ( 'NONE',  ( -1.000000000000000000, 0.000000000000000000, 0.000000000000000000 ) ) ;
#3803 = STYLED_ITEM ( 'NONE', ( #1231 ), #2617 ) ;
#3804 = PLANE ( 'NONE',  #3039 ) ;
#3805 = VERTEX_POINT ( 'NONE', #1946 ) ;
#3806 = DIRECTION ( 'NONE',  ( 1.000000000000000000, 0.000000000000000000, 2.710505431213766015E-16 ) ) ;
#3807 =( GEOMETRIC_REPRESENTATION_CONTEXT ( 3 ) GLOBAL_UNCERTAINTY_ASSIGNED_CONTEXT ( ( #3144 ) ) GLOBAL_UNIT_ASSIGNED_CONTEXT ( ( #290, #1086, #2772 ) ) REPRESENTATION_CONTEXT ( 'NONE', 'WORKASPACE' ) );
#3808 = CARTESIAN_POINT ( 'NONE',  ( -1.199999999999999512, 0.000000000000000000, -0.6749999999999994893 ) ) ;
#3809 = DIRECTION ( 'NONE',  ( -1.590163186312073696E-15, 0.000000000000000000, 1.000000000000000000 ) ) ;
#3810 = EDGE_CURVE ( 'NONE', #3820, #2110, #3114, .T. ) ;
#3811 = AXIS2_PLACEMENT_3D ( 'NONE', #1924, #4155, #828 ) ;
#3812 = FACE_OUTER_BOUND ( 'NONE', #3019, .T. ) ;
#3813 = CARTESIAN_POINT ( 'NONE',  ( 1.499999999999999334, 0.1999999999999999833, 0.7750000000000006883 ) ) ;
#3814 = LINE ( 'NONE', #3088, #3184 ) ;
#3815 = LINE ( 'NONE', #4133, #701 ) ;
#3816 = DIRECTION ( 'NONE',  ( 1.000000000000000000, 0.000000000000000000, 1.445602896647339163E-16 ) ) ;
#3817 = ORIENTED_EDGE ( 'NONE', *, *, #4332, .T. ) ;
#3818 = ORIENTED_EDGE ( 'NONE', *, *, #1576, .T. ) ;
#3819 = ADVANCED_FACE ( 'NONE', ( #3812 ), #1180, .F. ) ;
#3820 = VERTEX_POINT ( 'NONE', #3495 ) ;
#3821 = VECTOR ( 'NONE', #3833, 1000.000000000000000 ) ;
#3822 = VECTOR ( 'NONE', #504, 1000.000000000000000 ) ;
#3823 = ORIENTED_EDGE ( 'NONE', *, *, #700, .T. ) ;
#3824 = CARTESIAN_POINT ( 'NONE',  ( -1.500000000000000666, 0.05000000000000000278, 1.500000000000000222 ) ) ;
#3825 = EDGE_CURVE ( 'NONE', #1716, #2749, #494, .T. ) ;
#3826 =( NAMED_UNIT ( * ) PLANE_ANGLE_UNIT ( ) SI_UNIT ( $, .RADIAN. ) );
#3827 = CARTESIAN_POINT ( 'NONE',  ( 1.199999999999999289, 0.2000000000000000111, -0.5749999999999991784 ) ) ;
#3828 = DIRECTION ( 'NONE',  ( 1.445602896647339163E-16, 0.000000000000000000, -1.000000000000000000 ) ) ;
#3829 = ORIENTED_EDGE ( 'NONE', *, *, #2061, .F. ) ;
#3830 = CARTESIAN_POINT ( 'NONE',  ( -1.199999999999999289, 0.2000000000000000111, -1.124999999999999556 ) ) ;
#3831 = ORIENTED_EDGE ( 'NONE', *, *, #3850, .F. ) ;
#3832 = DIRECTION ( 'NONE',  ( 1.000000000000000000, 0.000000000000000000, 1.590163186312073893E-15 ) ) ;
#3833 = DIRECTION ( 'NONE',  ( 1.000000000000000000, 0.000000000000000000, -1.301042606982605715E-15 ) ) ;
#3834 = VERTEX_POINT ( 'NONE', #132 ) ;
#3835 = VECTOR ( 'NONE', #4004, 1000.000000000000000 ) ;
#3836 = LINE ( 'NONE', #520, #3611 ) ;
#3837 = CYLINDRICAL_SURFACE ( 'NONE', #853, 0.09999999999999982514 ) ;
#3838 = CARTESIAN_POINT ( 'NONE',  ( 1.499999999999999556, 0.6472135954999579388, -0.1249999999999992506 ) ) ;
#3839 = DIRECTION ( 'NONE',  ( 0.000000000000000000, -1.000000000000000000, 0.000000000000000000 ) ) ;
#3840 = DIRECTION ( 'NONE',  ( 1.445602896647339163E-16, 0.000000000000000000, -1.000000000000000000 ) ) ;
#3841 = ORIENTED_EDGE ( 'NONE', *, *, #3778, .T. ) ;
#3842 = ORIENTED_EDGE ( 'NONE', *, *, #4530, .T. ) ;
#3843 = ORIENTED_EDGE ( 'NONE', *, *, #2286, .F. ) ;
#3844 = DIRECTION ( 'NONE',  ( -1.000000000000000000, 0.000000000000000000, -1.445602896647339163E-16 ) ) ;
#3845 = EDGE_CURVE ( 'NONE', #2781, #390, #1249, .T. ) ;
#3846 = ORIENTED_EDGE ( 'NONE', *, *, #3554, .T. ) ;
#3847 = CIRCLE ( 'NONE', #2464, 0.09999999999999982514 ) ;
#3848 = EDGE_LOOP ( 'NONE', ( #1170, #741, #1287, #3902 ) ) ;
#3849 = CARTESIAN_POINT ( 'NONE',  ( -1.199999999999999289, 0.04999999999999999584, -1.124999999999999556 ) ) ;
#3850 = EDGE_CURVE ( 'NONE', #4474, #3926, #4130, .T. ) ;
#3851 = CARTESIAN_POINT ( 'NONE',  ( -1.110345230445701104, 0.6999999999999999556, -1.145043518897132184 ) ) ;
#3852 = PRESENTATION_LAYER_ASSIGNMENT (  '', '', ( #4544 ) ) ;
#3853 = VERTEX_POINT ( 'NONE', #1999 ) ;
#3854 = CARTESIAN_POINT ( 'NONE',  ( -0.6050000000000002043, 2.554676198546203647, 1.009999999999999787 ) ) ;
#3855 = VERTEX_POINT ( 'NONE', #3468 ) ;
#3856 = CARTESIAN_POINT ( 'NONE',  ( -1.199999999999999289, 0.2000000000000000111, -1.124999999999999556 ) ) ;
#3857 = CARTESIAN_POINT ( 'NONE',  ( -1.199999999999999289, 0.2000000000000000111, -1.124999999999999556 ) ) ;
#3858 = ADVANCED_FACE ( 'NONE', ( #443 ), #4532, .F. ) ;
#3859 = DIRECTION ( 'NONE',  ( -0.000000000000000000, -1.000000000000000000, 0.000000000000000000 ) ) ;
#3860 = AXIS2_PLACEMENT_3D ( 'NONE', #667, #3968, #646 ) ;
#3861 = DIRECTION ( 'NONE',  ( 0.000000000000000000, -1.000000000000000000, 0.000000000000000000 ) ) ;
#3862 = CARTESIAN_POINT ( 'NONE',  ( -1.499999999999999556, 0.1999999999999999833, 0.5750000000000001776 ) ) ;
#3863 = VECTOR ( 'NONE', #3239, 1000.000000000000000 ) ;
#3864 = UNCERTAINTY_MEASURE_WITH_UNIT (LENGTH_MEASURE( 1.000000000000000082E-05 ), #1132, 'distance_accuracy_value', 'NONE');
#3865 = DIRECTION ( 'NONE',  ( 1.000000000000000000, 0.000000000000000000, 2.519070394157739776E-16 ) ) ;
#3866 = ORIENTED_EDGE ( 'NONE', *, *, #1275, .T. ) ;
#3867 = VECTOR ( 'NONE', #1444, 1000.000000000000000 ) ;
#3868 = LINE ( 'NONE', #242, #237 ) ;
#3869 = EDGE_CURVE ( 'NONE', #1466, #2139, #645, .T. ) ;
#3870 = ORIENTED_EDGE ( 'NONE', *, *, #869, .T. ) ;
#3871 = LINE ( 'NONE', #2094, #4312 ) ;
#3872 = DIRECTION ( 'NONE',  ( 0.000000000000000000, -1.000000000000000000, 0.000000000000000000 ) ) ;
#3873 = DIRECTION ( 'NONE',  ( 1.301042606982605912E-15, 0.000000000000000000, 1.000000000000000000 ) ) ;
#3874 = DIRECTION ( 'NONE',  ( -0.000000000000000000, -1.000000000000000000, 0.000000000000000000 ) ) ;
#3875 = ORIENTED_EDGE ( 'NONE', *, *, #4645, .F. ) ;
#3876 = DIRECTION ( 'NONE',  ( 1.445602896647339163E-16, 0.000000000000000000, -1.000000000000000000 ) ) ;
#3877 = ORIENTED_EDGE ( 'NONE', *, *, #2238, .T. ) ;
#3878 = AXIS2_PLACEMENT_3D ( 'NONE', #4041, #2456, #1110 ) ;
#3879 =( GEOMETRIC_REPRESENTATION_CONTEXT ( 3 ) GLOBAL_UNCERTAINTY_ASSIGNED_CONTEXT ( ( #757 ) ) GLOBAL_UNIT_ASSIGNED_CONTEXT ( ( #4428, #1478, #816 ) ) REPRESENTATION_CONTEXT ( 'NONE', 'WORKASPACE' ) );
#3880 = FILL_AREA_STYLE ('',( #180 ) ) ;
#3881 = DIRECTION ( 'NONE',  ( 1.000000000000000000, 0.000000000000000000, 0.000000000000000000 ) ) ;
#3882 = AXIS2_PLACEMENT_3D ( 'NONE', #1486, #2961, #2584 ) ;
#3883 = CARTESIAN_POINT ( 'NONE',  ( -4.698209414103861586E-17, 0.05000000000000000278, 0.3250000000000006217 ) ) ;
#3884 = VECTOR ( 'NONE', #3289, 1000.000000000000000 ) ;
#3885 = CARTESIAN_POINT ( 'NONE',  ( -1.099999999999999645, 0.2000000000000000111, 0.2250000000000006439 ) ) ;
#3886 = EDGE_CURVE ( 'NONE', #1366, #383, #4343, .T. ) ;
#3887 = ORIENTED_EDGE ( 'NONE', *, *, #1633, .F. ) ;
#3888 = CARTESIAN_POINT ( 'NONE',  ( -1.199999999999999512, 0.2000000000000000111, 0.7750000000000002442 ) ) ;
#3889 = FACE_OUTER_BOUND ( 'NONE', #4603, .T. ) ;
#3890 = CARTESIAN_POINT ( 'NONE',  ( 1.199999999999999067, 0.04999999999999999584, 0.7750000000000006883 ) ) ;
#3891 = EDGE_CURVE ( 'NONE', #390, #3805, #3960, .T. ) ;
#3892 = DIRECTION ( 'NONE',  ( 0.000000000000000000, 1.000000000000000000, 0.000000000000000000 ) ) ;
#3893 = CARTESIAN_POINT ( 'NONE',  ( -0.6049999999999999822, 0.05000000000000000278, -1.637313373813186683E-16 ) ) ;
#3894 = ORIENTED_EDGE ( 'NONE', *, *, #2732, .T. ) ;
#3895 = COLOUR_RGB ( '',0.7921568627450980005, 0.8196078431372548767, 0.9333333333333333481 ) ;
#3896 = VERTEX_POINT ( 'NONE', #3931 ) ;
#3897 = PLANE ( 'NONE',  #3988 ) ;
#3898 = VERTEX_POINT ( 'NONE', #4612 ) ;
#3899 = LINE ( 'NONE', #1213, #1559 ) ;
#3900 = CARTESIAN_POINT ( 'NONE',  ( 1.499999999999999778, 0.6472135954999579388, -0.7749999999999993561 ) ) ;
#3901 = SURFACE_STYLE_USAGE ( .BOTH. , #674 ) ;
#3902 = ORIENTED_EDGE ( 'NONE', *, *, #4653, .T. ) ;
#3903 = DIRECTION ( 'NONE',  ( 0.000000000000000000, 1.000000000000000000, 0.000000000000000000 ) ) ;
#3904 = CLOSED_SHELL ( 'NONE', ( #3216, #1714, #1664, #1218, #1959, #3073 ) ) ;
#3905 = ORIENTED_EDGE ( 'NONE', *, *, #2582, .T. ) ;
#3906 = ADVANCED_FACE ( 'NONE', ( #3228, #2152 ), #616, .T. ) ;
#3907 = CARTESIAN_POINT ( 'NONE',  ( -1.199999999999999512, 0.1999999999999999833, -1.224999999999999201 ) ) ;
#3908 = CARTESIAN_POINT ( 'NONE',  ( -1.199999999999999956, 0.04999999999999999584, 1.025000000000000577 ) ) ;
#3909 = PLANE ( 'NONE',  #3331 ) ;
#3910 = VERTEX_POINT ( 'NONE', #1300 ) ;
#3911 = VERTEX_POINT ( 'NONE', #2807 ) ;
#3912 = LINE ( 'NONE', #543, #4466 ) ;
#3913 = CARTESIAN_POINT ( 'NONE',  ( 1.499999999999999778, 0.04999999999999999584, -0.7749999999999993561 ) ) ;
#3914 = DIRECTION ( 'NONE',  ( 1.000000000000000000, 0.000000000000000000, 0.000000000000000000 ) ) ;
#3915 = EDGE_CURVE ( 'NONE', #3270, #1814, #3976, .T. ) ;
#3916 = ORIENTED_EDGE ( 'NONE', *, *, #479, .T. ) ;
#3917 = AXIS2_PLACEMENT_3D ( 'NONE', #1810, #4047, #2235 ) ;
#3918 = EDGE_CURVE ( 'NONE', #2380, #2620, #399, .T. ) ;
#3919 = ORIENTED_EDGE ( 'NONE', *, *, #2706, .T. ) ;
#3920 = CARTESIAN_POINT ( 'NONE',  ( -1.199999999999999289, 0.000000000000000000, -1.124999999999999556 ) ) ;
#3921 = ORIENTED_EDGE ( 'NONE', *, *, #159, .T. ) ;
#3922 = DIRECTION ( 'NONE',  ( 1.000000000000000000, 0.000000000000000000, 1.445602896647339163E-16 ) ) ;
#3923 = DIRECTION ( 'NONE',  ( 1.000000000000000000, 0.000000000000000000, 2.710505431213766015E-16 ) ) ;
#3924 = DIRECTION ( 'NONE',  ( 1.000000000000000000, 0.000000000000000000, 2.710505431213766015E-16 ) ) ;
#3925 = AXIS2_PLACEMENT_3D ( 'NONE', #1536, #3397, #1876 ) ;
#3926 = VERTEX_POINT ( 'NONE', #279 ) ;
#3927 = DIRECTION ( 'NONE',  ( -1.445602896647339163E-16, 0.000000000000000000, 1.000000000000000000 ) ) ;
#3928 = ORIENTED_EDGE ( 'NONE', *, *, #3280, .F. ) ;
#3929 = FACE_OUTER_BOUND ( 'NONE', #3848, .T. ) ;
#3930 = EDGE_CURVE ( 'NONE', #4567, #4568, #1182, .T. ) ;
#3931 = CARTESIAN_POINT ( 'NONE',  ( -1.099999999999999423, 0.1999999999999999833, -1.124999999999999556 ) ) ;
#3932 = DIRECTION ( 'NONE',  ( -0.000000000000000000, -1.000000000000000000, -0.000000000000000000 ) ) ;
#3933 = EDGE_CURVE ( 'NONE', #3990, #661, #955, .T. ) ;
#3934 = CARTESIAN_POINT ( 'NONE',  ( 1.199999999999999067, 0.1999999999999999833, 1.225000000000000533 ) ) ;
#3935 = VECTOR ( 'NONE', #4706, 1000.000000000000000 ) ;
#3936 = VERTEX_POINT ( 'NONE', #1702 ) ;
#3937 = ORIENTED_EDGE ( 'NONE', *, *, #3486, .F. ) ;
#3938 = DIRECTION ( 'NONE',  ( 0.000000000000000000, 0.000000000000000000, 1.000000000000000000 ) ) ;
#3939 = CARTESIAN_POINT ( 'NONE',  ( -1.199999999999999289, 0.04999999999999999584, -0.1249999999999996253 ) ) ;
#3940 = PLANE ( 'NONE',  #2776 ) ;
#3941 = EDGE_CURVE ( 'NONE', #2493, #887, #3189, .T. ) ;
#3942 = ORIENTED_EDGE ( 'NONE', *, *, #3007, .T. ) ;
#3943 = VERTEX_POINT ( 'NONE', #3908 ) ;
#3944 = ORIENTED_EDGE ( 'NONE', *, *, #2621, .F. ) ;
#3945 = CARTESIAN_POINT ( 'NONE',  ( -1.199999999999999289, 0.000000000000000000, -1.124999999999999556 ) ) ;
#3946 = VECTOR ( 'NONE', #9, 1000.000000000000000 ) ;
#3947 = EDGE_CURVE ( 'NONE', #3651, #172, #590, .T. ) ;
#3948 = DIRECTION ( 'NONE',  ( 1.000000000000000000, 0.000000000000000000, -1.301042606982605912E-15 ) ) ;
#3949 =( GEOMETRIC_REPRESENTATION_CONTEXT ( 3 ) GLOBAL_UNCERTAINTY_ASSIGNED_CONTEXT ( ( #2085 ) ) GLOBAL_UNIT_ASSIGNED_CONTEXT ( ( #1353, #3163, #2076 ) ) REPRESENTATION_CONTEXT ( 'NONE', 'WORKASPACE' ) );
#3950 = CARTESIAN_POINT ( 'NONE',  ( 1.499999999999999556, 0.2000000000000000111, -0.5749999999999991784 ) ) ;
#3951 = LINE ( 'NONE', #1448, #2890 ) ;
#3952 = VECTOR ( 'NONE', #1818, 1000.000000000000000 ) ;
#3953 = VECTOR ( 'NONE', #4615, 1000.000000000000000 ) ;
#3954 = ADVANCED_FACE ( 'NONE', ( #2050 ), #4663, .T. ) ;
#3955 = EDGE_LOOP ( 'NONE', ( #2008, #2409, #3682, #2060 ) ) ;
#3956 = DIRECTION ( 'NONE',  ( 1.000000000000000000, 0.000000000000000000, 0.000000000000000000 ) ) ;
#3957 = EDGE_LOOP ( 'NONE', ( #4553, #823, #4480, #1334 ) ) ;
#3958 = EDGE_LOOP ( 'NONE', ( #818, #2328, #296, #224 ) ) ;
#3959 = LINE ( 'NONE', #1817, #3534 ) ;
#3960 = LINE ( 'NONE', #643, #4202 ) ;
#3961 = CIRCLE ( 'NONE', #3190, 0.09999999999999982514 ) ;
#3962 = DIRECTION ( 'NONE',  ( -1.000000000000000000, 0.000000000000000000, -1.445602896647339163E-16 ) ) ;
#3963 = STYLED_ITEM ( 'NONE', ( #3434 ), #2603 ) ;
#3964 = VERTEX_POINT ( 'NONE', #1050 ) ;
#3965 = LINE ( 'NONE', #644, #3935 ) ;
#3966 = CIRCLE ( 'NONE', #3340, 0.09999999999999982514 ) ;
#3967 = STYLED_ITEM ( 'NONE', ( #4303 ), #1048 ) ;
#3968 = DIRECTION ( 'NONE',  ( 0.000000000000000000, 1.000000000000000000, 0.000000000000000000 ) ) ;
#3969 = VECTOR ( 'NONE', #4222, 1000.000000000000000 ) ;
#3970 = DIRECTION ( 'NONE',  ( 1.000000000000000000, 0.000000000000000000, 1.445602896647339163E-16 ) ) ;
#3971 = AXIS2_PLACEMENT_3D ( 'NONE', #3130, #948, #3077 ) ;
#3972 = ORIENTED_EDGE ( 'NONE', *, *, #2446, .F. ) ;
#3973 = VERTEX_POINT ( 'NONE', #2534 ) ;
#3974 = ORIENTED_EDGE ( 'NONE', *, *, #1380, .T. ) ;
#3975 = CARTESIAN_POINT ( 'NONE',  ( -1.199999999999999289, 0.2000000000000000111, 0.3250000000000004552 ) ) ;
#3976 = CIRCLE ( 'NONE', #4586, 0.09999999999999982514 ) ;
#3977 = DIRECTION ( 'NONE',  ( 1.000000000000000000, -0.000000000000000000, 1.445602896647339163E-16 ) ) ;
#3978 = SURFACE_SIDE_STYLE ('',( #2503 ) ) ;
#3979 = EDGE_CURVE ( 'NONE', #1532, #2258, #3725, .T. ) ;
#3980 = ORIENTED_EDGE ( 'NONE', *, *, #1525, .F. ) ;
#3981 = CARTESIAN_POINT ( 'NONE',  ( 1.499999999999999556, 0.6472135954999579388, -0.1249999999999992506 ) ) ;
#3982 = VERTEX_POINT ( 'NONE', #2629 ) ;
#3983 = EDGE_CURVE ( 'NONE', #3896, #2691, #1413, .T. ) ;
#3984 = ORIENTED_EDGE ( 'NONE', *, *, #411, .F. ) ;
#3985 = DIRECTION ( 'NONE',  ( 1.000000000000000000, 0.000000000000000000, 0.000000000000000000 ) ) ;
#3986 = CARTESIAN_POINT ( 'NONE',  ( 1.333568672157174398E-15, 0.05000000000000000278, 1.025000000000002576 ) ) ;
#3988 = AXIS2_PLACEMENT_3D ( 'NONE', #1335, #3478, #4239 ) ;
#3987 = CARTESIAN_POINT ( 'NONE',  ( 0.000000000000000000, 0.8000000000000000444, 0.000000000000000000 ) ) ;
#3989 = CARTESIAN_POINT ( 'NONE',  ( -1.199999999999999512, 0.2000000000000000111, 0.7750000000000002442 ) ) ;
#3990 = VERTEX_POINT ( 'NONE', #3348 ) ;
#3991 = LINE ( 'NONE', #304, #1456 ) ;
#3992 = CIRCLE ( 'NONE', #1893, 0.09999999999999982514 ) ;
#3993 = CARTESIAN_POINT ( 'NONE',  ( -1.499999999999999334, 0.2000000000000000111, -0.7749999999999998002 ) ) ;
#3994 = DIRECTION ( 'NONE',  ( 0.000000000000000000, 0.000000000000000000, -1.000000000000000000 ) ) ;
#3995 = ORIENTED_EDGE ( 'NONE', *, *, #2412, .T. ) ;
#3996 = ORIENTED_EDGE ( 'NONE', *, *, #1576, .F. ) ;
#3997 = ORIENTED_EDGE ( 'NONE', *, *, #1836, .T. ) ;
#3998 = DIRECTION ( 'NONE',  ( -1.000000000000000000, 0.000000000000000000, -1.084202172485506406E-15 ) ) ;
#3999 = VERTEX_POINT ( 'NONE', #325 ) ;
#4000 = ADVANCED_FACE ( 'NONE', ( #1798 ), #3274, .T. ) ;
#4001 = DIRECTION ( 'NONE',  ( 1.000000000000000000, 0.000000000000000000, 0.000000000000000000 ) ) ;
#4002 = CARTESIAN_POINT ( 'NONE',  ( -0.6050000000000002043, 0.2000000000000000944, 1.009999999999999787 ) ) ;
#4003 = ADVANCED_FACE ( 'NONE', ( #3 ), #3654, .F. ) ;
#4004 = DIRECTION ( 'NONE',  ( 0.000000000000000000, -1.000000000000000000, 0.000000000000000000 ) ) ;
#4005 = VECTOR ( 'NONE', #1065, 1000.000000000000000 ) ;
#4006 = SURFACE_STYLE_USAGE ( .BOTH. , #2526 ) ;
#4007 = VERTEX_POINT ( 'NONE', #4077 ) ;
#4008 = CARTESIAN_POINT ( 'NONE',  ( -1.199999999999999734, 0.000000000000000000, 1.125000000000000444 ) ) ;
#4009 = ORIENTED_EDGE ( 'NONE', *, *, #2550, .F. ) ;
#4010 = VERTEX_POINT ( 'NONE', #4746 ) ;
#4011 = EDGE_CURVE ( 'NONE', #4701, #4144, #4409, .T. ) ;
#4012 = VECTOR ( 'NONE', #1002, 1000.000000000000000 ) ;
#4013 = CARTESIAN_POINT ( 'NONE',  ( 0.6050000000000002043, 0.2000000000000000111, -1.010000000000000231 ) ) ;
#4014 = DIRECTION ( 'NONE',  ( -0.000000000000000000, -1.000000000000000000, 0.000000000000000000 ) ) ;
#4015 = VECTOR ( 'NONE', #3738, 999.9999999999998863 ) ;
#4016 = ADVANCED_FACE ( 'NONE', ( #1940, #4173 ), #3078, .F. ) ;
#4017 = DIRECTION ( 'NONE',  ( 1.000000000000000000, 0.000000000000000000, 0.000000000000000000 ) ) ;
#4018 = CARTESIAN_POINT ( 'NONE',  ( -1.199999999999999289, 0.6472135954999579388, -0.5749999999999996225 ) ) ;
#4019 = DIRECTION ( 'NONE',  ( -1.590163186312073696E-15, 0.000000000000000000, 1.000000000000000000 ) ) ;
#4020 = VECTOR ( 'NONE', #2467, 1000.000000000000000 ) ;
#4021 = ADVANCED_FACE ( 'NONE', ( #1964 ), #3440, .T. ) ;
#4022 = CARTESIAN_POINT ( 'NONE',  ( -1.499999999999999556, 0.000000000000000000, 0.5750000000000001776 ) ) ;
#4023 = ORIENTED_EDGE ( 'NONE', *, *, #495, .T. ) ;
#4024 = CARTESIAN_POINT ( 'NONE',  ( -1.499999999999999778, 0.000000000000000000, 1.025000000000000133 ) ) ;
#4025 = ORIENTED_EDGE ( 'NONE', *, *, #204, .T. ) ;
#4026 = DIRECTION ( 'NONE',  ( 0.000000000000000000, -1.000000000000000000, 0.000000000000000000 ) ) ;
#4027 = ADVANCED_FACE ( 'NONE', ( #1992 ), #3462, .F. ) ;
#4028 = ORIENTED_EDGE ( 'NONE', *, *, #35, .F. ) ;
#4029 = EDGE_LOOP ( 'NONE', ( #4684, #3049, #1407, #1422 ) ) ;
#4030 = VECTOR ( 'NONE', #571, 1000.000000000000000 ) ;
#4031 = ORIENTED_EDGE ( 'NONE', *, *, #2938, .T. ) ;
#4032 = PLANE ( 'NONE',  #2771 ) ;
#4033 = FACE_OUTER_BOUND ( 'NONE', #2959, .T. ) ;
#4034 = LINE ( 'NONE', #2514, #2319 ) ;
#4035 = CARTESIAN_POINT ( 'NONE',  ( 1.199999999999999512, 0.2000000000000000111, 0.2250000000000009770 ) ) ;
#4036 = CARTESIAN_POINT ( 'NONE',  ( 1.499999999999999556, 0.000000000000000000, 0.3250000000000008438 ) ) ;
#4037 = AXIS2_PLACEMENT_3D ( 'NONE', #498, #3359, #834 ) ;
#4038 = EDGE_CURVE ( 'NONE', #4073, #4314, #3105, .T. ) ;
#4039 = CARTESIAN_POINT ( 'NONE',  ( -0.6049999999999997602, 0.000000000000000000, -0.7100000000000004086 ) ) ;
#4040 = COLOUR_RGB ( '',0.7921568627450980005, 0.8196078431372548767, 0.9333333333333333481 ) ;
#4041 = CARTESIAN_POINT ( 'NONE',  ( -1.199999999999999512, 0.000000000000000000, 0.6750000000000004885 ) ) ;
#4042 = DIRECTION ( 'NONE',  ( 1.000000000000000000, 0.000000000000000000, 1.590163186312073893E-15 ) ) ;
#4043 = COLOUR_RGB ( '',0.7921568627450980005, 0.8196078431372548767, 0.9333333333333333481 ) ;
#4044 = CARTESIAN_POINT ( 'NONE',  ( -1.110345230445701104, 0.8000000000000000444, -1.145043518897132184 ) ) ;
#4045 = DIRECTION ( 'NONE',  ( 1.000000000000000000, 0.000000000000000000, 0.000000000000000000 ) ) ;
#4046 = EDGE_LOOP ( 'NONE', ( #2607, #2764, #4618, #71 ) ) ;
#4047 = DIRECTION ( 'NONE',  ( 0.000000000000000000, -1.000000000000000000, 0.000000000000000000 ) ) ;
#4048 = DIRECTION ( 'NONE',  ( -0.000000000000000000, -1.000000000000000000, 0.000000000000000000 ) ) ;
#4049 = ORIENTED_EDGE ( 'NONE', *, *, #4661, .F. ) ;
#4050 = ORIENTED_EDGE ( 'NONE', *, *, #3137, .F. ) ;
#4051 = ORIENTED_EDGE ( 'NONE', *, *, #3149, .F. ) ;
#4052 = CYLINDRICAL_SURFACE ( 'NONE', #2920, 0.09999999999999982514 ) ;
#4053 = VERTEX_POINT ( 'NONE', #895 ) ;
#4054 = CARTESIAN_POINT ( 'NONE',  ( 1.199999999999999734, 0.2000000000000000111, -1.124999999999999112 ) ) ;
#4055 = EDGE_CURVE ( 'NONE', #1602, #3367, #50, .T. ) ;
#4056 = LINE ( 'NONE', #394, #2151 ) ;
#4057 = FACE_OUTER_BOUND ( 'NONE', #1529, .T. ) ;
#4058 = CARTESIAN_POINT ( 'NONE',  ( 1.199999999999999734, 0.000000000000000000, -0.3249999999999989564 ) ) ;
#4059 = COLOUR_RGB ( '',0.7921568627450980005, 0.8196078431372548767, 0.9333333333333333481 ) ;
#4060 = UNCERTAINTY_MEASURE_WITH_UNIT (LENGTH_MEASURE( 1.000000000000000082E-05 ), #294, 'distance_accuracy_value', 'NONE');
#4061 = CIRCLE ( 'NONE', #970, 0.09999999999999982514 ) ;
#4062 = AXIS2_PLACEMENT_3D ( 'NONE', #1920, #2246, #2679 ) ;
#4063 = CARTESIAN_POINT ( 'NONE',  ( 1.199999999999999289, 0.6472135954999579388, -0.5749999999999991784 ) ) ;
#4064 = ADVANCED_FACE ( 'NONE', ( #1402 ), #3156, .T. ) ;
#4065 = CARTESIAN_POINT ( 'NONE',  ( 1.199999999999999512, 0.2000000000000000111, -0.2249999999999991174 ) ) ;
#4066 = PLANE ( 'NONE',  #2539 ) ;
#4067 = DIRECTION ( 'NONE',  ( -1.000000000000000000, 0.000000000000000000, -1.590163186312073696E-15 ) ) ;
#4068 = DIRECTION ( 'NONE',  ( 1.000000000000000000, 0.000000000000000000, 1.445602896647339163E-16 ) ) ;
#4069 = ORIENTED_EDGE ( 'NONE', *, *, #1077, .T. ) ;
#4070 = DIRECTION ( 'NONE',  ( -0.000000000000000000, -1.000000000000000000, -0.000000000000000000 ) ) ;
#4071 = EDGE_LOOP ( 'NONE', ( #2394, #526, #4591, #1748 ) ) ;
#4072 = EDGE_CURVE ( 'NONE', #1360, #3750, #1764, .T. ) ;
#4073 = VERTEX_POINT ( 'NONE', #2045 ) ;
#4074 = ORIENTED_EDGE ( 'NONE', *, *, #1424, .F. ) ;
#4075 = LINE ( 'NONE', #3390, #3341 ) ;
#4076 = DIRECTION ( 'NONE',  ( -1.000000000000000000, 0.000000000000000000, -1.445602896647339163E-16 ) ) ;
#4077 = CARTESIAN_POINT ( 'NONE',  ( 1.499999999999999556, 0.1999999999999999833, 0.1250000000000007494 ) ) ;
#4078 = ORIENTED_EDGE ( 'NONE', *, *, #1902, .F. ) ;
#4079 = DIRECTION ( 'NONE',  ( -1.445602896647339163E-16, 0.000000000000000000, 1.000000000000000000 ) ) ;
#4080 = LINE ( 'NONE', #3373, #2673 ) ;
#4081 = LINE ( 'NONE', #1874, #2224 ) ;
#4082 = EDGE_CURVE ( 'NONE', #648, #1429, #653, .T. ) ;
#4083 = CARTESIAN_POINT ( 'NONE',  ( 1.199999999999999289, 0.2000000000000000111, -0.1249999999999992922 ) ) ;
#4084 = VECTOR ( 'NONE', #2660, 1000.000000000000000 ) ;
#4085 = EDGE_LOOP ( 'NONE', ( #1005, #384 ) ) ;
#4086 = CARTESIAN_POINT ( 'NONE',  ( 1.499999999999999334, 0.2000000000000000111, 0.7750000000000006883 ) ) ;
#4087 = EDGE_LOOP ( 'NONE', ( #2449, #3996, #1582, #682, #314 ) ) ;
#4088 = DIRECTION ( 'NONE',  ( -1.000000000000000000, 0.000000000000000000, -1.590163186312073696E-15 ) ) ;
#4089 = LINE ( 'NONE', #761, #2648 ) ;
#4090 = ADVANCED_FACE ( 'NONE', ( #4629 ), #2888, .F. ) ;
#4091 = DIRECTION ( 'NONE',  ( -1.000000000000000000, 0.000000000000000000, -2.710505431213766015E-16 ) ) ;
#4092 = CARTESIAN_POINT ( 'NONE',  ( -1.099999999999999645, 0.2000000000000000111, -0.6749999999999993783 ) ) ;
#4093 = EDGE_LOOP ( 'NONE', ( #3218, #3225, #380, #4025 ) ) ;
#4094 = LINE ( 'NONE', #767, #1296 ) ;
#4095 = LINE ( 'NONE', #1908, #4495 ) ;
#4096 = EDGE_LOOP ( 'NONE', ( #3776, #3206, #4752, #4313 ) ) ;
#4097 = EDGE_CURVE ( 'NONE', #455, #3160, #3284, .T. ) ;
#4098 = VECTOR ( 'NONE', #3492, 1000.000000000000000 ) ;
#4099 = ORIENTED_EDGE ( 'NONE', *, *, #988, .T. ) ;
#4100 = ADVANCED_FACE ( 'NONE', ( #1425 ), #2408, .F. ) ;
#4101 = LINE ( 'NONE', #4526, #3765 ) ;
#4102 = EDGE_LOOP ( 'NONE', ( #4732, #2318, #2014, #1690 ) ) ;
#4103 = DIRECTION ( 'NONE',  ( 1.445602896647339163E-16, 0.000000000000000000, -1.000000000000000000 ) ) ;
#4104 = CIRCLE ( 'NONE', #3703, 0.09999999999999982514 ) ;
#4105 = FACE_OUTER_BOUND ( 'NONE', #990, .T. ) ;
#4106 = DIRECTION ( 'NONE',  ( -0.000000000000000000, -1.000000000000000000, 0.000000000000000000 ) ) ;
#4107 = CARTESIAN_POINT ( 'NONE',  ( -0.6049999999999997602, 0.04999999999999999584, -0.7100000000000004086 ) ) ;
#4108 = AXIS2_PLACEMENT_3D ( 'NONE', #1004, #3962, #1381 ) ;
#4109 = CARTESIAN_POINT ( 'NONE',  ( -1.199999999999999512, 0.6472135954999579388, 1.225000000000000089 ) ) ;
#4110 = ORIENTED_EDGE ( 'NONE', *, *, #4533, .T. ) ;
#4111 = CARTESIAN_POINT ( 'NONE',  ( -1.099999999999999423, 0.000000000000000000, -1.124999999999999556 ) ) ;
#4112 = DIRECTION ( 'NONE',  ( -1.000000000000000000, 0.000000000000000000, -1.445602896647339163E-16 ) ) ;
#4113 = FACE_OUTER_BOUND ( 'NONE', #340, .T. ) ;
#4114 = CARTESIAN_POINT ( 'NONE',  ( -1.199999999999999289, 0.2000000000000000111, 0.3250000000000004552 ) ) ;
#4115 = ORIENTED_EDGE ( 'NONE', *, *, #164, .F. ) ;
#4116 =( GEOMETRIC_REPRESENTATION_CONTEXT ( 3 ) GLOBAL_UNCERTAINTY_ASSIGNED_CONTEXT ( ( #3523 ) ) GLOBAL_UNIT_ASSIGNED_CONTEXT ( ( #3692, #2236, #2979 ) ) REPRESENTATION_CONTEXT ( 'NONE', 'WORKASPACE' ) );
#4117 = LINE ( 'NONE', #2283, #1890 ) ;
#4118 = DIRECTION ( 'NONE',  ( 1.445602896647339163E-16, 0.000000000000000000, -1.000000000000000000 ) ) ;
#4119 = VECTOR ( 'NONE', #3181, 1000.000000000000000 ) ;
#4120 = VERTEX_POINT ( 'NONE', #2800 ) ;
#4121 = ORIENTED_EDGE ( 'NONE', *, *, #1852, .F. ) ;
#4122 = EDGE_CURVE ( 'NONE', #2804, #2234, #2187, .T. ) ;
#4123 = DIRECTION ( 'NONE',  ( 0.000000000000000000, 1.000000000000000000, 0.000000000000000000 ) ) ;
#4124 = DIRECTION ( 'NONE',  ( 0.000000000000000000, -1.000000000000000000, 0.000000000000000000 ) ) ;
#4125 = ORIENTED_EDGE ( 'NONE', *, *, #3647, .F. ) ;
#4126 = DIRECTION ( 'NONE',  ( 0.000000000000000000, 1.000000000000000000, 0.000000000000000000 ) ) ;
#4127 = EDGE_CURVE ( 'NONE', #217, #1824, #4356, .T. ) ;
#4128 = CARTESIAN_POINT ( 'NONE',  ( -1.199999999999999289, 0.2000000000000000111, 0.3250000000000004552 ) ) ;
#4129 = CARTESIAN_POINT ( 'NONE',  ( -1.499999999999999556, 0.1999999999999999833, -0.3249999999999997891 ) ) ;
#4130 = LINE ( 'NONE', #2731, #1878 ) ;
#4131 = ORIENTED_EDGE ( 'NONE', *, *, #3353, .T. ) ;
#4132 = CYLINDRICAL_SURFACE ( 'NONE', #1327, 0.09999999999999982514 ) ;
#4133 = CARTESIAN_POINT ( 'NONE',  ( 1.499999999999999556, 0.000000000000000000, -0.3249999999999993450 ) ) ;
#4134 = CARTESIAN_POINT ( 'NONE',  ( -1.500000000000000666, 0.8000000000000003775, 1.500000000000000222 ) ) ;
#4135 = CLOSED_SHELL ( 'NONE', ( #4709, #3693, #4519, #4297 ) ) ;
#4136 = DIRECTION ( 'NONE',  ( 0.000000000000000000, -1.000000000000000000, 0.000000000000000000 ) ) ;
#4137 = VERTEX_POINT ( 'NONE', #1317 ) ;
#4138 = ORIENTED_EDGE ( 'NONE', *, *, #958, .F. ) ;
#4139 = ORIENTED_EDGE ( 'NONE', *, *, #4351, .F. ) ;
#4140 = ADVANCED_FACE ( 'NONE', ( #949 ), #1443, .T. ) ;
#4141 = SURFACE_SIDE_STYLE ('',( #4524 ) ) ;
#4142 = ORIENTED_EDGE ( 'NONE', *, *, #4487, .F. ) ;
#4143 = EDGE_CURVE ( 'NONE', #4786, #3108, #3503, .T. ) ;
#4144 = VERTEX_POINT ( 'NONE', #3510 ) ;
#4145 = VERTEX_POINT ( 'NONE', #2433 ) ;
#4146 = PLANE ( 'NONE',  #2573 ) ;
#4147 = DIRECTION ( 'NONE',  ( -0.000000000000000000, -1.000000000000000000, 0.000000000000000000 ) ) ;
#4148 = MANIFOLD_SOLID_BREP ( 'LPattern3[7]', #3904 ) ;
#4149 = ADVANCED_FACE ( 'NONE', ( #1186 ), #198, .F. ) ;
#4150 = ORIENTED_EDGE ( 'NONE', *, *, #2582, .F. ) ;
#4151 = DIRECTION ( 'NONE',  ( -1.000000000000000000, 0.000000000000000000, -1.445602896647339163E-16 ) ) ;
#4152 = FACE_OUTER_BOUND ( 'NONE', #4029, .T. ) ;
#4153 = EDGE_CURVE ( 'NONE', #3244, #217, #4492, .T. ) ;
#4154 = PLANE ( 'NONE',  #3381 ) ;
#4155 = DIRECTION ( 'NONE',  ( -0.7071067811865474617, 0.000000000000000000, -0.7071067811865476838 ) ) ;
#4156 = EDGE_CURVE ( 'NONE', #3200, #28, #2643, .T. ) ;
#4157 = ORIENTED_EDGE ( 'NONE', *, *, #3439, .T. ) ;
#4158 = CARTESIAN_POINT ( 'NONE',  ( -1.499999999999999778, 0.1999999999999999833, 1.225000000000000089 ) ) ;
#4159 = DIRECTION ( 'NONE',  ( 0.000000000000000000, -1.000000000000000000, 0.000000000000000000 ) ) ;
#4160 = LINE ( 'NONE', #2708, #631 ) ;
#4161 = VECTOR ( 'NONE', #2914, 1000.000000000000000 ) ;
#4162 = EDGE_CURVE ( 'NONE', #3150, #4007, #2998, .T. ) ;
#4163 = FILL_AREA_STYLE ('',( #4640 ) ) ;
#4164 = LINE ( 'NONE', #4595, #3179 ) ;
#4165 = ORIENTED_EDGE ( 'NONE', *, *, #1403, .T. ) ;
#4166 = VECTOR ( 'NONE', #3659, 1000.000000000000000 ) ;
#4167 = DIRECTION ( 'NONE',  ( 0.000000000000000000, -1.000000000000000000, -0.000000000000000000 ) ) ;
#4168 = ORIENTED_EDGE ( 'NONE', *, *, #2621, .T. ) ;
#4169 = CIRCLE ( 'NONE', #4776, 0.09999999999999982514 ) ;
#4170 = EDGE_CURVE ( 'NONE', #3527, #2521, #3408, .T. ) ;
#4171 = CARTESIAN_POINT ( 'NONE',  ( -1.499999999999999556, 0.6472135954999579388, 0.3250000000000003997 ) ) ;
#4172 = CARTESIAN_POINT ( 'NONE',  ( -0.6049999999999997602, 0.2000000000000000111, -0.7100000000000004086 ) ) ;
#4173 = FACE_OUTER_BOUND ( 'NONE', #2872, .T. ) ;
#4174 = ORIENTED_EDGE ( 'NONE', *, *, #729, .T. ) ;
#4175 = PLANE ( 'NONE',  #862 ) ;
#4176 = CARTESIAN_POINT ( 'NONE',  ( -1.199999999999999512, 0.2000000000000000111, 0.2250000000000006439 ) ) ;
#4177 = SURFACE_SIDE_STYLE ('',( #2701 ) ) ;
#4178 = MECHANICAL_DESIGN_GEOMETRIC_PRESENTATION_REPRESENTATION (  '', ( #1161 ), #2709 ) ;
#4179 = CARTESIAN_POINT ( 'NONE',  ( -0.6049999999999997602, 2.554676198546203647, -0.7100000000000004086 ) ) ;
#4180 = CIRCLE ( 'NONE', #2869, 0.09999999999999982514 ) ;
#4181 = CARTESIAN_POINT ( 'NONE',  ( 1.499999999999999556, 0.2000000000000000111, -0.3249999999999993450 ) ) ;
#4182 = CARTESIAN_POINT ( 'NONE',  ( 1.199999999999999956, 0.000000000000000000, -0.7749999999999989120 ) ) ;
#4183 = CARTESIAN_POINT ( 'NONE',  ( -1.500000000000000666, 5.842640687119285303, -1.499999999999999778 ) ) ;
#4184 = EDGE_CURVE ( 'NONE', #3525, #3270, #717, .T. ) ;
#4185 = AXIS2_PLACEMENT_3D ( 'NONE', #1435, #3678, #1459 ) ;
#4186 = AXIS2_PLACEMENT_3D ( 'NONE', #425, #2707, #2615 ) ;
#4187 = FACE_OUTER_BOUND ( 'NONE', #1288, .T. ) ;
#4188 = CARTESIAN_POINT ( 'NONE',  ( -1.500000000000000666, 0.8000000000000003775, 1.500000000000000222 ) ) ;
#4189 = EDGE_CURVE ( 'NONE', #172, #3565, #2197, .T. ) ;
#4190 =( NAMED_UNIT ( * ) PLANE_ANGLE_UNIT ( ) SI_UNIT ( $, .RADIAN. ) );
#4191 = VECTOR ( 'NONE', #1237, 1000.000000000000000 ) ;
#4192 = VERTEX_POINT ( 'NONE', #3719 ) ;
#4193 = CIRCLE ( 'NONE', #637, 0.09999999999999982514 ) ;
#4194 = ORIENTED_EDGE ( 'NONE', *, *, #3798, .T. ) ;
#4195 = PLANE ( 'NONE',  #739 ) ;
#4196 = CARTESIAN_POINT ( 'NONE',  ( 1.199999999999999734, 0.6472135954999579388, -1.124999999999999112 ) ) ;
#4197 =( GEOMETRIC_REPRESENTATION_CONTEXT ( 3 ) GLOBAL_UNCERTAINTY_ASSIGNED_CONTEXT ( ( #4060 ) ) GLOBAL_UNIT_ASSIGNED_CONTEXT ( ( #294, #2169, #697 ) ) REPRESENTATION_CONTEXT ( 'NONE', 'WORKASPACE' ) );
#4198 = DIRECTION ( 'NONE',  ( 1.000000000000000000, 0.000000000000000000, -1.301042606982605912E-15 ) ) ;
#4199 = VERTEX_POINT ( 'NONE', #4114 ) ;
#4200 = CARTESIAN_POINT ( 'NONE',  ( -1.500000000000000666, 0.05000000000000000278, 0.5750000000000001776 ) ) ;
#4201 = ORIENTED_EDGE ( 'NONE', *, *, #2226, .F. ) ;
#4202 = VECTOR ( 'NONE', #2439, 1000.000000000000000 ) ;
#4203 = LINE ( 'NONE', #900, #2619 ) ;
#4204 = DIRECTION ( 'NONE',  ( 1.000000000000000000, 0.000000000000000000, 1.445602896647339163E-16 ) ) ;
#4205 = EDGE_CURVE ( 'NONE', #2472, #4474, #1884, .T. ) ;
#4206 = DIRECTION ( 'NONE',  ( 0.000000000000000000, -1.000000000000000000, 0.000000000000000000 ) ) ;
#4207 = ORIENTED_EDGE ( 'NONE', *, *, #2057, .T. ) ;
#4208 = DIRECTION ( 'NONE',  ( 1.000000000000000000, 0.000000000000000000, 1.445602896647339163E-16 ) ) ;
#4209 = CARTESIAN_POINT ( 'NONE',  ( -1.199999999999999512, 0.2000000000000000111, -0.6749999999999994893 ) ) ;
#4210 = PLANE ( 'NONE',  #4344 ) ;
#4211 =( LENGTH_UNIT ( ) NAMED_UNIT ( * ) SI_UNIT ( .MILLI., .METRE. ) );
#4212 = CARTESIAN_POINT ( 'NONE',  ( 1.499999999999999334, 0.05000000000000000278, -1.499999999999999334 ) ) ;
#4213 = VERTEX_POINT ( 'NONE', #790 ) ;
#4214 = EDGE_CURVE ( 'NONE', #3345, #3506, #41, .T. ) ;
#4215 = FACE_OUTER_BOUND ( 'NONE', #3402, .T. ) ;
#4216 = ORIENTED_EDGE ( 'NONE', *, *, #1787, .T. ) ;
#4217 = ORIENTED_EDGE ( 'NONE', *, *, #2078, .T. ) ;
#4218 = LINE ( 'NONE', #891, #1597 ) ;
#4219 = DIRECTION ( 'NONE',  ( 0.000000000000000000, -1.000000000000000000, 0.000000000000000000 ) ) ;
#4220 = CARTESIAN_POINT ( 'NONE',  ( -1.460058925613812473E-16, 0.05000000000000000278, 1.009999999999999787 ) ) ;
#4221 = MANIFOLD_SOLID_BREP ( 'LPattern3[6]', #4600 ) ;
#4222 = DIRECTION ( 'NONE',  ( -1.000000000000000000, 0.000000000000000000, 1.301042606982605715E-15 ) ) ;
#4223 = ADVANCED_FACE ( 'NONE', ( #1931 ), #2595, .F. ) ;
#4224 = EDGE_LOOP ( 'NONE', ( #3238, #2719, #3547, #1759, #3829 ) ) ;
#4225 = CARTESIAN_POINT ( 'NONE',  ( -1.199999999999999512, 0.6472135954999579388, -0.6749999999999994893 ) ) ;
#4226 = ORIENTED_EDGE ( 'NONE', *, *, #889, .T. ) ;
#4227 = CARTESIAN_POINT ( 'NONE',  ( -1.099999999999999645, 0.04999999999999999584, -0.2249999999999994504 ) ) ;
#4228 = PLANE ( 'NONE',  #2506 ) ;
#4229 = CARTESIAN_POINT ( 'NONE',  ( 1.499999999999999334, 0.6472135954999579388, 1.225000000000000533 ) ) ;
#4230 = ADVANCED_FACE ( 'NONE', ( #4520 ), #1208, .T. ) ;
#4231 = AXIS2_PLACEMENT_3D ( 'NONE', #2633, #1267, #3076 ) ;
#4232 = FACE_OUTER_BOUND ( 'NONE', #145, .T. ) ;
#4233 = DIRECTION ( 'NONE',  ( 1.000000000000000000, 0.000000000000000000, 1.445602896647339163E-16 ) ) ;
#4234 = DIRECTION ( 'NONE',  ( -1.000000000000000000, 0.000000000000000000, -1.445602896647339163E-16 ) ) ;
#4235 = PLANE ( 'NONE',  #2404 ) ;
#4236 = ORIENTED_EDGE ( 'NONE', *, *, #1945, .T. ) ;
#4237 = ORIENTED_EDGE ( 'NONE', *, *, #822, .F. ) ;
#4238 = VECTOR ( 'NONE', #1368, 1000.000000000000000 ) ;
#4239 = DIRECTION ( 'NONE',  ( -1.000000000000000000, 0.000000000000000000, -1.445602896647339163E-16 ) ) ;
#4240 = MANIFOLD_SOLID_BREP ( 'LPattern3[5]', #803 ) ;
#4241 = VECTOR ( 'NONE', #2516, 1000.000000000000000 ) ;
#4242 = EDGE_LOOP ( 'NONE', ( #4462, #1022, #2508, #4604 ) ) ;
#4243 = ORIENTED_EDGE ( 'NONE', *, *, #450, .T. ) ;
#4244 = PLANE ( 'NONE',  #3221 ) ;
#4245 = DIRECTION ( 'NONE',  ( 1.445602896647339163E-16, 0.000000000000000000, -1.000000000000000000 ) ) ;
#4246 = FACE_OUTER_BOUND ( 'NONE', #410, .T. ) ;
#4247 = ADVANCED_FACE ( 'NONE', ( #4187 ), #4066, .T. ) ;
#4248 = ORIENTED_EDGE ( 'NONE', *, *, #993, .F. ) ;
#4249 = LINE ( 'NONE', #612, #3055 ) ;
#4250 = EDGE_LOOP ( 'NONE', ( #1017, #3663, #2852, #3128 ) ) ;
#4251 = EDGE_CURVE ( 'NONE', #3613, #1698, #1977, .T. ) ;
#4252 = DIRECTION ( 'NONE',  ( 1.000000000000000000, 0.000000000000000000, 2.710505431213766015E-16 ) ) ;
#4253 = CARTESIAN_POINT ( 'NONE',  ( -1.110345230445701104, 0.8000000000000000444, -1.145043518897132184 ) ) ;
#4254 = SURFACE_STYLE_USAGE ( .BOTH. , #2857 ) ;
#4255 = ORIENTED_EDGE ( 'NONE', *, *, #2294, .F. ) ;
#4256 = LINE ( 'NONE', #3168, #835 ) ;
#4257 = DIRECTION ( 'NONE',  ( -0.000000000000000000, -1.000000000000000000, 0.000000000000000000 ) ) ;
#4258 = CARTESIAN_POINT ( 'NONE',  ( -1.199999999999999512, 0.2000000000000000111, -0.2249999999999994504 ) ) ;
#4259 = DIRECTION ( 'NONE',  ( -1.000000000000000000, 0.000000000000000000, -1.445602896647339163E-16 ) ) ;
#4260 = CIRCLE ( 'NONE', #77, 0.09999999999999982514 ) ;
#4261 = UNCERTAINTY_MEASURE_WITH_UNIT (LENGTH_MEASURE( 1.000000000000000082E-05 ), #468, 'distance_accuracy_value', 'NONE');
#4262 = DIRECTION ( 'NONE',  ( 2.519070394157739776E-16, 0.000000000000000000, -1.000000000000000000 ) ) ;
#4263 = ORIENTED_EDGE ( 'NONE', *, *, #143, .T. ) ;
#4264 = VECTOR ( 'NONE', #3048, 1000.000000000000000 ) ;
#4265 = CARTESIAN_POINT ( 'NONE',  ( -1.499999999999999556, 0.2000000000000000111, -0.1249999999999996808 ) ) ;
#4266 = AXIS2_PLACEMENT_3D ( 'NONE', #4229, #957, #2810 ) ;
#4267 = ORIENTED_EDGE ( 'NONE', *, *, #3399, .F. ) ;
#4268 = EDGE_CURVE ( 'NONE', #3481, #1108, #2769, .T. ) ;
#4269 = ORIENTED_EDGE ( 'NONE', *, *, #4583, .F. ) ;
#4270 = LINE ( 'NONE', #3531, #3674 ) ;
#4271 = VECTOR ( 'NONE', #1442, 1000.000000000000000 ) ;
#4272 = CARTESIAN_POINT ( 'NONE',  ( 0.6050000000000002043, 0.000000000000000000, -1.010000000000000231 ) ) ;
#4273 = CARTESIAN_POINT ( 'NONE',  ( 1.199999999999999289, 0.1999999999999999833, 1.125000000000000888 ) ) ;
#4274 = EDGE_LOOP ( 'NONE', ( #1979, #2316, #4023, #3082 ) ) ;
#4275 = DIRECTION ( 'NONE',  ( 0.000000000000000000, 1.000000000000000000, 0.000000000000000000 ) ) ;
#4276 = VERTEX_POINT ( 'NONE', #1258 ) ;
#4277 = AXIS2_PLACEMENT_3D ( 'NONE', #3170, #2004, #4234 ) ;
#4278 = ADVANCED_FACE ( 'NONE', ( #2736 ), #2689, .T. ) ;
#4279 = DIRECTION ( 'NONE',  ( 0.000000000000000000, 1.000000000000000000, 0.000000000000000000 ) ) ;
#4280 = CARTESIAN_POINT ( 'NONE',  ( -1.110345230445701104, 0.6999999999999999556, -1.145043518897132184 ) ) ;
#4281 = VECTOR ( 'NONE', #2231, 1000.000000000000000 ) ;
#4282 = EDGE_CURVE ( 'NONE', #1114, #3911, #2331, .T. ) ;
#4283 = DIRECTION ( 'NONE',  ( -0.000000000000000000, -1.000000000000000000, 0.000000000000000000 ) ) ;
#4284 = PRESENTATION_LAYER_ASSIGNMENT (  '', '', ( #1567 ) ) ;
#4285 = DIRECTION ( 'NONE',  ( 1.000000000000000000, 0.000000000000000000, 1.445602896647339163E-16 ) ) ;
#4286 = CARTESIAN_POINT ( 'NONE',  ( 1.499999999999999778, 0.2000000000000000111, -0.7749999999999993561 ) ) ;
#4287 = CARTESIAN_POINT ( 'NONE',  ( -1.499999999999999556, 0.000000000000000000, -0.5749999999999996225 ) ) ;
#4288 = LINE ( 'NONE', #2758, #3538 ) ;
#4289 = ORIENTED_EDGE ( 'NONE', *, *, #3825, .T. ) ;
#4290 = ORIENTED_EDGE ( 'NONE', *, *, #336, .F. ) ;
#4291 = ORIENTED_EDGE ( 'NONE', *, *, #3707, .T. ) ;
#4292 = CARTESIAN_POINT ( 'NONE',  ( -1.499999999999999778, 0.000000000000000000, 0.7750000000000002442 ) ) ;
#4293 = EDGE_LOOP ( 'NONE', ( #2308, #920, #478, #3054 ) ) ;
#4294 = EDGE_CURVE ( 'NONE', #3093, #207, #3121, .T. ) ;
#4295 = DIRECTION ( 'NONE',  ( 0.000000000000000000, -1.000000000000000000, 0.000000000000000000 ) ) ;
#4296 = CARTESIAN_POINT ( 'NONE',  ( -1.199999999999999512, 0.6472135954999579388, 0.6750000000000004885 ) ) ;
#4297 = ADVANCED_FACE ( 'NONE', ( #2058 ), #4235, .F. ) ;
#4298 = ORIENTED_EDGE ( 'NONE', *, *, #1256, .F. ) ;
#4299 = VECTOR ( 'NONE', #658, 1000.000000000000000 ) ;
#4300 = CARTESIAN_POINT ( 'NONE',  ( 1.199999999999999734, 0.04999999999999999584, 0.1250000000000011380 ) ) ;
#4301 = EDGE_LOOP ( 'NONE', ( #4601, #587, #1599, #1055 ) ) ;
#4302 = ORIENTED_EDGE ( 'NONE', *, *, #1921, .F. ) ;
#4303 = PRESENTATION_STYLE_ASSIGNMENT (( #4585 ) ) ;
#4304 = DIRECTION ( 'NONE',  ( 1.301042606982605715E-15, 0.000000000000000000, 1.000000000000000000 ) ) ;
#4305 = MANIFOLD_SOLID_BREP ( 'Cut-Extrude3', #348 ) ;
#4306 = EDGE_LOOP ( 'NONE', ( #4321, #618, #3009, #3747 ) ) ;
#4307 = DIRECTION ( 'NONE',  ( 1.000000000000000000, 0.000000000000000000, 1.590163186312073696E-15 ) ) ;
#4308 = CARTESIAN_POINT ( 'NONE',  ( 1.199999999999999734, 0.000000000000000000, 0.5750000000000010658 ) ) ;
#4309 = PLANE ( 'NONE',  #2542 ) ;
#4310 = EDGE_CURVE ( 'NONE', #1814, #390, #4104, .T. ) ;
#4311 = ORIENTED_EDGE ( 'NONE', *, *, #2028, .F. ) ;
#4312 = VECTOR ( 'NONE', #247, 1000.000000000000000 ) ;
#4313 = ORIENTED_EDGE ( 'NONE', *, *, #4783, .T. ) ;
#4314 = VERTEX_POINT ( 'NONE', #2133 ) ;
#4315 = DIRECTION ( 'NONE',  ( 1.445602896647339163E-16, 0.000000000000000000, -1.000000000000000000 ) ) ;
#4316 = ADVANCED_FACE ( 'NONE', ( #2106 ), #4705, .T. ) ;
#4317 = CARTESIAN_POINT ( 'NONE',  ( 1.499999999999999556, 0.2000000000000000111, 0.5750000000000006217 ) ) ;
#4318 = CARTESIAN_POINT ( 'NONE',  ( 1.199999999999999512, 0.6472135954999579388, -0.2249999999999991174 ) ) ;
#4319 = FILL_AREA_STYLE ('',( #2096 ) ) ;
#4320 = VECTOR ( 'NONE', #1485, 1000.000000000000000 ) ;
#4321 = ORIENTED_EDGE ( 'NONE', *, *, #2223, .F. ) ;
#4322 = CARTESIAN_POINT ( 'NONE',  ( -1.499999999999999556, 0.000000000000000000, 0.1250000000000003331 ) ) ;
#4323 = EDGE_CURVE ( 'NONE', #506, #2069, #303, .T. ) ;
#4324 = ORIENTED_EDGE ( 'NONE', *, *, #2208, .T. ) ;
#4325 = LINE ( 'NONE', #2554, #4012 ) ;
#4326 = VERTEX_POINT ( 'NONE', #2512 ) ;
#4327 = CARTESIAN_POINT ( 'NONE',  ( 1.626303258728292643E-16, 0.05000000000000000278, 0.1250000000000027200 ) ) ;
#4328 = CARTESIAN_POINT ( 'NONE',  ( 1.499999999999999334, 0.000000000000000000, 1.225000000000000533 ) ) ;
#4329 = CARTESIAN_POINT ( 'NONE',  ( -1.199999999999999956, 0.2000000000000000111, 1.025000000000000577 ) ) ;
#4330 = ORIENTED_EDGE ( 'NONE', *, *, #4444, .F. ) ;
#4331 = CARTESIAN_POINT ( 'NONE',  ( 1.499999999999999334, 0.1999999999999999833, 0.7750000000000006883 ) ) ;
#4332 = EDGE_CURVE ( 'NONE', #3001, #506, #4345, .T. ) ;
#4333 = ORIENTED_EDGE ( 'NONE', *, *, #2805, .F. ) ;
#4334 = VECTOR ( 'NONE', #2327, 1000.000000000000000 ) ;
#4335 = DIRECTION ( 'NONE',  ( 1.000000000000000000, 0.000000000000000000, -1.301042606982605715E-15 ) ) ;
#4336 = FILL_AREA_STYLE_COLOUR ( '', #4040 ) ;
#4337 = AXIS2_PLACEMENT_3D ( 'NONE', #1079, #2537, #708 ) ;
#4338 = ORIENTED_EDGE ( 'NONE', *, *, #4162, .T. ) ;
#4339 = DIRECTION ( 'NONE',  ( -1.000000000000000000, 0.000000000000000000, 1.301042606982605715E-15 ) ) ;
#4340 = ORIENTED_EDGE ( 'NONE', *, *, #2642, .T. ) ;
#4341 = ORIENTED_EDGE ( 'NONE', *, *, #978, .T. ) ;
#4342 = FACE_OUTER_BOUND ( 'NONE', #1337, .T. ) ;
#4343 = LINE ( 'NONE', #1675, #1494 ) ;
#4344 = AXIS2_PLACEMENT_3D ( 'NONE', #3838, #3450, #861 ) ;
#4345 = LINE ( 'NONE', #1704, #3477 ) ;
#4346 =( GEOMETRIC_REPRESENTATION_CONTEXT ( 3 ) GLOBAL_UNCERTAINTY_ASSIGNED_CONTEXT ( ( #4642 ) ) GLOBAL_UNIT_ASSIGNED_CONTEXT ( ( #1598, #4190, #447 ) ) REPRESENTATION_CONTEXT ( 'NONE', 'WORKASPACE' ) );
#4347 = PLANE ( 'NONE',  #3541 ) ;
#4348 = DIRECTION ( 'NONE',  ( -1.000000000000000000, 0.000000000000000000, -2.710505431213766015E-16 ) ) ;
#4349 = DIRECTION ( 'NONE',  ( 1.000000000000000000, 0.000000000000000000, 0.000000000000000000 ) ) ;
#4350 = VECTOR ( 'NONE', #4048, 1000.000000000000000 ) ;
#4351 = EDGE_CURVE ( 'NONE', #3964, #2781, #1389, .T. ) ;
#4352 = ORIENTED_EDGE ( 'NONE', *, *, #203, .F. ) ;
#4353 = ORIENTED_EDGE ( 'NONE', *, *, #3810, .T. ) ;
#4354 = ORIENTED_EDGE ( 'NONE', *, *, #1439, .T. ) ;
#4355 = CARTESIAN_POINT ( 'NONE',  ( 1.199999999999999512, 0.04999999999999999584, -0.6749999999999990452 ) ) ;
#4356 = LINE ( 'NONE', #4715, #3272 ) ;
#4357 = CARTESIAN_POINT ( 'NONE',  ( -0.6050000000000002043, 0.05000000000000000278, 1.009999999999999787 ) ) ;
#4358 = EDGE_CURVE ( 'NONE', #3593, #2527, #1414, .T. ) ;
#4359 = CARTESIAN_POINT ( 'NONE',  ( -1.199999999999999734, 0.2000000000000000111, 1.125000000000000444 ) ) ;
#4360 = CARTESIAN_POINT ( 'NONE',  ( 1.499999999999999778, 0.2000000000000000111, -0.7749999999999993561 ) ) ;
#4361 = ORIENTED_EDGE ( 'NONE', *, *, #2168, .T. ) ;
#4362 = CARTESIAN_POINT ( 'NONE',  ( -1.199999999999999067, 0.6472135954999579388, -1.024999999999999689 ) ) ;
#4363 = ORIENTED_EDGE ( 'NONE', *, *, #1962, .F. ) ;
#4364 = LINE ( 'NONE', #4013, #1101 ) ;
#4365 = EDGE_CURVE ( 'NONE', #1000, #4676, #956, .T. ) ;
#4366 = PLANE ( 'NONE',  #3455 ) ;
#4367 = VECTOR ( 'NONE', #3219, 1000.000000000000000 ) ;
#4368 = ORIENTED_EDGE ( 'NONE', *, *, #3234, .T. ) ;
#4369 = DIRECTION ( 'NONE',  ( 1.000000000000000000, 0.000000000000000000, -1.301042606982605912E-15 ) ) ;
#4370 = PLANE ( 'NONE',  #3321 ) ;
#4371 = CARTESIAN_POINT ( 'NONE',  ( 1.499999999999999334, 0.6472135954999579388, 0.7750000000000006883 ) ) ;
#4372 = ADVANCED_FACE ( 'NONE', ( #2423 ), #2447, .T. ) ;
#4373 = ORIENTED_EDGE ( 'NONE', *, *, #3686, .F. ) ;
#4374 = VERTEX_POINT ( 'NONE', #3172 ) ;
#4375 = CARTESIAN_POINT ( 'NONE',  ( -1.500000000000000666, 0.05000000000000000278, -1.499999999999999778 ) ) ;
#4376 = DIRECTION ( 'NONE',  ( 0.000000000000000000, -1.000000000000000000, 0.000000000000000000 ) ) ;
#4377 = EDGE_LOOP ( 'NONE', ( #481, #2040, #3287, #3846 ) ) ;
#4378 = DIRECTION ( 'NONE',  ( 0.000000000000000000, 1.000000000000000000, 0.000000000000000000 ) ) ;
#4379 = DIRECTION ( 'NONE',  ( 0.000000000000000000, -1.000000000000000000, 0.000000000000000000 ) ) ;
#4380 = ORIENTED_EDGE ( 'NONE', *, *, #3605, .F. ) ;
#4381 = ORIENTED_EDGE ( 'NONE', *, *, #2823, .T. ) ;
#4382 = ORIENTED_EDGE ( 'NONE', *, *, #232, .F. ) ;
#4383 = EDGE_CURVE ( 'NONE', #3433, #3150, #1087, .T. ) ;
#4384 = CARTESIAN_POINT ( 'NONE',  ( -1.199999999999999512, 0.000000000000000000, -0.2249999999999994504 ) ) ;
#4385 = LINE ( 'NONE', #686, #3952 ) ;
#4386 = CIRCLE ( 'NONE', #2314, 0.09999999999999982514 ) ;
#4387 = ORIENTED_EDGE ( 'NONE', *, *, #3845, .T. ) ;
#4388 = LINE ( 'NONE', #4327, #1688 ) ;
#4389 = DIRECTION ( 'NONE',  ( 0.000000000000000000, -1.000000000000000000, 0.000000000000000000 ) ) ;
#4390 = PLANE ( 'NONE',  #2922 ) ;
#4391 = EDGE_LOOP ( 'NONE', ( #4503, #1769, #2549, #3818 ) ) ;
#4392 = VECTOR ( 'NONE', #4307, 1000.000000000000000 ) ;
#4393 = VERTEX_POINT ( 'NONE', #598 ) ;
#4394 = DIRECTION ( 'NONE',  ( 1.000000000000000000, 0.000000000000000000, 1.445602896647339163E-16 ) ) ;
#4395 = CARTESIAN_POINT ( 'NONE',  ( 1.807003620809166250E-17, 0.05000000000000000278, -0.1249999999999994588 ) ) ;
#4396 = PLANE ( 'NONE',  #624 ) ;
#4397 = CYLINDRICAL_SURFACE ( 'NONE', #3790, 0.09999999999999982514 ) ;
#4398 = VERTEX_POINT ( 'NONE', #2785 ) ;
#4399 = LINE ( 'NONE', #3266, #589 ) ;
#4400 =( GEOMETRIC_REPRESENTATION_CONTEXT ( 3 ) GLOBAL_UNCERTAINTY_ASSIGNED_CONTEXT ( ( #4261 ) ) GLOBAL_UNIT_ASSIGNED_CONTEXT ( ( #468, #2611, #4485 ) ) REPRESENTATION_CONTEXT ( 'NONE', 'WORKASPACE' ) );
#4401 = ORIENTED_EDGE ( 'NONE', *, *, #2125, .F. ) ;
#4402 = ADVANCED_FACE ( 'NONE', ( #2569 ), #1061, .F. ) ;
#4403 = ORIENTED_EDGE ( 'NONE', *, *, #3739, .T. ) ;
#4404 = VECTOR ( 'NONE', #428, 1000.000000000000000 ) ;
#4405 = ORIENTED_EDGE ( 'NONE', *, *, #2767, .T. ) ;
#4406 = AXIS2_PLACEMENT_3D ( 'NONE', #1490, #2585, #52 ) ;
#4407 = AXIS2_PLACEMENT_3D ( 'NONE', #62, #3020, #1184 ) ;
#4408 = CARTESIAN_POINT ( 'NONE',  ( -1.199999999999999512, 0.2000000000000000111, -0.6749999999999994893 ) ) ;
#4409 = LINE ( 'NONE', #750, #1793 ) ;
#4410 = CIRCLE ( 'NONE', #3252, 0.09999999999999982514 ) ;
#4411 = CARTESIAN_POINT ( 'NONE',  ( -1.199999999999999734, 0.1999999999999999833, 0.5750000000000006217 ) ) ;
#4412 = EDGE_CURVE ( 'NONE', #2375, #944, #3311, .T. ) ;
#4413 = DIRECTION ( 'NONE',  ( 1.000000000000000000, 0.000000000000000000, 0.000000000000000000 ) ) ;
#4414 = CARTESIAN_POINT ( 'NONE',  ( 1.199999999999999067, 0.6472135954999579388, 1.225000000000000533 ) ) ;
#4415 = ADVANCED_FACE ( 'NONE', ( #764 ), #379, .F. ) ;
#4416 = FACE_OUTER_BOUND ( 'NONE', #3356, .T. ) ;
#4417 = VECTOR ( 'NONE', #487, 1000.000000000000000 ) ;
#4418 = AXIS2_PLACEMENT_3D ( 'NONE', #585, #3512, #200 ) ;
#4419 = VECTOR ( 'NONE', #4504, 1000.000000000000000 ) ;
#4420 = ORIENTED_EDGE ( 'NONE', *, *, #1787, .F. ) ;
#4421 = CARTESIAN_POINT ( 'NONE',  ( 1.499999999999999334, 0.05000000000000000278, 1.225000000000000533 ) ) ;
#4422 = VECTOR ( 'NONE', #424, 1000.000000000000000 ) ;
#4423 = CARTESIAN_POINT ( 'NONE',  ( 1.499999999999999556, 0.1999999999999999833, -0.3249999999999993450 ) ) ;
#4424 = CARTESIAN_POINT ( 'NONE',  ( 1.199999999999999512, 0.04999999999999999584, 0.2250000000000009770 ) ) ;
#4425 = PLANE ( 'NONE',  #4789 ) ;
#4426 = VERTEX_POINT ( 'NONE', #4758 ) ;
#4427 = CARTESIAN_POINT ( 'NONE',  ( 1.199999999999999512, 0.000000000000000000, 0.6750000000000009326 ) ) ;
#4428 =( LENGTH_UNIT ( ) NAMED_UNIT ( * ) SI_UNIT ( .MILLI., .METRE. ) );
#4429 = ORIENTED_EDGE ( 'NONE', *, *, #2354, .F. ) ;
#4430 = EDGE_LOOP ( 'NONE', ( #4447, #840, #937, #4596 ) ) ;
#4431 = EDGE_CURVE ( 'NONE', #1372, #3910, #1324, .T. ) ;
#4432 = ORIENTED_EDGE ( 'NONE', *, *, #3182, .T. ) ;
#4433 = CARTESIAN_POINT ( 'NONE',  ( 1.199999999999999734, 0.04999999999999999584, 0.5750000000000010658 ) ) ;
#4434 = EDGE_LOOP ( 'NONE', ( #3984, #3612, #1481, #1949 ) ) ;
#4435 = CARTESIAN_POINT ( 'NONE',  ( 1.199999999999999734, 0.2000000000000000111, 0.5750000000000010658 ) ) ;
#4436 = DIRECTION ( 'NONE',  ( 1.445602896647339163E-16, 0.000000000000000000, -1.000000000000000000 ) ) ;
#4437 = CARTESIAN_POINT ( 'NONE',  ( -1.499999999999999778, 0.2000000000000000111, 0.7750000000000002442 ) ) ;
#4438 = EDGE_CURVE ( 'NONE', #3593, #4501, #1471, .T. ) ;
#4439 = CARTESIAN_POINT ( 'NONE',  ( 1.199999999999999067, 0.2000000000000000111, 1.225000000000000533 ) ) ;
#4440 = DIRECTION ( 'NONE',  ( 0.000000000000000000, 0.000000000000000000, 1.000000000000000000 ) ) ;
#4441 = CIRCLE ( 'NONE', #1969, 0.09999999999999982514 ) ;
#4442 = DIRECTION ( 'NONE',  ( 1.000000000000000000, 0.000000000000000000, 1.590163186312073696E-15 ) ) ;
#4443 = DIRECTION ( 'NONE',  ( -0.000000000000000000, -1.000000000000000000, 0.000000000000000000 ) ) ;
#4444 = EDGE_CURVE ( 'NONE', #3853, #1986, #1162, .T. ) ;
#4445 = DIRECTION ( 'NONE',  ( -0.000000000000000000, -1.000000000000000000, 0.000000000000000000 ) ) ;
#4446 = LINE ( 'NONE', #3618, #3404 ) ;
#4447 = ORIENTED_EDGE ( 'NONE', *, *, #4011, .F. ) ;
#4448 = ADVANCED_FACE ( 'NONE', ( #2926 ), #4396, .F. ) ;
#4449 = ORIENTED_EDGE ( 'NONE', *, *, #1169, .F. ) ;
#4450 = EDGE_LOOP ( 'NONE', ( #4722, #1502, #3185, #3841 ) ) ;
#4451 = AXIS2_PLACEMENT_3D ( 'NONE', #2622, #1093, #2892 ) ;
#4452 = VERTEX_POINT ( 'NONE', #2212 ) ;
#4453 = DIRECTION ( 'NONE',  ( -2.706303097211879254E-16, 0.000000000000000000, 1.000000000000000000 ) ) ;
#4454 = ORIENTED_EDGE ( 'NONE', *, *, #2968, .F. ) ;
#4455 = LINE ( 'NONE', #1076, #243 ) ;
#4456 = LINE ( 'NONE', #1151, #3134 ) ;
#4457 = VECTOR ( 'NONE', #1796, 1000.000000000000000 ) ;
#4458 = PLANE ( 'NONE',  #2066 ) ;
#4459 =( LENGTH_UNIT ( ) NAMED_UNIT ( * ) SI_UNIT ( .MILLI., .METRE. ) );
#4460 = FACE_OUTER_BOUND ( 'NONE', #1383, .T. ) ;
#4461 = VECTOR ( 'NONE', #1393, 1000.000000000000000 ) ;
#4462 = ORIENTED_EDGE ( 'NONE', *, *, #2955, .F. ) ;
#4463 = FILL_AREA_STYLE_COLOUR ( '', #373 ) ;
#4464 = DIRECTION ( 'NONE',  ( 0.000000000000000000, -1.000000000000000000, 0.000000000000000000 ) ) ;
#4465 = DIRECTION ( 'NONE',  ( 1.000000000000000000, -0.000000000000000000, 1.445602896647339163E-16 ) ) ;
#4466 = VECTOR ( 'NONE', #1252, 1000.000000000000000 ) ;
#4467 = SURFACE_STYLE_USAGE ( .BOTH. , #2256 ) ;
#4468 = CARTESIAN_POINT ( 'NONE',  ( -1.199999999999999067, 0.2000000000000000111, -1.024999999999999689 ) ) ;
#4469 = ORIENTED_EDGE ( 'NONE', *, *, #427, .F. ) ;
#4470 = ADVANCED_FACE ( 'NONE', ( #2952 ), #4425, .F. ) ;
#4471 = DIRECTION ( 'NONE',  ( 0.000000000000000000, -1.000000000000000000, 0.000000000000000000 ) ) ;
#4472 = PRESENTATION_STYLE_ASSIGNMENT (( #1859 ) ) ;
#4473 = ADVANCED_FACE ( 'NONE', ( #453 ), #1260, .F. ) ;
#4474 = VERTEX_POINT ( 'NONE', #4188 ) ;
#4475 = ORIENTED_EDGE ( 'NONE', *, *, #3079, .F. ) ;
#4476 = COLOUR_RGB ( '',0.7921568627450980005, 0.8196078431372548767, 0.9333333333333333481 ) ;
#4477 = VERTEX_POINT ( 'NONE', #837 ) ;
#4478 = CARTESIAN_POINT ( 'NONE',  ( 1.499999999999999778, 0.6472135954999579388, -1.024999999999999245 ) ) ;
#4479 = DIRECTION ( 'NONE',  ( -1.000000000000000000, 0.000000000000000000, -1.445602896647339163E-16 ) ) ;
#4480 = ORIENTED_EDGE ( 'NONE', *, *, #4487, .T. ) ;
#4481 = DIRECTION ( 'NONE',  ( -0.000000000000000000, -1.000000000000000000, 0.000000000000000000 ) ) ;
#4482 = AXIS2_PLACEMENT_3D ( 'NONE', #2352, #3840, #3767 ) ;
#4483 = DIRECTION ( 'NONE',  ( -0.000000000000000000, -1.000000000000000000, 0.000000000000000000 ) ) ;
#4484 = AXIS2_PLACEMENT_3D ( 'NONE', #2349, #1975, #110 ) ;
#4485 =( NAMED_UNIT ( * ) SI_UNIT ( $, .STERADIAN. ) SOLID_ANGLE_UNIT ( ) );
#4486 = VERTEX_POINT ( 'NONE', #4212 ) ;
#4487 = EDGE_CURVE ( 'NONE', #3382, #3481, #2306, .T. ) ;
#4488 = CARTESIAN_POINT ( 'NONE',  ( -1.199999999999999512, 0.000000000000000000, 0.6750000000000004885 ) ) ;
#4489 = CYLINDRICAL_SURFACE ( 'NONE', #4407, 0.09999999999999982514 ) ;
#4490 = CARTESIAN_POINT ( 'NONE',  ( 1.499999999999999556, 0.1999999999999999833, -0.3249999999999993450 ) ) ;
#4491 = ADVANCED_FACE ( 'NONE', ( #114 ), #1978, .F. ) ;
#4492 = LINE ( 'NONE', #1828, #2819 ) ;
#4493 = VECTOR ( 'NONE', #64, 1000.000000000000000 ) ;
#4494 = DIRECTION ( 'NONE',  ( 1.000000000000000000, 0.000000000000000000, 1.445602896647339163E-16 ) ) ;
#4495 = VECTOR ( 'NONE', #3052, 1000.000000000000000 ) ;
#4496 = DIRECTION ( 'NONE',  ( -1.445602896647339163E-16, 0.000000000000000000, 1.000000000000000000 ) ) ;
#4497 = EDGE_CURVE ( 'NONE', #672, #580, #4566, .T. ) ;
#4498 = PRESENTATION_STYLE_ASSIGNMENT (( #656 ) ) ;
#4499 = EDGE_CURVE ( 'NONE', #3943, #3043, #3096, .T. ) ;
#4500 = AXIS2_PLACEMENT_3D ( 'NONE', #3851, #609, #4654 ) ;
#4501 = VERTEX_POINT ( 'NONE', #1209 ) ;
#4502 = ORIENTED_EDGE ( 'NONE', *, *, #2763, .T. ) ;
#4503 = ORIENTED_EDGE ( 'NONE', *, *, #4550, .F. ) ;
#4504 = DIRECTION ( 'NONE',  ( 1.000000000000000000, 0.000000000000000000, 1.590163186312073893E-15 ) ) ;
#4505 = FACE_OUTER_BOUND ( 'NONE', #751, .T. ) ;
#4506 = EDGE_CURVE ( 'NONE', #1140, #1740, #139, .T. ) ;
#4507 = ORIENTED_EDGE ( 'NONE', *, *, #3034, .T. ) ;
#4508 = LINE ( 'NONE', #3854, #1 ) ;
#4509 = DIRECTION ( 'NONE',  ( -1.000000000000000000, 0.000000000000000000, -1.445602896647339163E-16 ) ) ;
#4510 = AXIS2_PLACEMENT_3D ( 'NONE', #2523, #3874, #4001 ) ;
#4511 = EDGE_CURVE ( 'NONE', #2919, #574, #2738, .T. ) ;
#4512 = CARTESIAN_POINT ( 'NONE',  ( 1.499999999999999556, 0.000000000000000000, -0.1249999999999992506 ) ) ;
#4513 = CARTESIAN_POINT ( 'NONE',  ( 1.499999999999999778, 0.1999999999999999833, -0.7749999999999993561 ) ) ;
#4514 = EDGE_LOOP ( 'NONE', ( #485, #1987, #490, #1654 ) ) ;
#4515 = CARTESIAN_POINT ( 'NONE',  ( -1.499999999999999556, 0.2000000000000000111, -0.3249999999999997891 ) ) ;
#4516 = CYLINDRICAL_SURFACE ( 'NONE', #4186, 0.1712060071893820312 ) ;
#4517 = DIRECTION ( 'NONE',  ( -0.000000000000000000, -1.000000000000000000, 0.000000000000000000 ) ) ;
#4518 = AXIS2_PLACEMENT_3D ( 'NONE', #951, #3903, #1768 ) ;
#4519 = ADVANCED_FACE ( 'NONE', ( #1594 ), #3409, .T. ) ;
#4520 = FACE_OUTER_BOUND ( 'NONE', #657, .T. ) ;
#4521 = LINE ( 'NONE', #2690, #927 ) ;
#4522 = ORIENTED_EDGE ( 'NONE', *, *, #2168, .F. ) ;
#4523 = ORIENTED_EDGE ( 'NONE', *, *, #1877, .T. ) ;
#4524 = SURFACE_STYLE_FILL_AREA ( #1504 ) ;
#4525 = ORIENTED_EDGE ( 'NONE', *, *, #1945, .F. ) ;
#4526 = CARTESIAN_POINT ( 'NONE',  ( -1.499999999999999778, 0.2000000000000000111, 1.025000000000000133 ) ) ;
#4527 = ORIENTED_EDGE ( 'NONE', *, *, #495, .F. ) ;
#4528 = CARTESIAN_POINT ( 'NONE',  ( 0.6050000000000002043, 0.2000000000000000111, -1.010000000000000231 ) ) ;
#4529 = FACE_OUTER_BOUND ( 'NONE', #4087, .T. ) ;
#4530 = EDGE_CURVE ( 'NONE', #4693, #3820, #1642, .T. ) ;
#4531 = CARTESIAN_POINT ( 'NONE',  ( 1.499999999999999778, 0.2000000000000000111, -0.7749999999999993561 ) ) ;
#4532 = PLANE ( 'NONE',  #3811 ) ;
#4533 = EDGE_CURVE ( 'NONE', #987, #1140, #4521, .T. ) ;
#4534 = CARTESIAN_POINT ( 'NONE',  ( -1.110345230445701104, 0.8000000000000000444, -1.145043518897132184 ) ) ;
#4535 = ORIENTED_EDGE ( 'NONE', *, *, #223, .T. ) ;
#4536 = PLANE ( 'NONE',  #451 ) ;
#4537 = FACE_OUTER_BOUND ( 'NONE', #4377, .T. ) ;
#4538 = DIRECTION ( 'NONE',  ( 0.000000000000000000, 1.000000000000000000, 0.000000000000000000 ) ) ;
#4539 = VECTOR ( 'NONE', #2702, 1000.000000000000000 ) ;
#4540 = DIRECTION ( 'NONE',  ( 1.000000000000000000, 0.000000000000000000, 1.445602896647339163E-16 ) ) ;
#4541 = DIRECTION ( 'NONE',  ( 1.000000000000000000, 0.000000000000000000, 1.590163186312073696E-15 ) ) ;
#4542 = ORIENTED_EDGE ( 'NONE', *, *, #622, .T. ) ;
#4543 = LINE ( 'NONE', #1164, #1280 ) ;
#4544 = STYLED_ITEM ( 'NONE', ( #16 ), #2700 ) ;
#4545 = ORIENTED_EDGE ( 'NONE', *, *, #1316, .F. ) ;
#4546 = EDGE_LOOP ( 'NONE', ( #2897, #4121, #2251, #923 ) ) ;
#4547 = DIRECTION ( 'NONE',  ( 1.000000000000000000, 0.000000000000000000, 1.445602896647339163E-16 ) ) ;
#4548 = DIRECTION ( 'NONE',  ( -1.000000000000000000, 0.000000000000000000, -1.445602896647339163E-16 ) ) ;
#4549 = CARTESIAN_POINT ( 'NONE',  ( 1.199999999999999734, 0.04999999999999999584, -0.3249999999999989564 ) ) ;
#4550 = EDGE_CURVE ( 'NONE', #207, #713, #66, .T. ) ;
#4551 = ORIENTED_EDGE ( 'NONE', *, *, #3672, .T. ) ;
#4552 = DIRECTION ( 'NONE',  ( 0.000000000000000000, 0.000000000000000000, -1.000000000000000000 ) ) ;
#4553 = ORIENTED_EDGE ( 'NONE', *, *, #1400, .F. ) ;
#4554 = CARTESIAN_POINT ( 'NONE',  ( 1.199999999999999734, 0.2000000000000000111, 0.1250000000000011380 ) ) ;
#4555 = CIRCLE ( 'NONE', #2481, 0.1712060071893820312 ) ;
#4556 = DIRECTION ( 'NONE',  ( -1.000000000000000000, 0.000000000000000000, -1.445602896647339163E-16 ) ) ;
#4557 = FACE_OUTER_BOUND ( 'NONE', #4710, .T. ) ;
#4558 = ADVANCED_FACE ( 'NONE', ( #3024 ), #477, .T. ) ;
#4559 = AXIS2_PLACEMENT_3D ( 'NONE', #2037, #3574, #1310 ) ;
#4560 = CARTESIAN_POINT ( 'NONE',  ( 1.199999999999999512, 0.2000000000000000111, -1.024999999999999245 ) ) ;
#4561 = AXIS2_PLACEMENT_3D ( 'NONE', #2059, #3524, #2035 ) ;
#4562 = FACE_OUTER_BOUND ( 'NONE', #2895, .T. ) ;
#4563 = DIRECTION ( 'NONE',  ( 1.000000000000000000, 0.000000000000000000, -1.301042606982605715E-15 ) ) ;
#4564 = CIRCLE ( 'NONE', #3329, 0.09999999999999982514 ) ;
#4565 = MECHANICAL_DESIGN_GEOMETRIC_PRESENTATION_REPRESENTATION (  '', ( #2803 ), #319 ) ;
#4566 = LINE ( 'NONE', #2281, #1935 ) ;
#4567 = VERTEX_POINT ( 'NONE', #2710 ) ;
#4568 = VERTEX_POINT ( 'NONE', #1571 ) ;
#4569 = LINE ( 'NONE', #3770, #1743 ) ;
#4570 = EDGE_CURVE ( 'NONE', #2139, #1272, #3092, .T. ) ;
#4571 = CARTESIAN_POINT ( 'NONE',  ( -1.500000000000000666, 0.05000000000000000278, -0.7749999999999999112 ) ) ;
#4572 = VECTOR ( 'NONE', #2826, 1000.000000000000000 ) ;
#4573 = ORIENTED_EDGE ( 'NONE', *, *, #4170, .F. ) ;
#4574 = ORIENTED_EDGE ( 'NONE', *, *, #3149, .T. ) ;
#4575 = AXIS2_PLACEMENT_3D ( 'NONE', #3037, #876, #2363 ) ;
#4576 = EDGE_LOOP ( 'NONE', ( #1717, #3132, #2220, #1917 ) ) ;
#4577 = LINE ( 'NONE', #3824, #1751 ) ;
#4578 = VECTOR ( 'NONE', #315, 1000.000000000000000 ) ;
#4579 = AXIS2_PLACEMENT_3D ( 'NONE', #4296, #974, #1669 ) ;
#4580 = CARTESIAN_POINT ( 'NONE',  ( 1.199999999999999512, 0.6472135954999579388, 0.2250000000000009770 ) ) ;
#4581 = EDGE_LOOP ( 'NONE', ( #1308, #766, #120, #899, #458 ) ) ;
#4582 = CARTESIAN_POINT ( 'NONE',  ( 1.499999999999999334, 5.842640687119285303, 1.500000000000000666 ) ) ;
#4583 = EDGE_CURVE ( 'NONE', #1261, #2786, #4164, .T. ) ;
#4584 = EDGE_LOOP ( 'NONE', ( #1121, #4110, #4609, #4340 ) ) ;
#4585 = SURFACE_STYLE_USAGE ( .BOTH. , #4610 ) ;
#4586 = AXIS2_PLACEMENT_3D ( 'NONE', #3585, #229, #1772 ) ;
#4587 = DIRECTION ( 'NONE',  ( -1.000000000000000000, 0.000000000000000000, -1.445602896647339163E-16 ) ) ;
#4588 = DIRECTION ( 'NONE',  ( 0.000000000000000000, -1.000000000000000000, 0.000000000000000000 ) ) ;
#4589 = FACE_OUTER_BOUND ( 'NONE', #1938, .T. ) ;
#4590 = EDGE_CURVE ( 'NONE', #3217, #4276, #1281, .T. ) ;
#4591 = ORIENTED_EDGE ( 'NONE', *, *, #2593, .T. ) ;
#4592 = LINE ( 'NONE', #567, #1839 ) ;
#4593 = DIRECTION ( 'NONE',  ( 0.000000000000000000, -1.000000000000000000, 0.000000000000000000 ) ) ;
#4594 = DIRECTION ( 'NONE',  ( 1.000000000000000000, 0.000000000000000000, 1.445602896647339163E-16 ) ) ;
#4595 = CARTESIAN_POINT ( 'NONE',  ( 1.499999999999999556, 0.2000000000000000111, -0.5749999999999991784 ) ) ;
#4596 = ORIENTED_EDGE ( 'NONE', *, *, #1348, .T. ) ;
#4597 = ORIENTED_EDGE ( 'NONE', *, *, #4570, .T. ) ;
#4598 = CARTESIAN_POINT ( 'NONE',  ( 1.199999999999999512, 0.000000000000000000, -0.2249999999999991174 ) ) ;
#4599 = EDGE_CURVE ( 'NONE', #2312, #4192, #2759, .T. ) ;
#4600 = CLOSED_SHELL ( 'NONE', ( #4766, #53, #1172, #2089, #687, #149, #2880 ) ) ;
#4601 = ORIENTED_EDGE ( 'NONE', *, *, #3632, .F. ) ;
#4602 = ADVANCED_FACE ( 'NONE', ( #812 ), #1886, .F. ) ;
#4603 = EDGE_LOOP ( 'NONE', ( #2471, #807, #3292, #600 ) ) ;
#4604 = ORIENTED_EDGE ( 'NONE', *, *, #2011, .F. ) ;
#4605 = DIRECTION ( 'NONE',  ( 1.000000000000000000, 0.000000000000000000, 2.710505431213766015E-16 ) ) ;
#4606 = CARTESIAN_POINT ( 'NONE',  ( 1.199999999999999289, 0.6472135954999579388, 1.125000000000000888 ) ) ;
#4607 = ORIENTED_EDGE ( 'NONE', *, *, #4323, .T. ) ;
#4608 = DIRECTION ( 'NONE',  ( -1.000000000000000000, 0.000000000000000000, -1.445602896647339163E-16 ) ) ;
#4609 = ORIENTED_EDGE ( 'NONE', *, *, #4506, .T. ) ;
#4610 = SURFACE_SIDE_STYLE ('',( #3111 ) ) ;
#4611 = CARTESIAN_POINT ( 'NONE',  ( -1.499999999999999334, 0.000000000000000000, -1.224999999999999645 ) ) ;
#4612 = CARTESIAN_POINT ( 'NONE',  ( -1.499999999999999334, 0.000000000000000000, -1.024999999999999689 ) ) ;
#4613 = ORIENTED_EDGE ( 'NONE', *, *, #3609, .T. ) ;
#4614 = DIRECTION ( 'NONE',  ( -1.000000000000000000, 0.000000000000000000, -1.445602896647339163E-16 ) ) ;
#4615 = DIRECTION ( 'NONE',  ( 0.000000000000000000, -1.000000000000000000, 0.000000000000000000 ) ) ;
#4616 = LINE ( 'NONE', #264, #2163 ) ;
#4617 =( NAMED_UNIT ( * ) SI_UNIT ( $, .STERADIAN. ) SOLID_ANGLE_UNIT ( ) );
#4618 = ORIENTED_EDGE ( 'NONE', *, *, #4626, .T. ) ;
#4619 = ORIENTED_EDGE ( 'NONE', *, *, #2149, .F. ) ;
#4620 = AXIS2_PLACEMENT_3D ( 'NONE', #884, #935, #2422 ) ;
#4621 = CIRCLE ( 'NONE', #1758, 0.09999999999999982514 ) ;
#4622 = CARTESIAN_POINT ( 'NONE',  ( -1.499999999999999778, 0.2000000000000000111, 0.7750000000000002442 ) ) ;
#4623 = VECTOR ( 'NONE', #4594, 1000.000000000000000 ) ;
#4624 = EDGE_CURVE ( 'NONE', #431, #321, #1501, .T. ) ;
#4625 = VERTEX_POINT ( 'NONE', #2190 ) ;
#4626 = EDGE_CURVE ( 'NONE', #4477, #1698, #3644, .T. ) ;
#4627 = CYLINDRICAL_SURFACE ( 'NONE', #2501, 0.09999999999999982514 ) ;
#4628 = VECTOR ( 'NONE', #185, 1000.000000000000000 ) ;
#4629 = FACE_OUTER_BOUND ( 'NONE', #2470, .T. ) ;
#4630 = ORIENTED_EDGE ( 'NONE', *, *, #4122, .T. ) ;
#4631 = LINE ( 'NONE', #1728, #2442 ) ;
#4632 = ORIENTED_EDGE ( 'NONE', *, *, #4365, .T. ) ;
#4633 = PLANE ( 'NONE',  #291 ) ;
#4634 = DIRECTION ( 'NONE',  ( 0.000000000000000000, 1.000000000000000000, 0.000000000000000000 ) ) ;
#4635 = LINE ( 'NONE', #3140, #84 ) ;
#4636 = EDGE_LOOP ( 'NONE', ( #982, #3580, #2448, #4194 ) ) ;
#4637 = DIRECTION ( 'NONE',  ( 0.000000000000000000, 0.000000000000000000, 1.000000000000000000 ) ) ;
#4638 = FACE_OUTER_BOUND ( 'NONE', #4636, .T. ) ;
#4639 = DIRECTION ( 'NONE',  ( -1.000000000000000000, 0.000000000000000000, -1.445602896647339163E-16 ) ) ;
#4640 = FILL_AREA_STYLE_COLOUR ( '', #1628 ) ;
#4641 = AXIS2_PLACEMENT_3D ( 'NONE', #4598, #2761, #1687 ) ;
#4642 = UNCERTAINTY_MEASURE_WITH_UNIT (LENGTH_MEASURE( 1.000000000000000082E-05 ), #1598, 'distance_accuracy_value', 'NONE');
#4643 = CARTESIAN_POINT ( 'NONE',  ( 0.6049999999999997602, 2.554676198546203647, 1.009999999999999787 ) ) ;
#4644 = ORIENTED_EDGE ( 'NONE', *, *, #1491, .T. ) ;
#4645 = EDGE_CURVE ( 'NONE', #4699, #3730, #2618, .T. ) ;
#4646 = AXIS2_PLACEMENT_3D ( 'NONE', #1932, #3452, #3791 ) ;
#4647 = ORIENTED_EDGE ( 'NONE', *, *, #4072, .T. ) ;
#4648 = EDGE_CURVE ( 'NONE', #3388, #1360, #1139, .T. ) ;
#4649 = VERTEX_POINT ( 'NONE', #4092 ) ;
#4650 = PLANE ( 'NONE',  #358 ) ;
#4651 = VECTOR ( 'NONE', #1737, 1000.000000000000000 ) ;
#4652 = CARTESIAN_POINT ( 'NONE',  ( -1.499999999999999556, 0.2000000000000000111, -0.3249999999999997891 ) ) ;
#4653 = EDGE_CURVE ( 'NONE', #1028, #711, #4446, .T. ) ;
#4654 = DIRECTION ( 'NONE',  ( -1.000000000000000000, 0.000000000000000000, 0.000000000000000000 ) ) ;
#4655 = ORIENTED_EDGE ( 'NONE', *, *, #3061, .T. ) ;
#4656 = CARTESIAN_POINT ( 'NONE',  ( -1.499999999999999556, 0.2000000000000000111, 0.1250000000000003331 ) ) ;
#4657 = ORIENTED_EDGE ( 'NONE', *, *, #2143, .F. ) ;
#4658 =( GEOMETRIC_REPRESENTATION_CONTEXT ( 3 ) GLOBAL_UNCERTAINTY_ASSIGNED_CONTEXT ( ( #2946 ) ) GLOBAL_UNIT_ASSIGNED_CONTEXT ( ( #122, #3826, #1290 ) ) REPRESENTATION_CONTEXT ( 'NONE', 'WORKASPACE' ) );
#4659 = AXIS2_PLACEMENT_3D ( 'NONE', #2216, #4118, #3748 ) ;
#4660 = DIRECTION ( 'NONE',  ( -0.000000000000000000, -1.000000000000000000, 0.000000000000000000 ) ) ;
#4661 = EDGE_CURVE ( 'NONE', #150, #1596, #239, .T. ) ;
#4662 = DIRECTION ( 'NONE',  ( 1.000000000000000000, 0.000000000000000000, 1.445602896647339163E-16 ) ) ;
#4663 = PLANE ( 'NONE',  #2654 ) ;
#4664 = VECTOR ( 'NONE', #1137, 1000.000000000000000 ) ;
#4665 =( LENGTH_UNIT ( ) NAMED_UNIT ( * ) SI_UNIT ( .MILLI., .METRE. ) );
#4666 = EDGE_CURVE ( 'NONE', #1617, #2717, #2017, .T. ) ;
#4667 = EDGE_LOOP ( 'NONE', ( #3600, #2630, #699, #4125 ) ) ;
#4668 = CARTESIAN_POINT ( 'NONE',  ( 1.499999999999999334, 0.2000000000000000111, 1.025000000000000577 ) ) ;
#4669 = LINE ( 'NONE', #3169, #2564 ) ;
#4670 = LINE ( 'NONE', #2860, #1332 ) ;
#4671 = EDGE_LOOP ( 'NONE', ( #2337, #3695, #1505, #2387 ) ) ;
#4672 = ORIENTED_EDGE ( 'NONE', *, *, #3432, .T. ) ;
#4673 = VERTEX_POINT ( 'NONE', #43 ) ;
#4674 = DIRECTION ( 'NONE',  ( 1.000000000000000000, 0.000000000000000000, 1.445602896647339163E-16 ) ) ;
#4675 = EDGE_CURVE ( 'NONE', #1528, #3943, #4759, .T. ) ;
#4676 = VERTEX_POINT ( 'NONE', #4357 ) ;
#4677 = CARTESIAN_POINT ( 'NONE',  ( 1.199999999999999734, 0.1999999999999999833, 0.1250000000000011380 ) ) ;
#4678 = DIRECTION ( 'NONE',  ( -1.445602896647339163E-16, 0.000000000000000000, 1.000000000000000000 ) ) ;
#4679 = CARTESIAN_POINT ( 'NONE',  ( 0.6050000000000002043, 0.2000000000000000111, -1.010000000000000231 ) ) ;
#4680 = ORIENTED_EDGE ( 'NONE', *, *, #516, .F. ) ;
#4681 = CIRCLE ( 'NONE', #500, 0.09999999999999982514 ) ;
#4682 = CARTESIAN_POINT ( 'NONE',  ( 0.6050000000000002043, 0.2000000000000000944, -1.010000000000000231 ) ) ;
#4683 = AXIS2_PLACEMENT_3D ( 'NONE', #2272, #3394, #3779 ) ;
#4684 = ORIENTED_EDGE ( 'NONE', *, *, #848, .F. ) ;
#4685 = CARTESIAN_POINT ( 'NONE',  ( -1.199999999999999289, 0.6472135954999579388, -1.124999999999999556 ) ) ;
#4686 = CARTESIAN_POINT ( 'NONE',  ( 1.199999999999999289, 0.2000000000000000111, 0.3250000000000007883 ) ) ;
#4687 = DIRECTION ( 'NONE',  ( -1.000000000000000000, 0.000000000000000000, 0.000000000000000000 ) ) ;
#4688 = EDGE_CURVE ( 'NONE', #3664, #2356, #1807, .T. ) ;
#4689 = FACE_OUTER_BOUND ( 'NONE', #2479, .T. ) ;
#4690 = CYLINDRICAL_SURFACE ( 'NONE', #2176, 0.09999999999999982514 ) ;
#4691 = EDGE_CURVE ( 'NONE', #4699, #2227, #1786, .T. ) ;
#4692 = LINE ( 'NONE', #2816, #4651 ) ;
#4693 = VERTEX_POINT ( 'NONE', #3264 ) ;
#4694 = VECTOR ( 'NONE', #2766, 1000.000000000000000 ) ;
#4695 = ORIENTED_EDGE ( 'NONE', *, *, #1827, .F. ) ;
#4696 = DIRECTION ( 'NONE',  ( 1.000000000000000000, 0.000000000000000000, 0.000000000000000000 ) ) ;
#4697 = DIRECTION ( 'NONE',  ( 1.301042606982605715E-15, 0.000000000000000000, 1.000000000000000000 ) ) ;
#4698 = AXIS2_PLACEMENT_3D ( 'NONE', #3856, #3188, #3881 ) ;
#4699 = VERTEX_POINT ( 'NONE', #4737 ) ;
#4700 = DIRECTION ( 'NONE',  ( 0.000000000000000000, -1.000000000000000000, -0.000000000000000000 ) ) ;
#4701 = VERTEX_POINT ( 'NONE', #1426 ) ;
#4702 = ADVANCED_FACE ( 'NONE', ( #2927 ), #4397, .F. ) ;
#4703 = DIRECTION ( 'NONE',  ( 0.000000000000000000, 1.000000000000000000, 0.000000000000000000 ) ) ;
#4704 = DIRECTION ( 'NONE',  ( 0.000000000000000000, 1.000000000000000000, 0.000000000000000000 ) ) ;
#4705 = CYLINDRICAL_SURFACE ( 'NONE', #2561, 0.09999999999999982514 ) ;
#4706 = DIRECTION ( 'NONE',  ( -0.000000000000000000, -1.000000000000000000, 0.000000000000000000 ) ) ;
#4707 = LINE ( 'NONE', #1391, #2635 ) ;
#4708 = CARTESIAN_POINT ( 'NONE',  ( -1.110345230445701104, 0.6999999999999999556, -1.145043518897132184 ) ) ;
#4709 = ADVANCED_FACE ( 'NONE', ( #719 ), #1250, .T. ) ;
#4710 = EDGE_LOOP ( 'NONE', ( #129, #2191, #1282, #1506, #171 ) ) ;
#4711 = ORIENTED_EDGE ( 'NONE', *, *, #4082, .F. ) ;
#4712 = VERTEX_POINT ( 'NONE', #3712 ) ;
#4713 = DIRECTION ( 'NONE',  ( 0.000000000000000000, -1.000000000000000000, 0.000000000000000000 ) ) ;
#4714 = VECTOR ( 'NONE', #1109, 1000.000000000000000 ) ;
#4715 = CARTESIAN_POINT ( 'NONE',  ( -1.499999999999999334, 0.000000000000000000, -0.7749999999999998002 ) ) ;
#4716 = AXIS2_PLACEMENT_3D ( 'NONE', #404, #2166, #3362 ) ;
#4717 = AXIS2_PLACEMENT_3D ( 'NONE', #263, #2371, #4233 ) ;
#4718 = EDGE_CURVE ( 'NONE', #2312, #4676, #2298, .T. ) ;
#4719 = CARTESIAN_POINT ( 'NONE',  ( -1.199999999999999289, 0.2000000000000000111, -1.124999999999999556 ) ) ;
#4720 = ORIENTED_EDGE ( 'NONE', *, *, #1293, .F. ) ;
#4721 = DIRECTION ( 'NONE',  ( 0.000000000000000000, -1.000000000000000000, 0.000000000000000000 ) ) ;
#4722 = ORIENTED_EDGE ( 'NONE', *, *, #2078, .F. ) ;
#4723 = CARTESIAN_POINT ( 'NONE',  ( 1.199999999999999512, 0.2000000000000000111, -0.6749999999999990452 ) ) ;
#4724 = LINE ( 'NONE', #2532, #3155 ) ;
#4725 = ADVANCED_FACE ( 'NONE', ( #1948 ), #1900, .F. ) ;
#4726 = STYLED_ITEM ( 'NONE', ( #4472 ), #2594 ) ;
#4727 = DIRECTION ( 'NONE',  ( 1.000000000000000000, 0.000000000000000000, 0.000000000000000000 ) ) ;
#4728 = LINE ( 'NONE', #2859, #382 ) ;
#4729 = VECTOR ( 'NONE', #2104, 1000.000000000000000 ) ;
#4730 = DIRECTION ( 'NONE',  ( 0.000000000000000000, 1.000000000000000000, 0.000000000000000000 ) ) ;
#4731 = VECTOR ( 'NONE', #2722, 1000.000000000000000 ) ;
#4732 = ORIENTED_EDGE ( 'NONE', *, *, #3983, .F. ) ;
#4733 = VERTEX_POINT ( 'NONE', #445 ) ;
#4734 = ORIENTED_EDGE ( 'NONE', *, *, #2389, .F. ) ;
#4735 = CARTESIAN_POINT ( 'NONE',  ( -1.500000000000000666, 0.05000000000000000278, 1.500000000000000222 ) ) ;
#4736 = DIRECTION ( 'NONE',  ( 1.000000000000000000, 0.000000000000000000, 1.590163186312073696E-15 ) ) ;
#4737 = CARTESIAN_POINT ( 'NONE',  ( -0.6049999999999997602, 0.2000000000000000944, -0.7100000000000004086 ) ) ;
#4738 = EDGE_CURVE ( 'NONE', #1108, #950, #4410, .T. ) ;
#4739 = DIRECTION ( 'NONE',  ( 0.000000000000000000, 1.000000000000000000, 0.000000000000000000 ) ) ;
#4740 = SURFACE_STYLE_FILL_AREA ( #4319 ) ;
#4741 = ADVANCED_FACE ( 'NONE', ( #4589 ), #3470, .F. ) ;
#4742 = ORIENTED_EDGE ( 'NONE', *, *, #4599, .T. ) ;
#4743 = ORIENTED_EDGE ( 'NONE', *, *, #269, .F. ) ;
#4744 = ORIENTED_EDGE ( 'NONE', *, *, #3845, .F. ) ;
#4745 = DIRECTION ( 'NONE',  ( 0.000000000000000000, 1.000000000000000000, 0.000000000000000000 ) ) ;
#4746 = CARTESIAN_POINT ( 'NONE',  ( -1.199999999999999289, 0.2000000000000000111, -0.1249999999999996253 ) ) ;
#4747 = DIRECTION ( 'NONE',  ( 1.000000000000000000, 0.000000000000000000, 1.445602896647339163E-16 ) ) ;
#4748 = LINE ( 'NONE', #262, #4020 ) ;
#4749 = PLANE ( 'NONE',  #2866 ) ;
#4750 = DIRECTION ( 'NONE',  ( -1.000000000000000000, 0.000000000000000000, -1.445602896647339163E-16 ) ) ;
#4751 = ORIENTED_EDGE ( 'NONE', *, *, #2706, .F. ) ;
#4752 = ORIENTED_EDGE ( 'NONE', *, *, #1921, .T. ) ;
#4753 = CARTESIAN_POINT ( 'NONE',  ( 1.199999999999999067, 0.2000000000000000111, 0.7750000000000006883 ) ) ;
#4754 = LINE ( 'NONE', #2123, #2188 ) ;
#4755 = ADVANCED_FACE ( 'NONE', ( #2416 ), #2779, .F. ) ;
#4756 = DIRECTION ( 'NONE',  ( -0.000000000000000000, -1.000000000000000000, 0.000000000000000000 ) ) ;
#4757 = AXIS2_PLACEMENT_3D ( 'NONE', #1153, #3705, #3459 ) ;
#4758 = CARTESIAN_POINT ( 'NONE',  ( 1.499999999999999556, 0.000000000000000000, -0.5749999999999991784 ) ) ;
#4759 = LINE ( 'NONE', #3285, #2639 ) ;
#4760 = ORIENTED_EDGE ( 'NONE', *, *, #4412, .F. ) ;
#4761 = CARTESIAN_POINT ( 'NONE',  ( -1.199999999999999067, 0.1999999999999999833, -1.024999999999999689 ) ) ;
#4762 = CARTESIAN_POINT ( 'NONE',  ( -1.199999999999999956, 0.6472135954999579388, 1.025000000000000577 ) ) ;
#4763 = EDGE_CURVE ( 'NONE', #2472, #386, #2079, .T. ) ;
#4764 = VERTEX_POINT ( 'NONE', #3885 ) ;
#4765 = ORIENTED_EDGE ( 'NONE', *, *, #4412, .T. ) ;
#4766 = ADVANCED_FACE ( 'NONE', ( #2000 ), #617, .T. ) ;
#4767 = ORIENTED_EDGE ( 'NONE', *, *, #664, .T. ) ;
#4768 = AXIS2_PLACEMENT_3D ( 'NONE', #2315, #4123, #1939 ) ;
#4769 = LINE ( 'NONE', #3986, #4457 ) ;
#4770 = LINE ( 'NONE', #1150, #1474 ) ;
#4771 = CIRCLE ( 'NONE', #679, 0.09999999999999982514 ) ;
#4772 = LINE ( 'NONE', #2899, #1152 ) ;
#4773 = DIRECTION ( 'NONE',  ( -1.000000000000000000, 0.000000000000000000, -1.445602896647339163E-16 ) ) ;
#4774 = DIRECTION ( 'NONE',  ( -1.000000000000000000, 0.000000000000000000, 0.000000000000000000 ) ) ;
#4775 = EDGE_LOOP ( 'NONE', ( #2863, #2240, #1174, #512 ) ) ;
#4776 = AXIS2_PLACEMENT_3D ( 'NONE', #3657, #1006, #3299 ) ;
#4777 = UNCERTAINTY_MEASURE_WITH_UNIT (LENGTH_MEASURE( 1.000000000000000082E-05 ), #366, 'distance_accuracy_value', 'NONE');
#4778 = DIRECTION ( 'NONE',  ( -1.000000000000000000, 0.000000000000000000, -1.590163186312073696E-15 ) ) ;
#4779 = CARTESIAN_POINT ( 'NONE',  ( -1.499999999999999556, 0.04999999999999999584, 0.3250000000000003997 ) ) ;
#4780 = ADVANCED_FACE ( 'NONE', ( #2392 ), #3909, .F. ) ;
#4781 = CARTESIAN_POINT ( 'NONE',  ( 1.499999999999999778, 0.6472135954999579388, -0.7749999999999993561 ) ) ;
#4782 = ORIENTED_EDGE ( 'NONE', *, *, #1195, .F. ) ;
#4783 = EDGE_CURVE ( 'NONE', #1835, #558, #4635, .T. ) ;
#4784 = PLANE ( 'NONE',  #4451 ) ;
#4785 = FILL_AREA_STYLE_COLOUR ( '', #1864 ) ;
#4786 = VERTEX_POINT ( 'NONE', #3934 ) ;
#4787 = VECTOR ( 'NONE', #2845, 1000.000000000000000 ) ;
#4788 = EDGE_CURVE ( 'NONE', #1685, #4374, #591, .T. ) ;
#4789 = AXIS2_PLACEMENT_3D ( 'NONE', #1112, #1855, #502 ) ;
#4790 = ORIENTED_EDGE ( 'NONE', *, *, #3444, .F. ) ;
ENDSEC;
END-ISO-10303-21;
