ISO-10303-21;
HEADER;
FILE_DESCRIPTION (( 'STEP AP214' ),
    '1' );
FILE_NAME ('9774015243R.STEP',
    '2023-11-06T17:22:15',
    ( '' ),
    ( '' ),
    'SwSTEP 2.0',
    'SolidWorks 2021',
    '' );
FILE_SCHEMA (( 'AUTOMOTIVE_DESIGN' ));
ENDSEC;

DATA;
#1 = CARTESIAN_POINT ( 'NONE',  ( 0.9999999999999995559, -0.5749999994537633441, -1.224646799147352714E-16 ) ) ;
#2 = CARTESIAN_POINT ( 'NONE',  ( -0.4999999999999991673, 1.691666667212903485, 0.8660254037844387076 ) ) ;
#3 = CARTESIAN_POINT ( 'NONE',  ( -0.9999999999999991118, -1.891666666120430662, 0.5773502691896259531 ) ) ;
#4 = CARTESIAN_POINT ( 'NONE',  ( 0.7834936499999997084, 2.799999999999998934, -9.595029906247763484E-17 ) ) ;
#5 = CARTESIAN_POINT ( 'NONE',  ( -0.3917468249999999652, -1.866666666666667584, -0.6785254046037932918 ) ) ;
#6 = CARTESIAN_POINT ( 'NONE',  ( 0.9999999999999998890, -0.9583333327870968699, 0.5773502691896250649 ) ) ;
#7 = CARTESIAN_POINT ( 'NONE',  ( 4.953214196169993442E-15, 1.299999999999998712, -0.7834936499999997084 ) ) ;
#8 = VERTEX_POINT ( 'NONE', #1724 ) ;
#9 = CARTESIAN_POINT ( 'NONE',  ( 0.2099364907924128609, 0.3178632794954071028, 0.7834936499999995974 ) ) ;
#10 = CARTESIAN_POINT ( 'NONE',  ( 0.7834936499999993753, 3.733333334425807504, -0.4523502697358626201 ) ) ;
#11 = CARTESIAN_POINT ( 'NONE',  ( 0.9999999999999998890, 2.191666667212903263, 0.5773502691896250649 ) ) ;
#12 = CARTESIAN_POINT ( 'NONE',  ( -0.4999999999999991673, 0.4916666672129038074, 0.8660254037844387076 ) ) ;
#13 = CARTESIAN_POINT ( 'NONE',  ( -7.070501591499376556E-17, 2.325000000546236567, -1.154700538379251018 ) ) ;
#14 = CARTESIAN_POINT ( 'NONE',  ( 0.7834936499999994863, 2.033333333333332327, -0.4523502697358626201 ) ) ;
#15 = CARTESIAN_POINT ( 'NONE',  ( 0.000000000000000000, 1.599999999999999867, 0.000000000000000000 ) ) ;
#16 = CARTESIAN_POINT ( 'NONE',  ( -5.539693099254656190E-17, 1.699999999999999067, -0.9047005394717244631 ) ) ;
#17 = CARTESIAN_POINT ( 'NONE',  ( 0.9999999999999993339, 4.708333333879569871, -0.5773502691896257311 ) ) ;
#18 = CARTESIAN_POINT ( 'NONE',  ( 0.4999999999999995559, 3.891666667212903441, -0.8660254037844383745 ) ) ;
#19 = CARTESIAN_POINT ( 'NONE',  ( -0.7834936499999997084, 2.700000001092474289, 0.000000000000000000 ) ) ;
#20 = ORIENTED_EDGE ( 'NONE', *, *, #2305, .F. ) ;
#21 = CARTESIAN_POINT ( 'NONE',  ( 0.3917468250000001873, 2.833333334425807593, 0.6785254046037931808 ) ) ;
#22 = CARTESIAN_POINT ( 'NONE',  ( -0.9999999999999995559, -0.3749999994537636661, 0.000000000000000000 ) ) ;
#23 = CARTESIAN_POINT ( 'NONE',  ( -7.070501591499376556E-17, 2.375000000546236834, -1.154700538379251018 ) ) ;
#24 = EDGE_CURVE ( 'NONE', #1577, #1747, #829, .T. ) ;
#25 = CARTESIAN_POINT ( 'NONE',  ( 0.4999999999999995559, 1.491666667212903308, -0.8660254037844383745 ) ) ;
#26 = CARTESIAN_POINT ( 'NONE',  ( -2.178833224121697412E-15, 1.899999999999999023, 0.7834936499999997084 ) ) ;
#27 = CARTESIAN_POINT ( 'NONE',  ( 0.3917468250000001873, 1.233333334425807504, 0.6785254046037931808 ) ) ;
#28 = CARTESIAN_POINT ( 'NONE',  ( -0.7834936499999997084, 1.766666666666665941, -0.4523502697358621760 ) ) ;
#29 = CARTESIAN_POINT ( 'NONE',  ( -7.070501591499377789E-17, 3.175000000546236656, -1.154700538379251018 ) ) ;
#30 = CARTESIAN_POINT ( 'NONE',  ( 0.9999999999999995559, 3.025000000546236745, -1.224646799147352714E-16 ) ) ;
#31 = ORIENTED_EDGE ( 'NONE', *, *, #1930, .T. ) ;
#32 = CARTESIAN_POINT ( 'NONE',  ( -6.137328488338832477E-14, 0.2060417441163634733, -0.7939582558836335568 ) ) ;
#33 = CARTESIAN_POINT ( 'NONE',  ( 0.5000000000000002220, 3.408333333879570048, 0.8660254037844381525 ) ) ;
#34 = CARTESIAN_POINT ( 'NONE',  ( -0.7834936499999993753, 1.133333334425807637, 0.4523502697358626756 ) ) ;
#35 = CARTESIAN_POINT ( 'NONE',  ( 0.9999999999999993339, -0.1416666661204300237, -0.5773502691896257311 ) ) ;
#36 = VECTOR ( 'NONE', #238, 1000.000000000000000 ) ;
#37 = CARTESIAN_POINT ( 'NONE',  ( 2.121150477449812844E-16, 2.575000000546236567, 1.154700538379251018 ) ) ;
#38 = CARTESIAN_POINT ( 'NONE',  ( -0.4999999999999991673, 2.491666667212903530, 0.8660254037844387076 ) ) ;
#39 = CARTESIAN_POINT ( 'NONE',  ( 2.121150477449812844E-16, 1.325000000546237011, 1.154700538379251018 ) ) ;
#40 = CARTESIAN_POINT ( 'NONE',  ( 0.2099364907924136658, 1.382136721597066131, -0.7834936499999990422 ) ) ;
#41 = CARTESIAN_POINT ( 'NONE',  ( 0.7834936499999997084, -0.8000000000000012657, -9.595029906247763484E-17 ) ) ;
#42 = CARTESIAN_POINT ( 'NONE',  ( 0.9999999999999995559, 1.475000000546236478, -1.224646799147352714E-16 ) ) ;
#43 = CARTESIAN_POINT ( 'NONE',  ( -0.9999999999999996669, 3.991666667212903530, -0.5773502691896252870 ) ) ;
#44 = EDGE_CURVE ( 'NONE', #953, #1542, #1124, .T. ) ;
#45 = CARTESIAN_POINT ( 'NONE',  ( 0.2099364907924116952, 2.417863280587881913, 0.7834936500000000414 ) ) ;
#46 = CARTESIAN_POINT ( 'NONE',  ( -0.9999999999999995559, 2.075000000546236567, 0.000000000000000000 ) ) ;
#47 = CARTESIAN_POINT ( 'NONE',  ( 0.3917468250000001873, 0.03333333442580733302, 0.6785254046037931808 ) ) ;
#48 = CARTESIAN_POINT ( 'NONE',  ( 0.9999999999999993339, -1.741666666120429863, -0.5773502691896257311 ) ) ;
#49 = CARTESIAN_POINT ( 'NONE',  ( 0.3749999918064393367, 2.999999999999999556, 0.9270248142014160253 ) ) ;
#50 = DIRECTION ( 'NONE',  ( -0.000000000000000000, 1.000000000000000000, -0.000000000000000000 ) ) ;
#51 = CARTESIAN_POINT ( 'NONE',  ( 0.4999999999999995559, -0.1083333327870968782, -0.8660254037844383745 ) ) ;
#52 = CARTESIAN_POINT ( 'NONE',  ( 0.000000000000000000, 1.599999999999999867, 2.174999999999999378 ) ) ;
#53 = CARTESIAN_POINT ( 'NONE',  ( 0.7834936499999994863, 2.433333333333332682, -0.4523502697358626201 ) ) ;
#54 = CARTESIAN_POINT ( 'NONE',  ( 0.7834936499999993753, 0.4333333333333324600, -0.4523502697358626201 ) ) ;
#55 = CARTESIAN_POINT ( 'NONE',  ( -0.9999999999999991118, 1.308333333879569738, 0.5773502691896259531 ) ) ;
#56 = EDGE_CURVE ( 'NONE', #313, #196, #2252, .T. ) ;
#57 = CARTESIAN_POINT ( 'NONE',  ( -0.2099364907924103629, 1.317863279495406825, -0.7834936500000010406 ) ) ;
#58 = CARTESIAN_POINT ( 'NONE',  ( 0.4999999999999995559, 3.141666667212903441, -0.8660254037844383745 ) ) ;
#59 = CARTESIAN_POINT ( 'NONE',  ( 1.661907929776396734E-16, 1.200000001092474067, 0.9047005394717244631 ) ) ;
#60 = AXIS2_PLACEMENT_3D ( 'NONE', #496, #910, #1277 ) ;
#61 = CARTESIAN_POINT ( 'NONE',  ( 0.000000000000000000, 2.999999999999999112, 0.000000000000000000 ) ) ;
#62 = CARTESIAN_POINT ( 'NONE',  ( 0.3917468249999996877, 0.9666666677591411183, -0.6785254046037934028 ) ) ;
#63 = CARTESIAN_POINT ( 'NONE',  ( -0.9999999999999991118, 1.258333333879570137, 0.5773502691896259531 ) ) ;
#64 = CONICAL_SURFACE ( 'NONE', #2313, 0.7834936499999997084, 0.7853981633974552734 ) ;
#65 = DIRECTION ( 'NONE',  ( 0.000000000000000000, 0.000000000000000000, 1.000000000000000000 ) ) ;
#66 = CARTESIAN_POINT ( 'NONE',  ( 0.9999999999999993339, 2.658333333879570493, -0.5773502691896257311 ) ) ;
#67 = CARTESIAN_POINT ( 'NONE',  ( 0.3917468250000001873, 0.7333333333333323933, 0.6785254046037931808 ) ) ;
#68 = EDGE_CURVE ( 'NONE', #1945, #1922, #1956, .T. ) ;
#69 = CARTESIAN_POINT ( 'NONE',  ( -0.9999999999999996669, 2.441666667212903263, -0.5773502691896252870 ) ) ;
#70 = CARTESIAN_POINT ( 'NONE',  ( 3.195622062045156678E-16, 0.4000000010924743554, 0.7834936499999997084 ) ) ;
#71 = CARTESIAN_POINT ( 'NONE',  ( 0.9999999999999998890, 2.241666667212903530, 0.5773502691896250649 ) ) ;
#72 = CARTESIAN_POINT ( 'NONE',  ( 0.3917468250000001873, 1.633333334425807637, 0.6785254046037931808 ) ) ;
#73 = CARTESIAN_POINT ( 'NONE',  ( 2.396716546533867705E-15, 2.200000001092473845, -0.7834936499999995974 ) ) ;
#74 = CARTESIAN_POINT ( 'NONE',  ( 0.2099364907924136658, 1.782136721597066042, -0.7834936499999990422 ) ) ;
#75 = CARTESIAN_POINT ( 'NONE',  ( 0.4999999999999995559, 0.6916666672129034854, -0.8660254037844383745 ) ) ;
#76 = CARTESIAN_POINT ( 'NONE',  ( -0.2099364907924122226, 1.182136721597065954, 0.7834936499999999304 ) ) ;
#77 = EDGE_CURVE ( 'NONE', #1757, #953, #2024, .T. ) ;
#78 = LINE ( 'NONE', #1686, #993 ) ;
#79 =( BOUNDED_CURVE ( )  B_SPLINE_CURVE ( 2, ( #248, #1490, #1869, #2070, #2281, #880, #1254, #470, #1056 ),
 .UNSPECIFIED., .F., .T. ) 
 B_SPLINE_CURVE_WITH_KNOTS ( ( 3, 2, 2, 2, 3 ),
 ( 0.3750000000000000000, 0.3796296296296296502, 0.3888888888888888951, 0.3981481481481481399, 0.4027777777777777901 ),
 .UNSPECIFIED. ) 
 CURVE ( )  GEOMETRIC_REPRESENTATION_ITEM ( )  RATIONAL_B_SPLINE_CURVE ( ( 0.9330127018922194093, 0.9330127018922194093, 1.000000000000000000, 0.8660254037844387076, 1.000000000000000000, 0.8660254037844387076, 1.000000000000000000, 0.9330127018922189652, 0.9330127018922194093 ) ) 
 REPRESENTATION_ITEM ( '' )  );
#80 = CARTESIAN_POINT ( 'NONE',  ( 0.7834936499999999304, -0.8333333333333343695, 0.4523502697358619540 ) ) ;
#81 = ORIENTED_EDGE ( 'NONE', *, *, #268, .F. ) ;
#82 = VECTOR ( 'NONE', #975, 1000.000000000000000 ) ;
#83 = ORIENTED_EDGE ( 'NONE', *, *, #515, .F. ) ;
#84 = CARTESIAN_POINT ( 'NONE',  ( -0.9999999999999995559, 2.075000000546236567, 0.000000000000000000 ) ) ;
#85 = CARTESIAN_POINT ( 'NONE',  ( -0.7834936499999997084, 4.166666666666666075, -0.4523502697358621760 ) ) ;
#86 = CARTESIAN_POINT ( 'NONE',  ( 0.9999999999999993339, 2.308333333879569516, -0.5773502691896257311 ) ) ;
#87 = CARTESIAN_POINT ( 'NONE',  ( -0.3917468249999992991, 0.7666666677591406076, 0.6785254046037937359 ) ) ;
#88 = CARTESIAN_POINT ( 'NONE',  ( 0.5000000000000002220, 1.408333333879569826, 0.8660254037844381525 ) ) ;
#89 = CARTESIAN_POINT ( 'NONE',  ( 0.7834936499999997084, 1.700000001092474289, -9.595029906247763484E-17 ) ) ;
#90 = CARTESIAN_POINT ( 'NONE',  ( 0.9999999999999995559, 1.025000000546236967, -1.224646799147352714E-16 ) ) ;
#91 = CARTESIAN_POINT ( 'NONE',  ( -0.9772590633449612652, 0.006669044819034372282, -0.2386690112200154368 ) ) ;
#92 = CARTESIAN_POINT ( 'NONE',  ( 0.3917468249999996877, 2.466666666666665453, -0.6785254046037934028 ) ) ;
#93 = CARTESIAN_POINT ( 'NONE',  ( -0.7834936499999993753, -0.1666666666666673791, 0.4523502697358626756 ) ) ;
#94 = ORIENTED_EDGE ( 'NONE', *, *, #68, .T. ) ;
#95 = CARTESIAN_POINT ( 'NONE',  ( 0.3917468249999996877, 0.8666666666666658081, -0.6785254046037934028 ) ) ;
#96 = CARTESIAN_POINT ( 'NONE',  ( -0.4999999999999998890, 0.4083333338795701595, -0.8660254037844382635 ) ) ;
#97 = CARTESIAN_POINT ( 'NONE',  ( -0.4999999999999991673, -1.908333332787096381, 0.8660254037844387076 ) ) ;
#98 = PRODUCT_DEFINITION_SHAPE ( 'NONE', 'NONE',  #1635 ) ;
#99 = CARTESIAN_POINT ( 'NONE',  ( -0.4999999999999991673, 1.341666667212902952, 0.8660254037844387076 ) ) ;
#100 = CARTESIAN_POINT ( 'NONE',  ( -5.539693099254656190E-17, -0.9999999989075257778, -0.9047005394717244631 ) ) ;
#101 = CARTESIAN_POINT ( 'NONE',  ( -7.070501591499376556E-17, 1.975000000546236478, -1.154700538379251018 ) ) ;
#102 = CARTESIAN_POINT ( 'NONE',  ( -0.9999999999999995559, 0.4250000005462367114, 0.000000000000000000 ) ) ;
#103 = EDGE_LOOP ( 'NONE', ( #317, #795, #429, #341 ) ) ;
#104 = CARTESIAN_POINT ( 'NONE',  ( 0.7834936499999997084, 4.100000001092474200, -9.595029906247763484E-17 ) ) ;
#105 = CARTESIAN_POINT ( 'NONE',  ( -0.5273980177356504262, 0.05563261376075574749, 0.7872918692447887778 ) ) ;
#106 = CARTESIAN_POINT ( 'NONE',  ( 2.396716546533867705E-15, 2.499999999999999112, -0.7834936499999995974 ) ) ;
#107 = CARTESIAN_POINT ( 'NONE',  ( 0.3917468250000001873, -1.266666666666667718, 0.6785254046037931808 ) ) ;
#108 = CARTESIAN_POINT ( 'NONE',  ( 9.595029906247763484E-17, 2.783493650000002706, -0.7834936499999997084 ) ) ;
#109 = CARTESIAN_POINT ( 'NONE',  ( 0.5000000000000002220, 1.008333333879569915, 0.8660254037844381525 ) ) ;
#110 = CARTESIAN_POINT ( 'NONE',  ( 0.9999999999999998890, -0.5583333327870967366, 0.5773502691896250649 ) ) ;
#111 = CARTESIAN_POINT ( 'NONE',  ( -5.539693099254656190E-17, -0.1999999989075254281, -0.9047005394717244631 ) ) ;
#112 = CARTESIAN_POINT ( 'NONE',  ( -0.9999999999999995559, 3.675000000546236656, 0.000000000000000000 ) ) ;
#113 = CARTESIAN_POINT ( 'NONE',  ( -7.070501591499376556E-17, 1.175000000546236434, -1.154700538379251018 ) ) ;
#114 = CARTESIAN_POINT ( 'NONE',  ( -0.6974353008029273715, 0.06471848365254655178, -0.6324250873535787187 ) ) ;
#115 = ORIENTED_EDGE ( 'NONE', *, *, #827, .T. ) ;
#116 = CARTESIAN_POINT ( 'NONE',  ( -0.4999999999999991673, -1.508333332787097136, 0.8660254037844387076 ) ) ;
#117 = CARTESIAN_POINT ( 'NONE',  ( -4.735330873757823543E-15, 0.8000000010924738225, 0.7834936499999998194 ) ) ;
#118 = CARTESIAN_POINT ( 'NONE',  ( -0.4999999999999998890, 1.558333333879570182, -0.8660254037844382635 ) ) ;
#119 = ORIENTED_EDGE ( 'NONE', *, *, #1930, .F. ) ;
#120 = CARTESIAN_POINT ( 'NONE',  ( -7.070501591499377789E-17, -0.4249999994537633219, -1.154700538379251018 ) ) ;
#121 = STYLED_ITEM ( 'NONE', ( #404 ), #2434 ) ;
#122 = CARTESIAN_POINT ( 'NONE',  ( 0.5000000000000002220, 1.408333333879569826, 0.8660254037844381525 ) ) ;
#123 = ORIENTED_EDGE ( 'NONE', *, *, #645, .T. ) ;
#124 = CARTESIAN_POINT ( 'NONE',  ( -0.3917468249999999652, -1.366666665574192807, -0.6785254046037932918 ) ) ;
#125 = CARTESIAN_POINT ( 'NONE',  ( -0.9999999999999995559, 4.475000000546236478, 0.000000000000000000 ) ) ;
#126 = CARTESIAN_POINT ( 'NONE',  ( 0.9999999999999997780, 0.6416666672129028859, 0.5773502691896251759 ) ) ;
#127 = CARTESIAN_POINT ( 'NONE',  ( -0.7554433468283583419, 0.2165036642155957758, 0.2077682586996644765 ) ) ;
#128 = ORIENTED_EDGE ( 'NONE', *, *, #56, .T. ) ;
#129 = CARTESIAN_POINT ( 'NONE',  ( -0.4999999999999991673, -1.108333332787097003, 0.8660254037844387076 ) ) ;
#130 = DIRECTION ( 'NONE',  ( 0.000000000000000000, 0.000000000000000000, 1.000000000000000000 ) ) ;
#131 = CARTESIAN_POINT ( 'NONE',  ( 0.5000000000000002220, 1.758333333879570137, 0.8660254037844381525 ) ) ;
#132 = CARTESIAN_POINT ( 'NONE',  ( 9.595029906247763484E-17, 2.999999999999999112, -0.7834936499999997084 ) ) ;
#133 = CARTESIAN_POINT ( 'NONE',  ( -2.302578599698694038E-11, 2.857355733376932605, -0.8573556864457658744 ) ) ;
#134 = CARTESIAN_POINT ( 'NONE',  ( 0.9999999999999998890, -0.1583333327870965757, 0.5773502691896250649 ) ) ;
#135 = CARTESIAN_POINT ( 'NONE',  ( 0.3917468249999996877, 3.666666666666665630, -0.6785254046037934028 ) ) ;
#136 = CARTESIAN_POINT ( 'NONE',  ( -0.4999999999999991673, -0.6583333327870970475, 0.8660254037844387076 ) ) ;
#137 = EDGE_LOOP ( 'NONE', ( #706, #947, #31, #2053 ) ) ;
#138 = EDGE_CURVE ( 'NONE', #2541, #1509, #305, .T. ) ;
#139 = CARTESIAN_POINT ( 'NONE',  ( -0.3917468249999992991, -1.233333332240859503, 0.6785254046037937359 ) ) ;
#140 = CARTESIAN_POINT ( 'NONE',  ( 0.9999999999999993339, 4.708333333879569871, -0.5773502691896257311 ) ) ;
#141 = CARTESIAN_POINT ( 'NONE',  ( 0.9999999999999995559, 0.6750000005462361008, -1.224646799147352714E-16 ) ) ;
#142 = CARTESIAN_POINT ( 'NONE',  ( -0.8292050978523288762, 0.1778305076450801825, 0.0007063359767428287542 ) ) ;
#143 = ORIENTED_EDGE ( 'NONE', *, *, #748, .T. ) ;
#144 = ORIENTED_EDGE ( 'NONE', *, *, #1640, .T. ) ;
#145 = CARTESIAN_POINT ( 'NONE',  ( 0.3917468249999996877, 4.166666667759140630, -0.6785254046037934028 ) ) ;
#146 = CARTESIAN_POINT ( 'NONE',  ( -0.8934877830383400887, 0.03187056668128288722, 0.3809701065670130782 ) ) ;
#147 = CARTESIAN_POINT ( 'NONE',  ( 0.9999999999999993339, 2.658333333879570493, -0.5773502691896257311 ) ) ;
#148 = DIRECTION ( 'NONE',  ( -0.000000000000000000, 1.000000000000000000, -0.000000000000000000 ) ) ;
#149 = CARTESIAN_POINT ( 'NONE',  ( -0.3917468249999999652, 2.533333333333332327, -0.6785254046037932918 ) ) ;
#150 = CARTESIAN_POINT ( 'NONE',  ( -0.4999999999999991673, 0.5416666672129035742, 0.8660254037844387076 ) ) ;
#151 = CARTESIAN_POINT ( 'NONE',  ( -0.3917468249999999652, 4.933333333333332682, -0.6785254046037932918 ) ) ;
#152 = ADVANCED_FACE ( 'NONE', ( #1336, #2109 ), #1086, .T. ) ;
#153 = ADVANCED_FACE ( 'NONE', ( #1971, #347 ), #165, .T. ) ;
#154 = AXIS2_PLACEMENT_3D ( 'NONE', #2181, #1168, #1782 ) ;
#155 = CARTESIAN_POINT ( 'NONE',  ( 0.4999999999999995559, 1.141666667212903441, -0.8660254037844383745 ) ) ;
#156 = EDGE_LOOP ( 'NONE', ( #1309, #1018, #2177, #1030, #1614, #1006, #1437, #2533, #1728, #2537, #2173, #230, #2392, #1533, #489, #1927, #1340, #83, #1705 ) ) ;
#157 = CARTESIAN_POINT ( 'NONE',  ( 0.7834936499999999304, -1.133333332240859193, 0.4523502697358619540 ) ) ;
#158 = CARTESIAN_POINT ( 'NONE',  ( -0.2099364907924145540, 0.7821367215970655984, 0.7834936499999985982 ) ) ;
#159 = EDGE_LOOP ( 'NONE', ( #2546, #2563 ) ) ;
#160 = CARTESIAN_POINT ( 'NONE',  ( -0.4999999999999991673, -1.908333332787096381, 0.8660254037844387076 ) ) ;
#161 = CARTESIAN_POINT ( 'NONE',  ( 0.9999999999999998890, 1.791666667212903352, 0.5773502691896250649 ) ) ;
#162 = CARTESIAN_POINT ( 'NONE',  ( 0.9999999999999998890, 1.391666667212903441, 0.5773502691896250649 ) ) ;
#163 = FACE_OUTER_BOUND ( 'NONE', #2369, .T. ) ;
#164 = EDGE_CURVE ( 'NONE', #2320, #291, #981, .T. ) ;
#165 = PLANE ( 'NONE',  #2226 ) ;
#166 = CARTESIAN_POINT ( 'NONE',  ( 0.9999999999999993339, -1.691666666120430040, -0.5773502691896257311 ) ) ;
#167 = FACE_OUTER_BOUND ( 'NONE', #156, .T. ) ;
#168 = CIRCLE ( 'NONE', #499, 0.9999999999999995559 ) ;
#169 = CARTESIAN_POINT ( 'NONE',  ( 2.121150477449812844E-16, -1.824999999453763566, 1.154700538379251018 ) ) ;
#170 = CARTESIAN_POINT ( 'NONE',  ( -0.1316818671019051035, 2.796698387136654418, 0.7886501982071014716 ) ) ;
#171 = CARTESIAN_POINT ( 'NONE',  ( -0.7834936499999997084, 2.166666666666665630, -0.4523502697358621205 ) ) ;
#172 = CARTESIAN_POINT ( 'NONE',  ( 0.000000000000000000, 2.783493650000002706, 0.000000000000000000 ) ) ;
#173 = CARTESIAN_POINT ( 'NONE',  ( -0.3917468249999992991, 3.966666667759141340, 0.6785254046037937359 ) ) ;
#174 = CARTESIAN_POINT ( 'NONE',  ( -7.070501591499377789E-17, 3.525000000546236745, -1.154700538379251018 ) ) ;
#175 = CARTESIAN_POINT ( 'NONE',  ( -0.9999999999999996669, 1.591666667212903619, -0.5773502691896252870 ) ) ;
#176 = LINE ( 'NONE', #132, #958 ) ;
#177 = DIRECTION ( 'NONE',  ( 0.000000000000000000, -1.000000000000000000, 0.000000000000000000 ) ) ;
#178 = CARTESIAN_POINT ( 'NONE',  ( -0.7834936499999997084, 0.9666666666666660079, -0.4523502697358621205 ) ) ;
#179 = CARTESIAN_POINT ( 'NONE',  ( -0.7834936499999993753, 3.833333333333332593, 0.4523502697358626756 ) ) ;
#180 = CARTESIAN_POINT ( 'NONE',  ( 0.9999999999999993339, 3.908333333879569604, -0.5773502691896257311 ) ) ;
#181 = CARTESIAN_POINT ( 'NONE',  ( 0.9999999999999995559, -0.9249999994537637660, -1.224646799147352714E-16 ) ) ;
#182 =( LENGTH_UNIT ( ) NAMED_UNIT ( * ) SI_UNIT ( .MILLI., .METRE. ) );
#183 = ORIENTED_EDGE ( 'NONE', *, *, #2587, .T. ) ;
#184 = CARTESIAN_POINT ( 'NONE',  ( -0.3917468249999992991, 0.7666666677591406076, 0.6785254046037937359 ) ) ;
#185 = CARTESIAN_POINT ( 'NONE',  ( 0.3917468249999996877, 3.766666667759141163, -0.6785254046037934028 ) ) ;
#186 = VECTOR ( 'NONE', #1529, 1000.000000000000000 ) ;
#187 = CARTESIAN_POINT ( 'NONE',  ( -0.9999999999999996669, 3.591666667212903619, -0.5773502691896252870 ) ) ;
#188 = CARTESIAN_POINT ( 'NONE',  ( 0.5000000000000002220, 0.5583333338795700707, 0.8660254037844381525 ) ) ;
#189 = CARTESIAN_POINT ( 'NONE',  ( -0.7834936499999997084, 0.2666666677591409962, -0.4523502697358621205 ) ) ;
#190 = APPLICATION_PROTOCOL_DEFINITION ( 'draft international standard', 'automotive_design', 1998, #969 ) ;
#191 = CARTESIAN_POINT ( 'NONE',  ( -0.3917468249999992991, 1.066666666666665320, 0.6785254046037937359 ) ) ;
#192 = CARTESIAN_POINT ( 'NONE',  ( -0.7834936499999997084, 2.566666666666665986, -0.4523502697358621760 ) ) ;
#193 = CARTESIAN_POINT ( 'NONE',  ( -0.4999999999999998890, 4.408333333879570048, -0.8660254037844382635 ) ) ;
#194 = CARTESIAN_POINT ( 'NONE',  ( -0.9999999999999996669, 4.391666667212903441, -0.5773502691896252870 ) ) ;
#195 = CARTESIAN_POINT ( 'NONE',  ( 0.3917468250000001873, 1.133333333333332638, 0.6785254046037931808 ) ) ;
#196 = VERTEX_POINT ( 'NONE', #1383 ) ;
#197 = CARTESIAN_POINT ( 'NONE',  ( 0.7834936499999994863, 1.633333333333332638, -0.4523502697358626201 ) ) ;
#198 = CARTESIAN_POINT ( 'NONE',  ( 0.3917468249999996877, 3.366666667759140807, -0.6785254046037934028 ) ) ;
#199 = CARTESIAN_POINT ( 'NONE',  ( 0.4999999999999995559, 2.691666667212903707, -0.8660254037844383745 ) ) ;
#200 = CARTESIAN_POINT ( 'NONE',  ( -0.9999999999999996669, -0.4083333327870968255, -0.5773502691896252870 ) ) ;
#201 = CARTESIAN_POINT ( 'NONE',  ( -0.9999999999999995559, 0.8250000005462369002, 0.000000000000000000 ) ) ;
#202 = DIRECTION ( 'NONE',  ( -0.000000000000000000, 1.000000000000000000, -0.000000000000000000 ) ) ;
#203 = CARTESIAN_POINT ( 'NONE',  ( 0.3917468250000001873, 1.133333333333332638, 0.6785254046037931808 ) ) ;
#204 = CARTESIAN_POINT ( 'NONE',  ( 0.7834936499999999304, -1.633333333333334636, 0.4523502697358619540 ) ) ;
#205 = CARTESIAN_POINT ( 'NONE',  ( 0.9999999999999993339, 4.658333333879570937, -0.5773502691896257311 ) ) ;
#206 = SURFACE_SIDE_STYLE ('',( #1389 ) ) ;
#207 = VERTEX_POINT ( 'NONE', #1783 ) ;
#208 = CARTESIAN_POINT ( 'NONE',  ( 0.2099364907924125001, 0.4821367205045905546, -0.7834936499999995974 ) ) ;
#209 = AXIS2_PLACEMENT_3D ( 'NONE', #1873, #463, #1674 ) ;
#210 = CARTESIAN_POINT ( 'NONE',  ( 0.7834936499999997084, 2.100000001092474200, -9.595029906247763484E-17 ) ) ;
#211 = CARTESIAN_POINT ( 'NONE',  ( 0.5000000000000002220, 2.958333333879570315, 0.8660254037844381525 ) ) ;
#212 = CARTESIAN_POINT ( 'NONE',  ( 0.9999999999999995559, -0.9749999994537634773, -1.224646799147352714E-16 ) ) ;
#213 = CARTESIAN_POINT ( 'NONE',  ( 2.121150477449812844E-16, 0.9250000005462366559, 1.154700538379251018 ) ) ;
#214 = DIRECTION ( 'NONE',  ( 0.000000000000000000, 0.000000000000000000, 1.000000000000000000 ) ) ;
#215 = CARTESIAN_POINT ( 'NONE',  ( -0.3917468249999992991, 1.466666666666665675, 0.6785254046037937359 ) ) ;
#216 = CARTESIAN_POINT ( 'NONE',  ( 0.7834936499999997084, -1.600000000000000755, -9.595029906247763484E-17 ) ) ;
#217 = CARTESIAN_POINT ( 'NONE',  ( -0.9999999999999991118, 4.458333333879569871, 0.5773502691896259531 ) ) ;
#218 = CARTESIAN_POINT ( 'NONE',  ( -0.2983993251139596126, 2.774609510255783285, 0.7324196087911772901 ) ) ;
#219 = ORIENTED_EDGE ( 'NONE', *, *, #646, .T. ) ;
#220 = CYLINDRICAL_SURFACE ( 'NONE', #1821, 0.7834936499999997084 ) ;
#221 = CARTESIAN_POINT ( 'NONE',  ( -5.539693099254656190E-17, 3.000000001092474555, -0.9047005394717244631 ) ) ;
#222 = CARTESIAN_POINT ( 'NONE',  ( 0.5000000000000002220, -0.6416666661204295519, 0.8660254037844381525 ) ) ;
#223 = CARTESIAN_POINT ( 'NONE',  ( 0.9999999999999997780, 2.641666667212903441, 0.5773502691896251759 ) ) ;
#224 = CARTESIAN_POINT ( 'NONE',  ( 0.5000000000000002220, 2.558333333879569960, 0.8660254037844381525 ) ) ;
#225 = FILL_AREA_STYLE_COLOUR ( '', #1448 ) ;
#226 = CARTESIAN_POINT ( 'NONE',  ( 3.195622062045156678E-16, 1.200000001092474067, 0.7834936499999997084 ) ) ;
#227 = CARTESIAN_POINT ( 'NONE',  ( 0.7834936499999997084, 2.399999999999999023, -9.595029906247763484E-17 ) ) ;
#228 = CARTESIAN_POINT ( 'NONE',  ( 2.121150477449812844E-16, 3.775000000546235857, 1.154700538379251018 ) ) ;
#229 = CARTESIAN_POINT ( 'NONE',  ( 0.4999999999999995559, 3.091666667212903619, -0.8660254037844383745 ) ) ;
#230 = ORIENTED_EDGE ( 'NONE', *, *, #2316, .F. ) ;
#231 = CARTESIAN_POINT ( 'NONE',  ( 0.000000000000000000, 2.999999999999999112, 0.000000000000000000 ) ) ;
#232 = CARTESIAN_POINT ( 'NONE',  ( 0.9999999999999993339, 1.508333333879569693, -0.5773502691896257311 ) ) ;
#233 = CARTESIAN_POINT ( 'NONE',  ( -0.7834936499999997084, 1.500000001092474333, 0.000000000000000000 ) ) ;
#234 = CARTESIAN_POINT ( 'NONE',  ( -7.070501591499377789E-17, 0.7250000005462364783, -1.154700538379251018 ) ) ;
#235 = CARTESIAN_POINT ( 'NONE',  ( -2.178833224121697412E-15, 2.400000001092474022, 0.7834936499999997084 ) ) ;
#236 = CARTESIAN_POINT ( 'NONE',  ( 0.5000000000000002220, 2.158333333879570048, 0.8660254037844381525 ) ) ;
#237 = CARTESIAN_POINT ( 'NONE',  ( 0.9999999999999998890, 1.391666667212903441, 0.5773502691896250649 ) ) ;
#238 = DIRECTION ( 'NONE',  ( -0.000000000000000000, 1.000000000000000000, -0.000000000000000000 ) ) ;
#239 = CARTESIAN_POINT ( 'NONE',  ( -0.3917468249999999652, -0.6666666666666678509, -0.6785254046037932918 ) ) ;
#240 = EDGE_CURVE ( 'NONE', #2519, #299, #661, .T. ) ;
#241 = CARTESIAN_POINT ( 'NONE',  ( 0.9999999999999993339, 2.308333333879569516, -0.5773502691896257311 ) ) ;
#242 = CARTESIAN_POINT ( 'NONE',  ( 2.121150477449812844E-16, 3.325000000546237011, 1.154700538379251018 ) ) ;
#243 = CARTESIAN_POINT ( 'NONE',  ( 0.3917468249999996877, 2.566666667759140985, -0.6785254046037934028 ) ) ;
#244 = CARTESIAN_POINT ( 'NONE',  ( -0.4999999999999998890, 2.808333333879569960, -0.8660254037844382635 ) ) ;
#245 = CARTESIAN_POINT ( 'NONE',  ( -0.3917468249999999652, 0.6333333344258071929, -0.6785254046037932918 ) ) ;
#246 = CARTESIAN_POINT ( 'NONE',  ( -0.4999999999999998890, -1.641666666120429552, -0.8660254037844382635 ) ) ;
#247 = AXIS2_PLACEMENT_3D ( 'NONE', #15, #202, #214 ) ;
#248 = CARTESIAN_POINT ( 'NONE',  ( 3.195622062045156678E-16, 2.000000001092474111, 0.7834936499999997084 ) ) ;
#249 = CARTESIAN_POINT ( 'NONE',  ( 2.121150477449812844E-16, 1.725000000546236700, 1.154700538379251018 ) ) ;
#250 = CARTESIAN_POINT ( 'NONE',  ( 0.9999999999999998890, -0.6083333327870965590, 0.5773502691896250649 ) ) ;
#251 = EDGE_CURVE ( 'NONE', #2122, #1697, #2376, .T. ) ;
#252 = CARTESIAN_POINT ( 'NONE',  ( 2.396716546533867705E-15, 1.400000001092474244, -0.7834936499999995974 ) ) ;
#253 = CARTESIAN_POINT ( 'NONE',  ( -5.539693099254656190E-17, -1.100000000000001199, -0.9047005394717244631 ) ) ;
#254 = CARTESIAN_POINT ( 'NONE',  ( 0.4999999999999995559, 1.541666667212903130, -0.8660254037844383745 ) ) ;
#255 = CARTESIAN_POINT ( 'NONE',  ( 2.663606788145492628E-16, -4.336808689942017736E-16, -2.174999999999999378 ) ) ;
#256 = CARTESIAN_POINT ( 'NONE',  ( -0.9999999999999995559, 1.675000000546236434, 0.000000000000000000 ) ) ;
#257 = CARTESIAN_POINT ( 'NONE',  ( -0.3917468249999999652, -0.1666666655741923242, -0.6785254046037932918 ) ) ;
#258 = CARTESIAN_POINT ( 'NONE',  ( -0.9999999999999995559, 2.475000000546236478, 0.000000000000000000 ) ) ;
#259 = CARTESIAN_POINT ( 'NONE',  ( 0.7834936499999999304, 1.666666667759140852, 0.4523502697358619540 ) ) ;
#260 = CARTESIAN_POINT ( 'NONE',  ( -0.9999999999999996669, 1.191666667212903485, -0.5773502691896252870 ) ) ;
#261 = DIRECTION ( 'NONE',  ( 0.000000000000000000, 0.000000000000000000, 1.000000000000000000 ) ) ;
#262 = CARTESIAN_POINT ( 'NONE',  ( -0.3917468249999992991, 0.6666666666666660745, 0.6785254046037937359 ) ) ;
#263 =( BOUNDED_CURVE ( )  B_SPLINE_CURVE ( 2, ( #106, #1293, #92, #53, #1507, #288, #1709, #2323, #1723 ),
 .UNSPECIFIED., .F., .T. ) 
 B_SPLINE_CURVE_WITH_KNOTS ( ( 3, 2, 2, 2, 3 ),
 ( 0.3472222222222222654, 0.3518518518518518601, 0.3611111111111111049, 0.3703703703703703498, 0.3750000000000000000 ),
 .UNSPECIFIED. ) 
 CURVE ( )  GEOMETRIC_REPRESENTATION_ITEM ( )  RATIONAL_B_SPLINE_CURVE ( ( 0.9330127018922194093, 0.9330127018922197424, 1.000000000000000000, 0.8660254037844387076, 1.000000000000000000, 0.8660254037844387076, 1.000000000000000000, 0.9330127018922194093, 0.9330127018922194093 ) ) 
 REPRESENTATION_ITEM ( '' )  );
#264 = CARTESIAN_POINT ( 'NONE',  ( 1.661907929776396734E-16, 0.6999999999999994005, 0.9047005394717244631 ) ) ;
#265 = CARTESIAN_POINT ( 'NONE',  ( -0.9999999999999996669, 3.241666667212903086, -0.5773502691896252870 ) ) ;
#266 = DIRECTION ( 'NONE',  ( 0.000000000000000000, 0.000000000000000000, -1.000000000000000000 ) ) ;
#267 = CARTESIAN_POINT ( 'NONE',  ( 0.4999999999999995559, 1.541666667212903130, -0.8660254037844383745 ) ) ;
#268 = EDGE_CURVE ( 'NONE', #2415, #707, #323, .T. ) ;
#269 = CARTESIAN_POINT ( 'NONE',  ( 0.3917468250000001873, 0.8333333344258077036, 0.6785254046037931808 ) ) ;
#270 = CIRCLE ( 'NONE', #656, 0.9999999999999995559 ) ;
#271 = LINE ( 'NONE', #861, #791 ) ;
#272 = CARTESIAN_POINT ( 'NONE',  ( -0.7554433468283583419, 0.2165036642155957758, 0.2077682586996644765 ) ) ;
#273 = CARTESIAN_POINT ( 'NONE',  ( -0.4999999999999991673, 1.291666667212903352, 0.8660254037844387076 ) ) ;
#274 = AXIS2_PLACEMENT_3D ( 'NONE', #346, #1794, #1195 ) ;
#275 = CARTESIAN_POINT ( 'NONE',  ( 0.08802307034687499587, 2.839427742849943925, 0.8394277428499342664 ) ) ;
#276 = DIRECTION ( 'NONE',  ( -0.000000000000000000, 1.000000000000000000, -0.000000000000000000 ) ) ;
#277 = CARTESIAN_POINT ( 'NONE',  ( 0.7834936499999993753, -0.3666666666666679175, -0.4523502697358626201 ) ) ;
#278 = EDGE_LOOP ( 'NONE', ( #1504, #2584, #1980, #701 ) ) ;
#279 = CARTESIAN_POINT ( 'NONE',  ( -0.8945100301509695262, 2.933087717494691660, 0.2914169895608111904 ) ) ;
#280 = CARTESIAN_POINT ( 'NONE',  ( -7.070501591499377789E-17, 2.375000000546236834, -1.154700538379251018 ) ) ;
#281 = CARTESIAN_POINT ( 'NONE',  ( 0.3917468250000001873, 3.133333333333332416, 0.6785254046037931808 ) ) ;
#282 = CARTESIAN_POINT ( 'NONE',  ( -7.070501591499377789E-17, 2.775000000546236301, -1.154700538379251018 ) ) ;
#283 = CARTESIAN_POINT ( 'NONE',  ( 0.3917468249999996877, 1.766666667759140941, -0.6785254046037934028 ) ) ;
#284 = CARTESIAN_POINT ( 'NONE',  ( -7.070501591499376556E-17, 0.3750000005462361119, -1.154700538379251018 ) ) ;
#285 = CARTESIAN_POINT ( 'NONE',  ( -0.3917468249999992991, 0.2666666666666659413, 0.6785254046037937359 ) ) ;
#286 = CARTESIAN_POINT ( 'NONE',  ( -7.070501591499377789E-17, 0.3250000005462364006, -1.154700538379251018 ) ) ;
#287 = CARTESIAN_POINT ( 'NONE',  ( 0.5000000000000002220, 4.158333333879570048, 0.8660254037844381525 ) ) ;
#288 = CARTESIAN_POINT ( 'NONE',  ( 0.7834936499999999304, 2.366666666666665808, 0.4523502697358619540 ) ) ;
#289 = CARTESIAN_POINT ( 'NONE',  ( 0.3917468250000001873, -0.06666666666666799801, 0.6785254046037931808 ) ) ;
#290 = ORIENTED_EDGE ( 'NONE', *, *, #2437, .F. ) ;
#291 = VERTEX_POINT ( 'NONE', #769 ) ;
#292 = CARTESIAN_POINT ( 'NONE',  ( -0.4999999999999991673, 1.741666667212903308, 0.8660254037844387076 ) ) ;
#293 = CARTESIAN_POINT ( 'NONE',  ( 2.121150477449812844E-16, -1.874999999453763389, 1.154700538379251018 ) ) ;
#294 = CARTESIAN_POINT ( 'NONE',  ( -0.9999999999999991118, -0.2916666661204300182, 0.5773502691896259531 ) ) ;
#295 = EDGE_CURVE ( 'NONE', #1085, #1542, #270, .T. ) ;
#296 = CARTESIAN_POINT ( 'NONE',  ( 0.3917468249999996877, -2.233333332240859281, -0.6785254046037934028 ) ) ;
#297 = CARTESIAN_POINT ( 'NONE',  ( -0.3749976359994734998, -1.570537984599584050E-07, -0.9270257671687477385 ) ) ;
#298 = CARTESIAN_POINT ( 'NONE',  ( 2.396716546533867705E-15, 1.800000001092473711, -0.7834936499999995974 ) ) ;
#299 = VERTEX_POINT ( 'NONE', #783 ) ;
#300 = CARTESIAN_POINT ( 'NONE',  ( -0.4999999999999998890, -1.241666666120430307, -0.8660254037844382635 ) ) ;
#301 = CARTESIAN_POINT ( 'NONE',  ( -7.070501591499377789E-17, 4.325000000546237011, -1.154700538379251018 ) ) ;
#302 = CARTESIAN_POINT ( 'NONE',  ( -0.4999999999999991673, 2.891666667212903441, 0.8660254037844387076 ) ) ;
#303 = CARTESIAN_POINT ( 'NONE',  ( -0.7834936499999997084, -1.433333333333334236, -0.4523502697358621760 ) ) ;
#304 = ORIENTED_EDGE ( 'NONE', *, *, #24, .F. ) ;
#305 = LINE ( 'NONE', #490, #1540 ) ;
#306 = CARTESIAN_POINT ( 'NONE',  ( -7.070501591499377789E-17, -0.8249999994537635661, -1.154700538379251018 ) ) ;
#307 = CARTESIAN_POINT ( 'NONE',  ( 0.5000000000000002220, -1.441666666120430040, 0.8660254037844381525 ) ) ;
#308 = CARTESIAN_POINT ( 'NONE',  ( 0.5000000000000002220, 0.6083333338795697820, 0.8660254037844381525 ) ) ;
#309 = ORIENTED_EDGE ( 'NONE', *, *, #515, .T. ) ;
#310 = CARTESIAN_POINT ( 'NONE',  ( -0.3917468249999992991, -0.8333333322408592592, 0.6785254046037937359 ) ) ;
#311 = CARTESIAN_POINT ( 'NONE',  ( 2.121150477449812844E-16, 1.775000000546236301, 1.154700538379251018 ) ) ;
#312 = CARTESIAN_POINT ( 'NONE',  ( 0.7834936499999997084, 0.5000000010924737781, -9.595029906247763484E-17 ) ) ;
#313 = VERTEX_POINT ( 'NONE', #1342 ) ;
#314 = CARTESIAN_POINT ( 'NONE',  ( 0.9999999999999998890, -1.008333332787096692, 0.5773502691896250649 ) ) ;
#315 = CARTESIAN_POINT ( 'NONE',  ( 0.000000000000000000, 0.000000000000000000, 0.000000000000000000 ) ) ;
#316 = FACE_OUTER_BOUND ( 'NONE', #1236, .T. ) ;
#317 = ORIENTED_EDGE ( 'NONE', *, *, #319, .T. ) ;
#318 = CARTESIAN_POINT ( 'NONE',  ( -0.4999999999999998890, -0.7916666661204304623, -0.8660254037844382635 ) ) ;
#319 = EDGE_CURVE ( 'NONE', #572, #1625, #1073, .T. ) ;
#320 = CARTESIAN_POINT ( 'NONE',  ( -0.9999999999999995559, 0.07500000054623620627, 0.000000000000000000 ) ) ;
#321 = ORIENTED_EDGE ( 'NONE', *, *, #2240, .T. ) ;
#322 = CARTESIAN_POINT ( 'NONE',  ( -5.539693099254656190E-17, -0.5999999989075255336, -0.9047005394717244631 ) ) ;
#323 = LINE ( 'NONE', #2600, #186 ) ;
#324 = CARTESIAN_POINT ( 'NONE',  ( 0.9999999999999995559, 1.875000000546236611, -1.224646799147352714E-16 ) ) ;
#325 = CARTESIAN_POINT ( 'NONE',  ( 0.3917468249999996877, 0.5666666677591408741, -0.6785254046037934028 ) ) ;
#326 = ORIENTED_EDGE ( 'NONE', *, *, #1653, .F. ) ;
#327 = CARTESIAN_POINT ( 'NONE',  ( 2.121150477449812844E-16, -1.074999999453762900, 1.154700538379251018 ) ) ;
#328 = CARTESIAN_POINT ( 'NONE',  ( 0.9999999999999998890, 3.791666667212904240, 0.5773502691896250649 ) ) ;
#329 = CARTESIAN_POINT ( 'NONE',  ( 0.9999999999999998890, 0.9916666672129034188, 0.5773502691896250649 ) ) ;
#330 = DIRECTION ( 'NONE',  ( -0.000000000000000000, 1.000000000000000000, -0.000000000000000000 ) ) ;
#331 = CARTESIAN_POINT ( 'NONE',  ( 9.595029906247763484E-17, 2.999999999999999112, -0.7834936499999997084 ) ) ;
#332 = CARTESIAN_POINT ( 'NONE',  ( 0.9999999999999998890, 0.2416666672129027249, 0.5773502691896250649 ) ) ;
#333 = CARTESIAN_POINT ( 'NONE',  ( -0.3917468249999999652, 3.733333333333332504, -0.6785254046037932918 ) ) ;
#334 = PRESENTATION_LAYER_ASSIGNMENT (  '', '', ( #121 ) ) ;
#335 = CARTESIAN_POINT ( 'NONE',  ( 0.4999999999999995559, -0.4583333327870973695, -0.8660254037844383745 ) ) ;
#336 = ORIENTED_EDGE ( 'NONE', *, *, #295, .T. ) ;
#337 = CARTESIAN_POINT ( 'NONE',  ( 1.661907929776396734E-16, -1.599999998907525756, 0.9047005394717244631 ) ) ;
#338 = CARTESIAN_POINT ( 'NONE',  ( 2.396716546533867705E-15, 2.099999999999999201, -0.7834936499999995974 ) ) ;
#339 = CARTESIAN_POINT ( 'NONE',  ( 0.4999999999999995559, 1.541666667212903130, -0.8660254037844383745 ) ) ;
#340 = DIRECTION ( 'NONE',  ( 0.000000000000000000, 0.000000000000000000, 1.000000000000000000 ) ) ;
#341 = ORIENTED_EDGE ( 'NONE', *, *, #1943, .F. ) ;
#342 = CARTESIAN_POINT ( 'NONE',  ( -0.3917468249999999652, 4.633333334425808303, -0.6785254046037932918 ) ) ;
#343 = CARTESIAN_POINT ( 'NONE',  ( 0.000000000000000000, 2.999999999999999112, 0.000000000000000000 ) ) ;
#344 = CARTESIAN_POINT ( 'NONE',  ( 0.9999999999999995559, 2.625000000546236834, -1.224646799147352714E-16 ) ) ;
#345 = ADVANCED_FACE ( 'NONE', ( #2345 ), #1797, .T. ) ;
#346 = CARTESIAN_POINT ( 'NONE',  ( -2.174999999999999378, 1.599999999999999867, 0.000000000000000000 ) ) ;
#347 = FACE_OUTER_BOUND ( 'NONE', #1314, .T. ) ;
#348 = CARTESIAN_POINT ( 'NONE',  ( 0.9999999999999998890, 1.041666667212903130, 0.5773502691896250649 ) ) ;
#349 = CARTESIAN_POINT ( 'NONE',  ( -5.539693099254656190E-17, 4.099999999999999645, -0.9047005394717244631 ) ) ;
#350 =( BOUNDED_CURVE ( )  B_SPLINE_CURVE ( 2, ( #687, #2304, #285, #1468, #2115 ),
 .UNSPECIFIED., .F., .T. ) 
 B_SPLINE_CURVE_WITH_KNOTS ( ( 3, 2, 3 ),
 ( 0.6527777777777777901, 0.6574074074074074403, 0.6642538106290114541 ),
 .UNSPECIFIED. ) 
 CURVE ( )  GEOMETRIC_REPRESENTATION_ITEM ( )  RATIONAL_B_SPLINE_CURVE ( ( 0.9330127018922194093, 0.9330127018922194093, 1.000000000000000000, 0.9009376364285212047, 0.9483709840376672862 ) ) 
 REPRESENTATION_ITEM ( '' )  );
#351 = CARTESIAN_POINT ( 'NONE',  ( 0.9999999999999998890, 0.2416666672129027249, 0.5773502691896250649 ) ) ;
#352 = EDGE_LOOP ( 'NONE', ( #2127, #1120 ) ) ;
#353 = CARTESIAN_POINT ( 'NONE',  ( 1.661907929776396734E-16, -1.999999998907525889, 0.9047005394717244631 ) ) ;
#354 = CARTESIAN_POINT ( 'NONE',  ( -0.9999999999999991118, 4.108333333879570226, 0.5773502691896259531 ) ) ;
#355 = DIRECTION ( 'NONE',  ( 0.000000000000000000, 0.000000000000000000, 1.000000000000000000 ) ) ;
#356 = EDGE_LOOP ( 'NONE', ( #1323, #144, #1778, #568 ) ) ;
#357 = EDGE_CURVE ( 'NONE', #2589, #1509, #2168, .T. ) ;
#358 = CARTESIAN_POINT ( 'NONE',  ( -0.9999999999999996669, -1.608333332787096337, -0.5773502691896252870 ) ) ;
#359 = CARTESIAN_POINT ( 'NONE',  ( -7.070501591499377789E-17, 1.925000000546236878, -1.154700538379251018 ) ) ;
#360 = CARTESIAN_POINT ( 'NONE',  ( 0.9999999999999998890, 2.191666667212903263, 0.5773502691896250649 ) ) ;
#361 = CARTESIAN_POINT ( 'NONE',  ( 0.2496649043289610181, 2.844903441816747591, -0.8169060833956820478 ) ) ;
#362 = DIRECTION ( 'NONE',  ( 0.000000000000000000, -0.000000000000000000, -1.000000000000000000 ) ) ;
#363 = CARTESIAN_POINT ( 'NONE',  ( -0.4999999999999998890, -0.3916666661204302180, -0.8660254037844382635 ) ) ;
#364 = CARTESIAN_POINT ( 'NONE',  ( -5.539693099254656190E-17, 4.899999999999999467, -0.9047005394717244631 ) ) ;
#365 = CARTESIAN_POINT ( 'NONE',  ( 0.4999999999999995559, -2.058333332787097181, -0.8660254037844383745 ) ) ;
#366 = DIRECTION ( 'NONE',  ( -0.000000000000000000, 1.000000000000000000, -0.000000000000000000 ) ) ;
#367 = CARTESIAN_POINT ( 'NONE',  ( -7.070501591499377789E-17, 4.375000000546236834, -1.154700538379251018 ) ) ;
#368 = CARTESIAN_POINT ( 'NONE',  ( 0.3917468249999996877, 0.4666666666666655638, -0.6785254046037934028 ) ) ;
#369 = ADVANCED_FACE ( 'NONE', ( #1471 ), #1482, .F. ) ;
#370 = CARTESIAN_POINT ( 'NONE',  ( -5.539693099254656190E-17, 2.600000001092474200, -0.9047005394717244631 ) ) ;
#371 = CARTESIAN_POINT ( 'NONE',  ( 0.4999999999999995559, 3.091666667212903619, -0.8660254037844383745 ) ) ;
#372 = CARTESIAN_POINT ( 'NONE',  ( -0.4999999999999998890, 2.758333333879570137, -0.8660254037844382635 ) ) ;
#373 = CARTESIAN_POINT ( 'NONE',  ( 0.2544285888669313711, 2.994984767999974817, 0.9703852113032694904 ) ) ;
#374 = CARTESIAN_POINT ( 'NONE',  ( 0.8330749458765364102, 0.1301821042863577360, 0.2741750328117242286 ) ) ;
#375 = CARTESIAN_POINT ( 'NONE',  ( -4.735330873757823543E-15, 1.099999999999998535, 0.7834936499999998194 ) ) ;
#376 = CARTESIAN_POINT ( 'NONE',  ( -0.7834936499999997084, 4.966666666666665897, -0.4523502697358621760 ) ) ;
#377 = CARTESIAN_POINT ( 'NONE',  ( -5.539693099254656190E-17, -1.900000000000001688, -0.9047005394717244631 ) ) ;
#378 = AXIS2_PLACEMENT_3D ( 'NONE', #818, #1802, #1624 ) ;
#379 = CARTESIAN_POINT ( 'NONE',  ( 0.9999999999999993339, -1.291666666120429907, -0.5773502691896257311 ) ) ;
#380 = CARTESIAN_POINT ( 'NONE',  ( -0.4999999999999991673, 4.141666667212903441, 0.8660254037844387076 ) ) ;
#381 = FACE_OUTER_BOUND ( 'NONE', #278, .T. ) ;
#382 = EDGE_CURVE ( 'NONE', #1573, #1283, #78, .T. ) ;
#383 = CARTESIAN_POINT ( 'NONE',  ( -0.3917468249999999652, 3.433333334425807681, -0.6785254046037932918 ) ) ;
#384 = CARTESIAN_POINT ( 'NONE',  ( -0.9999999999999995559, 2.025000000546237189, 0.000000000000000000 ) ) ;
#385 = CARTESIAN_POINT ( 'NONE',  ( -7.070501591499377789E-17, -0.07499999945376287225, -1.154700538379251018 ) ) ;
#386 = CARTESIAN_POINT ( 'NONE',  ( -0.2099364907924122226, 0.3821367215970662978, 0.7834936499999999304 ) ) ;
#387 = CARTESIAN_POINT ( 'NONE',  ( -0.4999999999999998890, -1.991666666120430085, -0.8660254037844382635 ) ) ;
#388 = CARTESIAN_POINT ( 'NONE',  ( -0.7834936499999997084, 2.166666666666665630, -0.4523502697358621760 ) ) ;
#389 = CARTESIAN_POINT ( 'NONE',  ( -0.4999999999999991673, 3.741666667212903086, 0.8660254037844387076 ) ) ;
#390 = CARTESIAN_POINT ( 'NONE',  ( -0.9999999999999995559, -1.524999999453763744, 0.000000000000000000 ) ) ;
#391 = DIRECTION ( 'NONE',  ( 0.000000000000000000, 0.000000000000000000, 1.000000000000000000 ) ) ;
#392 = VERTEX_POINT ( 'NONE', #1925 ) ;
#393 = MECHANICAL_DESIGN_GEOMETRIC_PRESENTATION_REPRESENTATION (  '', ( #1532 ), #735 ) ;
#394 = CARTESIAN_POINT ( 'NONE',  ( 0.3917468249999996877, 2.166666667759140630, -0.6785254046037934028 ) ) ;
#395 = CARTESIAN_POINT ( 'NONE',  ( -0.4999999999999991673, 3.691666667212903707, 0.8660254037844387076 ) ) ;
#396 = CARTESIAN_POINT ( 'NONE',  ( 0.5000000000000002220, -1.041666666120429685, 0.8660254037844381525 ) ) ;
#397 = CARTESIAN_POINT ( 'NONE',  ( 0.9999999999999997780, 0.9916666672129034188, 0.5773502691896251759 ) ) ;
#398 = SURFACE_STYLE_FILL_AREA ( #2233 ) ;
#399 = CARTESIAN_POINT ( 'NONE',  ( -0.4999999999999998890, -1.591666666120429952, -0.8660254037844382635 ) ) ;
#400 = CARTESIAN_POINT ( 'NONE',  ( -0.7834936499999997084, 1.366666666666665808, -0.4523502697358621760 ) ) ;
#401 = AXIS2_PLACEMENT_3D ( 'NONE', #1083, #2308, #914 ) ;
#402 = CARTESIAN_POINT ( 'NONE',  ( -0.9999999999999996669, 4.041666667212902908, -0.5773502691896252870 ) ) ;
#403 = CARTESIAN_POINT ( 'NONE',  ( -0.4999999999999991673, -1.058333332787097181, 0.8660254037844387076 ) ) ;
#404 = PRESENTATION_STYLE_ASSIGNMENT (( #2440 ) ) ;
#405 = ORIENTED_EDGE ( 'NONE', *, *, #1434, .T. ) ;
#406 = DIRECTION ( 'NONE',  ( -0.000000000000000000, 1.000000000000000000, -0.000000000000000000 ) ) ;
#407 = CARTESIAN_POINT ( 'NONE',  ( -0.3917468249999992991, 2.766666667759141163, 0.6785254046037937359 ) ) ;
#408 = CARTESIAN_POINT ( 'NONE',  ( -0.4999999999999991673, 3.291666667212903352, 0.8660254037844387076 ) ) ;
#409 = CARTESIAN_POINT ( 'NONE',  ( -0.4999999999999998890, -1.241666666120430307, -0.8660254037844382635 ) ) ;
#410 = CARTESIAN_POINT ( 'NONE',  ( 0.4999999999999995559, 1.091666667212903619, -0.8660254037844383745 ) ) ;
#411 = CARTESIAN_POINT ( 'NONE',  ( 0.7834936499999999304, 1.966666666666665675, 0.4523502697358619540 ) ) ;
#412 = CARTESIAN_POINT ( 'NONE',  ( 0.4999999999999995559, -2.058333332787097181, -0.8660254037844383745 ) ) ;
#413 = CARTESIAN_POINT ( 'NONE',  ( -5.539693099254656190E-17, 2.099999999999998757, -0.9047005394717244631 ) ) ;
#414 = CARTESIAN_POINT ( 'NONE',  ( 2.121150477449812844E-16, 3.375000000546236834, 1.154700538379251018 ) ) ;
#415 = EDGE_CURVE ( 'NONE', #1625, #2589, #2285, .T. ) ;
#416 = CARTESIAN_POINT ( 'NONE',  ( 0.9999999999999995559, 4.625000000546237722, -1.224646799147352714E-16 ) ) ;
#417 = CARTESIAN_POINT ( 'NONE',  ( 3.195622062045156678E-16, 1.499999999999998668, 0.7834936499999997084 ) ) ;
#418 = ORIENTED_EDGE ( 'NONE', *, *, #240, .T. ) ;
#419 = CARTESIAN_POINT ( 'NONE',  ( 9.595029906247763484E-17, 2.999999999999999112, -0.7834936499999997084 ) ) ;
#420 = CIRCLE ( 'NONE', #1902, 0.9999999999999995559 ) ;
#421 = CARTESIAN_POINT ( 'NONE',  ( -0.7834936499999997084, 3.866666667759140807, -0.4523502697358621760 ) ) ;
#422 = CARTESIAN_POINT ( 'NONE',  ( 2.121150477449812844E-16, -0.2749999994537634107, 1.154700538379251018 ) ) ;
#423 = CARTESIAN_POINT ( 'NONE',  ( -0.9999999999999996669, 1.991666667212903530, -0.5773502691896253980 ) ) ;
#424 = SHAPE_DEFINITION_REPRESENTATION ( #98, #1137 ) ;
#425 = CARTESIAN_POINT ( 'NONE',  ( 0.000000000000000000, 2.783493650000002706, 0.000000000000000000 ) ) ;
#426 = CARTESIAN_POINT ( 'NONE',  ( 1.661907929776396734E-16, 2.299999999999999378, 0.9047005394717244631 ) ) ;
#427 = CARTESIAN_POINT ( 'NONE',  ( -0.9999999999999991118, 4.508333333879569693, 0.5773502691896259531 ) ) ;
#428 = CARTESIAN_POINT ( 'NONE',  ( -0.4999999999999998890, 3.158333333879570048, -0.8660254037844382635 ) ) ;
#429 = ORIENTED_EDGE ( 'NONE', *, *, #1215, .F. ) ;
#430 = CARTESIAN_POINT ( 'NONE',  ( 0.000000000000000000, 2.999999999999999556, 0.9999999999999995559 ) ) ;
#431 = CARTESIAN_POINT ( 'NONE',  ( -0.4999999999999998890, 1.608333333879569782, -0.8660254037844382635 ) ) ;
#432 = CARTESIAN_POINT ( 'NONE',  ( -0.3917468249999999652, 0.2333333344258078645, -0.6785254046037932918 ) ) ;
#433 = CARTESIAN_POINT ( 'NONE',  ( 0.9999999999999993339, 0.6583333338795703815, -0.5773502691896257311 ) ) ;
#434 = CARTESIAN_POINT ( 'NONE',  ( -0.4999999999999991673, 2.541666667212903352, 0.8660254037844387076 ) ) ;
#435 = ADVANCED_FACE ( 'NONE', ( #690 ), #2564, .F. ) ;
#436 = CARTESIAN_POINT ( 'NONE',  ( -0.9999999999999995559, 1.225000000546236700, 0.000000000000000000 ) ) ;
#437 = CARTESIAN_POINT ( 'NONE',  ( 0.3573300679388202172, 2.886396948413438412, 0.8159987749013042357 ) ) ;
#438 = CARTESIAN_POINT ( 'NONE',  ( 1.661907929776396734E-16, 1.499999999999999112, 0.9047005394717244631 ) ) ;
#439 = CARTESIAN_POINT ( 'NONE',  ( 0.9999999999999998890, 1.841666667212902952, 0.5773502691896250649 ) ) ;
#440 = CARTESIAN_POINT ( 'NONE',  ( 0.9999999999999995559, 3.425000000546236656, -1.224646799147352714E-16 ) ) ;
#441 = CARTESIAN_POINT ( 'NONE',  ( -1.016788837923458920E-16, 0.4999999999999988343, -0.7834936499999995974 ) ) ;
#442 = CARTESIAN_POINT ( 'NONE',  ( 2.121150477449812844E-16, 2.975000000546236922, 1.154700538379251018 ) ) ;
#443 = ADVANCED_FACE ( 'NONE', ( #1096 ), #2129, .F. ) ;
#444 = CONICAL_SURFACE ( 'NONE', #1498, 0.9999999999999995559, 0.7853981633974532750 ) ;
#445 = CARTESIAN_POINT ( 'NONE',  ( 1.661907929776396734E-16, 0.4000000010924743554, 0.9047005394717244631 ) ) ;
#446 = CARTESIAN_POINT ( 'NONE',  ( 0.9999999999999995559, -2.174999999453762989, -1.224646799147352714E-16 ) ) ;
#447 = CARTESIAN_POINT ( 'NONE',  ( 2.121150477449812844E-16, 2.175000000546236656, 1.154700538379251018 ) ) ;
#448 = EDGE_CURVE ( 'NONE', #196, #1652, #2339, .T. ) ;
#449 = CARTESIAN_POINT ( 'NONE',  ( -0.9999999999999996669, 1.591666667212903619, -0.5773502691896253980 ) ) ;
#450 = CARTESIAN_POINT ( 'NONE',  ( -7.070501591499377789E-17, -0.4749999994537630332, -1.154700538379251018 ) ) ;
#451 = CARTESIAN_POINT ( 'NONE',  ( 4.953214196169993442E-15, 1.000000001092474111, -0.7834936499999997084 ) ) ;
#452 = CARTESIAN_POINT ( 'NONE',  ( 0.3917468249999996877, -0.3333333333333348136, -0.6785254046037934028 ) ) ;
#453 = CARTESIAN_POINT ( 'NONE',  ( 0.4999999999999995559, 2.741666667212903086, -0.8660254037844383745 ) ) ;
#454 =( BOUNDED_CURVE ( )  B_SPLINE_CURVE ( 2, ( #1978, #158, #184, #966, #995, #1777, #2588, #770, #1576 ),
 .UNSPECIFIED., .F., .T. ) 
 B_SPLINE_CURVE_WITH_KNOTS ( ( 3, 2, 2, 2, 3 ),
 ( 0.5416666666666667407, 0.5462962962962962798, 0.5555555555555555802, 0.5648148148148147696, 0.5694444444444444198 ),
 .UNSPECIFIED. ) 
 CURVE ( )  GEOMETRIC_REPRESENTATION_ITEM ( )  RATIONAL_B_SPLINE_CURVE ( ( 0.9330127018922192983, 0.9330127018922200755, 1.000000000000000000, 0.8660254037844387076, 1.000000000000000000, 0.8660254037844387076, 1.000000000000000000, 0.9330127018922194093, 0.9330127018922194093 ) ) 
 REPRESENTATION_ITEM ( '' )  );
#455 = CARTESIAN_POINT ( 'NONE',  ( 0.000000000000000000, -4.336808689942017736E-16, 0.000000000000000000 ) ) ;
#456 = CARTESIAN_POINT ( 'NONE',  ( 0.5000000000000002220, 2.208333333879569871, 0.8660254037844381525 ) ) ;
#457 = B_SPLINE_CURVE_WITH_KNOTS ( 'NONE', 3,
 ( #2150, #1984, #361, #576, #588, #747, #1396, #733 ),
 .UNSPECIFIED., .F., .F.,
 ( 4, 2, 2, 4 ),
 ( 0.003276305722125176685, 0.003653689509007477989, 0.004031073295889779293, 0.004785840869654381900 ),
 .UNSPECIFIED. ) ;
#458 = CARTESIAN_POINT ( 'NONE',  ( 0.3917468250000001873, 0.4333333344258075148, 0.6785254046037931808 ) ) ;
#459 = CIRCLE ( 'NONE', #247, 2.174999999999999378 ) ;
#460 = CARTESIAN_POINT ( 'NONE',  ( -0.9999999999999995559, 2.075000000546236567, 0.000000000000000000 ) ) ;
#461 = CARTESIAN_POINT ( 'NONE',  ( 0.3917468249999996877, 1.766666667759140941, -0.6785254046037934028 ) ) ;
#462 = CARTESIAN_POINT ( 'NONE',  ( -0.4999999999999991673, 0.09166666721290364639, 0.8660254037844387076 ) ) ;
#463 = DIRECTION ( 'NONE',  ( -0.000000000000000000, 1.000000000000000000, -0.000000000000000000 ) ) ;
#464 = DIRECTION ( 'NONE',  ( -0.000000000000000000, 1.000000000000000000, -0.000000000000000000 ) ) ;
#465 = CARTESIAN_POINT ( 'NONE',  ( 0.7834936499999999304, -1.233333333333334503, 0.4523502697358619540 ) ) ;
#466 = CARTESIAN_POINT ( 'NONE',  ( -0.4999999999999998890, 1.208333333879569649, -0.8660254037844382635 ) ) ;
#467 = CARTESIAN_POINT ( 'NONE',  ( 0.000000000000000000, 0.000000000000000000, -0.9999999999999995559 ) ) ;
#468 = CARTESIAN_POINT ( 'NONE',  ( -0.9999999999999991118, 2.108333333879569782, 0.5773502691896259531 ) ) ;
#469 = CARTESIAN_POINT ( 'NONE',  ( 0.7834936499999993753, 1.733333334425807504, -0.4523502697358626201 ) ) ;
#470 = CARTESIAN_POINT ( 'NONE',  ( -0.2099364907924115564, 1.817863280587882269, -0.7834936500000000414 ) ) ;
#471 = CARTESIAN_POINT ( 'NONE',  ( -0.9999999999999995559, 0.02500000054623651574, 0.000000000000000000 ) ) ;
#472 = CARTESIAN_POINT ( 'NONE',  ( 0.5000000000000002220, 0.1583333338795699097, 0.8660254037844381525 ) ) ;
#473 = CARTESIAN_POINT ( 'NONE',  ( 4.953214196169993442E-15, 1.299999999999998712, -0.7834936499999997084 ) ) ;
#474 = CARTESIAN_POINT ( 'NONE',  ( 0.3917468250000001873, 2.033333334425807326, 0.6785254046037931808 ) ) ;
#475 = CARTESIAN_POINT ( 'NONE',  ( -0.3917468249999992991, 0.6666666666666660745, 0.6785254046037937359 ) ) ;
#476 = ORIENTED_EDGE ( 'NONE', *, *, #1390, .T. ) ;
#477 = ADVANCED_FACE ( 'NONE', ( #316 ), #2136, .F. ) ;
#478 = ORIENTED_EDGE ( 'NONE', *, *, #448, .T. ) ;
#479 = CARTESIAN_POINT ( 'NONE',  ( -0.9999999999999991118, 2.108333333879569782, 0.5773502691896259531 ) ) ;
#480 = CARTESIAN_POINT ( 'NONE',  ( 0.7834936499999993753, 3.233333333333332504, -0.4523502697358626201 ) ) ;
#481 = CARTESIAN_POINT ( 'NONE',  ( 0.9999999999999998890, 3.041666667212902908, 0.5773502691896250649 ) ) ;
#482 = CARTESIAN_POINT ( 'NONE',  ( 1.661907929776396734E-16, 1.600000001092473978, 0.9047005394717244631 ) ) ;
#483 = DIRECTION ( 'NONE',  ( 0.000000000000000000, 0.7071067811865425767, 0.7071067811865525687 ) ) ;
#484 = CARTESIAN_POINT ( 'NONE',  ( 0.9999999999999998890, 0.5916666672129032856, 0.5773502691896250649 ) ) ;
#485 = AXIS2_PLACEMENT_3D ( 'NONE', #2161, #2573, #340 ) ;
#486 = CARTESIAN_POINT ( 'NONE',  ( 0.4999999999999995559, 4.291666667212903796, -0.8660254037844383745 ) ) ;
#487 = CARTESIAN_POINT ( 'NONE',  ( 0.000000000000000000, 2.783493650000002706, 0.000000000000000000 ) ) ;
#488 = CARTESIAN_POINT ( 'NONE',  ( 0.7834936499999997084, 0.3999999999999993006, -9.595029906247763484E-17 ) ) ;
#489 = ORIENTED_EDGE ( 'NONE', *, *, #1754, .F. ) ;
#490 = CARTESIAN_POINT ( 'NONE',  ( 0.000000000000000000, 2.999999999999999112, 0.7834936499999997084 ) ) ;
#491 = CARTESIAN_POINT ( 'NONE',  ( -0.4999999999999991673, 2.541666667212903352, 0.8660254037844387076 ) ) ;
#492 = CARTESIAN_POINT ( 'NONE',  ( -0.9999999999999995559, -1.974999999453763477, 0.000000000000000000 ) ) ;
#493 = CARTESIAN_POINT ( 'NONE',  ( 2.121150477449812844E-16, -0.2249999994537636716, 1.154700538379251018 ) ) ;
#494 = CARTESIAN_POINT ( 'NONE',  ( -5.539693099254656190E-17, -2.199999998907526511, -0.9047005394717244631 ) ) ;
#495 = CARTESIAN_POINT ( 'NONE',  ( -0.4999999999999991673, 1.341666667212902952, 0.8660254037844387076 ) ) ;
#496 = CARTESIAN_POINT ( 'NONE',  ( 0.000000000000000000, 0.000000000000000000, 0.000000000000000000 ) ) ;
#497 = VERTEX_POINT ( 'NONE', #1523 ) ;
#498 = CARTESIAN_POINT ( 'NONE',  ( -0.4999999999999991673, 0.4916666672129038074, 0.8660254037844387076 ) ) ;
#499 = AXIS2_PLACEMENT_3D ( 'NONE', #807, #2238, #1225 ) ;
#500 = CARTESIAN_POINT ( 'NONE',  ( 2.121150477449812844E-16, 4.525000000546237189, 1.154700538379251018 ) ) ;
#501 = CARTESIAN_POINT ( 'NONE',  ( -1.016788837923458920E-16, 0.4999999999999988343, -0.7834936499999995974 ) ) ;
#502 = CARTESIAN_POINT ( 'NONE',  ( -0.7834936499999993753, -0.5666666666666676511, 0.4523502697358626756 ) ) ;
#503 = VERTEX_POINT ( 'NONE', #1695 ) ;
#504 = CARTESIAN_POINT ( 'NONE',  ( -0.9197794775862008221, 2.927693197485453869, 0.1705838451636420283 ) ) ;
#505 = CARTESIAN_POINT ( 'NONE',  ( -0.9999999999999995559, -0.7249999994537632553, 0.000000000000000000 ) ) ;
#506 = CARTESIAN_POINT ( 'NONE',  ( 0.9999999999999998890, -1.408333332787097048, 0.5773502691896250649 ) ) ;
#507 = CARTESIAN_POINT ( 'NONE',  ( 0.9999999999999998890, 0.6416666672129028859, 0.5773502691896250649 ) ) ;
#508 = ORIENTED_EDGE ( 'NONE', *, *, #827, .F. ) ;
#509 = CARTESIAN_POINT ( 'NONE',  ( 0.3917468250000001873, -1.966666665574192674, 0.6785254046037931808 ) ) ;
#510 = CARTESIAN_POINT ( 'NONE',  ( -0.4396251347918986863, 0.004308342865696556702, -0.9008828484646228540 ) ) ;
#511 = CARTESIAN_POINT ( 'NONE',  ( 0.9999999999999995559, 0.2250000005462370334, -1.224646799147352714E-16 ) ) ;
#512 = ORIENTED_EDGE ( 'NONE', *, *, #1965, .T. ) ;
#513 = CARTESIAN_POINT ( 'NONE',  ( -0.9999999999999995559, -1.174999999453763211, 0.000000000000000000 ) ) ;
#514 = CARTESIAN_POINT ( 'NONE',  ( -0.7656684139872883543, 0.04227230836696485583, 0.5807883878397828159 ) ) ;
#515 = EDGE_CURVE ( 'NONE', #291, #572, #263, .T. ) ;
#516 = CARTESIAN_POINT ( 'NONE',  ( -0.9999999999999995559, 2.825000000546237011, 0.000000000000000000 ) ) ;
#517 = EDGE_LOOP ( 'NONE', ( #1158, #2559, #536, #143, #620 ) ) ;
#518 = CARTESIAN_POINT ( 'NONE',  ( -0.9999999999999996669, 0.4416666672129032634, -0.5773502691896252870 ) ) ;
#519 = AXIS2_PLACEMENT_3D ( 'NONE', #2093, #276, #2507 ) ;
#520 = CARTESIAN_POINT ( 'NONE',  ( -0.9999999999999991118, 0.9083333338795697154, 0.5773502691896259531 ) ) ;
#521 = EDGE_LOOP ( 'NONE', ( #2028, #896, #1913, #2613, #819, #336 ) ) ;
#522 = CARTESIAN_POINT ( 'NONE',  ( -0.7834936499999997084, -0.5333333322408594368, -0.4523502697358621760 ) ) ;
#523 = CARTESIAN_POINT ( 'NONE',  ( -0.9999999999999996669, 4.441666667212903263, -0.5773502691896252870 ) ) ;
#524 = CARTESIAN_POINT ( 'NONE',  ( 0.9999999999999997780, 1.841666667212902952, 0.5773502691896251759 ) ) ;
#525 = EDGE_CURVE ( 'NONE', #1085, #916, #1703, .T. ) ;
#526 = FACE_BOUND ( 'NONE', #352, .T. ) ;
#527 = ORIENTED_EDGE ( 'NONE', *, *, #711, .T. ) ;
#528 = CARTESIAN_POINT ( 'NONE',  ( 0.9999999999999995559, -2.174999999453762989, -1.224646799147352714E-16 ) ) ;
#529 = CARTESIAN_POINT ( 'NONE',  ( -0.9999999999999996669, 3.991666667212903530, -0.5773502691896252870 ) ) ;
#530 = CARTESIAN_POINT ( 'NONE',  ( -7.070501591499377789E-17, 1.125000000546236834, -1.154700538379251018 ) ) ;
#531 = FACE_OUTER_BOUND ( 'NONE', #933, .T. ) ;
#532 = CARTESIAN_POINT ( 'NONE',  ( -0.1199830142400836047, 2.863270523479805707, -0.8632704763453369345 ) ) ;
#533 = CARTESIAN_POINT ( 'NONE',  ( -0.9999999999999995559, 0.8750000005462366115, 0.000000000000000000 ) ) ;
#534 = CARTESIAN_POINT ( 'NONE',  ( -0.3917468249999992991, 3.466666666666665453, 0.6785254046037937359 ) ) ;
#535 = CARTESIAN_POINT ( 'NONE',  ( -0.9999999999999996669, 0.8416666672129033966, -0.5773502691896252870 ) ) ;
#536 = ORIENTED_EDGE ( 'NONE', *, *, #1665, .T. ) ;
#537 = CARTESIAN_POINT ( 'NONE',  ( -0.7834936499999997084, -1.699999998907525844, 0.000000000000000000 ) ) ;
#538 = CARTESIAN_POINT ( 'NONE',  ( -0.3917468249999992991, 2.266666666666666163, 0.6785254046037937359 ) ) ;
#539 = EDGE_CURVE ( 'NONE', #916, #1326, #2011, .T. ) ;
#540 = CARTESIAN_POINT ( 'NONE',  ( -0.9999999999999991118, 1.708333333879569649, 0.5773502691896260641 ) ) ;
#541 = CARTESIAN_POINT ( 'NONE',  ( 0.7834936499999994863, 0.5333333344258077702, -0.4523502697358626201 ) ) ;
#542 = ORIENTED_EDGE ( 'NONE', *, *, #1486, .T. ) ;
#543 = CARTESIAN_POINT ( 'NONE',  ( 1.661907929776396734E-16, 4.400000001092474911, 0.9047005394717244631 ) ) ;
#544 = CARTESIAN_POINT ( 'NONE',  ( -0.9999999999999991118, 4.458333333879569871, 0.5773502691896259531 ) ) ;
#545 = CARTESIAN_POINT ( 'NONE',  ( 0.4999999999999995559, 1.491666667212903308, -0.8660254037844383745 ) ) ;
#546 = CARTESIAN_POINT ( 'NONE',  ( 0.000000000000000000, 0.000000000000000000, 0.000000000000000000 ) ) ;
#547 = CARTESIAN_POINT ( 'NONE',  ( -0.2099364907924133883, 2.682136720504591398, 0.7834936499999992643 ) ) ;
#548 = CARTESIAN_POINT ( 'NONE',  ( -0.9999999999999996669, 0.8416666672129033966, -0.5773502691896252870 ) ) ;
#549 = UNCERTAINTY_MEASURE_WITH_UNIT (LENGTH_MEASURE( 1.000000000000000082E-05 ), #1207, 'distance_accuracy_value', 'NONE');
#550 = CARTESIAN_POINT ( 'NONE',  ( 2.396716546533867705E-15, 1.699999999999998845, -0.7834936499999995974 ) ) ;
#551 = COLOUR_RGB ( '',0.7921568627450980005, 0.8196078431372548767, 0.9333333333333333481 ) ;
#552 = ADVANCED_FACE ( 'NONE', ( #2293 ), #1755, .F. ) ;
#553 = CARTESIAN_POINT ( 'NONE',  ( -0.9999999999999996669, 0.04166666721290308156, -0.5773502691896252870 ) ) ;
#554 = ORIENTED_EDGE ( 'NONE', *, *, #1023, .T. ) ;
#555 = CARTESIAN_POINT ( 'NONE',  ( 0.7834936499999997084, -0.6999999989075258444, -9.595029906247763484E-17 ) ) ;
#556 = CARTESIAN_POINT ( 'NONE',  ( 2.121150477449812844E-16, 4.175000000546236656, 1.154700538379251018 ) ) ;
#557 = CARTESIAN_POINT ( 'NONE',  ( 0.2099364907924136658, 1.682136720504590732, -0.7834936499999990422 ) ) ;
#558 = VERTEX_POINT ( 'NONE', #272 ) ;
#559 = CARTESIAN_POINT ( 'NONE',  ( -0.9999999999999996669, -0.8083333327870969587, -0.5773502691896252870 ) ) ;
#560 = CARTESIAN_POINT ( 'NONE',  ( -0.9999999999999991118, 2.058333333879569960, 0.5773502691896259531 ) ) ;
#561 = CARTESIAN_POINT ( 'NONE',  ( -0.9999999999999996669, 1.991666667212903308, -0.5773502691896252870 ) ) ;
#562 = CARTESIAN_POINT ( 'NONE',  ( -2.302578599698694038E-11, 2.857355733376932605, -0.8573556864457658744 ) ) ;
#563 =( BOUNDED_CURVE ( )  B_SPLINE_CURVE ( 2, ( #1654, #1463, #834, #1438, #2465, #649, #2478, #1450, #550 ),
 .UNSPECIFIED., .F., .T. ) 
 B_SPLINE_CURVE_WITH_KNOTS ( ( 3, 2, 2, 2, 3 ),
 ( 0.4305555555555555802, 0.4351851851851851749, 0.4444444444444444198, 0.4537037037037037202, 0.4583333333333333703 ),
 .UNSPECIFIED. ) 
 CURVE ( )  GEOMETRIC_REPRESENTATION_ITEM ( )  RATIONAL_B_SPLINE_CURVE ( ( 0.9330127018922194093, 0.9330127018922197424, 1.000000000000000000, 0.8660254037844387076, 1.000000000000000000, 0.8660254037844387076, 1.000000000000000000, 0.9330127018922189652, 0.9330127018922194093 ) ) 
 REPRESENTATION_ITEM ( '' )  );
#564 = CARTESIAN_POINT ( 'NONE',  ( 0.4440364296184829418, 0.09865838518460683104, 0.8161395586328092921 ) ) ;
#565 = CARTESIAN_POINT ( 'NONE',  ( -7.070501591499377789E-17, -0.02499999945376318172, -1.154700538379251018 ) ) ;
#566 = CARTESIAN_POINT ( 'NONE',  ( 0.7834936499999999304, 3.166666666666665630, 0.4523502697358619540 ) ) ;
#567 = CARTESIAN_POINT ( 'NONE',  ( 0.4999999999999995559, 4.291666667212903796, -0.8660254037844383745 ) ) ;
#568 = ORIENTED_EDGE ( 'NONE', *, *, #1796, .F. ) ;
#569 = CARTESIAN_POINT ( 'NONE',  ( -0.06699632715426730167, 2.809700619346223505, 0.8097006193462322754 ) ) ;
#570 = CARTESIAN_POINT ( 'NONE',  ( 0.5000000000000002220, 3.808333333879569960, 0.8660254037844381525 ) ) ;
#571 = CARTESIAN_POINT ( 'NONE',  ( 0.000000000000000000, 0.000000000000000000, 0.000000000000000000 ) ) ;
#572 = VERTEX_POINT ( 'NONE', #1719 ) ;
#573 = CARTESIAN_POINT ( 'NONE',  ( 0.3917468250000001873, 3.233333334425807948, 0.6785254046037931808 ) ) ;
#574 = CARTESIAN_POINT ( 'NONE',  ( -0.9999999999999991118, 1.658333333879570048, 0.5773502691896259531 ) ) ;
#575 = CARTESIAN_POINT ( 'NONE',  ( 0.9999999999999998890, 2.991666667212903530, 0.5773502691896250649 ) ) ;
#576 = CARTESIAN_POINT ( 'NONE',  ( 0.4717184607487788783, 2.833477642078448877, -0.6985329907128390303 ) ) ;
#577 = CARTESIAN_POINT ( 'NONE',  ( 2.396716546533867705E-15, 2.499999999999999112, -0.7834936499999995974 ) ) ;
#578 = CARTESIAN_POINT ( 'NONE',  ( 0.7834936499999999304, 3.566666666666665986, 0.4523502697358619540 ) ) ;
#579 = AXIS2_PLACEMENT_3D ( 'NONE', #1404, #1191, #1162 ) ;
#580 = CARTESIAN_POINT ( 'NONE',  ( -0.9999999999999996669, 4.841666667212903619, -0.5773502691896252870 ) ) ;
#581 = EDGE_CURVE ( 'NONE', #2122, #558, #350, .T. ) ;
#582 = CARTESIAN_POINT ( 'NONE',  ( -0.4999999999999998890, -1.991666666120430085, -0.8660254037844382635 ) ) ;
#583 = CARTESIAN_POINT ( 'NONE',  ( -0.7834936499999994863, 2.233333333333332504, 0.4523502697358626756 ) ) ;
#584 = DIRECTION ( 'NONE',  ( -0.000000000000000000, 1.000000000000000000, -0.000000000000000000 ) ) ;
#585 = CARTESIAN_POINT ( 'NONE',  ( -0.3917468249999992991, 2.366666667759140807, 0.6785254046037937359 ) ) ;
#586 = CARTESIAN_POINT ( 'NONE',  ( 0.5000000000000002220, 2.158333333879570048, 0.8660254037844381525 ) ) ;
#587 = CARTESIAN_POINT ( 'NONE',  ( 0.9999999999999998890, 2.591666667212903619, 0.5773502691896250649 ) ) ;
#588 = CARTESIAN_POINT ( 'NONE',  ( 0.5690147158958187568, 2.827780301334243074, -0.6143184885464556544 ) ) ;
#589 = LINE ( 'NONE', #1986, #82 ) ;
#590 = CARTESIAN_POINT ( 'NONE',  ( -0.3917468249999999652, 2.533333333333332327, -0.6785254046037932918 ) ) ;
#591 = CARTESIAN_POINT ( 'NONE',  ( 0.7834936499999997084, -2.000000000000000888, -9.595029906247763484E-17 ) ) ;
#592 = VECTOR ( 'NONE', #940, 1000.000000000000000 ) ;
#593 = CARTESIAN_POINT ( 'NONE',  ( -0.9999999999999995559, -1.924999999453763877, 0.000000000000000000 ) ) ;
#594 = FACE_OUTER_BOUND ( 'NONE', #137, .T. ) ;
#595 = ORIENTED_EDGE ( 'NONE', *, *, #613, .F. ) ;
#596 = CARTESIAN_POINT ( 'NONE',  ( 0.000000000000000000, 2.999999999999999112, 0.000000000000000000 ) ) ;
#597 = CARTESIAN_POINT ( 'NONE',  ( 0.7834936499999993753, 2.133333334425807859, -0.4523502697358626201 ) ) ;
#598 = CARTESIAN_POINT ( 'NONE',  ( -0.4999999999999998890, 3.558333333879569960, -0.8660254037844382635 ) ) ;
#599 = CARTESIAN_POINT ( 'NONE',  ( -0.9999999999999991118, 0.05833333387956964738, 0.5773502691896259531 ) ) ;
#600 = CARTESIAN_POINT ( 'NONE',  ( -7.070501591499376556E-17, 1.525000000546237189, -1.154700538379251018 ) ) ;
#601 = CARTESIAN_POINT ( 'NONE',  ( 0.3917468249999996877, 2.066666666666665986, -0.6785254046037934028 ) ) ;
#602 = CARTESIAN_POINT ( 'NONE',  ( 0.9999999999999998890, -1.358333332787097003, 0.5773502691896250649 ) ) ;
#603 = CARTESIAN_POINT ( 'NONE',  ( 0.3917468250000001873, 2.333333333333332149, 0.6785254046037931808 ) ) ;
#604 = CARTESIAN_POINT ( 'NONE',  ( 1.661907929776396734E-16, -1.700000000000000844, 0.9047005394717244631 ) ) ;
#605 = CARTESIAN_POINT ( 'NONE',  ( 0.9999999999999995559, -1.724999999453763255, -1.224646799147352714E-16 ) ) ;
#606 = FACE_OUTER_BOUND ( 'NONE', #2297, .T. ) ;
#607 = ORIENTED_EDGE ( 'NONE', *, *, #2154, .F. ) ;
#608 = DIRECTION ( 'NONE',  ( 0.000000000000000000, 0.000000000000000000, 1.000000000000000000 ) ) ;
#609 = CARTESIAN_POINT ( 'NONE',  ( -0.3917468249999992991, 3.566666667759140985, 0.6785254046037937359 ) ) ;
#610 = CARTESIAN_POINT ( 'NONE',  ( 0.9999999999999995559, 3.425000000546236656, -1.224646799147352714E-16 ) ) ;
#611 = CARTESIAN_POINT ( 'NONE',  ( -0.9999999999999995559, -1.174999999453763211, 0.000000000000000000 ) ) ;
#612 = CARTESIAN_POINT ( 'NONE',  ( 0.9999999999999997780, 0.5916666672129032856, 0.5773502691896251759 ) ) ;
#613 = EDGE_CURVE ( 'NONE', #2108, #707, #1246, .T. ) ;
#614 =( NAMED_UNIT ( * ) SI_UNIT ( $, .STERADIAN. ) SOLID_ANGLE_UNIT ( ) );
#615 = CARTESIAN_POINT ( 'NONE',  ( 0.9999999999999995559, -1.324999999453764010, -1.224646799147352714E-16 ) ) ;
#616 = CARTESIAN_POINT ( 'NONE',  ( 0.3917468250000001873, 1.933333333333332460, 0.6785254046037931808 ) ) ;
#617 = CARTESIAN_POINT ( 'NONE',  ( -0.3917468249999999652, -1.466666666666667229, -0.6785254046037932918 ) ) ;
#618 = CARTESIAN_POINT ( 'NONE',  ( 0.4999999999999995559, -1.658333332787097048, -0.8660254037844383745 ) ) ;
#619 = CARTESIAN_POINT ( 'NONE',  ( 0.000000000000000000, 2.999999999999999556, 0.000000000000000000 ) ) ;
#620 = ORIENTED_EDGE ( 'NONE', *, *, #1434, .F. ) ;
#621 = AXIS2_PLACEMENT_3D ( 'NONE', #1138, #1955, #2196 ) ;
#622 = ADVANCED_FACE ( 'NONE', ( #1057 ), #1871, .F. ) ;
#623 = CARTESIAN_POINT ( 'NONE',  ( 0.7834936499999993753, 2.933333334425807237, -0.4523502697358626201 ) ) ;
#624 = CARTESIAN_POINT ( 'NONE',  ( -0.4999999999999998890, 1.558333333879570182, -0.8660254037844382635 ) ) ;
#625 = CARTESIAN_POINT ( 'NONE',  ( 0.5000000000000002220, 0.1583333338795699097, 0.8660254037844381525 ) ) ;
#626 = CARTESIAN_POINT ( 'NONE',  ( 0.9999999999999997780, 1.391666667212903441, 0.5773502691896251759 ) ) ;
#627 =( BOUNDED_CURVE ( )  B_SPLINE_CURVE ( 2, ( #49, #2469, #1881, #2257, #2493, #2045, #1856, #1893, #2303, #849, #653, #223, #1034, #37, #434, #1242, #258, #1467, #1842, #23, #1454, #837, #2269, #1265, #2059, #447, #1671, #2482, #460, #1681, #1118, #101, #923, #1906, #324, #524, #2572, #311, #2347, #540, #2130, #1530, #908, #2160, #339, #1718, #950, #1329, #88, #1920, #495, #1745, #2144, #1935, #2557, #113, #755, #1733, #1317, #1131, #1963, #1949, #1146, #936, #2544, #1343, #2114, #1289, #2531, #727, #141, #126, #741, #1544, #2333, #1502, #2362, #894, #1704, #284, #1104, #1302, #2517, #1760, #1561, #713, #2102, #698, #2377, #1091, #2318, #510, #297 ),
 .UNSPECIFIED., .F., .F. ) 
 B_SPLINE_CURVE_WITH_KNOTS ( ( 3, 2, 2, 2, 2, 2, 2, 2, 2, 2, 2, 2, 2, 2, 2, 2, 2, 2, 2, 2, 2, 2, 2, 2, 2, 2, 2, 2, 2, 2, 2, 2, 2, 2, 2, 2, 2, 2, 2, 2, 2, 2, 2, 2, 2, 2, 3 ),
 ( 0.2605265556516088710, 0.2685185185185185452, 0.2777777777777777901, 0.2870370370370370350, 0.2962962962962962798, 0.3055555555555555802, 0.3148148148148148251, 0.3240740740740740700, 0.3333333333333333148, 0.3425925925925926152, 0.3518518518518518601, 0.3611111111111111049, 0.3703703703703703498, 0.3796296296296296502, 0.3888888888888888951, 0.3981481481481481399, 0.4074074074074073848, 0.4166666666666666852, 0.4259259259259259300, 0.4351851851851852304, 0.4444444444444444198, 0.4537037037037037202, 0.4629629629629629650, 0.4722222222222222099, 0.4814814814814814548, 0.4907407407407407551, 0.5000000000000000000, 0.5092592592592593004, 0.5185185185185184897, 0.5277777777777777901, 0.5370370370370370905, 0.5462962962962962798, 0.5555555555555555802, 0.5648148148148147696, 0.5740740740740740700, 0.5833333333333334814, 0.5925925925925925597, 0.6018518518518518601, 0.6111111111111111605, 0.6203703703703703498, 0.6296296296296296502, 0.6388888888888888395, 0.6481481481481481399, 0.6574074074074074403, 0.6666666666666666297, 0.6759259259259259300, 0.6771932683773513872 ),
 .UNSPECIFIED. ) 
 CURVE ( )  GEOMETRIC_REPRESENTATION_ITEM ( )  RATIONAL_B_SPLINE_CURVE ( ( 0.9683457797866792394, 0.8843622402090902668, 1.000000000000000000, 0.8660254037844387076, 1.000000000000000000, 0.8660254037844387076, 1.000000000000000000, 0.8660254037844387076, 1.000000000000000000, 0.8660254037844387076, 1.000000000000000000, 0.8660254037844387076, 1.000000000000000000, 0.8660254037844387076, 1.000000000000000000, 0.8660254037844387076, 1.000000000000000000, 0.8660254037844387076, 1.000000000000000000, 0.8660254037844387076, 1.000000000000000000, 0.8660254037844387076, 1.000000000000000000, 0.8660254037844387076, 1.000000000000000000, 0.8660254037844387076, 1.000000000000000000, 0.8660254037844387076, 1.000000000000000000, 0.8660254037844387076, 1.000000000000000000, 0.8660254037844387076, 1.000000000000000000, 0.8660254037844387076, 1.000000000000000000, 0.8660254037844387076, 1.000000000000000000, 0.8660254037844387076, 1.000000000000000000, 0.8660254037844387076, 1.000000000000000000, 0.8660254037844387076, 1.000000000000000000, 0.8660254037844387076, 1.000000000000000000, 0.8660254037844387076, 1.000000000000000000, 0.8660254037844387076, 1.000000000000000000, 0.8660254037844387076, 1.000000000000000000, 0.8660254037844387076, 1.000000000000000000, 0.8660254037844387076, 1.000000000000000000, 0.8660254037844387076, 1.000000000000000000, 0.8660254037844387076, 1.000000000000000000, 0.8660254037844387076, 1.000000000000000000, 0.8660254037844387076, 1.000000000000000000, 0.8660254037844387076, 1.000000000000000000, 0.8660254037844387076, 1.000000000000000000, 0.8660254037844387076, 1.000000000000000000, 0.8660254037844387076, 1.000000000000000000, 0.8660254037844387076, 1.000000000000000000, 0.8660254037844387076, 1.000000000000000000, 0.8660254037844387076, 1.000000000000000000, 0.8660254037844387076, 1.000000000000000000, 0.8660254037844387076, 1.000000000000000000, 0.8660254037844387076, 1.000000000000000000, 0.8660254037844387076, 1.000000000000000000, 0.8660254037844387076, 1.000000000000000000, 0.8660254037844387076, 1.000000000000000000, 0.8660254037844387076, 1.000000000000000000, 0.9816624971347710504, 0.9683448117697380786 ) ) 
 REPRESENTATION_ITEM ( '' )  );
#628 = APPLICATION_PROTOCOL_DEFINITION ( 'draft international standard', 'automotive_design', 1998, #1368 ) ;
#629 = CARTESIAN_POINT ( 'NONE',  ( 2.396716546533867705E-15, 1.400000001092474244, -0.7834936499999995974 ) ) ;
#630 = CARTESIAN_POINT ( 'NONE',  ( -5.539693099254656190E-17, 0.8999999999999989120, -0.9047005394717244631 ) ) ;
#631 = CARTESIAN_POINT ( 'NONE',  ( -0.9999999999999996669, 4.441666667212903263, -0.5773502691896252870 ) ) ;
#632 = CARTESIAN_POINT ( 'NONE',  ( 0.5000000000000002220, 3.358333333879570670, 0.8660254037844381525 ) ) ;
#633 = ORIENTED_EDGE ( 'NONE', *, *, #2228, .F. ) ;
#634 = ADVANCED_FACE ( 'NONE', ( #1672 ), #64, .F. ) ;
#635 = CARTESIAN_POINT ( 'NONE',  ( -0.9999999999999991118, 3.308333333879569960, 0.5773502691896259531 ) ) ;
#636 = CARTESIAN_POINT ( 'NONE',  ( -0.7834936499999993753, 0.3333333344258072595, 0.4523502697358626756 ) ) ;
#637 = B_SPLINE_CURVE_WITH_KNOTS ( 'NONE', 3,
 ( #32, #1427, #1839, #2241 ),
 .UNSPECIFIED., .F., .F.,
 ( 4, 4 ),
 ( 0.004585382040685639579, 0.004781974442749224903 ),
 .UNSPECIFIED. ) ;
#638 = CARTESIAN_POINT ( 'NONE',  ( -0.9999999999999991118, -1.141666666120430218, 0.5773502691896259531 ) ) ;
#639 = LINE ( 'NONE', #686, #1379 ) ;
#640 = CARTESIAN_POINT ( 'NONE',  ( -0.4999999999999991673, 1.291666667212903352, 0.8660254037844387076 ) ) ;
#641 = CARTESIAN_POINT ( 'NONE',  ( -0.7834936499999997084, 2.666666667759140186, -0.4523502697358621205 ) ) ;
#642 = CARTESIAN_POINT ( 'NONE',  ( 0.1794495276023403418, 2.855883996122669632, 0.8415258998694378212 ) ) ;
#643 = CARTESIAN_POINT ( 'NONE',  ( -0.3917468249999999652, 2.933333333333332682, -0.6785254046037932918 ) ) ;
#644 = CARTESIAN_POINT ( 'NONE',  ( -0.4999999999999998890, 2.408333333879569604, -0.8660254037844382635 ) ) ;
#645 = EDGE_CURVE ( 'NONE', #392, #2225, #1517, .T. ) ;
#646 = EDGE_CURVE ( 'NONE', #497, #1697, #1345, .T. ) ;
#647 = CARTESIAN_POINT ( 'NONE',  ( -0.9999999999999991118, 3.658333333879570493, 0.5773502691896259531 ) ) ;
#648 = ORIENTED_EDGE ( 'NONE', *, *, #1095, .F. ) ;
#649 = CARTESIAN_POINT ( 'NONE',  ( -0.7834936499999997084, 1.766666666666665941, -0.4523502697358621205 ) ) ;
#650 = CARTESIAN_POINT ( 'NONE',  ( 0.9999999999999998890, 2.641666667212903441, 0.5773502691896250649 ) ) ;
#651 = CARTESIAN_POINT ( 'NONE',  ( 0.3917468249999996877, 0.5666666677591408741, -0.6785254046037934028 ) ) ;
#652 = CARTESIAN_POINT ( 'NONE',  ( 0.9999999999999993339, -0.5416666661204301292, -0.5773502691896257311 ) ) ;
#653 = CARTESIAN_POINT ( 'NONE',  ( 0.9999999999999995559, 2.675000000546236656, -1.224646799147352714E-16 ) ) ;
#654 = CARTESIAN_POINT ( 'NONE',  ( -0.4999999999999998890, 1.558333333879570182, -0.8660254037844382635 ) ) ;
#655 = CARTESIAN_POINT ( 'NONE',  ( -0.4999999999999998890, -0.04166666612042974754, -0.8660254037844382635 ) ) ;
#656 = AXIS2_PLACEMENT_3D ( 'NONE', #2403, #949, #1990 ) ;
#657 = CARTESIAN_POINT ( 'NONE',  ( 0.3917468250000001873, 2.733333333333332504, 0.6785254046037931808 ) ) ;
#658 = CARTESIAN_POINT ( 'NONE',  ( 0.7834936499999999304, -0.4333333333333341253, 0.4523502697358619540 ) ) ;
#659 = CARTESIAN_POINT ( 'NONE',  ( -7.070501591499377789E-17, 1.975000000546236478, -1.154700538379251018 ) ) ;
#660 = CARTESIAN_POINT ( 'NONE',  ( 0.9999999999999993339, 3.458333333879570315, -0.5773502691896257311 ) ) ;
#661 = B_SPLINE_CURVE_WITH_KNOTS ( 'NONE', 3,
 ( #1182, #2384, #564, #974, #2182, #374, #1997, #1170, #987, #2594, #1153, #1985, #959, #1352, #777, #2167 ),
 .UNSPECIFIED., .F., .F.,
 ( 4, 2, 2, 2, 2, 2, 2, 4 ),
 ( 0.001892661621666116281, 0.002565841726420997268, 0.002902431778798437653, 0.003239021831175878038, 0.003575611883553318424, 0.003912201935930758809, 0.004248791988308199194, 0.004585382040685639579 ),
 .UNSPECIFIED. ) ;
#662 = DIRECTION ( 'NONE',  ( -0.000000000000000000, 1.000000000000000000, -0.000000000000000000 ) ) ;
#663 = CARTESIAN_POINT ( 'NONE',  ( 0.5000000000000002220, 1.808333333879569960, 0.8660254037844381525 ) ) ;
#664 = CARTESIAN_POINT ( 'NONE',  ( -0.7834936499999993753, -0.06666666557419292927, 0.4523502697358626756 ) ) ;
#665 = CARTESIAN_POINT ( 'NONE',  ( -0.9999999999999995559, -1.574999999453763344, 0.000000000000000000 ) ) ;
#666 = CARTESIAN_POINT ( 'NONE',  ( -0.7834936499999997084, 2.300000001092474378, 0.000000000000000000 ) ) ;
#667 = CARTESIAN_POINT ( 'NONE',  ( 4.953214196169993442E-15, 1.000000001092474111, -0.7834936499999997084 ) ) ;
#668 = CARTESIAN_POINT ( 'NONE',  ( -0.9999999999999995559, -0.3749999994537636661, 0.000000000000000000 ) ) ;
#669 = CARTESIAN_POINT ( 'NONE',  ( 0.7834936499999999304, 2.066666667759140985, 0.4523502697358619540 ) ) ;
#670 = CARTESIAN_POINT ( 'NONE',  ( -0.7834936499999997084, -0.6000000000000007550, 0.000000000000000000 ) ) ;
#671 = CARTESIAN_POINT ( 'NONE',  ( 0.9999999999999993339, 1.508333333879569693, -0.5773502691896257311 ) ) ;
#672 = CARTESIAN_POINT ( 'NONE',  ( 0.2099364907924136658, 2.582136721597065865, -0.7834936499999990422 ) ) ;
#673 = CARTESIAN_POINT ( 'NONE',  ( 0.4999999999999995559, 2.741666667212903086, -0.8660254037844383745 ) ) ;
#674 = CARTESIAN_POINT ( 'NONE',  ( 0.7834936499999999304, 0.4666666677591406742, 0.4523502697358619540 ) ) ;
#675 = CIRCLE ( 'NONE', #2203, 0.9999999999999995559 ) ;
#676 = FACE_OUTER_BOUND ( 'NONE', #356, .T. ) ;
#677 = CARTESIAN_POINT ( 'NONE',  ( -0.9999999999999996669, 0.3916666672129035520, -0.5773502691896253980 ) ) ;
#678 = CARTESIAN_POINT ( 'NONE',  ( 0.9999999999999993339, 0.6583333338795703815, -0.5773502691896257311 ) ) ;
#679 = DIRECTION ( 'NONE',  ( -0.000000000000000000, 1.000000000000000000, -0.000000000000000000 ) ) ;
#680 = CARTESIAN_POINT ( 'NONE',  ( -0.7834936499999994863, 0.6333333333333319715, 0.4523502697358626756 ) ) ;
#681 = CARTESIAN_POINT ( 'NONE',  ( -0.3917468249999992991, -0.5333333333333344362, 0.6785254046037937359 ) ) ;
#682 = CARTESIAN_POINT ( 'NONE',  ( 0.9999999999999998890, 2.241666667212903530, 0.5773502691896250649 ) ) ;
#683 = CARTESIAN_POINT ( 'NONE',  ( 0.7834936499999999304, 3.966666666666666341, 0.4523502697358619540 ) ) ;
#684 = CARTESIAN_POINT ( 'NONE',  ( 0.9999999999999995559, 1.475000000546236478, -1.224646799147352714E-16 ) ) ;
#685 = CARTESIAN_POINT ( 'NONE',  ( 0.7834936499999999304, 1.266666667759140941, 0.4523502697358619540 ) ) ;
#686 = CARTESIAN_POINT ( 'NONE',  ( 0.000000000000000000, 2.783493650000002706, 0.7834936499999997084 ) ) ;
#687 = CARTESIAN_POINT ( 'NONE',  ( 3.195622062045156678E-16, 0.2999999999999990452, 0.7834936499999997084 ) ) ;
#688 = CARTESIAN_POINT ( 'NONE',  ( -0.4999999999999991673, 0.8916666672129031079, 0.8660254037844387076 ) ) ;
#689 = CYLINDRICAL_SURFACE ( 'NONE', #1348, 0.7834936499999997084 ) ;
#690 = FACE_OUTER_BOUND ( 'NONE', #1814, .T. ) ;
#691 = CARTESIAN_POINT ( 'NONE',  ( 0.7834936499999993753, 0.8333333333333325932, -0.4523502697358626201 ) ) ;
#692 = EDGE_LOOP ( 'NONE', ( #2524, #2428, #2162, #508 ) ) ;
#693 = CARTESIAN_POINT ( 'NONE',  ( -0.1202392857316365721, 2.978986883072393343, 0.9789868830748015283 ) ) ;
#694 = CARTESIAN_POINT ( 'NONE',  ( -0.9999999999999995559, 3.275000000546236745, 0.000000000000000000 ) ) ;
#695 = CARTESIAN_POINT ( 'NONE',  ( 0.7834936499999997084, 4.799999999999999822, -9.595029906247763484E-17 ) ) ;
#696 = CARTESIAN_POINT ( 'NONE',  ( 0.9999999999999995559, 0.2750000005462367447, -1.224646799147352714E-16 ) ) ;
#697 = CARTESIAN_POINT ( 'NONE',  ( 0.3917468249999996877, -1.033333332240858882, -0.6785254046037934028 ) ) ;
#698 = CARTESIAN_POINT ( 'NONE',  ( -0.9999999999999991118, 0.1083333338795693379, 0.5773502691896260641 ) ) ;
#699 = AXIS2_PLACEMENT_3D ( 'NONE', #1415, #2227, #1789 ) ;
#700 = CARTESIAN_POINT ( 'NONE',  ( 0.2099364907924125001, 0.5821367215970659759, -0.7834936499999995974 ) ) ;
#701 = ORIENTED_EDGE ( 'NONE', *, *, #357, .F. ) ;
#702 = CARTESIAN_POINT ( 'NONE',  ( -7.070501591499377789E-17, 0.7250000005462364783, -1.154700538379251018 ) ) ;
#703 = CARTESIAN_POINT ( 'NONE',  ( 0.4999999999999995559, 4.691666667212903263, -0.8660254037844383745 ) ) ;
#704 = CARTESIAN_POINT ( 'NONE',  ( -0.2099364907924127222, 0.5178632794954072249, -0.7834936499999995974 ) ) ;
#705 = CARTESIAN_POINT ( 'NONE',  ( 0.3917468250000001873, 0.3333333333333322046, 0.6785254046037931808 ) ) ;
#706 = ORIENTED_EDGE ( 'NONE', *, *, #841, .F. ) ;
#707 = VERTEX_POINT ( 'NONE', #1964 ) ;
#708 = CARTESIAN_POINT ( 'NONE',  ( -0.4999999999999991673, -0.6583333327870970475, 0.8660254037844387076 ) ) ;
#709 = CARTESIAN_POINT ( 'NONE',  ( -0.9999999999999996669, -1.608333332787096337, -0.5773502691896252870 ) ) ;
#710 = CARTESIAN_POINT ( 'NONE',  ( 0.9999999999999995559, -0.1249999994537634440, -1.224646799147352714E-16 ) ) ;
#711 = EDGE_CURVE ( 'NONE', #1326, #844, #1546, .T. ) ;
#712 = CARTESIAN_POINT ( 'NONE',  ( 0.7834936499999999304, -1.533333332240859548, 0.4523502697358619540 ) ) ;
#713 = CARTESIAN_POINT ( 'NONE',  ( 2.121150477449812844E-16, 0.1750000005462364894, 1.154700538379251018 ) ) ;
#714 = CARTESIAN_POINT ( 'NONE',  ( -0.4999999999999998890, 0.3583333338795704481, -0.8660254037844382635 ) ) ;
#715 = ORIENTED_EDGE ( 'NONE', *, *, #1835, .T. ) ;
#716 = CARTESIAN_POINT ( 'NONE',  ( 0.4999999999999995559, -1.708333332787096648, -0.8660254037844383745 ) ) ;
#717 = CARTESIAN_POINT ( 'NONE',  ( -0.9966083104444858343, 0.01272984555291248321, -0.07774410188399853705 ) ) ;
#718 = CARTESIAN_POINT ( 'NONE',  ( -0.9999999999999991118, 2.858333333879569782, 0.5773502691896260641 ) ) ;
#719 = CARTESIAN_POINT ( 'NONE',  ( 0.2099364907924128609, 0.7178632794954072915, 0.7834936499999995974 ) ) ;
#720 = CARTESIAN_POINT ( 'NONE',  ( 0.4999999999999995559, 1.141666667212903441, -0.8660254037844383745 ) ) ;
#721 = ADVANCED_FACE ( 'NONE', ( #924 ), #1545, .F. ) ;
#722 = CARTESIAN_POINT ( 'NONE',  ( -0.9999999999999991118, 0.5083333338795694711, 0.5773502691896259531 ) ) ;
#723 = ORIENTED_EDGE ( 'NONE', *, *, #2014, .F. ) ;
#724 = ADVANCED_FACE ( 'NONE', ( #2363 ), #1761, .F. ) ;
#725 = CARTESIAN_POINT ( 'NONE',  ( -5.539693099254656190E-17, -1.799999998907526155, -0.9047005394717244631 ) ) ;
#726 = CARTESIAN_POINT ( 'NONE',  ( -7.070501591499377789E-17, 3.575000000546236567, -1.154700538379251018 ) ) ;
#727 = CARTESIAN_POINT ( 'NONE',  ( 0.9999999999999993339, 0.7083333338795700929, -0.5773502691896257311 ) ) ;
#728 = DIRECTION ( 'NONE',  ( -0.000000000000000000, 1.000000000000000000, -0.000000000000000000 ) ) ;
#729 = ORIENTED_EDGE ( 'NONE', *, *, #251, .T. ) ;
#730 = CARTESIAN_POINT ( 'NONE',  ( -0.4999999999999998890, -0.8416666661204300626, -0.8660254037844382635 ) ) ;
#731 = FACE_OUTER_BOUND ( 'NONE', #1116, .T. ) ;
#732 = CARTESIAN_POINT ( 'NONE',  ( -0.4999999999999991673, 2.091666667212903619, 0.8660254037844387076 ) ) ;
#733 = CARTESIAN_POINT ( 'NONE',  ( 0.7554390211944354006, 2.783494992865787054, 0.2077839853816859095 ) ) ;
#734 = DIRECTION ( 'NONE',  ( -0.000000000000000000, 1.000000000000000000, -0.000000000000000000 ) ) ;
#735 =( GEOMETRIC_REPRESENTATION_CONTEXT ( 3 ) GLOBAL_UNCERTAINTY_ASSIGNED_CONTEXT ( ( #549 ) ) GLOBAL_UNIT_ASSIGNED_CONTEXT ( ( #1207, #2259, #1820 ) ) REPRESENTATION_CONTEXT ( 'NONE', 'WORKASPACE' ) );
#736 = CARTESIAN_POINT ( 'NONE',  ( 0.9999999999999993339, -0.8916666661204307731, -0.5773502691896257311 ) ) ;
#737 = CARTESIAN_POINT ( 'NONE',  ( -0.4999999999999991673, -0.2583333327870968588, 0.8660254037844387076 ) ) ;
#738 = ORIENTED_EDGE ( 'NONE', *, *, #890, .F. ) ;
#739 = CARTESIAN_POINT ( 'NONE',  ( 0.7834936499999993753, -1.466666665574192230, -0.4523502697358626201 ) ) ;
#740 = CARTESIAN_POINT ( 'NONE',  ( 0.5000000000000002220, 4.208333333879569871, 0.8660254037844381525 ) ) ;
#741 = CARTESIAN_POINT ( 'NONE',  ( 0.5000000000000002220, 0.6083333338795697820, 0.8660254037844381525 ) ) ;
#742 = DIRECTION ( 'NONE',  ( 0.000000000000000000, 0.000000000000000000, 1.000000000000000000 ) ) ;
#743 = EDGE_LOOP ( 'NONE', ( #1346, #1319, #2041, #648 ) ) ;
#744 = CARTESIAN_POINT ( 'NONE',  ( 0.7834936499999999304, 4.466666667759140452, 0.4523502697358619540 ) ) ;
#745 = CARTESIAN_POINT ( 'NONE',  ( -0.4999999999999998890, 4.758333333879570581, -0.8660254037844382635 ) ) ;
#746 = CARTESIAN_POINT ( 'NONE',  ( -0.4999999999999998890, 1.958333333879570315, -0.8660254037844382635 ) ) ;
#747 = CARTESIAN_POINT ( 'NONE',  ( 0.7899102018268218117, 2.808492582487170264, -0.3058208866960501204 ) ) ;
#748 = EDGE_CURVE ( 'NONE', #558, #2325, #2137, .T. ) ;
#749 = DIRECTION ( 'NONE',  ( 0.000000000000000000, 0.000000000000000000, 1.000000000000000000 ) ) ;
#750 = CARTESIAN_POINT ( 'NONE',  ( 0.5000000000000002220, 0.6083333338795697820, 0.8660254037844381525 ) ) ;
#751 = CARTESIAN_POINT ( 'NONE',  ( -0.3917468249999999652, 4.133333333333332860, -0.6785254046037932918 ) ) ;
#752 = CARTESIAN_POINT ( 'NONE',  ( 0.5000000000000002220, -0.1916666661204305677, 0.8660254037844381525 ) ) ;
#753 = CARTESIAN_POINT ( 'NONE',  ( 0.7834936499999997084, -1.899999998907525578, -9.595029906247763484E-17 ) ) ;
#754 = CARTESIAN_POINT ( 'NONE',  ( -7.070501591499377789E-17, 4.775000000546236301, -1.154700538379251018 ) ) ;
#755 = CARTESIAN_POINT ( 'NONE',  ( 0.4999999999999995559, 1.141666667212903441, -0.8660254037844383745 ) ) ;
#756 = CARTESIAN_POINT ( 'NONE',  ( -0.7523471837080776270, 0.08325482240416680335, -0.5346685492854466037 ) ) ;
#757 = ORIENTED_EDGE ( 'NONE', *, *, #1486, .F. ) ;
#758 = ORIENTED_EDGE ( 'NONE', *, *, #2316, .T. ) ;
#759 = CARTESIAN_POINT ( 'NONE',  ( -0.9999999999999995559, -1.574999999453763344, 0.000000000000000000 ) ) ;
#760 = CARTESIAN_POINT ( 'NONE',  ( -0.9999999999999996669, 4.791666667212903796, -0.5773502691896252870 ) ) ;
#761 = CARTESIAN_POINT ( 'NONE',  ( 0.9999999999999993339, 2.258333333879570137, -0.5773502691896257311 ) ) ;
#762 = CARTESIAN_POINT ( 'NONE',  ( -0.7834936499999994863, 0.3333333344258072595, 0.4523502697358626756 ) ) ;
#763 = CARTESIAN_POINT ( 'NONE',  ( -0.7834936499999997084, 2.599999999999999201, 0.000000000000000000 ) ) ;
#764 = CARTESIAN_POINT ( 'NONE',  ( 0.9999999999999995559, 0.6750000005462361008, -1.224646799147352714E-16 ) ) ;
#765 = CARTESIAN_POINT ( 'NONE',  ( -0.3917468249999999652, 4.533333333333333215, -0.6785254046037932918 ) ) ;
#766 = CARTESIAN_POINT ( 'NONE',  ( -7.070501591499377789E-17, -1.224999999453763699, -1.154700538379251018 ) ) ;
#767 = ORIENTED_EDGE ( 'NONE', *, *, #2418, .F. ) ;
#768 = CARTESIAN_POINT ( 'NONE',  ( -1.760058198843438224E-13, 0.07924680642500496475, 0.9207531431734861105 ) ) ;
#769 = CARTESIAN_POINT ( 'NONE',  ( 2.396716546533867705E-15, 2.499999999999999112, -0.7834936499999995974 ) ) ;
#770 = CARTESIAN_POINT ( 'NONE',  ( -0.2099364907924127222, 0.6178632805878820911, -0.7834936499999995974 ) ) ;
#771 = ORIENTED_EDGE ( 'NONE', *, *, #240, .F. ) ;
#772 = CARTESIAN_POINT ( 'NONE',  ( -0.7834936499999997084, 4.700000001092474733, 0.000000000000000000 ) ) ;
#773 = CARTESIAN_POINT ( 'NONE',  ( -0.9999999999999995559, 2.825000000546237011, 0.000000000000000000 ) ) ;
#774 = CARTESIAN_POINT ( 'NONE',  ( 0.4999999999999995559, 1.091666667212903619, -0.8660254037844383745 ) ) ;
#775 = DIRECTION ( 'NONE',  ( 0.000000000000000000, 0.000000000000000000, 1.000000000000000000 ) ) ;
#776 = ADVANCED_FACE ( 'NONE', ( #2348, #526 ), #1330, .T. ) ;
#777 = CARTESIAN_POINT ( 'NONE',  ( 0.1129851320207399396, 0.2000271790834620700, -0.7999728209165324344 ) ) ;
#778 = CARTESIAN_POINT ( 'NONE',  ( -7.070501591499377789E-17, -1.624999999453763833, -1.154700538379251018 ) ) ;
#779 = CARTESIAN_POINT ( 'NONE',  ( -0.7834936499999993753, 4.233333333333332504, 0.4523502697358626756 ) ) ;
#780 = CARTESIAN_POINT ( 'NONE',  ( -0.9999999999999996669, 3.641666667212903441, -0.5773502691896252870 ) ) ;
#781 = CARTESIAN_POINT ( 'NONE',  ( 0.5000000000000002220, 4.158333333879570048, 0.8660254037844381525 ) ) ;
#782 = CARTESIAN_POINT ( 'NONE',  ( -4.735330873757823543E-15, 1.099999999999998535, 0.7834936499999998194 ) ) ;
#783 = CARTESIAN_POINT ( 'NONE',  ( -6.137328488338832477E-14, 0.2060417441163634733, -0.7939582558836335568 ) ) ;
#784 = CARTESIAN_POINT ( 'NONE',  ( 0.3917468249999996877, 1.666666666666665630, -0.6785254046037934028 ) ) ;
#785 = CARTESIAN_POINT ( 'NONE',  ( 0.3917468250000001873, 2.433333334425807681, 0.6785254046037931808 ) ) ;
#786 = CARTESIAN_POINT ( 'NONE',  ( 2.121150477449812844E-16, 2.125000000546236834, 1.154700538379251018 ) ) ;
#787 = CARTESIAN_POINT ( 'NONE',  ( 2.121150477449812844E-16, 2.525000000546237189, 1.154700538379251018 ) ) ;
#788 = CARTESIAN_POINT ( 'NONE',  ( 2.396716546533867705E-15, 2.600000001092473756, -0.7834936499999995974 ) ) ;
#789 = CARTESIAN_POINT ( 'NONE',  ( 0.9999999999999998890, -1.758333332787097358, 0.5773502691896250649 ) ) ;
#790 = CARTESIAN_POINT ( 'NONE',  ( -0.7834936499999997084, 1.399999999999998801, 0.000000000000000000 ) ) ;
#791 = VECTOR ( 'NONE', #1692, 1000.000000000000000 ) ;
#792 = CARTESIAN_POINT ( 'NONE',  ( 0.4999999999999995559, 3.941666667212902819, -0.8660254037844383745 ) ) ;
#793 = CARTESIAN_POINT ( 'NONE',  ( -0.9999999999999991118, -1.491666666120430529, 0.5773502691896259531 ) ) ;
#794 = CARTESIAN_POINT ( 'NONE',  ( 0.2099364907924148593, 1.282136720504590821, -0.7834936499999982651 ) ) ;
#795 = ORIENTED_EDGE ( 'NONE', *, *, #415, .T. ) ;
#796 = FACE_OUTER_BOUND ( 'NONE', #2251, .T. ) ;
#797 = ADVANCED_FACE ( 'NONE', ( #531 ), #1567, .F. ) ;
#798 = CARTESIAN_POINT ( 'NONE',  ( 0.3917468249999996877, 2.566666667759140985, -0.6785254046037934028 ) ) ;
#799 = CARTESIAN_POINT ( 'NONE',  ( -0.4999999999999991673, 2.491666667212903530, 0.8660254037844387076 ) ) ;
#800 = CARTESIAN_POINT ( 'NONE',  ( 0.9999999999999993339, -0.9416666661204303734, -0.5773502691896257311 ) ) ;
#801 = CARTESIAN_POINT ( 'NONE',  ( 0.9999999999999995559, 1.025000000546236967, -1.224646799147352714E-16 ) ) ;
#802 = CARTESIAN_POINT ( 'NONE',  ( -0.7834936499999997084, 1.466666667759141118, -0.4523502697358621205 ) ) ;
#803 = CARTESIAN_POINT ( 'NONE',  ( -0.7834936499999993753, 2.233333333333332504, 0.4523502697358626756 ) ) ;
#804 = CARTESIAN_POINT ( 'NONE',  ( -7.070501591499377789E-17, 3.575000000546236567, -1.154700538379251018 ) ) ;
#805 = VECTOR ( 'NONE', #1244, 1000.000000000000000 ) ;
#806 = CARTESIAN_POINT ( 'NONE',  ( 0.9999999999999998890, 4.591666667212903619, 0.5773502691896250649 ) ) ;
#807 = CARTESIAN_POINT ( 'NONE',  ( 0.000000000000000000, 2.999999999999999556, 0.000000000000000000 ) ) ;
#808 = ORIENTED_EDGE ( 'NONE', *, *, #1549, .T. ) ;
#809 = DIRECTION ( 'NONE',  ( -0.000000000000000000, 1.000000000000000000, -0.000000000000000000 ) ) ;
#810 = CARTESIAN_POINT ( 'NONE',  ( 0.7834936499999997084, 3.300000001092474378, -9.595029906247763484E-17 ) ) ;
#811 = CARTESIAN_POINT ( 'NONE',  ( -0.9999999999999991118, 3.258333333879571025, 0.5773502691896259531 ) ) ;
#812 = CARTESIAN_POINT ( 'NONE',  ( 2.121150477449812844E-16, -1.074999999453762900, 1.154700538379251018 ) ) ;
#813 = CARTESIAN_POINT ( 'NONE',  ( -0.4999999999999998890, 0.7583333338795696932, -0.8660254037844382635 ) ) ;
#814 = CARTESIAN_POINT ( 'NONE',  ( -0.9999999999999995559, -1.924999999453763877, 0.000000000000000000 ) ) ;
#815 = CARTESIAN_POINT ( 'NONE',  ( 1.661907929776396734E-16, 2.699999999999999289, 0.9047005394717244631 ) ) ;
#816 = CARTESIAN_POINT ( 'NONE',  ( 0.9999999999999995559, 4.675000000546236656, -1.224646799147352714E-16 ) ) ;
#817 = CARTESIAN_POINT ( 'NONE',  ( 0.9999999999999995559, -1.324999999453764010, -1.224646799147352714E-16 ) ) ;
#818 = CARTESIAN_POINT ( 'NONE',  ( 0.000000000000000000, 1.599999999999999867, 0.000000000000000000 ) ) ;
#819 = ORIENTED_EDGE ( 'NONE', *, *, #2014, .T. ) ;
#820 = CARTESIAN_POINT ( 'NONE',  ( 2.396716546533867705E-15, 1.699999999999998845, -0.7834936499999995974 ) ) ;
#821 = CARTESIAN_POINT ( 'NONE',  ( -0.7834936499999997084, 3.466666667759140452, -0.4523502697358621760 ) ) ;
#822 = CARTESIAN_POINT ( 'NONE',  ( -0.9999999999999996669, 1.591666667212903619, -0.5773502691896252870 ) ) ;
#823 = CARTESIAN_POINT ( 'NONE',  ( -7.070501591499377789E-17, 0.3250000005462364006, -1.154700538379251018 ) ) ;
#824 = CARTESIAN_POINT ( 'NONE',  ( -0.9999999999999995559, 2.025000000546237189, 0.000000000000000000 ) ) ;
#825 = CARTESIAN_POINT ( 'NONE',  ( -0.3917468249999992991, 1.566666667759140985, 0.6785254046037937359 ) ) ;
#826 = CARTESIAN_POINT ( 'NONE',  ( -0.3917468249999999652, 1.333333333333332149, -0.6785254046037932918 ) ) ;
#827 = EDGE_CURVE ( 'NONE', #1697, #938, #2442, .T. ) ;
#828 = CARTESIAN_POINT ( 'NONE',  ( 0.9999999999999998890, 4.641666667212902553, 0.5773502691896250649 ) ) ;
#829 = CIRCLE ( 'NONE', #1633, 0.7834936499999997084 ) ;
#830 = CARTESIAN_POINT ( 'NONE',  ( 0.9999999999999998890, 3.791666667212904240, 0.5773502691896250649 ) ) ;
#831 = VERTEX_POINT ( 'NONE', #1996 ) ;
#832 = CIRCLE ( 'NONE', #1762, 1.399999999999999689 ) ;
#833 =( BOUNDED_CURVE ( )  B_SPLINE_CURVE ( 2, ( #7, #794, #1200, #2016, #2002, #1174, #195, #2389, #1372 ),
 .UNSPECIFIED., .F., .T. ) 
 B_SPLINE_CURVE_WITH_KNOTS ( ( 3, 2, 2, 2, 3 ),
 ( 0.5138888888888889506, 0.5185185185185184897, 0.5277777777777777901, 0.5370370370370370905, 0.5416666666666667407 ),
 .UNSPECIFIED. ) 
 CURVE ( )  GEOMETRIC_REPRESENTATION_ITEM ( )  RATIONAL_B_SPLINE_CURVE ( ( 0.9330127018922192983, 0.9330127018922200755, 1.000000000000000000, 0.8660254037844387076, 1.000000000000000000, 0.8660254037844387076, 1.000000000000000000, 0.9330127018922185211, 0.9330127018922192983 ) ) 
 REPRESENTATION_ITEM ( '' )  );
#834 = CARTESIAN_POINT ( 'NONE',  ( -0.3917468249999992991, 1.866666666666665808, 0.6785254046037937359 ) ) ;
#835 = CARTESIAN_POINT ( 'NONE',  ( -0.3917468249999999652, 2.633333334425807859, -0.6785254046037932918 ) ) ;
#836 = CARTESIAN_POINT ( 'NONE',  ( -0.9999999999999995559, -0.7749999994537629666, 0.000000000000000000 ) ) ;
#837 = CARTESIAN_POINT ( 'NONE',  ( 0.9999999999999993339, 2.308333333879569960, -0.5773502691896257311 ) ) ;
#838 = CARTESIAN_POINT ( 'NONE',  ( 0.9999999999999997780, 2.191666667212903707, 0.5773502691896251759 ) ) ;
#839 = LINE ( 'NONE', #2472, #1946 ) ;
#840 = CARTESIAN_POINT ( 'NONE',  ( 0.7834936499999993753, 2.433333333333332238, -0.4523502697358626201 ) ) ;
#841 = EDGE_CURVE ( 'NONE', #1720, #503, #1594, .T. ) ;
#842 = CARTESIAN_POINT ( 'NONE',  ( 0.5000000000000002220, 3.008333333879570137, 0.8660254037844381525 ) ) ;
#843 = CARTESIAN_POINT ( 'NONE',  ( 0.9999999999999993339, 3.858333333879569782, -0.5773502691896257311 ) ) ;
#844 = VERTEX_POINT ( 'NONE', #999 ) ;
#845 = CARTESIAN_POINT ( 'NONE',  ( 1.670438805159968420E-16, 2.822548096008573815, 0.8225480960085697069 ) ) ;
#846 = CARTESIAN_POINT ( 'NONE',  ( 0.9999999999999998890, 3.441666667212902819, 0.5773502691896250649 ) ) ;
#847 = CARTESIAN_POINT ( 'NONE',  ( -0.7834936499999997084, 0.6666666677591411849, -0.4523502697358621760 ) ) ;
#848 = CARTESIAN_POINT ( 'NONE',  ( -0.9999999999999991118, -0.3416666661204296740, 0.5773502691896259531 ) ) ;
#849 = CARTESIAN_POINT ( 'NONE',  ( 0.9999999999999993339, 2.708333333879569871, -0.5773502691896257311 ) ) ;
#850 = CARTESIAN_POINT ( 'NONE',  ( 0.9999999999999995559, 2.225000000546236478, -1.224646799147352714E-16 ) ) ;
#851 = CARTESIAN_POINT ( 'NONE',  ( -0.4999999999999998890, 0.3583333338795704481, -0.8660254037844382635 ) ) ;
#852 = CARTESIAN_POINT ( 'NONE',  ( 0.3917468250000001873, -0.8666666666666674734, 0.6785254046037931808 ) ) ;
#853 = EDGE_CURVE ( 'NONE', #953, #2335, #457, .T. ) ;
#854 = CARTESIAN_POINT ( 'NONE',  ( 0.9999999999999998890, 1.441666667212903485, 0.5773502691896250649 ) ) ;
#855 = CARTESIAN_POINT ( 'NONE',  ( -0.9999999999999991118, 4.058333333879570404, 0.5773502691896259531 ) ) ;
#856 = DIRECTION ( 'NONE',  ( -0.000000000000000000, 1.000000000000000000, -0.000000000000000000 ) ) ;
#857 = CARTESIAN_POINT ( 'NONE',  ( -0.9999999999999996669, 2.041666667212902908, -0.5773502691896252870 ) ) ;
#858 = CARTESIAN_POINT ( 'NONE',  ( 0.7834936499999997084, 0.5000000010924737781, -9.595029906247763484E-17 ) ) ;
#859 = PRESENTATION_LAYER_ASSIGNMENT (  '', '', ( #1532 ) ) ;
#860 = CARTESIAN_POINT ( 'NONE',  ( -0.9999999999999996669, -2.008333332787096470, -0.5773502691896252870 ) ) ;
#861 = CARTESIAN_POINT ( 'NONE',  ( 0.000000000000000000, 2.999999999999999112, 0.7834936499999997084 ) ) ;
#862 = DIRECTION ( 'NONE',  ( 0.000000000000000000, 0.000000000000000000, 1.000000000000000000 ) ) ;
#863 = CARTESIAN_POINT ( 'NONE',  ( 2.121150477449812844E-16, 0.5250000005462369668, 1.154700538379251018 ) ) ;
#864 = CARTESIAN_POINT ( 'NONE',  ( -0.7834936499999997084, 1.066666667759140985, -0.4523502697358621205 ) ) ;
#865 = CARTESIAN_POINT ( 'NONE',  ( -0.4999999999999998890, 2.758333333879570137, -0.8660254037844382635 ) ) ;
#866 = CARTESIAN_POINT ( 'NONE',  ( 1.661907929776396734E-16, -0.5000000000000013323, 0.9047005394717244631 ) ) ;
#867 = CARTESIAN_POINT ( 'NONE',  ( -0.9999999999999991118, 1.708333333879569649, 0.5773502691896259531 ) ) ;
#868 = CARTESIAN_POINT ( 'NONE',  ( 2.396716546533867705E-15, 2.600000001092473756, -0.7834936499999995974 ) ) ;
#869 = CARTESIAN_POINT ( 'NONE',  ( 0.4999999999999995559, 3.541666667212903352, -0.8660254037844383745 ) ) ;
#870 = CARTESIAN_POINT ( 'NONE',  ( -0.3917468249999992991, 1.166666667759140852, 0.6785254046037937359 ) ) ;
#871 = CARTESIAN_POINT ( 'NONE',  ( 0.7834936499999999304, 0.8666666677591408074, 0.4523502697358619540 ) ) ;
#872 = CARTESIAN_POINT ( 'NONE',  ( 0.9999999999999998890, 0.1916666672129030413, 0.5773502691896250649 ) ) ;
#873 = CARTESIAN_POINT ( 'NONE',  ( -2.178833224121697412E-15, 2.699999999999998845, 0.7834936499999997084 ) ) ;
#874 = CARTESIAN_POINT ( 'NONE',  ( 0.9217335385355983624, 3.000000102148699721, 0.3878237794909480951 ) ) ;
#875 = CARTESIAN_POINT ( 'NONE',  ( 0.3917468249999996877, 0.8666666666666658081, -0.6785254046037934028 ) ) ;
#876 = CARTESIAN_POINT ( 'NONE',  ( -0.9999999999999996669, 2.041666667212902908, -0.5773502691896252870 ) ) ;
#877 = CARTESIAN_POINT ( 'NONE',  ( 3.195622062045156678E-16, 1.499999999999998668, 0.7834936499999997084 ) ) ;
#878 = CARTESIAN_POINT ( 'NONE',  ( 0.9999999999999995559, 1.875000000546236611, -1.224646799147352714E-16 ) ) ;
#879 = CARTESIAN_POINT ( 'NONE',  ( -0.3917468249999999652, 1.433333334425807459, -0.6785254046037932918 ) ) ;
#880 = CARTESIAN_POINT ( 'NONE',  ( -0.7834936499999997084, 1.866666667759140807, -0.4523502697358621205 ) ) ;
#881 = CARTESIAN_POINT ( 'NONE',  ( 0.000000000000000000, 2.999999999999999112, 0.000000000000000000 ) ) ;
#882 = CARTESIAN_POINT ( 'NONE',  ( 0.9999999999999995559, 0.6250000005462363895, -1.224646799147352714E-16 ) ) ;
#883 = CARTESIAN_POINT ( 'NONE',  ( -0.3917468249999992991, 1.166666667759140852, 0.6785254046037937359 ) ) ;
#884 = DIRECTION ( 'NONE',  ( -0.000000000000000000, 1.000000000000000000, -0.000000000000000000 ) ) ;
#885 = CARTESIAN_POINT ( 'NONE',  ( 1.661907929776396734E-16, 0.2999999999999990452, 0.9047005394717244631 ) ) ;
#886 = EDGE_LOOP ( 'NONE', ( #1214, #309, #1099, #326 ) ) ;
#887 = ORIENTED_EDGE ( 'NONE', *, *, #904, .T. ) ;
#888 = CARTESIAN_POINT ( 'NONE',  ( 0.4999999999999995559, 3.141666667212903441, -0.8660254037844383745 ) ) ;
#889 =( BOUNDED_CURVE ( )  B_SPLINE_CURVE ( 2, ( #1615, #208, #368, #1216, #1176, #2601, #2029, #9, #1202 ),
 .UNSPECIFIED., .F., .T. ) 
 B_SPLINE_CURVE_WITH_KNOTS ( ( 3, 2, 2, 2, 3 ),
 ( 0.6250000000000000000, 0.6296296296296296502, 0.6388888888888888395, 0.6481481481481481399, 0.6527777777777777901 ),
 .UNSPECIFIED. ) 
 CURVE ( )  GEOMETRIC_REPRESENTATION_ITEM ( )  RATIONAL_B_SPLINE_CURVE ( ( 0.9330127018922194093, 0.9330127018922194093, 1.000000000000000000, 0.8660254037844387076, 1.000000000000000000, 0.8660254037844387076, 1.000000000000000000, 0.9330127018922194093, 0.9330127018922194093 ) ) 
 REPRESENTATION_ITEM ( '' )  );
#890 = EDGE_CURVE ( 'NONE', #2310, #2454, #1537, .T. ) ;
#891 = CARTESIAN_POINT ( 'NONE',  ( 1.661907929776396734E-16, 3.899999999999999023, 0.9047005394717244631 ) ) ;
#892 = CARTESIAN_POINT ( 'NONE',  ( 0.4999999999999995559, 1.941666667212903263, -0.8660254037844383745 ) ) ;
#893 = CARTESIAN_POINT ( 'NONE',  ( -0.7834936499999993753, 1.533333334425807104, 0.4523502697358626756 ) ) ;
#894 = CARTESIAN_POINT ( 'NONE',  ( -0.9999999999999996669, 0.4416666672129032634, -0.5773502691896253980 ) ) ;
#895 = CARTESIAN_POINT ( 'NONE',  ( -4.735330873757823543E-15, 0.8000000010924738225, 0.7834936499999998194 ) ) ;
#896 = ORIENTED_EDGE ( 'NONE', *, *, #853, .T. ) ;
#897 = CARTESIAN_POINT ( 'NONE',  ( -0.4999999999999998890, 0.7583333338795696932, -0.8660254037844382635 ) ) ;
#898 = CARTESIAN_POINT ( 'NONE',  ( -0.9999999999999991118, 4.058333333879570404, 0.5773502691896259531 ) ) ;
#899 = CARTESIAN_POINT ( 'NONE',  ( -0.2099364907924122226, 0.6821367205045912874, 0.7834936499999999304 ) ) ;
#900 = CARTESIAN_POINT ( 'NONE',  ( -0.7834936499999993753, 0.6333333333333321935, 0.4523502697358626756 ) ) ;
#901 = ORIENTED_EDGE ( 'NONE', *, *, #77, .T. ) ;
#902 = CARTESIAN_POINT ( 'NONE',  ( 0.3917468250000001873, 0.7333333333333323933, 0.6785254046037931808 ) ) ;
#903 = CARTESIAN_POINT ( 'NONE',  ( 0.4999999999999995559, -0.4583333327870973695, -0.8660254037844383745 ) ) ;
#904 = EDGE_CURVE ( 'NONE', #2519, #1326, #2166, .T. ) ;
#905 = CARTESIAN_POINT ( 'NONE',  ( -0.9999999999999991118, -1.941666666120430262, 0.5773502691896259531 ) ) ;
#906 = CARTESIAN_POINT ( 'NONE',  ( -0.4999999999999998890, 0.8083333338795694045, -0.8660254037844382635 ) ) ;
#907 = CARTESIAN_POINT ( 'NONE',  ( 0.7834936499999997084, -2.299999998907525711, -9.595029906247763484E-17 ) ) ;
#908 = CARTESIAN_POINT ( 'NONE',  ( -0.4999999999999998890, 1.608333333879569782, -0.8660254037844382635 ) ) ;
#909 = AXIS2_PLACEMENT_3D ( 'NONE', #172, #2416, #608 ) ;
#910 = DIRECTION ( 'NONE',  ( 0.000000000000000000, -1.000000000000000000, 0.000000000000000000 ) ) ;
#911 = EDGE_LOOP ( 'NONE', ( #1562, #723, #20, #183, #1201, #1331, #1899, #1098, #1774, #715, #1495, #1133, #123, #542, #219, #115, #2156, #771, #1838 ) ) ;
#912 = CARTESIAN_POINT ( 'NONE',  ( 0.9999999999999993339, -1.341666666120429730, -0.5773502691896257311 ) ) ;
#913 = CARTESIAN_POINT ( 'NONE',  ( -0.4999999999999991673, 4.091666667212903619, 0.8660254037844387076 ) ) ;
#914 = DIRECTION ( 'NONE',  ( 0.000000000000000000, 0.000000000000000000, 1.000000000000000000 ) ) ;
#915 = CARTESIAN_POINT ( 'NONE',  ( -0.3917468249999992991, -1.333333333333334814, 0.6785254046037937359 ) ) ;
#916 = VERTEX_POINT ( 'NONE', #2383 ) ;
#917 = CARTESIAN_POINT ( 'NONE',  ( -7.070501591499377789E-17, 0.7750000005462363006, -1.154700538379251018 ) ) ;
#918 = EDGE_CURVE ( 'NONE', #2320, #1747, #1768, .T. ) ;
#919 = CARTESIAN_POINT ( 'NONE',  ( 2.121150477449812844E-16, 1.375000000546236611, 1.154700538379251018 ) ) ;
#920 = ORIENTED_EDGE ( 'NONE', *, *, #1707, .T. ) ;
#921 = CARTESIAN_POINT ( 'NONE',  ( 0.3917468249999996877, -1.833333332240859370, -0.6785254046037934028 ) ) ;
#922 = CARTESIAN_POINT ( 'NONE',  ( 0.9999999999999993339, 4.308333333879569516, -0.5773502691896257311 ) ) ;
#923 = CARTESIAN_POINT ( 'NONE',  ( 0.4999999999999995559, 1.941666667212903263, -0.8660254037844383745 ) ) ;
#924 = FACE_OUTER_BOUND ( 'NONE', #2575, .T. ) ;
#925 = ORIENTED_EDGE ( 'NONE', *, *, #1754, .T. ) ;
#926 = CARTESIAN_POINT ( 'NONE',  ( -0.9999999999999991118, -1.541666666120430129, 0.5773502691896259531 ) ) ;
#927 = AXIS2_PLACEMENT_3D ( 'NONE', #1238, #1890, #1878 ) ;
#928 = CARTESIAN_POINT ( 'NONE',  ( -0.9687924400430526495, 0.02187311916663091729, 0.1558971169356371533 ) ) ;
#929 = CARTESIAN_POINT ( 'NONE',  ( 0.9999999999999995559, 1.425000000546236656, -1.224646799147352714E-16 ) ) ;
#930 = CARTESIAN_POINT ( 'NONE',  ( -0.8095171480465576108, 2.901765737863977623, -0.4153211479089220504 ) ) ;
#931 = CARTESIAN_POINT ( 'NONE',  ( -0.9999999999999991118, -0.6916666661204301514, 0.5773502691896259531 ) ) ;
#932 = CARTESIAN_POINT ( 'NONE',  ( -0.9999999999999991118, 1.308333333879569738, 0.5773502691896259531 ) ) ;
#933 = EDGE_LOOP ( 'NONE', ( #478, #2509, #757, #1414 ) ) ;
#934 = CARTESIAN_POINT ( 'NONE',  ( -0.3917468249999999652, -0.5666666655741925407, -0.6785254046037932918 ) ) ;
#935 = CARTESIAN_POINT ( 'NONE',  ( -0.9999999999999995559, 4.875000000546236834, 0.000000000000000000 ) ) ;
#936 = CARTESIAN_POINT ( 'NONE',  ( -0.9999999999999991118, 0.9083333338795697154, 0.5773502691896260641 ) ) ;
#937 = CARTESIAN_POINT ( 'NONE',  ( 3.195622062045156678E-16, 0.4000000010924743554, 0.7834936499999997084 ) ) ;
#938 = VERTEX_POINT ( 'NONE', #1382 ) ;
#939 = CARTESIAN_POINT ( 'NONE',  ( -0.9999999999999991118, -1.141666666120430218, 0.5773502691896259531 ) ) ;
#940 = DIRECTION ( 'NONE',  ( -0.000000000000000000, 1.000000000000000000, -0.000000000000000000 ) ) ;
#941 = CARTESIAN_POINT ( 'NONE',  ( -0.4999999999999991673, 0.8916666672129031079, 0.8660254037844387076 ) ) ;
#942 = CARTESIAN_POINT ( 'NONE',  ( 0.1264762224312259709, 2.989582237010779853, 0.9895822370082477670 ) ) ;
#943 = DIRECTION ( 'NONE',  ( -0.000000000000000000, 1.000000000000000000, 0.000000000000000000 ) ) ;
#944 = CARTESIAN_POINT ( 'NONE',  ( -0.9999999999999995559, 0.4750000005462363672, 0.000000000000000000 ) ) ;
#945 = CARTESIAN_POINT ( 'NONE',  ( -0.7834936499999993753, 3.433333333333332238, 0.4523502697358626756 ) ) ;
#946 = CARTESIAN_POINT ( 'NONE',  ( 0.4999999999999995559, 0.3416666672129030080, -0.8660254037844383745 ) ) ;
#947 = ORIENTED_EDGE ( 'NONE', *, *, #991, .T. ) ;
#948 = CARTESIAN_POINT ( 'NONE',  ( -0.7834936499999993753, -1.266666665574192496, 0.4523502697358626756 ) ) ;
#949 = DIRECTION ( 'NONE',  ( -0.000000000000000000, 1.000000000000000000, -0.000000000000000000 ) ) ;
#950 = CARTESIAN_POINT ( 'NONE',  ( 0.9999999999999995559, 1.475000000546236478, -1.224646799147352714E-16 ) ) ;
#951 = DIRECTION ( 'NONE',  ( 0.000000000000000000, 0.000000000000000000, 1.000000000000000000 ) ) ;
#952 = ORIENTED_EDGE ( 'NONE', *, *, #2209, .F. ) ;
#953 = VERTEX_POINT ( 'NONE', #562 ) ;
#954 = CARTESIAN_POINT ( 'NONE',  ( 2.121150477449812844E-16, -1.874999999453763389, 1.154700538379251018 ) ) ;
#955 = CARTESIAN_POINT ( 'NONE',  ( -0.8568054280319702398, 0.03528757781995921911, 0.4503999201116942186 ) ) ;
#956 = CARTESIAN_POINT ( 'NONE',  ( -0.4999999999999998890, 2.358333333879570226, -0.8660254037844382635 ) ) ;
#957 = CARTESIAN_POINT ( 'NONE',  ( -0.7834936499999997084, 0.3000000010924741001, 0.000000000000000000 ) ) ;
#958 = VECTOR ( 'NONE', #985, 1000.000000000000000 ) ;
#959 = CARTESIAN_POINT ( 'NONE',  ( 0.4358688170496585190, 0.1834433115481941268, -0.6996099927036050214 ) ) ;
#960 = CARTESIAN_POINT ( 'NONE',  ( 0.4999999999999995559, 0.3416666672129030080, -0.8660254037844383745 ) ) ;
#961 = CARTESIAN_POINT ( 'NONE',  ( -0.7834936499999993753, 4.633333333333331971, 0.4523502697358626756 ) ) ;
#962 = CARTESIAN_POINT ( 'NONE',  ( -7.070501591499377789E-17, 1.175000000546236434, -1.154700538379251018 ) ) ;
#963 = ORIENTED_EDGE ( 'NONE', *, *, #645, .F. ) ;
#964 = CARTESIAN_POINT ( 'NONE',  ( 0.000000000000000000, 2.999999999999999112, 0.000000000000000000 ) ) ;
#965 = CARTESIAN_POINT ( 'NONE',  ( 2.121150477449812844E-16, 4.575000000546237011, 1.154700538379251018 ) ) ;
#966 = CARTESIAN_POINT ( 'NONE',  ( -0.7834936499999994863, 0.7333333344258073927, 0.4523502697358626756 ) ) ;
#967 = EDGE_CURVE ( 'NONE', #2359, #1757, #1189, .T. ) ;
#968 = ORIENTED_EDGE ( 'NONE', *, *, #1835, .F. ) ;
#969 = APPLICATION_CONTEXT ( 'automotive_design' ) ;
#970 = CARTESIAN_POINT ( 'NONE',  ( -0.9999999999999991118, -0.7416666661204298627, 0.5773502691896259531 ) ) ;
#971 = CARTESIAN_POINT ( 'NONE',  ( 0.9999999999999993339, 3.458333333879570315, -0.5773502691896257311 ) ) ;
#972 = CARTESIAN_POINT ( 'NONE',  ( -0.9999999999999991118, 1.258333333879570137, 0.5773502691896259531 ) ) ;
#973 = CYLINDRICAL_SURFACE ( 'NONE', #1210, 0.7834936499999997084 ) ;
#974 = CARTESIAN_POINT ( 'NONE',  ( 0.6827101955580409109, 0.1139763417031877529, 0.5759079163168875359 ) ) ;
#975 = DIRECTION ( 'NONE',  ( -0.000000000000000000, 1.000000000000000000, -0.000000000000000000 ) ) ;
#976 = CARTESIAN_POINT ( 'NONE',  ( -0.7834936499999997084, 4.599999999999998757, 0.000000000000000000 ) ) ;
#977 = CARTESIAN_POINT ( 'NONE',  ( -0.4999999999999991673, -1.858333332787096781, 0.8660254037844387076 ) ) ;
#978 = DIRECTION ( 'NONE',  ( 0.000000000000000000, 0.000000000000000000, 1.000000000000000000 ) ) ;
#979 = CARTESIAN_POINT ( 'NONE',  ( -0.9999999999999996669, 4.041666667212902908, -0.5773502691896252870 ) ) ;
#980 = CYLINDRICAL_SURFACE ( 'NONE', #699, 2.174999999999999378 ) ;
#981 =( BOUNDED_CURVE ( )  B_SPLINE_CURVE ( 2, ( #1770, #547, #1365, #2580, #763, #2397, #149, #1568, #577 ),
 .UNSPECIFIED., .F., .T. ) 
 B_SPLINE_CURVE_WITH_KNOTS ( ( 3, 2, 2, 2, 3 ),
 ( 0.3194444444444444753, 0.3240740740740740700, 0.3333333333333333148, 0.3425925925925926152, 0.3472222222222222654 ),
 .UNSPECIFIED. ) 
 CURVE ( )  GEOMETRIC_REPRESENTATION_ITEM ( )  RATIONAL_B_SPLINE_CURVE ( ( 0.9330127018922194093, 0.9330127018922197424, 1.000000000000000000, 0.8660254037844387076, 1.000000000000000000, 0.8660254037844387076, 1.000000000000000000, 0.9330127018922189652, 0.9330127018922194093 ) ) 
 REPRESENTATION_ITEM ( '' )  );
#982 = CARTESIAN_POINT ( 'NONE',  ( 0.3917468250000001873, 3.633333334425807859, 0.6785254046037931808 ) ) ;
#983 = CARTESIAN_POINT ( 'NONE',  ( 2.121150477449812844E-16, 2.525000000546237189, 1.154700538379251018 ) ) ;
#984 = CARTESIAN_POINT ( 'NONE',  ( 0.5000000000000002220, 1.358333333879570004, 0.8660254037844381525 ) ) ;
#985 = DIRECTION ( 'NONE',  ( -0.000000000000000000, 1.000000000000000000, -0.000000000000000000 ) ) ;
#986 = CARTESIAN_POINT ( 'NONE',  ( -0.3917468249999999652, 2.633333334425807859, -0.6785254046037932918 ) ) ;
#987 = CARTESIAN_POINT ( 'NONE',  ( 0.8387300408943867414, 0.1504304562727644123, -0.1753631890874748911 ) ) ;
#988 = CARTESIAN_POINT ( 'NONE',  ( 0.9999999999999995559, -1.724999999453763255, -1.224646799147352714E-16 ) ) ;
#989 = CARTESIAN_POINT ( 'NONE',  ( -0.7834936499999997084, 1.799999999999999156, 0.000000000000000000 ) ) ;
#990 = CARTESIAN_POINT ( 'NONE',  ( -0.7834936499999997084, -1.833333333333334592, -0.4523502697358621760 ) ) ;
#991 = EDGE_CURVE ( 'NONE', #1720, #1128, #832, .T. ) ;
#992 = CARTESIAN_POINT ( 'NONE',  ( 0.4999999999999995559, -1.258333332787096914, -0.8660254037844383745 ) ) ;
#993 = VECTOR ( 'NONE', #1897, 1000.000000000000000 ) ;
#994 = ORIENTED_EDGE ( 'NONE', *, *, #646, .F. ) ;
#995 = CARTESIAN_POINT ( 'NONE',  ( -0.7834936499999997084, 0.7000000010924742888, 0.000000000000000000 ) ) ;
#996 = CARTESIAN_POINT ( 'NONE',  ( 1.661907929776396734E-16, 2.800000001092475266, 0.9047005394717244631 ) ) ;
#997 = CARTESIAN_POINT ( 'NONE',  ( 2.121150477449812844E-16, 3.325000000546237011, 1.154700538379251018 ) ) ;
#998 = CARTESIAN_POINT ( 'NONE',  ( 2.121150477449812844E-16, -0.6749999994537636550, 1.154700538379251018 ) ) ;
#999 = CARTESIAN_POINT ( 'NONE',  ( 0.000000000000000000, 0.000000000000000000, -0.9999999999999995559 ) ) ;
#1000 = PRODUCT_CONTEXT ( 'NONE', #1368, 'mechanical' ) ;
#1001 = CARTESIAN_POINT ( 'NONE',  ( 2.121150477449812844E-16, -1.424999999453763211, 1.154700538379251018 ) ) ;
#1002 = CARTESIAN_POINT ( 'NONE',  ( 0.7834936499999997084, 1.599999999999998979, -9.595029906247763484E-17 ) ) ;
#1003 = CARTESIAN_POINT ( 'NONE',  ( 0.4999999999999995559, 4.741666667212903086, -0.8660254037844383745 ) ) ;
#1004 =( BOUNDED_CURVE ( )  B_SPLINE_CURVE ( 2, ( #1068, #40, #1884, #1082, #2260, #2062, #27, #1493, #226 ),
 .UNSPECIFIED., .F., .T. ) 
 B_SPLINE_CURVE_WITH_KNOTS ( ( 3, 2, 2, 2, 3 ),
 ( 0.4583333333333333703, 0.4629629629629629650, 0.4722222222222222099, 0.4814814814814814548, 0.4861111111111111049 ),
 .UNSPECIFIED. ) 
 CURVE ( )  GEOMETRIC_REPRESENTATION_ITEM ( )  RATIONAL_B_SPLINE_CURVE ( ( 0.9330127018922194093, 0.9330127018922197424, 1.000000000000000000, 0.8660254037844387076, 1.000000000000000000, 0.8660254037844387076, 1.000000000000000000, 0.9330127018922194093, 0.9330127018922194093 ) ) 
 REPRESENTATION_ITEM ( '' )  );
#1005 = CARTESIAN_POINT ( 'NONE',  ( -0.9999999999999991118, -1.091666666120430396, 0.5773502691896259531 ) ) ;
#1006 = ORIENTED_EDGE ( 'NONE', *, *, #748, .F. ) ;
#1007 = DIRECTION ( 'NONE',  ( 0.000000000000000000, 0.000000000000000000, 1.000000000000000000 ) ) ;
#1008 = CARTESIAN_POINT ( 'NONE',  ( -0.3917468249999992991, 1.966666667759141118, 0.6785254046037937359 ) ) ;
#1009 = CARTESIAN_POINT ( 'NONE',  ( -0.4999999999999998890, 2.358333333879570226, -0.8660254037844382635 ) ) ;
#1010 = CARTESIAN_POINT ( 'NONE',  ( -0.4999999999999991673, -0.7083333327870967588, 0.8660254037844387076 ) ) ;
#1011 = CARTESIAN_POINT ( 'NONE',  ( -0.9999999999999995559, 2.425000000546236656, 0.000000000000000000 ) ) ;
#1012 = EDGE_CURVE ( 'NONE', #503, #2441, #1077, .T. ) ;
#1013 = CARTESIAN_POINT ( 'NONE',  ( -0.4999999999999998890, -1.191666666120430484, -0.8660254037844382635 ) ) ;
#1014 = CARTESIAN_POINT ( 'NONE',  ( 1.661907929776396734E-16, 1.099999999999998979, 0.9047005394717244631 ) ) ;
#1015 = CARTESIAN_POINT ( 'NONE',  ( -0.3917468249999992991, -1.733333333333334059, 0.6785254046037937359 ) ) ;
#1016 = CIRCLE ( 'NONE', #2157, 2.174999999999999378 ) ;
#1017 = CARTESIAN_POINT ( 'NONE',  ( 0.4999999999999995559, 4.691666667212903263, -0.8660254037844383745 ) ) ;
#1018 = ORIENTED_EDGE ( 'NONE', *, *, #853, .F. ) ;
#1019 = CARTESIAN_POINT ( 'NONE',  ( 0.000000000000000000, 2.999999999999999112, 0.000000000000000000 ) ) ;
#1020 = CARTESIAN_POINT ( 'NONE',  ( -0.7834936499999997084, 2.266666667759141163, -0.4523502697358621760 ) ) ;
#1021 = CARTESIAN_POINT ( 'NONE',  ( 0.9999999999999995559, 2.625000000546236834, -1.224646799147352714E-16 ) ) ;
#1022 = CARTESIAN_POINT ( 'NONE',  ( -0.4999999999999998890, -0.8416666661204300626, -0.8660254037844382635 ) ) ;
#1023 = EDGE_CURVE ( 'NONE', #207, #2108, #176, .T. ) ;
#1024 = CARTESIAN_POINT ( 'NONE',  ( 0.5000000000000002220, 0.5583333338795700707, 0.8660254037844381525 ) ) ;
#1025 = PRESENTATION_STYLE_ASSIGNMENT (( #2034 ) ) ;
#1026 = CARTESIAN_POINT ( 'NONE',  ( -0.3917468249999999652, 2.133333333333332416, -0.6785254046037932918 ) ) ;
#1027 = CARTESIAN_POINT ( 'NONE',  ( -5.539693099254656190E-17, -1.500000000000001554, -0.9047005394717244631 ) ) ;
#1028 = CARTESIAN_POINT ( 'NONE',  ( -0.9999999999999991118, 3.258333333879571025, 0.5773502691896259531 ) ) ;
#1029 = CARTESIAN_POINT ( 'NONE',  ( -0.7834936499999994863, 2.733333334425807504, 0.4523502697358626756 ) ) ;
#1030 = ORIENTED_EDGE ( 'NONE', *, *, #967, .F. ) ;
#1031 = DIRECTION ( 'NONE',  ( 0.000000000000000000, 0.000000000000000000, 1.000000000000000000 ) ) ;
#1032 = CARTESIAN_POINT ( 'NONE',  ( 0.3917468249999996877, 2.966666667759141340, -0.6785254046037934028 ) ) ;
#1033 = CARTESIAN_POINT ( 'NONE',  ( 0.4999999999999995559, 0.2916666672129032967, -0.8660254037844383745 ) ) ;
#1034 = CARTESIAN_POINT ( 'NONE',  ( 0.5000000000000002220, 2.608333333879569782, 0.8660254037844381525 ) ) ;
#1035 = CARTESIAN_POINT ( 'NONE',  ( 0.9999999999999995559, 1.825000000546237011, -1.224646799147352714E-16 ) ) ;
#1036 = CARTESIAN_POINT ( 'NONE',  ( 0.2099364907924116952, 1.917863279495406914, 0.7834936500000000414 ) ) ;
#1037 = CARTESIAN_POINT ( 'NONE',  ( -0.7834936499999997084, 1.100000001092473978, 0.000000000000000000 ) ) ;
#1038 = CARTESIAN_POINT ( 'NONE',  ( -0.3917468249999992991, 2.266666666666666163, 0.6785254046037937359 ) ) ;
#1039 = CARTESIAN_POINT ( 'NONE',  ( -0.9999999999999995559, 3.675000000546236656, 0.000000000000000000 ) ) ;
#1040 = CARTESIAN_POINT ( 'NONE',  ( -0.9999999999999995559, 3.225000000546236922, 0.000000000000000000 ) ) ;
#1041 = ORIENTED_EDGE ( 'NONE', *, *, #2085, .F. ) ;
#1042 = CARTESIAN_POINT ( 'NONE',  ( -0.3917468249999992991, 1.466666666666665675, 0.6785254046037937359 ) ) ;
#1043 = CARTESIAN_POINT ( 'NONE',  ( 0.9999999999999998890, 1.441666667212903485, 0.5773502691896250649 ) ) ;
#1044 = CARTESIAN_POINT ( 'NONE',  ( -5.539693099254656190E-17, 0.2000000010924738725, -0.9047005394717244631 ) ) ;
#1045 = CARTESIAN_POINT ( 'NONE',  ( 0.9999999999999993339, 0.2583333338795701373, -0.5773502691896257311 ) ) ;
#1046 = CARTESIAN_POINT ( 'NONE',  ( -0.2099364907924115564, 2.217863280587882180, -0.7834936500000000414 ) ) ;
#1047 = CARTESIAN_POINT ( 'NONE',  ( 0.4999999999999995559, 2.291666667212903352, -0.8660254037844383745 ) ) ;
#1048 = CARTESIAN_POINT ( 'NONE',  ( -7.070501591499377789E-17, -0.07499999945376287225, -1.154700538379251018 ) ) ;
#1049 = CARTESIAN_POINT ( 'NONE',  ( -5.539693099254656190E-17, -0.7000000000000008438, -0.9047005394717244631 ) ) ;
#1050 = CARTESIAN_POINT ( 'NONE',  ( 2.121150477449812844E-16, 2.175000000546236656, 1.154700538379251018 ) ) ;
#1051 = CARTESIAN_POINT ( 'NONE',  ( 0.9999999999999993339, 3.058333333879569960, -0.5773502691896257311 ) ) ;
#1052 = DIRECTION ( 'NONE',  ( -0.000000000000000000, 1.000000000000000000, -0.000000000000000000 ) ) ;
#1053 = CARTESIAN_POINT ( 'NONE',  ( -0.4999999999999991673, 2.141666667212903441, 0.8660254037844387076 ) ) ;
#1054 = CARTESIAN_POINT ( 'NONE',  ( -0.7834936499999997084, 0.2666666677591409962, -0.4523502697358621760 ) ) ;
#1055 = CARTESIAN_POINT ( 'NONE',  ( 0.4999999999999995559, -1.308333332787096515, -0.8660254037844383745 ) ) ;
#1056 = CARTESIAN_POINT ( 'NONE',  ( 2.396716546533867705E-15, 1.800000001092473711, -0.7834936499999995974 ) ) ;
#1057 = FACE_OUTER_BOUND ( 'NONE', #103, .T. ) ;
#1058 = CARTESIAN_POINT ( 'NONE',  ( -0.4999999999999998890, -0.4416666661204299293, -0.8660254037844382635 ) ) ;
#1059 = DIRECTION ( 'NONE',  ( -0.000000000000000000, 1.000000000000000000, -0.000000000000000000 ) ) ;
#1060 = CARTESIAN_POINT ( 'NONE',  ( 0.3917468249999996877, -1.133333333333334192, -0.6785254046037934028 ) ) ;
#1061 = CARTESIAN_POINT ( 'NONE',  ( -0.4999999999999991673, 2.141666667212903441, 0.8660254037844387076 ) ) ;
#1062 = CARTESIAN_POINT ( 'NONE',  ( 1.224646799147352714E-16, 2.999999999999999556, -0.9999999999999995559 ) ) ;
#1063 = CARTESIAN_POINT ( 'NONE',  ( -0.9999999999999996669, 1.641666667212903441, -0.5773502691896252870 ) ) ;
#1064 = CARTESIAN_POINT ( 'NONE',  ( 0.7834936499999997084, 1.700000001092474289, -9.595029906247763484E-17 ) ) ;
#1065 = DIRECTION ( 'NONE',  ( 0.000000000000000000, 0.000000000000000000, 1.000000000000000000 ) ) ;
#1066 = CARTESIAN_POINT ( 'NONE',  ( 0.2099364907924148593, 0.9821367215970659981, -0.7834936499999982651 ) ) ;
#1067 = CARTESIAN_POINT ( 'NONE',  ( 2.121150477449812844E-16, 0.9250000005462366559, 1.154700538379251018 ) ) ;
#1068 = CARTESIAN_POINT ( 'NONE',  ( 2.396716546533867705E-15, 1.400000001092474244, -0.7834936499999995974 ) ) ;
#1069 = CARTESIAN_POINT ( 'NONE',  ( 0.5000000000000002220, 2.958333333879570315, 0.8660254037844381525 ) ) ;
#1070 = CARTESIAN_POINT ( 'NONE',  ( 0.7834936499999997084, 0.7999999999999986011, -9.595029906247763484E-17 ) ) ;
#1071 = CARTESIAN_POINT ( 'NONE',  ( 0.9999999999999998890, 2.641666667212903441, 0.5773502691896250649 ) ) ;
#1072 = AXIS2_PLACEMENT_3D ( 'NONE', #1112, #943, #2151 ) ;
#1073 =( BOUNDED_CURVE ( )  B_SPLINE_CURVE ( 2, ( #1145, #1391, #538, #583, #1373, #171, #1130, #2159, #338 ),
 .UNSPECIFIED., .F., .T. ) 
 B_SPLINE_CURVE_WITH_KNOTS ( ( 3, 2, 2, 2, 3 ),
 ( 0.3750000000000000000, 0.3796296296296296502, 0.3888888888888888951, 0.3981481481481481399, 0.4027777777777777901 ),
 .UNSPECIFIED. ) 
 CURVE ( )  GEOMETRIC_REPRESENTATION_ITEM ( )  RATIONAL_B_SPLINE_CURVE ( ( 0.9330127018922194093, 0.9330127018922194093, 1.000000000000000000, 0.8660254037844387076, 1.000000000000000000, 0.8660254037844387076, 1.000000000000000000, 0.9330127018922189652, 0.9330127018922194093 ) ) 
 REPRESENTATION_ITEM ( '' )  );
#1074 = ADVANCED_FACE ( 'NONE', ( #163 ), #973, .F. ) ;
#1075 = CARTESIAN_POINT ( 'NONE',  ( -0.2099364907924122226, 1.482136720504590777, 0.7834936499999999304 ) ) ;
#1076 = CARTESIAN_POINT ( 'NONE',  ( 0.5000000000000002220, 2.608333333879569782, 0.8660254037844381525 ) ) ;
#1077 = CIRCLE ( 'NONE', #621, 1.399999999999999689 ) ;
#1078 = CARTESIAN_POINT ( 'NONE',  ( -0.7834936499999993753, 1.933333334425807459, 0.4523502697358626756 ) ) ;
#1079 = DIRECTION ( 'NONE',  ( -0.000000000000000000, 1.000000000000000000, -0.000000000000000000 ) ) ;
#1080 = CARTESIAN_POINT ( 'NONE',  ( 0.2099364907924116952, 1.617863280587882091, 0.7834936500000000414 ) ) ;
#1081 = CARTESIAN_POINT ( 'NONE',  ( 0.9999999999999995559, -0.1749999994537631554, -1.224646799147352714E-16 ) ) ;
#1082 = CARTESIAN_POINT ( 'NONE',  ( 0.7834936499999994863, 1.333333334425807815, -0.4523502697358626201 ) ) ;
#1083 = CARTESIAN_POINT ( 'NONE',  ( 0.000000000000000000, 2.999999999999999112, 0.000000000000000000 ) ) ;
#1084 = CARTESIAN_POINT ( 'NONE',  ( 0.3917468249999996877, -0.7333333333333340587, -0.6785254046037934028 ) ) ;
#1085 = VERTEX_POINT ( 'NONE', #2368 ) ;
#1086 = PLANE ( 'NONE',  #1072 ) ;
#1087 = CARTESIAN_POINT ( 'NONE',  ( -0.9999999999999995559, 2.875000000546236834, 0.000000000000000000 ) ) ;
#1088 = CARTESIAN_POINT ( 'NONE',  ( 1.945316614798501569E-11, 2.984150635441745969, 0.9841506354417483005 ) ) ;
#1089 = CARTESIAN_POINT ( 'NONE',  ( -7.070501591499377789E-17, 2.375000000546236834, -1.154700538379251018 ) ) ;
#1090 = CARTESIAN_POINT ( 'NONE',  ( 1.661907929776396734E-16, 0.8000000010924741556, 0.9047005394717244631 ) ) ;
#1091 = CARTESIAN_POINT ( 'NONE',  ( -0.9999999999999996669, 0.04166666721290308156, -0.5773502691896253980 ) ) ;
#1092 = CARTESIAN_POINT ( 'NONE',  ( 0.2099364907924105017, 0.8178632805878822687, 0.7834936500000010406 ) ) ;
#1093 = CARTESIAN_POINT ( 'NONE',  ( 0.4999999999999995559, 0.2916666672129032967, -0.8660254037844383745 ) ) ;
#1094 = CARTESIAN_POINT ( 'NONE',  ( 2.121150477449812844E-16, 4.125000000546236834, 1.154700538379251018 ) ) ;
#1095 = EDGE_CURVE ( 'NONE', #2325, #916, #2357, .T. ) ;
#1096 = FACE_OUTER_BOUND ( 'NONE', #521, .T. ) ;
#1097 = CARTESIAN_POINT ( 'NONE',  ( 1.661907929776396734E-16, -0.1000000000000011297, 0.9047005394717244631 ) ) ;
#1098 = ORIENTED_EDGE ( 'NONE', *, *, #1259, .T. ) ;
#1099 = ORIENTED_EDGE ( 'NONE', *, *, #1943, .T. ) ;
#1100 = CARTESIAN_POINT ( 'NONE',  ( -0.9999999999999995559, 1.675000000546236434, 0.000000000000000000 ) ) ;
#1101 = CARTESIAN_POINT ( 'NONE',  ( 0.7834936499999994863, 2.133333334425807415, -0.4523502697358626201 ) ) ;
#1102 = CARTESIAN_POINT ( 'NONE',  ( -0.9999999999999995559, -0.3249999994537639547, 0.000000000000000000 ) ) ;
#1103 = CARTESIAN_POINT ( 'NONE',  ( 0.7834936499999993753, -2.266666665574192940, -0.4523502697358626201 ) ) ;
#1104 = CARTESIAN_POINT ( 'NONE',  ( 0.4999999999999995559, 0.3416666672129030080, -0.8660254037844383745 ) ) ;
#1105 = CARTESIAN_POINT ( 'NONE',  ( -0.4999999999999991673, 0.09166666721290364639, 0.8660254037844387076 ) ) ;
#1106 = ORIENTED_EDGE ( 'NONE', *, *, #841, .T. ) ;
#1107 = CARTESIAN_POINT ( 'NONE',  ( -0.3917468249999992991, 4.366666667759141696, 0.6785254046037937359 ) ) ;
#1108 = CARTESIAN_POINT ( 'NONE',  ( 0.9999999999999995559, 4.225000000546237366, -1.224646799147352714E-16 ) ) ;
#1109 = CARTESIAN_POINT ( 'NONE',  ( -0.7834936499999997084, 0.5666666666666658747, -0.4523502697358621205 ) ) ;
#1110 = CARTESIAN_POINT ( 'NONE',  ( -0.7834936499999997084, -1.400000000000001021, 0.000000000000000000 ) ) ;
#1111 = ORIENTED_EDGE ( 'NONE', *, *, #2056, .F. ) ;
#1112 = CARTESIAN_POINT ( 'NONE',  ( -0.9999999999999995559, 2.999999999999999556, 0.000000000000000000 ) ) ;
#1113 = CARTESIAN_POINT ( 'NONE',  ( -0.4999999999999991673, -0.2583333327870968588, 0.8660254037844387076 ) ) ;
#1114 = CARTESIAN_POINT ( 'NONE',  ( 0.5000000000000002220, -1.841666666120430174, 0.8660254037844381525 ) ) ;
#1115 = CARTESIAN_POINT ( 'NONE',  ( -0.4999999999999991673, 0.1416666672129033300, 0.8660254037844387076 ) ) ;
#1116 = EDGE_LOOP ( 'NONE', ( #1803, #418, #808, #1527 ) ) ;
#1117 = CARTESIAN_POINT ( 'NONE',  ( 0.7834936499999993753, -1.066666665574192985, -0.4523502697358626201 ) ) ;
#1118 = CARTESIAN_POINT ( 'NONE',  ( -0.4999999999999998890, 2.008333333879570137, -0.8660254037844382635 ) ) ;
#1119 = CARTESIAN_POINT ( 'NONE',  ( -0.5575333797387472812, 0.03091572298750831435, -0.7999295272091211384 ) ) ;
#1120 = ORIENTED_EDGE ( 'NONE', *, *, #991, .F. ) ;
#1121 = CARTESIAN_POINT ( 'NONE',  ( 0.9999999999999998890, -1.408333332787097048, 0.5773502691896250649 ) ) ;
#1122 = DIRECTION ( 'NONE',  ( 0.000000000000000000, -1.000000000000000000, 0.000000000000000000 ) ) ;
#1123 = CARTESIAN_POINT ( 'NONE',  ( -7.070501591499377789E-17, 1.925000000546236878, -1.154700538379251018 ) ) ;
#1124 = LINE ( 'NONE', #108, #1211 ) ;
#1125 = CARTESIAN_POINT ( 'NONE',  ( 2.121150477449812844E-16, -0.6249999994537638326, 1.154700538379251018 ) ) ;
#1126 = UNCERTAINTY_MEASURE_WITH_UNIT (LENGTH_MEASURE( 1.000000000000000082E-05 ), #182, 'distance_accuracy_value', 'NONE');
#1127 = CARTESIAN_POINT ( 'NONE',  ( 2.121150477449812844E-16, 0.1750000005462364616, 1.154700538379251018 ) ) ;
#1128 = VERTEX_POINT ( 'NONE', #1658 ) ;
#1129 = CARTESIAN_POINT ( 'NONE',  ( -0.3917468249999992991, -0.4333333322408591259, 0.6785254046037937359 ) ) ;
#1130 = CARTESIAN_POINT ( 'NONE',  ( -0.3917468249999999652, 2.133333333333332416, -0.6785254046037932918 ) ) ;
#1131 = CARTESIAN_POINT ( 'NONE',  ( 0.9999999999999997780, 1.041666667212903130, 0.5773502691896251759 ) ) ;
#1132 = CARTESIAN_POINT ( 'NONE',  ( 0.3917468250000001873, 0.4333333344258075148, 0.6785254046037931808 ) ) ;
#1133 = ORIENTED_EDGE ( 'NONE', *, *, #2154, .T. ) ;
#1134 = CARTESIAN_POINT ( 'NONE',  ( 0.7834936499999993753, 4.533333334425807770, -0.4523502697358626201 ) ) ;
#1135 = DIRECTION ( 'NONE',  ( 0.000000000000000000, 0.000000000000000000, 1.000000000000000000 ) ) ;
#1136 = CARTESIAN_POINT ( 'NONE',  ( 0.5000000000000002220, 0.9583333338795703149, 0.8660254037844381525 ) ) ;
#1137 = ADVANCED_BREP_SHAPE_REPRESENTATION ( '9774015243R', ( #2434, #1877 ), #1793 ) ;
#1138 = CARTESIAN_POINT ( 'NONE',  ( 0.000000000000000000, 2.999999999999999556, 0.000000000000000000 ) ) ;
#1139 = DIRECTION ( 'NONE',  ( -0.000000000000000000, 1.000000000000000000, -0.000000000000000000 ) ) ;
#1140 = CARTESIAN_POINT ( 'NONE',  ( -0.9999999999999996669, 0.04166666721290308156, -0.5773502691896252870 ) ) ;
#1141 = CARTESIAN_POINT ( 'NONE',  ( 0.7834936499999999304, 4.366666666666666252, 0.4523502697358619540 ) ) ;
#1142 = CARTESIAN_POINT ( 'NONE',  ( 2.121150477449812844E-16, 0.9750000005462363672, 1.154700538379251018 ) ) ;
#1143 = EDGE_LOOP ( 'NONE', ( #290, #1951, #2343, #1226 ) ) ;
#1144 = CARTESIAN_POINT ( 'NONE',  ( 0.7834936499999993753, -1.866666665574192585, -0.4523502697358626201 ) ) ;
#1145 = CARTESIAN_POINT ( 'NONE',  ( 3.195622062045156678E-16, 2.299999999999998934, 0.7834936499999997084 ) ) ;
#1146 = CARTESIAN_POINT ( 'NONE',  ( -0.4999999999999991673, 0.9416666672129028193, 0.8660254037844387076 ) ) ;
#1147 = CARTESIAN_POINT ( 'NONE',  ( -0.8044159230054819254, 0.1954429873555288688, 0.1091400180578794982 ) ) ;
#1148 = EDGE_LOOP ( 'NONE', ( #1937, #1764 ) ) ;
#1149 = CARTESIAN_POINT ( 'NONE',  ( -0.3917468249999999652, 4.233333334425807948, -0.6785254046037932918 ) ) ;
#1150 = DIRECTION ( 'NONE',  ( -0.000000000000000000, 1.000000000000000000, -0.000000000000000000 ) ) ;
#1151 = CARTESIAN_POINT ( 'NONE',  ( -0.4999999999999991673, 2.891666667212903441, 0.8660254037844387076 ) ) ;
#1152 = CARTESIAN_POINT ( 'NONE',  ( -0.3917468249999999652, 0.2333333344258078645, -0.6785254046037932918 ) ) ;
#1153 = CARTESIAN_POINT ( 'NONE',  ( 0.6906759279915357652, 0.1672410820227542283, -0.4785015910910460080 ) ) ;
#1154 = CARTESIAN_POINT ( 'NONE',  ( -7.070501591499377789E-17, 1.175000000546236434, -1.154700538379251018 ) ) ;
#1155 = PRODUCT_DEFINITION_CONTEXT ( 'detailed design', #969, 'design' ) ;
#1156 = CARTESIAN_POINT ( 'NONE',  ( -5.539693099254656190E-17, 3.699999999999999289, -0.9047005394717244631 ) ) ;
#1157 = CARTESIAN_POINT ( 'NONE',  ( 0.9999999999999998890, 1.041666667212903130, 0.5773502691896250649 ) ) ;
#1158 = ORIENTED_EDGE ( 'NONE', *, *, #1549, .F. ) ;
#1159 = ADVANCED_FACE ( 'NONE', ( #676 ), #1276, .T. ) ;
#1160 = CARTESIAN_POINT ( 'NONE',  ( -0.3917468249999999652, -1.766666665574192274, -0.6785254046037932918 ) ) ;
#1161 = CARTESIAN_POINT ( 'NONE',  ( 0.9999999999999993339, 3.908333333879569604, -0.5773502691896257311 ) ) ;
#1162 = DIRECTION ( 'NONE',  ( 0.000000000000000000, 0.000000000000000000, 1.000000000000000000 ) ) ;
#1163 = ORIENTED_EDGE ( 'NONE', *, *, #890, .T. ) ;
#1164 = CARTESIAN_POINT ( 'NONE',  ( 0.5000000000000002220, -1.441666666120430040, 0.8660254037844381525 ) ) ;
#1165 = PRODUCT_RELATED_PRODUCT_CATEGORY ( 'part', '', ( #2514 ) ) ;
#1166 = CARTESIAN_POINT ( 'NONE',  ( 0.9999999999999993339, 1.858333333879570226, -0.5773502691896257311 ) ) ;
#1167 = CARTESIAN_POINT ( 'NONE',  ( 0.4999999999999995559, 1.891666667212903663, -0.8660254037844383745 ) ) ;
#1168 = DIRECTION ( 'NONE',  ( -0.000000000000000000, 1.000000000000000000, -0.000000000000000000 ) ) ;
#1169 = VECTOR ( 'NONE', #2593, 999.9999999999998863 ) ;
#1170 = CARTESIAN_POINT ( 'NONE',  ( 0.8596640194256108813, 0.1453966913045581233, -0.06197223541407999303 ) ) ;
#1171 = CARTESIAN_POINT ( 'NONE',  ( -2.178833224121697412E-15, 2.400000001092474022, 0.7834936499999997084 ) ) ;
#1172 = CARTESIAN_POINT ( 'NONE',  ( 0.3917468250000001873, 4.733333333333332504, 0.6785254046037931808 ) ) ;
#1173 = CARTESIAN_POINT ( 'NONE',  ( 0.9999999999999993339, 4.258333333879570581, -0.5773502691896257311 ) ) ;
#1174 = CARTESIAN_POINT ( 'NONE',  ( 0.7834936499999999304, 1.166666666666665630, 0.4523502697358619540 ) ) ;
#1175 = CARTESIAN_POINT ( 'NONE',  ( 2.121150477449812844E-16, 3.775000000546235857, 1.154700538379251018 ) ) ;
#1176 = CARTESIAN_POINT ( 'NONE',  ( 0.7834936499999997084, 0.3999999999999993006, -9.595029906247763484E-17 ) ) ;
#1177 = CARTESIAN_POINT ( 'NONE',  ( 0.7834936499999993753, 2.533333334425807770, -0.4523502697358626201 ) ) ;
#1178 = CARTESIAN_POINT ( 'NONE',  ( 0.9999999999999998890, 2.991666667212903530, 0.5773502691896250649 ) ) ;
#1179 = CARTESIAN_POINT ( 'NONE',  ( 2.121150477449812844E-16, 2.925000000546237544, 1.154700538379251018 ) ) ;
#1180 = CARTESIAN_POINT ( 'NONE',  ( -0.1939777608052216940, 0.2165053687114053271, -0.7591013949148235351 ) ) ;
#1181 = EDGE_CURVE ( 'NONE', #1757, #1520, #639, .T. ) ;
#1182 = CARTESIAN_POINT ( 'NONE',  ( -1.760058198843438224E-13, 0.07924680642500496475, 0.9207531431734861105 ) ) ;
#1183 = CARTESIAN_POINT ( 'NONE',  ( -0.7834936499999994863, 1.033333333333332327, 0.4523502697358626756 ) ) ;
#1184 = CARTESIAN_POINT ( 'NONE',  ( 0.3917468249999996877, 4.866666666666666252, -0.6785254046037934028 ) ) ;
#1185 = CARTESIAN_POINT ( 'NONE',  ( 0.3917468249999996877, -1.933333333333334680, -0.6785254046037934028 ) ) ;
#1186 =( BOUNDED_CURVE ( )  B_SPLINE_CURVE ( 2, ( #1647, #76, #883, #1232, #1037, #864, #2460, #1661, #451 ),
 .UNSPECIFIED., .F., .F. ) 
 B_SPLINE_CURVE_WITH_KNOTS ( ( 3, 2, 2, 2, 3 ),
 ( 0.4861111111111111049, 0.4907407407407407551, 0.5000000000000000000, 0.5092592592592593004, 0.5138888888888889506 ),
 .UNSPECIFIED. ) 
 CURVE ( )  GEOMETRIC_REPRESENTATION_ITEM ( )  RATIONAL_B_SPLINE_CURVE ( ( 0.9330127018922194093, 0.9330127018922194093, 1.000000000000000000, 0.8660254037844387076, 1.000000000000000000, 0.8660254037844387076, 1.000000000000000000, 0.9330127018922185211, 0.9330127018922192983 ) ) 
 REPRESENTATION_ITEM ( '' )  );
#1187 = CARTESIAN_POINT ( 'NONE',  ( -0.4999999999999998890, -1.191666666120430484, -0.8660254037844382635 ) ) ;
#1188 =( NAMED_UNIT ( * ) PLANE_ANGLE_UNIT ( ) SI_UNIT ( $, .RADIAN. ) );
#1189 = B_SPLINE_CURVE_WITH_KNOTS ( 'NONE', 3,
 ( #1552, #373, #942, #1970 ),
 .UNSPECIFIED., .F., .F.,
 ( 4, 4 ),
 ( 0.000000000000000000, 0.0003807225145704854017 ),
 .UNSPECIFIED. ) ;
#1190 = CARTESIAN_POINT ( 'NONE',  ( -0.9999999999999991118, 3.708333333879570315, 0.5773502691896259531 ) ) ;
#1191 = DIRECTION ( 'NONE',  ( -0.000000000000000000, 1.000000000000000000, -0.000000000000000000 ) ) ;
#1192 = CARTESIAN_POINT ( 'NONE',  ( -0.7834936499999993753, 2.733333334425807060, 0.4523502697358626756 ) ) ;
#1193 = CARTESIAN_POINT ( 'NONE',  ( -0.9999999999999996669, 2.391666667212903441, -0.5773502691896252870 ) ) ;
#1194 = CARTESIAN_POINT ( 'NONE',  ( 0.9999999999999998890, -0.6083333327870965590, 0.5773502691896250649 ) ) ;
#1195 = DIRECTION ( 'NONE',  ( 0.000000000000000000, 0.000000000000000000, 1.000000000000000000 ) ) ;
#1196 = CARTESIAN_POINT ( 'NONE',  ( 0.000000000000000000, 1.599999999999999645, 0.000000000000000000 ) ) ;
#1197 = CARTESIAN_POINT ( 'NONE',  ( -0.7834936499999997084, 2.966666666666665897, -0.4523502697358621760 ) ) ;
#1198 = CARTESIAN_POINT ( 'NONE',  ( -0.9999999999999991118, 4.108333333879570226, 0.5773502691896259531 ) ) ;
#1199 = CARTESIAN_POINT ( 'NONE',  ( -7.070501591499377789E-17, 4.725000000546236478, -1.154700538379251018 ) ) ;
#1200 = CARTESIAN_POINT ( 'NONE',  ( 0.3917468249999996877, 1.266666666666665941, -0.6785254046037934028 ) ) ;
#1201 = ORIENTED_EDGE ( 'NONE', *, *, #1653, .T. ) ;
#1202 = CARTESIAN_POINT ( 'NONE',  ( 3.195622062045156678E-16, 0.2999999999999990452, 0.7834936499999997084 ) ) ;
#1203 = CARTESIAN_POINT ( 'NONE',  ( -0.7834936499999997084, 2.300000001092474378, 0.000000000000000000 ) ) ;
#1204 = CARTESIAN_POINT ( 'NONE',  ( -0.9999999999999996669, 1.991666667212903308, -0.5773502691896252870 ) ) ;
#1205 = CARTESIAN_POINT ( 'NONE',  ( -0.4999999999999998890, 0.7583333338795696932, -0.8660254037844382635 ) ) ;
#1206 = CARTESIAN_POINT ( 'NONE',  ( -0.9999999999999991118, 0.8583333338795700040, 0.5773502691896260641 ) ) ;
#1207 =( LENGTH_UNIT ( ) NAMED_UNIT ( * ) SI_UNIT ( .MILLI., .METRE. ) );
#1208 = CARTESIAN_POINT ( 'NONE',  ( 0.5000000000000002220, -1.791666666120430351, 0.8660254037844381525 ) ) ;
#1209 = CARTESIAN_POINT ( 'NONE',  ( -5.539693099254656190E-17, 1.299999999999998934, -0.9047005394717244631 ) ) ;
#1210 = AXIS2_PLACEMENT_3D ( 'NONE', #2396, #1751, #2562 ) ;
#1211 = VECTOR ( 'NONE', #1553, 999.9999999999998863 ) ;
#1212 = CARTESIAN_POINT ( 'NONE',  ( 0.4999999999999995559, 3.541666667212903352, -0.8660254037844383745 ) ) ;
#1213 = CARTESIAN_POINT ( 'NONE',  ( 0.9999999999999993339, -1.691666666120430040, -0.5773502691896257311 ) ) ;
#1214 = ORIENTED_EDGE ( 'NONE', *, *, #1707, .F. ) ;
#1215 = EDGE_CURVE ( 'NONE', #1851, #2589, #2609, .T. ) ;
#1216 = CARTESIAN_POINT ( 'NONE',  ( 0.7834936499999994863, 0.4333333333333325710, -0.4523502697358626201 ) ) ;
#1217 = CARTESIAN_POINT ( 'NONE',  ( -0.7834936499999993753, 2.333333334425808037, 0.4523502697358626756 ) ) ;
#1218 = CARTESIAN_POINT ( 'NONE',  ( 0.9999999999999993339, 3.058333333879569960, -0.5773502691896257311 ) ) ;
#1219 = CARTESIAN_POINT ( 'NONE',  ( 0.9999999999999995559, 0.6250000005462363895, -1.224646799147352714E-16 ) ) ;
#1220 = CARTESIAN_POINT ( 'NONE',  ( 0.9999999999999997780, 1.791666667212903352, 0.5773502691896251759 ) ) ;
#1221 = CARTESIAN_POINT ( 'NONE',  ( 0.9999999999999995559, -2.124999999453763611, -1.224646799147352714E-16 ) ) ;
#1222 = CARTESIAN_POINT ( 'NONE',  ( -0.3917468249999992991, 1.866666666666665808, 0.6785254046037937359 ) ) ;
#1223 = CARTESIAN_POINT ( 'NONE',  ( -0.4999999999999991673, 3.341666667212903175, 0.8660254037844387076 ) ) ;
#1224 = CARTESIAN_POINT ( 'NONE',  ( 2.121150477449812844E-16, 4.525000000546237189, 1.154700538379251018 ) ) ;
#1225 = DIRECTION ( 'NONE',  ( 0.000000000000000000, 0.000000000000000000, 1.000000000000000000 ) ) ;
#1226 = ORIENTED_EDGE ( 'NONE', *, *, #295, .F. ) ;
#1227 = CARTESIAN_POINT ( 'NONE',  ( 1.714505518806294145E-16, 1.599999999999999645, -1.399999999999999689 ) ) ;
#1228 = CARTESIAN_POINT ( 'NONE',  ( -5.539693099254656190E-17, 3.400000001092474466, -0.9047005394717244631 ) ) ;
#1229 = CARTESIAN_POINT ( 'NONE',  ( -0.4999999999999998890, -0.4416666661204299293, -0.8660254037844382635 ) ) ;
#1230 = CARTESIAN_POINT ( 'NONE',  ( 2.121150477449812844E-16, 2.525000000546237633, 1.154700538379251018 ) ) ;
#1231 = CARTESIAN_POINT ( 'NONE',  ( 0.2099364907924136658, 2.082136720504590865, -0.7834936499999990422 ) ) ;
#1232 = CARTESIAN_POINT ( 'NONE',  ( -0.7834936499999994863, 1.133333334425807637, 0.4523502697358626756 ) ) ;
#1233 = CARTESIAN_POINT ( 'NONE',  ( 0.7834936499999993753, 2.033333333333332327, -0.4523502697358626201 ) ) ;
#1234 = CARTESIAN_POINT ( 'NONE',  ( 0.9999999999999993339, 4.308333333879569516, -0.5773502691896257311 ) ) ;
#1235 = CARTESIAN_POINT ( 'NONE',  ( -7.070501591499377789E-17, 3.125000000546236834, -1.154700538379251018 ) ) ;
#1236 = EDGE_LOOP ( 'NONE', ( #1426, #1375, #607, #738 ) ) ;
#1237 = EDGE_CURVE ( 'NONE', #196, #2225, #271, .T. ) ;
#1238 = CARTESIAN_POINT ( 'NONE',  ( 0.000000000000000000, 0.2165063499999977381, 0.000000000000000000 ) ) ;
#1239 = CARTESIAN_POINT ( 'NONE',  ( 0.9999999999999993339, 2.708333333879569871, -0.5773502691896257311 ) ) ;
#1240 = CARTESIAN_POINT ( 'NONE',  ( -5.539693099254656190E-17, 1.400000001092474466, -0.9047005394717244631 ) ) ;
#1241 = CARTESIAN_POINT ( 'NONE',  ( 0.9999999999999995559, -0.1749999994537631554, -1.224646799147352714E-16 ) ) ;
#1242 = CARTESIAN_POINT ( 'NONE',  ( -0.9999999999999991118, 2.508333333879570137, 0.5773502691896260641 ) ) ;
#1243 = CARTESIAN_POINT ( 'NONE',  ( 2.121150477449812844E-16, 2.125000000546236834, 1.154700538379251018 ) ) ;
#1244 = DIRECTION ( 'NONE',  ( -0.000000000000000000, 1.000000000000000000, -0.000000000000000000 ) ) ;
#1245 = CARTESIAN_POINT ( 'NONE',  ( -0.7834936499999993753, 1.433333333333332682, 0.4523502697358626756 ) ) ;
#1246 =( BOUNDED_CURVE ( )  B_SPLINE_CURVE ( 2, ( #298, #74, #461, #1267, #89, #259, #1682, #1080, #2532 ),
 .UNSPECIFIED., .F., .T. ) 
 B_SPLINE_CURVE_WITH_KNOTS ( ( 3, 2, 2, 2, 3 ),
 ( 0.4027777777777777901, 0.4074074074074073848, 0.4166666666666666852, 0.4259259259259259300, 0.4305555555555555802 ),
 .UNSPECIFIED. ) 
 CURVE ( )  GEOMETRIC_REPRESENTATION_ITEM ( )  RATIONAL_B_SPLINE_CURVE ( ( 0.9330127018922194093, 0.9330127018922197424, 1.000000000000000000, 0.8660254037844387076, 1.000000000000000000, 0.8660254037844387076, 1.000000000000000000, 0.9330127018922189652, 0.9330127018922194093 ) ) 
 REPRESENTATION_ITEM ( '' )  );
#1247 = CARTESIAN_POINT ( 'NONE',  ( 2.121150477449812844E-16, 1.375000000546236611, 1.154700538379251018 ) ) ;
#1248 = VECTOR ( 'NONE', #2277, 999.9999999999998863 ) ;
#1249 = CARTESIAN_POINT ( 'NONE',  ( 0.5000000000000002220, 3.758333333879570137, 0.8660254037844381525 ) ) ;
#1250 = CARTESIAN_POINT ( 'NONE',  ( 0.000000000000000000, 0.000000000000000000, 0.000000000000000000 ) ) ;
#1251 = CARTESIAN_POINT ( 'NONE',  ( 0.9999999999999995559, 2.675000000546236656, -1.224646799147352714E-16 ) ) ;
#1252 = CARTESIAN_POINT ( 'NONE',  ( -0.3917468249999992991, 1.566666667759140985, 0.6785254046037937359 ) ) ;
#1253 = CARTESIAN_POINT ( 'NONE',  ( 0.3917468249999996877, 2.166666667759140630, -0.6785254046037934028 ) ) ;
#1254 = CARTESIAN_POINT ( 'NONE',  ( -0.3917468249999999652, 1.833333334425807815, -0.6785254046037932918 ) ) ;
#1255 = CARTESIAN_POINT ( 'NONE',  ( -0.4999999999999991673, 2.091666667212903619, 0.8660254037844387076 ) ) ;
#1256 = CARTESIAN_POINT ( 'NONE',  ( 0.9999999999999993339, -0.5416666661204301292, -0.5773502691896257311 ) ) ;
#1257 = CARTESIAN_POINT ( 'NONE',  ( 3.195622062045156678E-16, 0.2999999999999990452, 0.7834936499999997084 ) ) ;
#1258 = CARTESIAN_POINT ( 'NONE',  ( -0.7834936499999997084, -1.033333333333334103, -0.4523502697358621760 ) ) ;
#1259 = EDGE_CURVE ( 'NONE', #1509, #2108, #79, .T. ) ;
#1260 = CARTESIAN_POINT ( 'NONE',  ( 0.9999999999999998890, 3.041666667212902908, 0.5773502691896250649 ) ) ;
#1261 = CIRCLE ( 'NONE', #378, 2.174999999999999378 ) ;
#1262 = DIRECTION ( 'NONE',  ( 0.000000000000000000, 0.000000000000000000, 1.000000000000000000 ) ) ;
#1263 = CARTESIAN_POINT ( 'NONE',  ( -0.4999999999999991673, 2.541666667212903352, 0.8660254037844387076 ) ) ;
#1264 = CARTESIAN_POINT ( 'NONE',  ( 0.7834936499999999304, 0.06666666775914047161, 0.4523502697358619540 ) ) ;
#1265 = CARTESIAN_POINT ( 'NONE',  ( 0.9999999999999997780, 2.241666667212903086, 0.5773502691896251759 ) ) ;
#1266 =( BOUNDED_CURVE ( )  B_SPLINE_CURVE ( 2, ( #1637, #218, #1837, #1029, #19, #641, #986, #2048, #788 ),
 .UNSPECIFIED., .F., .T. ) 
 B_SPLINE_CURVE_WITH_KNOTS ( ( 3, 2, 2, 2, 3 ),
 ( 0.2660614260560929534, 0.2685185185185185452, 0.2777777777777777901, 0.2870370370370370350, 0.2916666666666666852 ),
 .UNSPECIFIED. ) 
 CURVE ( )  GEOMETRIC_REPRESENTATION_ITEM ( )  RATIONAL_B_SPLINE_CURVE ( ( 0.9477641410852055692, 0.9644476991840812419, 1.000000000000000000, 0.8660254037844387076, 1.000000000000000000, 0.8660254037844387076, 1.000000000000000000, 0.9330127018922189652, 0.9330127018922194093 ) ) 
 REPRESENTATION_ITEM ( '' )  );
#1267 = CARTESIAN_POINT ( 'NONE',  ( 0.7834936499999994863, 1.733333334425807948, -0.4523502697358626201 ) ) ;
#1268 = CARTESIAN_POINT ( 'NONE',  ( 0.9999999999999998890, 0.9916666672129034188, 0.5773502691896250649 ) ) ;
#1269 = DIRECTION ( 'NONE',  ( 0.000000000000000000, 0.7071067811865425767, 0.7071067811865525687 ) ) ;
#1270 = DIRECTION ( 'NONE',  ( 0.000000000000000000, 0.000000000000000000, 1.000000000000000000 ) ) ;
#1271 = CARTESIAN_POINT ( 'NONE',  ( -5.539693099254656190E-17, -0.3000000000000007661, -0.9047005394717244631 ) ) ;
#1272 = CARTESIAN_POINT ( 'NONE',  ( 0.9999999999999993339, 3.108333333879569782, -0.5773502691896257311 ) ) ;
#1273 = CARTESIAN_POINT ( 'NONE',  ( 2.396716546533867705E-15, 2.099999999999999201, -0.7834936499999995974 ) ) ;
#1274 = CARTESIAN_POINT ( 'NONE',  ( 0.9999999999999993339, 1.908333333879569604, -0.5773502691896257311 ) ) ;
#1275 = CARTESIAN_POINT ( 'NONE',  ( 0.7834936499999999304, 1.666666667759140852, 0.4523502697358619540 ) ) ;
#1276 = CYLINDRICAL_SURFACE ( 'NONE', #1845, 2.174999999999999378 ) ;
#1277 = DIRECTION ( 'NONE',  ( 0.000000000000000000, 0.000000000000000000, -1.000000000000000000 ) ) ;
#1278 = EDGE_CURVE ( 'NONE', #2359, #2325, #627, .T. ) ;
#1279 = CARTESIAN_POINT ( 'NONE',  ( 2.121150477449812844E-16, 0.1250000005462367780, 1.154700538379251018 ) ) ;
#1280 = CARTESIAN_POINT ( 'NONE',  ( 0.000000000000000000, 2.999999999999999112, 1.399999999999999689 ) ) ;
#1281 = CARTESIAN_POINT ( 'NONE',  ( -0.7834936499999997084, 0.5999999999999989786, 0.000000000000000000 ) ) ;
#1282 = CARTESIAN_POINT ( 'NONE',  ( -0.7834936499999997084, -0.2333333333333345028, -0.4523502697358621760 ) ) ;
#1283 = VERTEX_POINT ( 'NONE', #1518 ) ;
#1284 = CARTESIAN_POINT ( 'NONE',  ( -0.4999999999999998890, 2.008333333879570137, -0.8660254037844382635 ) ) ;
#1285 = CARTESIAN_POINT ( 'NONE',  ( -0.3917468249999992991, 3.866666666666665808, 0.6785254046037937359 ) ) ;
#1286 = CARTESIAN_POINT ( 'NONE',  ( -0.9999999999999995559, 2.875000000546236834, 0.000000000000000000 ) ) ;
#1287 = ADVANCED_FACE ( 'NONE', ( #1626 ), #2611, .F. ) ;
#1288 = CARTESIAN_POINT ( 'NONE',  ( -5.539693099254656190E-17, 1.800000001092474156, -0.9047005394717244631 ) ) ;
#1289 = CARTESIAN_POINT ( 'NONE',  ( -7.070501591499376556E-17, 0.7750000005462363006, -1.154700538379251018 ) ) ;
#1290 = CARTESIAN_POINT ( 'NONE',  ( 0.7834936499999994863, 0.9333333344258075703, -0.4523502697358626201 ) ) ;
#1291 = CARTESIAN_POINT ( 'NONE',  ( 0.5000000000000002220, 1.358333333879570004, 0.8660254037844381525 ) ) ;
#1292 = CARTESIAN_POINT ( 'NONE',  ( 9.595029906247763484E-17, 2.999999999999999112, -0.7834936499999997084 ) ) ;
#1293 = CARTESIAN_POINT ( 'NONE',  ( 0.2099364907924136658, 2.482136720504591221, -0.7834936499999990422 ) ) ;
#1294 = CARTESIAN_POINT ( 'NONE',  ( -0.7834936499999997084, 0.1999999999999987899, 0.000000000000000000 ) ) ;
#1295 = ORIENTED_EDGE ( 'NONE', *, *, #918, .F. ) ;
#1296 = CARTESIAN_POINT ( 'NONE',  ( -0.5632630371436034844, 2.959492346337971647, 0.7859471200235546018 ) ) ;
#1297 = CARTESIAN_POINT ( 'NONE',  ( -0.9999999999999995559, 2.475000000546236478, 0.000000000000000000 ) ) ;
#1298 = ADVANCED_FACE ( 'NONE', ( #1991 ), #2429, .F. ) ;
#1299 = CARTESIAN_POINT ( 'NONE',  ( 0.2099364907924136658, 2.182136721597065510, -0.7834936499999990422 ) ) ;
#1300 = CARTESIAN_POINT ( 'NONE',  ( -0.9999999999999995559, 1.275000000546236301, 0.000000000000000000 ) ) ;
#1301 = CARTESIAN_POINT ( 'NONE',  ( 1.661907929776396734E-16, -1.199999998907525400, 0.9047005394717244631 ) ) ;
#1302 = CARTESIAN_POINT ( 'NONE',  ( 0.9999999999999993339, 0.3083333338795698486, -0.5773502691896257311 ) ) ;
#1303 = CARTESIAN_POINT ( 'NONE',  ( -0.9999999999999995559, 0.01334843999596259552, -0.2018109486053972501 ) ) ;
#1304 = ORIENTED_EDGE ( 'NONE', *, *, #539, .T. ) ;
#1305 = CARTESIAN_POINT ( 'NONE',  ( 0.3917468249999996877, 4.566666667759140985, -0.6785254046037934028 ) ) ;
#1306 = CARTESIAN_POINT ( 'NONE',  ( -7.070501591499377789E-17, 4.725000000546236478, -1.154700538379251018 ) ) ;
#1307 = CARTESIAN_POINT ( 'NONE',  ( 0.7912885878711898302, 2.977752573070982844, 0.6978498591651407512 ) ) ;
#1308 = CARTESIAN_POINT ( 'NONE',  ( -0.7834936499999997084, -0.6333333333333347470, -0.4523502697358621760 ) ) ;
#1309 = ORIENTED_EDGE ( 'NONE', *, *, #2131, .F. ) ;
#1310 = CARTESIAN_POINT ( 'NONE',  ( -0.9007629946732091941, 2.912847896016574900, -0.1911015856849558048 ) ) ;
#1311 = CARTESIAN_POINT ( 'NONE',  ( -7.070501591499377789E-17, 0.3750000005462361119, -1.154700538379251018 ) ) ;
#1312 = CARTESIAN_POINT ( 'NONE',  ( -7.070501591499377789E-17, -1.674999999453763433, -1.154700538379251018 ) ) ;
#1313 = CARTESIAN_POINT ( 'NONE',  ( 0.4999999999999995559, 0.7416666672129031967, -0.8660254037844383745 ) ) ;
#1314 = EDGE_LOOP ( 'NONE', ( #952, #1638 ) ) ;
#1315 = ADVANCED_FACE ( 'NONE', ( #381 ), #1815, .F. ) ;
#1316 = CARTESIAN_POINT ( 'NONE',  ( 0.7834936499999997084, -1.499999998907526333, -9.595029906247763484E-17 ) ) ;
#1317 = CARTESIAN_POINT ( 'NONE',  ( 0.9999999999999995559, 1.075000000546236567, -1.224646799147352714E-16 ) ) ;
#1318 = CARTESIAN_POINT ( 'NONE',  ( -0.9999999999999991118, 0.05833333387956964738, 0.5773502691896260641 ) ) ;
#1319 = ORIENTED_EDGE ( 'NONE', *, *, #2437, .T. ) ;
#1320 = CARTESIAN_POINT ( 'NONE',  ( -0.9999999999999996669, -1.208333332787096204, -0.5773502691896252870 ) ) ;
#1321 = CARTESIAN_POINT ( 'NONE',  ( 0.9999999999999993339, 4.658333333879570937, -0.5773502691896257311 ) ) ;
#1322 = VECTOR ( 'NONE', #464, 1000.000000000000000 ) ;
#1323 = ORIENTED_EDGE ( 'NONE', *, *, #382, .F. ) ;
#1324 = CARTESIAN_POINT ( 'NONE',  ( -0.4999999999999998890, 0.008333333879569949920, -0.8660254037844382635 ) ) ;
#1325 = CARTESIAN_POINT ( 'NONE',  ( -7.070501591499377789E-17, 0.7750000005462363006, -1.154700538379251018 ) ) ;
#1326 = VERTEX_POINT ( 'NONE', #1804 ) ;
#1327 = CARTESIAN_POINT ( 'NONE',  ( -0.7834936499999997084, -0.9333333322408594590, -0.4523502697358621760 ) ) ;
#1328 = CARTESIAN_POINT ( 'NONE',  ( 0.9999999999999995559, 4.275000000546237189, -1.224646799147352714E-16 ) ) ;
#1329 = CARTESIAN_POINT ( 'NONE',  ( 0.9999999999999997780, 1.441666667212903263, 0.5773502691896251759 ) ) ;
#1330 = PLANE ( 'NONE',  #274 ) ;
#1331 = ORIENTED_EDGE ( 'NONE', *, *, #1215, .T. ) ;
#1332 = CARTESIAN_POINT ( 'NONE',  ( 0.9999999999999993339, -1.741666666120429863, -0.5773502691896257311 ) ) ;
#1333 = CARTESIAN_POINT ( 'NONE',  ( -0.4999999999999998890, 3.958333333879570315, -0.8660254037844382635 ) ) ;
#1334 = CARTESIAN_POINT ( 'NONE',  ( 0.9999999999999995559, 2.225000000546236478, -1.224646799147352714E-16 ) ) ;
#1335 = CARTESIAN_POINT ( 'NONE',  ( 1.224646799147352714E-16, 0.000000000000000000, 0.9999999999999995559 ) ) ;
#1336 = FACE_OUTER_BOUND ( 'NONE', #1148, .T. ) ;
#1337 = CARTESIAN_POINT ( 'NONE',  ( -0.9999999999999991118, 0.5083333338795694711, 0.5773502691896259531 ) ) ;
#1338 = CARTESIAN_POINT ( 'NONE',  ( -0.7834936499999997084, 4.999999999999999112, 0.000000000000000000 ) ) ;
#1339 = CARTESIAN_POINT ( 'NONE',  ( -0.9999999999999996669, 0.4416666672129032634, -0.5773502691896252870 ) ) ;
#1340 = ORIENTED_EDGE ( 'NONE', *, *, #319, .F. ) ;
#1341 = CARTESIAN_POINT ( 'NONE',  ( 0.7834936499999999304, -0.3333333322408588151, 0.4523502697358619540 ) ) ;
#1342 = CARTESIAN_POINT ( 'NONE',  ( -1.016788837923458920E-16, 0.8999999999999989120, -0.7834936499999995974 ) ) ;
#1343 = CARTESIAN_POINT ( 'NONE',  ( -0.9999999999999996669, 0.8416666672129033966, -0.5773502691896253980 ) ) ;
#1344 = DIRECTION ( 'NONE',  ( -0.000000000000000000, 1.000000000000000000, -0.000000000000000000 ) ) ;
#1345 =( BOUNDED_CURVE ( )  B_SPLINE_CURVE ( 2, ( #2518, #700, #325, #541, #312, #1531, #1132, #2558, #937 ),
 .UNSPECIFIED., .F., .T. ) 
 B_SPLINE_CURVE_WITH_KNOTS ( ( 3, 2, 2, 2, 3 ),
 ( 0.5694444444444444198, 0.5740740740740740700, 0.5833333333333333703, 0.5925925925925925597, 0.5972222222222222099 ),
 .UNSPECIFIED. ) 
 CURVE ( )  GEOMETRIC_REPRESENTATION_ITEM ( )  RATIONAL_B_SPLINE_CURVE ( ( 0.9330127018922194093, 0.9330127018922194093, 1.000000000000000000, 0.8660254037844387076, 1.000000000000000000, 0.8660254037844387076, 1.000000000000000000, 0.9330127018922194093, 0.9330127018922194093 ) ) 
 REPRESENTATION_ITEM ( '' )  );
#1346 = ORIENTED_EDGE ( 'NONE', *, *, #1278, .F. ) ;
#1347 = CARTESIAN_POINT ( 'NONE',  ( -0.7834936499999997084, 4.300000001092474378, 0.000000000000000000 ) ) ;
#1348 = AXIS2_PLACEMENT_3D ( 'NONE', #1470, #679, #2273 ) ;
#1349 = CARTESIAN_POINT ( 'NONE',  ( 0.9999999999999993339, 4.258333333879570581, -0.5773502691896257311 ) ) ;
#1350 = CARTESIAN_POINT ( 'NONE',  ( 0.9999999999999995559, 1.025000000546236967, -1.224646799147352714E-16 ) ) ;
#1351 = DIRECTION ( 'NONE',  ( -0.000000000000000000, 1.000000000000000000, -0.000000000000000000 ) ) ;
#1352 = CARTESIAN_POINT ( 'NONE',  ( 0.2258564664174185221, 0.1941623854869949373, -0.7816995350804561982 ) ) ;
#1353 = CARTESIAN_POINT ( 'NONE',  ( 0.9999999999999995559, 1.075000000546236567, -1.224646799147352714E-16 ) ) ;
#1354 = CARTESIAN_POINT ( 'NONE',  ( -5.539693099254656190E-17, 4.499999999999999112, -0.9047005394717244631 ) ) ;
#1355 = CARTESIAN_POINT ( 'NONE',  ( -0.9999999999999996669, 1.241666667212903308, -0.5773502691896252870 ) ) ;
#1356 = CARTESIAN_POINT ( 'NONE',  ( 0.3917468250000001873, -0.7666666655741921632, 0.6785254046037931808 ) ) ;
#1357 = CARTESIAN_POINT ( 'NONE',  ( -0.4999999999999998890, 4.808333333879570404, -0.8660254037844382635 ) ) ;
#1358 = CARTESIAN_POINT ( 'NONE',  ( 0.2099364907924128609, 1.517863279495407225, 0.7834936499999995974 ) ) ;
#1359 = ORIENTED_EDGE ( 'NONE', *, *, #138, .F. ) ;
#1360 = CARTESIAN_POINT ( 'NONE',  ( 2.121150477449812844E-16, -1.474999999453763255, 1.154700538379251018 ) ) ;
#1361 = CARTESIAN_POINT ( 'NONE',  ( 0.4999999999999995559, 1.891666667212903663, -0.8660254037844383745 ) ) ;
#1362 = CARTESIAN_POINT ( 'NONE',  ( -7.070501591499377789E-17, 2.325000000546236567, -1.154700538379251018 ) ) ;
#1363 = ADVANCED_FACE ( 'NONE', ( #2215 ), #2614, .F. ) ;
#1364 = CARTESIAN_POINT ( 'NONE',  ( 0.000000000000000000, 1.599999999999999645, 0.000000000000000000 ) ) ;
#1365 = CARTESIAN_POINT ( 'NONE',  ( -0.3917468249999992991, 2.666666666666665630, 0.6785254046037937359 ) ) ;
#1366 = CARTESIAN_POINT ( 'NONE',  ( 0.4999999999999995559, -0.05833333278709718073, -0.8660254037844383745 ) ) ;
#1367 = CARTESIAN_POINT ( 'NONE',  ( 1.661907929776396734E-16, 3.099999999999999201, 0.9047005394717244631 ) ) ;
#1368 = APPLICATION_CONTEXT ( 'automotive_design' ) ;
#1369 =( BOUNDED_CURVE ( )  B_SPLINE_CURVE ( 2, ( #877, #1075, #1042, #2289, #2443, #2087, #2042, #57, #1678 ),
 .UNSPECIFIED., .F., .T. ) 
 B_SPLINE_CURVE_WITH_KNOTS ( ( 3, 2, 2, 2, 3 ),
 ( 0.4861111111111111049, 0.4907407407407407551, 0.5000000000000000000, 0.5092592592592593004, 0.5138888888888889506 ),
 .UNSPECIFIED. ) 
 CURVE ( )  GEOMETRIC_REPRESENTATION_ITEM ( )  RATIONAL_B_SPLINE_CURVE ( ( 0.9330127018922194093, 0.9330127018922194093, 1.000000000000000000, 0.8660254037844387076, 1.000000000000000000, 0.8660254037844387076, 1.000000000000000000, 0.9330127018922185211, 0.9330127018922192983 ) ) 
 REPRESENTATION_ITEM ( '' )  );
#1370 = CARTESIAN_POINT ( 'NONE',  ( -0.9999999999999991118, -1.891666666120430662, 0.5773502691896259531 ) ) ;
#1371 = ORIENTED_EDGE ( 'NONE', *, *, #1848, .T. ) ;
#1372 = CARTESIAN_POINT ( 'NONE',  ( -4.735330873757823543E-15, 1.099999999999998535, 0.7834936499999998194 ) ) ;
#1373 = CARTESIAN_POINT ( 'NONE',  ( -0.7834936499999997084, 2.199999999999999289, 0.000000000000000000 ) ) ;
#1374 = DIRECTION ( 'NONE',  ( 0.000000000000000000, 0.000000000000000000, 1.000000000000000000 ) ) ;
#1375 = ORIENTED_EDGE ( 'NONE', *, *, #1862, .T. ) ;
#1376 = ADVANCED_FACE ( 'NONE', ( #796 ), #980, .T. ) ;
#1377 = CARTESIAN_POINT ( 'NONE',  ( -0.7834936499999997084, 3.066666667759140541, -0.4523502697358621760 ) ) ;
#1378 = CARTESIAN_POINT ( 'NONE',  ( -0.4999999999999998890, 3.158333333879570048, -0.8660254037844382635 ) ) ;
#1379 = VECTOR ( 'NONE', #483, 999.9999999999998863 ) ;
#1380 = CARTESIAN_POINT ( 'NONE',  ( 0.9999999999999993339, 1.858333333879570226, -0.5773502691896257311 ) ) ;
#1381 = VECTOR ( 'NONE', #1139, 1000.000000000000000 ) ;
#1382 = CARTESIAN_POINT ( 'NONE',  ( -0.1939777608052216940, 0.2165053687114053271, -0.7591013949148235351 ) ) ;
#1383 = CARTESIAN_POINT ( 'NONE',  ( 3.195622062045156678E-16, 0.6999999999999992895, 0.7834936499999997084 ) ) ;
#1384 = CARTESIAN_POINT ( 'NONE',  ( -0.9999999999999996669, -1.558333332787096959, -0.5773502691896252870 ) ) ;
#1385 = CARTESIAN_POINT ( 'NONE',  ( 0.3917468249999996877, 4.466666666666665897, -0.6785254046037934028 ) ) ;
#1386 = CARTESIAN_POINT ( 'NONE',  ( -0.4999999999999998890, 4.008333333879569693, -0.8660254037844382635 ) ) ;
#1387 = CARTESIAN_POINT ( 'NONE',  ( -0.9999999999999996669, -0.7583333327870972473, -0.5773502691896252870 ) ) ;
#1388 = EDGE_CURVE ( 'NONE', #1652, #2122, #889, .T. ) ;
#1389 = SURFACE_STYLE_FILL_AREA ( #2402 ) ;
#1390 = EDGE_CURVE ( 'NONE', #207, #2415, #1644, .T. ) ;
#1391 = CARTESIAN_POINT ( 'NONE',  ( -0.2099364907924122226, 2.282136720504591043, 0.7834936499999999304 ) ) ;
#1392 = DIRECTION ( 'NONE',  ( 0.000000000000000000, 0.000000000000000000, 1.000000000000000000 ) ) ;
#1393 = CARTESIAN_POINT ( 'NONE',  ( -0.7834936499999997084, 3.900000001092474466, 0.000000000000000000 ) ) ;
#1394 = CARTESIAN_POINT ( 'NONE',  ( 0.9999999999999998890, 2.591666667212903619, 0.5773502691896250649 ) ) ;
#1395 = CARTESIAN_POINT ( 'NONE',  ( -0.9999999999999995559, 2.025000000546237189, 0.000000000000000000 ) ) ;
#1396 = CARTESIAN_POINT ( 'NONE',  ( 0.8355132316686963989, 2.796738206645350555, -0.03339242928917392217 ) ) ;
#1397 = VECTOR ( 'NONE', #662, 1000.000000000000000 ) ;
#1398 = CARTESIAN_POINT ( 'NONE',  ( -2.178833224121697412E-15, 1.600000001092473534, 0.7834936499999997084 ) ) ;
#1399 = B_SPLINE_CURVE_WITH_KNOTS ( 'NONE', 3,
 ( #2224, #170, #569, #1600 ),
 .UNSPECIFIED., .F., .F.,
 ( 4, 4 ),
 ( 0.000000000000000000, 0.0002075784810245952477 ),
 .UNSPECIFIED. ) ;
#1400 = CARTESIAN_POINT ( 'NONE',  ( -0.7834936499999997084, 2.999999999999999112, 0.000000000000000000 ) ) ;
#1401 = CARTESIAN_POINT ( 'NONE',  ( -0.9999999999999995559, 4.875000000546236834, 0.000000000000000000 ) ) ;
#1402 = CARTESIAN_POINT ( 'NONE',  ( -0.9999999999999996669, 4.791666667212903796, -0.5773502691896252870 ) ) ;
#1403 = EDGE_LOOP ( 'NONE', ( #633, #2116, #729, #994 ) ) ;
#1404 = CARTESIAN_POINT ( 'NONE',  ( 0.000000000000000000, 2.999999999999999112, 0.000000000000000000 ) ) ;
#1405 = CARTESIAN_POINT ( 'NONE',  ( -0.3917468249999999652, 2.233333334425807504, -0.6785254046037932918 ) ) ;
#1406 = CARTESIAN_POINT ( 'NONE',  ( -0.9999999999999996669, 3.191666667212903263, -0.5773502691896252870 ) ) ;
#1407 = CARTESIAN_POINT ( 'NONE',  ( 0.4999999999999995559, -0.1083333327870968782, -0.8660254037844383745 ) ) ;
#1408 = CARTESIAN_POINT ( 'NONE',  ( 0.9999999999999993339, 1.458333333879570315, -0.5773502691896257311 ) ) ;
#1409 = CARTESIAN_POINT ( 'NONE',  ( -0.4999999999999991673, -1.458333332787097314, 0.8660254037844387076 ) ) ;
#1410 = CARTESIAN_POINT ( 'NONE',  ( 0.3917468250000001873, 2.733333333333332504, 0.6785254046037931808 ) ) ;
#1411 = CARTESIAN_POINT ( 'NONE',  ( -0.4999999999999991673, 4.541666667212903796, 0.8660254037844387076 ) ) ;
#1412 = CARTESIAN_POINT ( 'NONE',  ( 0.9999999999999993339, -2.091666666120430396, -0.5773502691896257311 ) ) ;
#1413 = CYLINDRICAL_SURFACE ( 'NONE', #1515, 1.399999999999999689 ) ;
#1414 = ORIENTED_EDGE ( 'NONE', *, *, #1237, .F. ) ;
#1415 = CARTESIAN_POINT ( 'NONE',  ( 0.000000000000000000, 2.999999999999999112, 0.000000000000000000 ) ) ;
#1416 = CARTESIAN_POINT ( 'NONE',  ( 0.7834936499999997084, 2.500000001092474111, -9.595029906247763484E-17 ) ) ;
#1417 = CARTESIAN_POINT ( 'NONE',  ( 0.9999999999999998890, 3.391666667212902997, 0.5773502691896250649 ) ) ;
#1418 = CARTESIAN_POINT ( 'NONE',  ( -0.9999999999999996669, -1.208333332787096204, -0.5773502691896252870 ) ) ;
#1419 = CARTESIAN_POINT ( 'NONE',  ( -0.4999999999999998890, 1.158333333879569826, -0.8660254037844382635 ) ) ;
#1420 = CARTESIAN_POINT ( 'NONE',  ( -7.070501591499377789E-17, -1.224999999453763699, -1.154700538379251018 ) ) ;
#1421 = CARTESIAN_POINT ( 'NONE',  ( -0.7834936499999997084, 0.9666666666666660079, -0.4523502697358621760 ) ) ;
#1422 = VECTOR ( 'NONE', #2550, 1000.000000000000000 ) ;
#1423 = CARTESIAN_POINT ( 'NONE',  ( 0.9999999999999995559, 3.475000000546236478, -1.224646799147352714E-16 ) ) ;
#1424 = CARTESIAN_POINT ( 'NONE',  ( 0.5000000000000002220, -1.791666666120430351, 0.8660254037844381525 ) ) ;
#1425 = DIRECTION ( 'NONE',  ( -0.000000000000000000, 1.000000000000000000, -0.000000000000000000 ) ) ;
#1426 = ORIENTED_EDGE ( 'NONE', *, *, #1870, .T. ) ;
#1427 = CARTESIAN_POINT ( 'NONE',  ( -0.06599131003591632294, 0.2095546755854681698, -0.7904453244145320800 ) ) ;
#1428 = CARTESIAN_POINT ( 'NONE',  ( 0.3917468250000001873, 4.033333334425807770, 0.6785254046037931808 ) ) ;
#1429 = CARTESIAN_POINT ( 'NONE',  ( -7.070501591499377789E-17, 1.525000000546237189, -1.154700538379251018 ) ) ;
#1430 = CARTESIAN_POINT ( 'NONE',  ( 0.5000000000000002220, -0.2416666661204302791, 0.8660254037844381525 ) ) ;
#1431 = CARTESIAN_POINT ( 'NONE',  ( 0.5000000000000002220, 1.358333333879570004, 0.8660254037844381525 ) ) ;
#1432 = DIRECTION ( 'NONE',  ( -0.000000000000000000, 1.000000000000000000, -0.000000000000000000 ) ) ;
#1433 = CARTESIAN_POINT ( 'NONE',  ( -0.3917468249999999652, 0.9333333333333320159, -0.6785254046037932918 ) ) ;
#1434 = EDGE_CURVE ( 'NONE', #844, #2325, #2187, .T. ) ;
#1435 = CARTESIAN_POINT ( 'NONE',  ( 0.9999999999999995559, 4.275000000546237189, -1.224646799147352714E-16 ) ) ;
#1436 = CARTESIAN_POINT ( 'NONE',  ( -0.4999999999999991673, 4.091666667212903619, 0.8660254037844387076 ) ) ;
#1437 = ORIENTED_EDGE ( 'NONE', *, *, #581, .F. ) ;
#1438 = CARTESIAN_POINT ( 'NONE',  ( -0.7834936499999994863, 1.833333333333332149, 0.4523502697358626756 ) ) ;
#1439 = CARTESIAN_POINT ( 'NONE',  ( 0.9999999999999998890, 1.841666667212902952, 0.5773502691896250649 ) ) ;
#1440 = CARTESIAN_POINT ( 'NONE',  ( -5.539693099254656190E-17, 1.000000001092474333, -0.9047005394717244631 ) ) ;
#1441 = CARTESIAN_POINT ( 'NONE',  ( 0.9999999999999998890, -0.2083333327870962592, 0.5773502691896250649 ) ) ;
#1442 = CARTESIAN_POINT ( 'NONE',  ( -0.3917468249999992991, 2.366666667759140807, 0.6785254046037937359 ) ) ;
#1443 = CARTESIAN_POINT ( 'NONE',  ( -7.070501591499376556E-17, 1.125000000546236834, -1.154700538379251018 ) ) ;
#1444 = CARTESIAN_POINT ( 'NONE',  ( 0.000000000000000000, 2.999999999999999556, 0.000000000000000000 ) ) ;
#1445 = CARTESIAN_POINT ( 'NONE',  ( 0.7834936499999999304, 1.566666666666665986, 0.4523502697358619540 ) ) ;
#1446 = CARTESIAN_POINT ( 'NONE',  ( -7.070501591499377789E-17, 1.575000000546236567, -1.154700538379251018 ) ) ;
#1447 = CARTESIAN_POINT ( 'NONE',  ( -0.4999999999999998890, 3.558333333879569960, -0.8660254037844382635 ) ) ;
#1448 = COLOUR_RGB ( '',0.7921568627450980005, 0.8196078431372548767, 0.9333333333333333481 ) ;
#1449 = EDGE_LOOP ( 'NONE', ( #1763, #758, #1163, #1111 ) ) ;
#1450 = CARTESIAN_POINT ( 'NONE',  ( -0.2099364907924115564, 1.717863279495407403, -0.7834936500000000414 ) ) ;
#1451 = CARTESIAN_POINT ( 'NONE',  ( 2.121150477449812844E-16, 2.175000000546236656, 1.154700538379251018 ) ) ;
#1452 = CARTESIAN_POINT ( 'NONE',  ( 0.7834936499999993753, 0.5333333344258077702, -0.4523502697358626201 ) ) ;
#1453 = CARTESIAN_POINT ( 'NONE',  ( -0.9999999999999996669, 0.7916666672129036852, -0.5773502691896252870 ) ) ;
#1454 = CARTESIAN_POINT ( 'NONE',  ( 0.4999999999999995559, 2.341666667212903175, -0.8660254037844383745 ) ) ;
#1455 = ADVANCED_FACE ( 'NONE', ( #2190 ), #2202, .F. ) ;
#1456 = CARTESIAN_POINT ( 'NONE',  ( -0.9999999999999991118, 1.658333333879570048, 0.5773502691896260641 ) ) ;
#1457 = CARTESIAN_POINT ( 'NONE',  ( -0.9999999999999996669, -0.4083333327870968255, -0.5773502691896252870 ) ) ;
#1458 = DIRECTION ( 'NONE',  ( -0.000000000000000000, 1.000000000000000000, -0.000000000000000000 ) ) ;
#1459 = CARTESIAN_POINT ( 'NONE',  ( -0.3917468249999992991, -0.9333333333333346804, 0.6785254046037937359 ) ) ;
#1460 = CARTESIAN_POINT ( 'NONE',  ( 0.5000000000000002220, 2.608333333879569782, 0.8660254037844381525 ) ) ;
#1461 = AXIS2_PLACEMENT_3D ( 'NONE', #1019, #1827, #1392 ) ;
#1462 = CARTESIAN_POINT ( 'NONE',  ( 2.121150477449812844E-16, 4.125000000546236834, 1.154700538379251018 ) ) ;
#1463 = CARTESIAN_POINT ( 'NONE',  ( -0.2099364907924133883, 1.882136720504590910, 0.7834936499999992643 ) ) ;
#1464 = CARTESIAN_POINT ( 'NONE',  ( -0.9999999999999995559, 2.475000000546236478, 0.000000000000000000 ) ) ;
#1465 = CARTESIAN_POINT ( 'NONE',  ( -0.7834936499999997084, -0.09999999890752606091, 0.000000000000000000 ) ) ;
#1466 = CARTESIAN_POINT ( 'NONE',  ( 0.9999999999999993339, -2.141666666120430218, -0.5773502691896257311 ) ) ;
#1467 = CARTESIAN_POINT ( 'NONE',  ( -0.9999999999999996669, 2.441666667212903263, -0.5773502691896253980 ) ) ;
#1468 = CARTESIAN_POINT ( 'NONE',  ( -0.6701842547642753445, 0.2429747129187079802, 0.5177694795769215430 ) ) ;
#1469 = CARTESIAN_POINT ( 'NONE',  ( 0.5000000000000002220, -0.6416666661204295519, 0.8660254037844381525 ) ) ;
#1470 = CARTESIAN_POINT ( 'NONE',  ( 0.000000000000000000, 2.999999999999999112, 0.000000000000000000 ) ) ;
#1471 = FACE_OUTER_BOUND ( 'NONE', #1449, .T. ) ;
#1472 = CARTESIAN_POINT ( 'NONE',  ( -0.7834936499999993753, -0.9666666666666677843, 0.4523502697358626756 ) ) ;
#1473 = CARTESIAN_POINT ( 'NONE',  ( 0.5000000000000002220, 1.808333333879569960, 0.8660254037844381525 ) ) ;
#1474 = AXIS2_PLACEMENT_3D ( 'NONE', #425, #1059, #65 ) ;
#1475 = FACE_OUTER_BOUND ( 'NONE', #2141, .T. ) ;
#1476 = CARTESIAN_POINT ( 'NONE',  ( 2.121150477449812844E-16, 2.575000000546237011, 1.154700538379251018 ) ) ;
#1477 = CARTESIAN_POINT ( 'NONE',  ( 1.661907929776396734E-16, 1.092474201380699839E-09, 0.9047005394717244631 ) ) ;
#1478 = CARTESIAN_POINT ( 'NONE',  ( -0.7834936499999997084, 2.266666667759141163, -0.4523502697358621205 ) ) ;
#1479 = CARTESIAN_POINT ( 'NONE',  ( 0.9999999999999997780, 0.1916666672129030413, 0.5773502691896251759 ) ) ;
#1480 = CARTESIAN_POINT ( 'NONE',  ( 0.9999999999999993339, 0.2583333338795701373, -0.5773502691896257311 ) ) ;
#1481 = CARTESIAN_POINT ( 'NONE',  ( 0.6701842544396320323, 2.757025287053666229, 0.5177694797643541680 ) ) ;
#1482 = CYLINDRICAL_SURFACE ( 'NONE', #401, 0.7834936499999997084 ) ;
#1483 = CARTESIAN_POINT ( 'NONE',  ( -0.3917468249999992991, 0.2666666666666659413, 0.6785254046037937359 ) ) ;
#1484 = B_SPLINE_CURVE_WITH_KNOTS ( 'NONE', 3,
 ( #2082, #275, #642, #437, #1846, #2506, #2049, #2284 ),
 .UNSPECIFIED., .F., .F.,
 ( 4, 2, 2, 4 ),
 ( 0.0002075784810245952477, 0.0004803053007446481961, 0.0007530321204647011987, 0.001298485759904807529 ),
 .UNSPECIFIED. ) ;
#1485 = CARTESIAN_POINT ( 'NONE',  ( -0.4999999999999998890, 3.208333333879569871, -0.8660254037844382635 ) ) ;
#1486 = EDGE_CURVE ( 'NONE', #2225, #497, #454, .T. ) ;
#1487 = CARTESIAN_POINT ( 'NONE',  ( -0.3917468249999999652, 3.333333333333332149, -0.6785254046037932918 ) ) ;
#1488 = CARTESIAN_POINT ( 'NONE',  ( -0.4999999999999998890, 3.208333333879569871, -0.8660254037844382635 ) ) ;
#1489 = CARTESIAN_POINT ( 'NONE',  ( 0.7834936499999993753, 0.9333333344258075703, -0.4523502697358626201 ) ) ;
#1490 = CARTESIAN_POINT ( 'NONE',  ( -0.2099364907924122226, 1.982136721597066220, 0.7834936499999999304 ) ) ;
#1491 = CARTESIAN_POINT ( 'NONE',  ( 0.7834936499999997084, 0.9000000010924743554, -9.595029906247763484E-17 ) ) ;
#1492 = CARTESIAN_POINT ( 'NONE',  ( 0.5000000000000002220, 0.9583333338795703149, 0.8660254037844381525 ) ) ;
#1493 = CARTESIAN_POINT ( 'NONE',  ( 0.2099364907924128609, 1.217863280587882180, 0.7834936499999995974 ) ) ;
#1494 = CARTESIAN_POINT ( 'NONE',  ( -5.539693099254656190E-17, 0.4999999999999986677, -0.9047005394717244631 ) ) ;
#1495 = ORIENTED_EDGE ( 'NONE', *, *, #2056, .T. ) ;
#1496 = CARTESIAN_POINT ( 'NONE',  ( -0.2404025286999673383, 2.973742872927732428, 0.9512018057309032937 ) ) ;
#1497 = CARTESIAN_POINT ( 'NONE',  ( -0.4999999999999998890, 2.808333333879569960, -0.8660254037844382635 ) ) ;
#1498 = AXIS2_PLACEMENT_3D ( 'NONE', #1250, #2490, #266 ) ;
#1499 = CARTESIAN_POINT ( 'NONE',  ( 0.7834936499999999304, 4.766666666666664831, 0.4523502697358619540 ) ) ;
#1500 = CARTESIAN_POINT ( 'NONE',  ( 0.9999999999999993339, -0.09166666612043031237, -0.5773502691896257311 ) ) ;
#1501 = CARTESIAN_POINT ( 'NONE',  ( -0.7834936499999997084, -2.133333332240859193, -0.4523502697358621760 ) ) ;
#1502 = CARTESIAN_POINT ( 'NONE',  ( -0.9999999999999991118, 0.5083333338795694711, 0.5773502691896260641 ) ) ;
#1503 = CARTESIAN_POINT ( 'NONE',  ( 0.000000000000000000, 2.783493650000002706, 0.000000000000000000 ) ) ;
#1504 = ORIENTED_EDGE ( 'NONE', *, *, #415, .F. ) ;
#1505 = CARTESIAN_POINT ( 'NONE',  ( -0.4999999999999998890, 1.158333333879569826, -0.8660254037844382635 ) ) ;
#1506 = DIRECTION ( 'NONE',  ( 0.000000000000000000, 0.000000000000000000, -1.000000000000000000 ) ) ;
#1507 = CARTESIAN_POINT ( 'NONE',  ( 0.7834936499999997084, 2.399999999999999023, -9.595029906247763484E-17 ) ) ;
#1508 = CARTESIAN_POINT ( 'NONE',  ( -0.7834936499999997084, 0.1666666666666656582, -0.4523502697358621760 ) ) ;
#1509 = VERTEX_POINT ( 'NONE', #2391 ) ;
#1510 = CARTESIAN_POINT ( 'NONE',  ( -0.8013509810482772888, 2.943870107837812444, 0.5129521946896540285 ) ) ;
#1511 = CARTESIAN_POINT ( 'NONE',  ( 2.121150477449812844E-16, 0.9750000005462363672, 1.154700538379251018 ) ) ;
#1512 = CARTESIAN_POINT ( 'NONE',  ( -0.4999999999999991673, -1.508333332787097136, 0.8660254037844387076 ) ) ;
#1513 = CARTESIAN_POINT ( 'NONE',  ( -0.9999999999999995559, 0.8750000005462366115, 0.000000000000000000 ) ) ;
#1514 = ORIENTED_EDGE ( 'NONE', *, *, #2501, .F. ) ;
#1515 = AXIS2_PLACEMENT_3D ( 'NONE', #964, #1775, #2585 ) ;
#1516 = CARTESIAN_POINT ( 'NONE',  ( 0.3917468250000001873, -0.3666666655741928627, 0.6785254046037931808 ) ) ;
#1517 =( BOUNDED_CURVE ( )  B_SPLINE_CURVE ( 2, ( #667, #1066, #62, #1290, #1491, #871, #2103, #1092, #895 ),
 .UNSPECIFIED., .F., .T. ) 
 B_SPLINE_CURVE_WITH_KNOTS ( ( 3, 2, 2, 2, 3 ),
 ( 0.5138888888888889506, 0.5185185185185184897, 0.5277777777777777901, 0.5370370370370370905, 0.5416666666666667407 ),
 .UNSPECIFIED. ) 
 CURVE ( )  GEOMETRIC_REPRESENTATION_ITEM ( )  RATIONAL_B_SPLINE_CURVE ( ( 0.9330127018922192983, 0.9330127018922200755, 1.000000000000000000, 0.8660254037844387076, 1.000000000000000000, 0.8660254037844387076, 1.000000000000000000, 0.9330127018922185211, 0.9330127018922192983 ) ) 
 REPRESENTATION_ITEM ( '' )  );
#1518 = CARTESIAN_POINT ( 'NONE',  ( 2.663606788145492628E-16, 1.599999999999999867, -2.174999999999999378 ) ) ;
#1519 = CARTESIAN_POINT ( 'NONE',  ( 0.5000000000000002220, 0.1583333338795699097, 0.8660254037844381525 ) ) ;
#1520 = VERTEX_POINT ( 'NONE', #430 ) ;
#1521 = CARTESIAN_POINT ( 'NONE',  ( 0.4999999999999995559, -0.9083333327870963814, -0.8660254037844383745 ) ) ;
#1522 = CARTESIAN_POINT ( 'NONE',  ( -0.7129114001122819344, 0.04570259263260659233, 0.6392405388668249699 ) ) ;
#1523 = CARTESIAN_POINT ( 'NONE',  ( -1.016788837923458920E-16, 0.6000000010924740890, -0.7834936499999995974 ) ) ;
#1524 = CARTESIAN_POINT ( 'NONE',  ( -0.7324405202956009164, 2.949347719779902732, 0.6157699103737555024 ) ) ;
#1525 = CARTESIAN_POINT ( 'NONE',  ( 0.9999999999999993339, 1.108333333879569782, -0.5773502691896257311 ) ) ;
#1526 = CARTESIAN_POINT ( 'NONE',  ( 0.5000000000000002220, 0.2083333338795695933, 0.8660254037844381525 ) ) ;
#1527 = ORIENTED_EDGE ( 'NONE', *, *, #711, .F. ) ;
#1528 = CARTESIAN_POINT ( 'NONE',  ( 0.7834936499999999304, -1.933333332240859681, 0.4523502697358619540 ) ) ;
#1529 = DIRECTION ( 'NONE',  ( -0.000000000000000000, 1.000000000000000000, -0.000000000000000000 ) ) ;
#1530 = CARTESIAN_POINT ( 'NONE',  ( -0.9999999999999996669, 1.641666667212903441, -0.5773502691896253980 ) ) ;
#1531 = CARTESIAN_POINT ( 'NONE',  ( 0.7834936499999999304, 0.4666666677591406742, 0.4523502697358619540 ) ) ;
#1532 = STYLED_ITEM ( 'NONE', ( #1025 ), #1137 ) ;
#1533 = ORIENTED_EDGE ( 'NONE', *, *, #1390, .F. ) ;
#1534 = CARTESIAN_POINT ( 'NONE',  ( -0.9999999999999996669, -2.008333332787096470, -0.5773502691896252870 ) ) ;
#1535 = CARTESIAN_POINT ( 'NONE',  ( 0.000000000000000000, -4.336808689942017736E-16, 0.000000000000000000 ) ) ;
#1536 = CARTESIAN_POINT ( 'NONE',  ( -0.9999999999999991118, 2.858333333879569782, 0.5773502691896259531 ) ) ;
#1537 = LINE ( 'NONE', #2353, #1979 ) ;
#1538 = CARTESIAN_POINT ( 'NONE',  ( 0.2099364907924125001, 0.8821367205045907989, -0.7834936499999995974 ) ) ;
#1539 = CARTESIAN_POINT ( 'NONE',  ( 0.9999999999999993339, 0.7083333338795700929, -0.5773502691896257311 ) ) ;
#1540 = VECTOR ( 'NONE', #2340, 1000.000000000000000 ) ;
#1541 = CARTESIAN_POINT ( 'NONE',  ( -7.070501591499377789E-17, 0.3750000005462361119, -1.154700538379251018 ) ) ;
#1542 = VERTEX_POINT ( 'NONE', #1062 ) ;
#1543 = CARTESIAN_POINT ( 'NONE',  ( 0.3917468249999996877, -0.2333333322408594479, -0.6785254046037934028 ) ) ;
#1544 = CARTESIAN_POINT ( 'NONE',  ( 2.121150477449812844E-16, 0.5750000005462366781, 1.154700538379251018 ) ) ;
#1545 = CYLINDRICAL_SURFACE ( 'NONE', #2098, 0.7834936499999997084 ) ;
#1546 = CIRCLE ( 'NONE', #2447, 0.9999999999999995559 ) ;
#1547 = EDGE_LOOP ( 'NONE', ( #925, #554, #2331, #1359 ) ) ;
#1548 = CARTESIAN_POINT ( 'NONE',  ( 0.4999999999999995559, -2.108333332787097003, -0.8660254037844383745 ) ) ;
#1549 = EDGE_CURVE ( 'NONE', #299, #844, #1865, .T. ) ;
#1550 = CARTESIAN_POINT ( 'NONE',  ( -0.9496152450022342650, 0.02516426635978928975, 0.2338952390107710555 ) ) ;
#1551 = CARTESIAN_POINT ( 'NONE',  ( 0.5000000000000002220, 2.558333333879569960, 0.8660254037844381525 ) ) ;
#1552 = CARTESIAN_POINT ( 'NONE',  ( 0.3749999918064393367, 2.999999999999999556, 0.9270248142014160253 ) ) ;
#1553 = DIRECTION ( 'NONE',  ( 8.659560562354994488E-17, 0.7071067811865425767, -0.7071067811865525687 ) ) ;
#1554 = CARTESIAN_POINT ( 'NONE',  ( 0.9999999999999998890, -0.5583333327870967366, 0.5773502691896250649 ) ) ;
#1555 = CARTESIAN_POINT ( 'NONE',  ( 0.7834936499999993753, 4.033333333333332327, -0.4523502697358626201 ) ) ;
#1556 =( BOUNDED_CURVE ( )  B_SPLINE_CURVE ( 2, ( #1844, #1231, #601, #14, #2619, #411, #1607, #1036, #26 ),
 .UNSPECIFIED., .F., .T. ) 
 B_SPLINE_CURVE_WITH_KNOTS ( ( 3, 2, 2, 2, 3 ),
 ( 0.4027777777777777901, 0.4074074074074073848, 0.4166666666666666852, 0.4259259259259259300, 0.4305555555555555802 ),
 .UNSPECIFIED. ) 
 CURVE ( )  GEOMETRIC_REPRESENTATION_ITEM ( )  RATIONAL_B_SPLINE_CURVE ( ( 0.9330127018922194093, 0.9330127018922197424, 1.000000000000000000, 0.8660254037844387076, 1.000000000000000000, 0.8660254037844387076, 1.000000000000000000, 0.9330127018922189652, 0.9330127018922194093 ) ) 
 REPRESENTATION_ITEM ( '' )  );
#1557 = CARTESIAN_POINT ( 'NONE',  ( -0.4999999999999998890, 0.4083333338795701595, -0.8660254037844382635 ) ) ;
#1558 = CARTESIAN_POINT ( 'NONE',  ( 0.7834936499999999304, -0.7333333322408590593, 0.4523502697358619540 ) ) ;
#1559 = CARTESIAN_POINT ( 'NONE',  ( -0.4999999999999998890, 4.408333333879570048, -0.8660254037844382635 ) ) ;
#1560 = EDGE_CURVE ( 'NONE', #2415, #1945, #1369, .T. ) ;
#1561 = CARTESIAN_POINT ( 'NONE',  ( 0.5000000000000002220, 0.2083333338795695933, 0.8660254037844381525 ) ) ;
#1562 = ORIENTED_EDGE ( 'NONE', *, *, #525, .F. ) ;
#1563 = CARTESIAN_POINT ( 'NONE',  ( 0.9999999999999998890, -1.808333332787097181, 0.5773502691896250649 ) ) ;
#1564 =( GEOMETRIC_REPRESENTATION_CONTEXT ( 3 ) GLOBAL_UNCERTAINTY_ASSIGNED_CONTEXT ( ( #1126 ) ) GLOBAL_UNIT_ASSIGNED_CONTEXT ( ( #182, #1188, #2612 ) ) REPRESENTATION_CONTEXT ( 'NONE', 'WORKASPACE' ) );
#1565 = CARTESIAN_POINT ( 'NONE',  ( -0.9999999999999991118, 3.658333333879570493, 0.5773502691896259531 ) ) ;
#1566 = CARTESIAN_POINT ( 'NONE',  ( 0.9999999999999998890, 1.791666667212903352, 0.5773502691896250649 ) ) ;
#1567 = CYLINDRICAL_SURFACE ( 'NONE', #154, 0.7834936499999997084 ) ;
#1568 = CARTESIAN_POINT ( 'NONE',  ( -0.2099364907924115564, 2.517863279495407447, -0.7834936500000000414 ) ) ;
#1569 = CARTESIAN_POINT ( 'NONE',  ( 0.5000000000000002220, 0.2083333338795695933, 0.8660254037844381525 ) ) ;
#1570 = CARTESIAN_POINT ( 'NONE',  ( -5.539693099254656190E-17, 3.299999999999999378, -0.9047005394717244631 ) ) ;
#1571 = ADVANCED_FACE ( 'NONE', ( #1475 ), #444, .F. ) ;
#1572 = CARTESIAN_POINT ( 'NONE',  ( -7.070501591499377789E-17, -2.024999999453763966, -1.154700538379251018 ) ) ;
#1573 = VERTEX_POINT ( 'NONE', #255 ) ;
#1574 = CARTESIAN_POINT ( 'NONE',  ( -2.178833224121697412E-15, 1.899999999999999023, 0.7834936499999997084 ) ) ;
#1575 = CARTESIAN_POINT ( 'NONE',  ( 0.5000000000000002220, 4.608333333879570226, 0.8660254037844381525 ) ) ;
#1576 = CARTESIAN_POINT ( 'NONE',  ( -1.016788837923458920E-16, 0.6000000010924740890, -0.7834936499999995974 ) ) ;
#1577 = VERTEX_POINT ( 'NONE', #2265 ) ;
#1578 = CARTESIAN_POINT ( 'NONE',  ( -0.7834936499999997084, 4.666666667759141518, -0.4523502697358621760 ) ) ;
#1579 = CARTESIAN_POINT ( 'NONE',  ( -0.9999999999999995559, 2.425000000546236656, 0.000000000000000000 ) ) ;
#1580 = CARTESIAN_POINT ( 'NONE',  ( 0.9999999999999993339, 1.058333333879570182, -0.5773502691896257311 ) ) ;
#1581 = CARTESIAN_POINT ( 'NONE',  ( 0.000000000000000000, 2.999999999999999112, 0.7834936499999997084 ) ) ;
#1582 = CARTESIAN_POINT ( 'NONE',  ( -2.174999999999999378, -1.102182119232617788E-16, 0.000000000000000000 ) ) ;
#1583 = CARTESIAN_POINT ( 'NONE',  ( -0.9999999999999996669, -1.158333332787096603, -0.5773502691896252870 ) ) ;
#1584 = CARTESIAN_POINT ( 'NONE',  ( 0.3917468250000001873, 3.933333333333332238, 0.6785254046037931808 ) ) ;
#1585 = CARTESIAN_POINT ( 'NONE',  ( 0.9999999999999998890, 3.441666667212902819, 0.5773502691896250649 ) ) ;
#1586 = CARTESIAN_POINT ( 'NONE',  ( -0.4999999999999998890, -1.591666666120429952, -0.8660254037844382635 ) ) ;
#1587 = CARTESIAN_POINT ( 'NONE',  ( -2.178833224121697412E-15, 2.699999999999998845, 0.7834936499999997084 ) ) ;
#1588 = CARTESIAN_POINT ( 'NONE',  ( 0.9999999999999995559, 4.675000000546236656, -1.224646799147352714E-16 ) ) ;
#1589 = CARTESIAN_POINT ( 'NONE',  ( 0.7834936499999997084, 1.599999999999998979, -9.595029906247763484E-17 ) ) ;
#1590 = CARTESIAN_POINT ( 'NONE',  ( 1.661907929776396734E-16, 4.000000001092473667, 0.9047005394717244631 ) ) ;
#1591 = CARTESIAN_POINT ( 'NONE',  ( 0.5000000000000002220, 2.558333333879569960, 0.8660254037844381525 ) ) ;
#1592 = AXIS2_PLACEMENT_3D ( 'NONE', #596, #406, #1007 ) ;
#1593 = CARTESIAN_POINT ( 'NONE',  ( -7.070501591499377789E-17, 2.725000000546236478, -1.154700538379251018 ) ) ;
#1594 = LINE ( 'NONE', #2409, #1422 ) ;
#1595 =( NAMED_UNIT ( * ) PLANE_ANGLE_UNIT ( ) SI_UNIT ( $, .RADIAN. ) );
#1596 = CARTESIAN_POINT ( 'NONE',  ( 2.121150477449812844E-16, -1.824999999453763566, 1.154700538379251018 ) ) ;
#1597 = CARTESIAN_POINT ( 'NONE',  ( 0.7834936499999997084, 1.199999999999999289, -9.595029906247763484E-17 ) ) ;
#1598 = CARTESIAN_POINT ( 'NONE',  ( 0.9999999999999998890, 3.841666667212903619, 0.5773502691896250649 ) ) ;
#1599 = CARTESIAN_POINT ( 'NONE',  ( -7.070501591499377789E-17, -1.624999999453763833, -1.154700538379251018 ) ) ;
#1600 = CARTESIAN_POINT ( 'NONE',  ( 1.670438805159968420E-16, 2.822548096008573815, 0.8225480960085697069 ) ) ;
#1601 = ORIENTED_EDGE ( 'NONE', *, *, #1181, .T. ) ;
#1602 = CARTESIAN_POINT ( 'NONE',  ( 0.7834936499999999304, 1.566666666666665764, 0.4523502697358619540 ) ) ;
#1603 = CARTESIAN_POINT ( 'NONE',  ( -5.539693099254656190E-17, 2.200000001092474289, -0.9047005394717244631 ) ) ;
#1604 = CARTESIAN_POINT ( 'NONE',  ( 2.121150477449812844E-16, 2.925000000546237544, 1.154700538379251018 ) ) ;
#1605 = CARTESIAN_POINT ( 'NONE',  ( 0.9999999999999998890, -1.008333332787096692, 0.5773502691896250649 ) ) ;
#1606 = CARTESIAN_POINT ( 'NONE',  ( -0.4999999999999991673, 0.8916666672129031079, 0.8660254037844387076 ) ) ;
#1607 = CARTESIAN_POINT ( 'NONE',  ( 0.3917468250000001873, 1.933333333333332460, 0.6785254046037931808 ) ) ;
#1608 = MECHANICAL_DESIGN_GEOMETRIC_PRESENTATION_REPRESENTATION (  '', ( #121 ), #1564 ) ;
#1609 = CARTESIAN_POINT ( 'NONE',  ( -0.2099364907924133883, 1.582136721597066087, 0.7834936499999992643 ) ) ;
#1610 = CARTESIAN_POINT ( 'NONE',  ( 0.7834936499999997084, 1.999999999999999112, -9.595029906247763484E-17 ) ) ;
#1611 = CARTESIAN_POINT ( 'NONE',  ( -0.9999999999999995559, 4.475000000546236478, 0.000000000000000000 ) ) ;
#1612 = CARTESIAN_POINT ( 'NONE',  ( -0.9999999999999995559, -0.7249999994537632553, 0.000000000000000000 ) ) ;
#1613 = CARTESIAN_POINT ( 'NONE',  ( 0.000000000000000000, 2.999999999999999112, 2.174999999999999378 ) ) ;
#1614 = ORIENTED_EDGE ( 'NONE', *, *, #1278, .T. ) ;
#1615 = CARTESIAN_POINT ( 'NONE',  ( -1.016788837923458920E-16, 0.4999999999999988343, -0.7834936499999995974 ) ) ;
#1616 = CARTESIAN_POINT ( 'NONE',  ( 0.7834936499999997084, 2.900000001092474022, -9.595029906247763484E-17 ) ) ;
#1617 = CARTESIAN_POINT ( 'NONE',  ( -7.070501591499377789E-17, 2.325000000546236567, -1.154700538379251018 ) ) ;
#1618 = CARTESIAN_POINT ( 'NONE',  ( -0.4999999999999998890, -0.04166666612042974754, -0.8660254037844382635 ) ) ;
#1619 = CARTESIAN_POINT ( 'NONE',  ( 0.9999999999999993339, 0.6583333338795703815, -0.5773502691896257311 ) ) ;
#1620 = CARTESIAN_POINT ( 'NONE',  ( -7.070501591499377789E-17, -2.024999999453763966, -1.154700538379251018 ) ) ;
#1621 = CARTESIAN_POINT ( 'NONE',  ( -0.3917468249999992991, 2.666666666666665630, 0.6785254046037937359 ) ) ;
#1622 = CARTESIAN_POINT ( 'NONE',  ( 0.9999999999999993339, 3.508333333879570137, -0.5773502691896257311 ) ) ;
#1623 = CARTESIAN_POINT ( 'NONE',  ( -0.9999999999999995559, -1.124999999453763389, 0.000000000000000000 ) ) ;
#1624 = DIRECTION ( 'NONE',  ( 0.000000000000000000, 0.000000000000000000, 1.000000000000000000 ) ) ;
#1625 = VERTEX_POINT ( 'NONE', #1273 ) ;
#1626 = FACE_OUTER_BOUND ( 'NONE', #1900, .T. ) ;
#1627 = CARTESIAN_POINT ( 'NONE',  ( 0.7834936499999997084, 3.700000001092474289, -9.595029906247763484E-17 ) ) ;
#1628 = CARTESIAN_POINT ( 'NONE',  ( 0.9999999999999993339, 1.458333333879570315, -0.5773502691896257311 ) ) ;
#1629 = CARTESIAN_POINT ( 'NONE',  ( -0.4999999999999998890, 0.3583333338795704481, -0.8660254037844382635 ) ) ;
#1630 = CARTESIAN_POINT ( 'NONE',  ( -7.070501591499376556E-17, 1.925000000546236878, -1.154700538379251018 ) ) ;
#1631 = CARTESIAN_POINT ( 'NONE',  ( -0.2099364907924115564, 1.417863280587882358, -0.7834936500000000414 ) ) ;
#1632 = CARTESIAN_POINT ( 'NONE',  ( -0.3917468249999992991, 1.066666666666665320, 0.6785254046037937359 ) ) ;
#1633 = AXIS2_PLACEMENT_3D ( 'NONE', #1698, #734, #749 ) ;
#1634 = CARTESIAN_POINT ( 'NONE',  ( 0.3917468250000001873, -1.666666666666667851, 0.6785254046037931808 ) ) ;
#1635 = PRODUCT_DEFINITION ( 'UNKNOWN', '', #1917, #1155 ) ;
#1636 = CARTESIAN_POINT ( 'NONE',  ( 2.121150477449812844E-16, 3.725000000546236922, 1.154700538379251018 ) ) ;
#1637 = CARTESIAN_POINT ( 'NONE',  ( -0.1939662539648200346, 2.783495612578726242, 0.7591043353276135663 ) ) ;
#1638 = ORIENTED_EDGE ( 'NONE', *, *, #1640, .F. ) ;
#1639 = LINE ( 'NONE', #419, #1397 ) ;
#1640 = EDGE_CURVE ( 'NONE', #1573, #831, #2272, .T. ) ;
#1641 = CARTESIAN_POINT ( 'NONE',  ( -0.7834936499999993753, 3.933333334425808125, 0.4523502697358626756 ) ) ;
#1642 = CARTESIAN_POINT ( 'NONE',  ( -0.9999999999999996669, -0.8083333327870969587, -0.5773502691896252870 ) ) ;
#1643 = CARTESIAN_POINT ( 'NONE',  ( -0.2099364907924133883, 2.382136721597066131, 0.7834936499999992643 ) ) ;
#1644 =( BOUNDED_CURVE ( )  B_SPLINE_CURVE ( 2, ( #820, #557, #784, #197, #1589, #1602, #2404, #1358, #2176 ),
 .UNSPECIFIED., .F., .T. ) 
 B_SPLINE_CURVE_WITH_KNOTS ( ( 3, 2, 2, 2, 3 ),
 ( 0.4583333333333333703, 0.4629629629629629650, 0.4722222222222222099, 0.4814814814814814548, 0.4861111111111111049 ),
 .UNSPECIFIED. ) 
 CURVE ( )  GEOMETRIC_REPRESENTATION_ITEM ( )  RATIONAL_B_SPLINE_CURVE ( ( 0.9330127018922194093, 0.9330127018922197424, 1.000000000000000000, 0.8660254037844387076, 1.000000000000000000, 0.8660254037844387076, 1.000000000000000000, 0.9330127018922194093, 0.9330127018922194093 ) ) 
 REPRESENTATION_ITEM ( '' )  );
#1645 = CARTESIAN_POINT ( 'NONE',  ( 2.121150477449812844E-16, 1.325000000546237011, 1.154700538379251018 ) ) ;
#1646 = SURFACE_SIDE_STYLE ('',( #398 ) ) ;
#1647 = CARTESIAN_POINT ( 'NONE',  ( 3.195622062045156678E-16, 1.200000001092474067, 0.7834936499999997084 ) ) ;
#1648 = CARTESIAN_POINT ( 'NONE',  ( 0.7834936499999999304, 1.966666666666665897, 0.4523502697358619540 ) ) ;
#1649 = AXIS2_PLACEMENT_3D ( 'NONE', #455, #1052, #1262 ) ;
#1650 = CARTESIAN_POINT ( 'NONE',  ( -0.9999999999999996669, 1.641666667212903441, -0.5773502691896252870 ) ) ;
#1651 = CARTESIAN_POINT ( 'NONE',  ( 0.9999999999999995559, 3.825000000546237011, -1.224646799147352714E-16 ) ) ;
#1652 = VERTEX_POINT ( 'NONE', #441 ) ;
#1653 = EDGE_CURVE ( 'NONE', #8, #1851, #1726, .T. ) ;
#1654 = CARTESIAN_POINT ( 'NONE',  ( -2.178833224121697412E-15, 1.899999999999999023, 0.7834936499999997084 ) ) ;
#1655 = CARTESIAN_POINT ( 'NONE',  ( -0.9999999999999995559, 3.275000000546236745, 0.000000000000000000 ) ) ;
#1656 = CARTESIAN_POINT ( 'NONE',  ( -0.7834936499999993753, 0.7333333344258075037, 0.4523502697358626756 ) ) ;
#1657 = CARTESIAN_POINT ( 'NONE',  ( 2.121150477449812844E-16, 0.1250000005462367780, 1.154700538379251018 ) ) ;
#1658 = CARTESIAN_POINT ( 'NONE',  ( 0.000000000000000000, 1.599999999999999645, 1.399999999999999689 ) ) ;
#1659 = CARTESIAN_POINT ( 'NONE',  ( 0.5000000000000002220, 1.758333333879570137, 0.8660254037844381525 ) ) ;
#1660 = CARTESIAN_POINT ( 'NONE',  ( -0.9999999999999996669, -0.008333332787096615901, -0.5773502691896252870 ) ) ;
#1661 = CARTESIAN_POINT ( 'NONE',  ( -0.2099364907924103629, 1.017863280587882002, -0.7834936500000010406 ) ) ;
#1662 = CARTESIAN_POINT ( 'NONE',  ( 0.7834936499999999304, -0.03333333333333399900, 0.4523502697358619540 ) ) ;
#1663 = CARTESIAN_POINT ( 'NONE',  ( 0.9999999999999995559, 2.275000000546236301, -1.224646799147352714E-16 ) ) ;
#1664 = CARTESIAN_POINT ( 'NONE',  ( -0.9999999999999996669, 3.591666667212903619, -0.5773502691896252870 ) ) ;
#1665 = EDGE_CURVE ( 'NONE', #938, #558, #2287, .T. ) ;
#1666 = CARTESIAN_POINT ( 'NONE',  ( 0.000000000000000000, 2.783493650000002706, 0.7834936499999997084 ) ) ;
#1667 = AXIS2_PLACEMENT_3D ( 'NONE', #1874, #884, #2497 ) ;
#1668 = CARTESIAN_POINT ( 'NONE',  ( -0.4999999999999998890, 2.008333333879570137, -0.8660254037844382635 ) ) ;
#1669 = CARTESIAN_POINT ( 'NONE',  ( -0.3917468249999992991, -0.03333333224085893026, 0.6785254046037937359 ) ) ;
#1670 = CARTESIAN_POINT ( 'NONE',  ( 0.9999999999999993339, -1.341666666120429730, -0.5773502691896257311 ) ) ;
#1671 = CARTESIAN_POINT ( 'NONE',  ( -0.4999999999999991673, 2.141666667212903441, 0.8660254037844387076 ) ) ;
#1672 = FACE_OUTER_BOUND ( 'NONE', #2133, .T. ) ;
#1673 = CARTESIAN_POINT ( 'NONE',  ( 0.9999999999999993339, -0.1416666661204300237, -0.5773502691896257311 ) ) ;
#1674 = DIRECTION ( 'NONE',  ( 0.000000000000000000, 0.000000000000000000, 1.000000000000000000 ) ) ;
#1675 = CARTESIAN_POINT ( 'NONE',  ( -7.070501591499376556E-17, 2.725000000546236478, -1.154700538379251018 ) ) ;
#1676 = CARTESIAN_POINT ( 'NONE',  ( -0.3917468249999999652, 0.1333333333333325266, -0.6785254046037932918 ) ) ;
#1677 = CARTESIAN_POINT ( 'NONE',  ( -0.9999999999999995559, 1.275000000546236301, 0.000000000000000000 ) ) ;
#1678 = CARTESIAN_POINT ( 'NONE',  ( 4.953214196169993442E-15, 1.299999999999998712, -0.7834936499999997084 ) ) ;
#1679 = CARTESIAN_POINT ( 'NONE',  ( -0.4999999999999991673, 2.941666667212903263, 0.8660254037844387076 ) ) ;
#1680 = CARTESIAN_POINT ( 'NONE',  ( 0.3917468249999996877, 0.9666666677591411183, -0.6785254046037934028 ) ) ;
#1681 = CARTESIAN_POINT ( 'NONE',  ( -0.9999999999999996669, 2.041666667212902908, -0.5773502691896253980 ) ) ;
#1682 = CARTESIAN_POINT ( 'NONE',  ( 0.3917468250000001873, 1.633333334425807637, 0.6785254046037931808 ) ) ;
#1683 = CARTESIAN_POINT ( 'NONE',  ( -0.9999999999999991118, -0.3416666661204296740, 0.5773502691896259531 ) ) ;
#1684 = LINE ( 'NONE', #1280, #36 ) ;
#1685 = EDGE_CURVE ( 'NONE', #299, #938, #637, .T. ) ;
#1686 = CARTESIAN_POINT ( 'NONE',  ( 2.663606788145492628E-16, 2.999999999999999112, -2.174999999999999378 ) ) ;
#1687 = CARTESIAN_POINT ( 'NONE',  ( 0.7834936499999993753, 0.03333333333333226428, -0.4523502697358626201 ) ) ;
#1688 = CARTESIAN_POINT ( 'NONE',  ( 0.9999999999999995559, 3.075000000546236123, -1.224646799147352714E-16 ) ) ;
#1689 = CARTESIAN_POINT ( 'NONE',  ( 0.3917468250000001873, 3.533333333333332771, 0.6785254046037931808 ) ) ;
#1690 = CARTESIAN_POINT ( 'NONE',  ( -7.070501591499377789E-17, 3.175000000546236656, -1.154700538379251018 ) ) ;
#1691 = CARTESIAN_POINT ( 'NONE',  ( 0.3917468249999996877, 1.366666667759140807, -0.6785254046037934028 ) ) ;
#1692 = DIRECTION ( 'NONE',  ( -0.000000000000000000, 1.000000000000000000, -0.000000000000000000 ) ) ;
#1693 = CARTESIAN_POINT ( 'NONE',  ( 2.121150477449812844E-16, -0.2749999994537634107, 1.154700538379251018 ) ) ;
#1694 = CARTESIAN_POINT ( 'NONE',  ( -0.2099364907924127222, 0.9178632794954069141, -0.7834936499999995974 ) ) ;
#1695 = CARTESIAN_POINT ( 'NONE',  ( 1.714505518806294145E-16, 2.999999999999999556, -1.399999999999999689 ) ) ;
#1696 = CARTESIAN_POINT ( 'NONE',  ( -0.7834936499999993753, 0.2333333333333319215, 0.4523502697358626756 ) ) ;
#1697 = VERTEX_POINT ( 'NONE', #70 ) ;
#1698 = CARTESIAN_POINT ( 'NONE',  ( 0.000000000000000000, 2.783493650000002706, 0.000000000000000000 ) ) ;
#1699 = CARTESIAN_POINT ( 'NONE',  ( -0.4999999999999991673, 2.941666667212903263, 0.8660254037844387076 ) ) ;
#1700 = CARTESIAN_POINT ( 'NONE',  ( -0.3917468249999992991, 3.066666666666665986, 0.6785254046037937359 ) ) ;
#1701 = CARTESIAN_POINT ( 'NONE',  ( -0.9999999999999996669, 2.441666667212903263, -0.5773502691896252870 ) ) ;
#1702 = CARTESIAN_POINT ( 'NONE',  ( -0.7834936499999997084, -2.099999998907525978, 0.000000000000000000 ) ) ;
#1703 =( BOUNDED_CURVE ( )  B_SPLINE_CURVE ( 2, ( #874, #1307, #1069, #2120, #302, #718, #516, #2338, #865, #1675, #2487, #66, #2618, #2033, #224, #1230, #38, #1843, #1011, #2021, #2047, #13, #1047, #2459, #850, #838, #236, #1243, #1255, #2270, #824, #423, #2232, #1630, #2448, #2470, #1035, #1220, #1659, #249, #2, #1456, #2422, #449, #654, #600, #25, #1408, #2071, #626, #1431, #1645, #640, #2219, #436, #1857, #1419, #1443, #410, #1808, #801, #397, #2258, #213, #1606, #1206, #201, #1819, #813, #2060, #2245, #1619, #2433, #612, #1024, #1831, #2494, #1921, #102, #677, #714, #2334, #1894, #2090, #511, #1479, #1519, #2319, #1105, #1318, #471, #1303, #2282 ),
 .UNSPECIFIED., .F., .T. ) 
 B_SPLINE_CURVE_WITH_KNOTS ( ( 3, 2, 2, 2, 2, 2, 2, 2, 2, 2, 2, 2, 2, 2, 2, 2, 2, 2, 2, 2, 2, 2, 2, 2, 2, 2, 2, 2, 2, 2, 2, 2, 2, 2, 2, 2, 2, 2, 2, 2, 2, 2, 2, 2, 2, 2, 3 ),
 ( 0.2535454889492831376, 0.2592592592592592449, 0.2685185185185185452, 0.2777777777777777901, 0.2870370370370370350, 0.2962962962962962798, 0.3055555555555555802, 0.3148148148148148251, 0.3240740740740740700, 0.3333333333333333148, 0.3425925925925926152, 0.3518518518518518601, 0.3611111111111111049, 0.3703703703703703498, 0.3796296296296296502, 0.3888888888888888951, 0.3981481481481481399, 0.4074074074074073848, 0.4166666666666666852, 0.4259259259259259300, 0.4351851851851851749, 0.4444444444444444198, 0.4537037037037037202, 0.4629629629629629650, 0.4722222222222222099, 0.4814814814814814548, 0.4907407407407407551, 0.5000000000000000000, 0.5092592592592593004, 0.5185185185185184897, 0.5277777777777777901, 0.5370370370370370905, 0.5462962962962962798, 0.5555555555555555802, 0.5648148148148147696, 0.5740740740740740700, 0.5833333333333334814, 0.5925925925925925597, 0.6018518518518518601, 0.6111111111111111605, 0.6203703703703702388, 0.6296296296296296502, 0.6388888888888888395, 0.6481481481481481399, 0.6574074074074074403, 0.6666666666666666297, 0.6702121824059229516 ),
 .UNSPECIFIED. ) 
 CURVE ( )  GEOMETRIC_REPRESENTATION_ITEM ( )  RATIONAL_B_SPLINE_CURVE ( ( 0.9366861274652620306, 0.9173259924240686480, 1.000000000000000000, 0.8660254037844387076, 1.000000000000000000, 0.8660254037844387076, 1.000000000000000000, 0.8660254037844387076, 1.000000000000000000, 0.8660254037844387076, 1.000000000000000000, 0.8660254037844387076, 1.000000000000000000, 0.8660254037844387076, 1.000000000000000000, 0.8660254037844387076, 1.000000000000000000, 0.8660254037844387076, 1.000000000000000000, 0.8660254037844387076, 1.000000000000000000, 0.8660254037844387076, 1.000000000000000000, 0.8660254037844387076, 1.000000000000000000, 0.8660254037844387076, 1.000000000000000000, 0.8660254037844387076, 1.000000000000000000, 0.8660254037844387076, 1.000000000000000000, 0.8660254037844387076, 1.000000000000000000, 0.8660254037844387076, 1.000000000000000000, 0.8660254037844387076, 1.000000000000000000, 0.8660254037844387076, 1.000000000000000000, 0.8660254037844387076, 1.000000000000000000, 0.8660254037844387076, 1.000000000000000000, 0.8660254037844387076, 1.000000000000000000, 0.8660254037844387076, 1.000000000000000000, 0.8660254037844387076, 1.000000000000000000, 0.8660254037844387076, 1.000000000000000000, 0.8660254037844387076, 1.000000000000000000, 0.8660254037844387076, 1.000000000000000000, 0.8660254037844387076, 1.000000000000000000, 0.8660254037844387076, 1.000000000000000000, 0.8660254037844387076, 1.000000000000000000, 0.8660254037844387076, 1.000000000000000000, 0.8660254037844387076, 1.000000000000000000, 0.8660254037844387076, 1.000000000000000000, 0.8660254037844387076, 1.000000000000000000, 0.8660254037844387076, 1.000000000000000000, 0.8660254037844387076, 1.000000000000000000, 0.8660254037844387076, 1.000000000000000000, 0.8660254037844387076, 1.000000000000000000, 0.8660254037844387076, 1.000000000000000000, 0.8660254037844387076, 1.000000000000000000, 0.8660254037844387076, 1.000000000000000000, 0.8660254037844387076, 1.000000000000000000, 0.8660254037844387076, 1.000000000000000000, 0.8660254037844387076, 1.000000000000000000, 0.8660254037844387076, 1.000000000000000000, 0.9486990237293797534, 0.9366859459210064021 ) ) 
 REPRESENTATION_ITEM ( '' )  );
#1704 = CARTESIAN_POINT ( 'NONE',  ( -0.4999999999999998890, 0.4083333338795701595, -0.8660254037844382635 ) ) ;
#1705 = ORIENTED_EDGE ( 'NONE', *, *, #164, .F. ) ;
#1706 = CARTESIAN_POINT ( 'NONE',  ( -0.9999999999999991118, 0.8583333338795700040, 0.5773502691896259531 ) ) ;
#1707 = EDGE_CURVE ( 'NONE', #291, #8, #1639, .T. ) ;
#1708 = CARTESIAN_POINT ( 'NONE',  ( -0.9999999999999995559, 4.025000000546236301, 0.000000000000000000 ) ) ;
#1709 = CARTESIAN_POINT ( 'NONE',  ( 0.3917468250000001873, 2.333333333333332149, 0.6785254046037931808 ) ) ;
#1710 = CARTESIAN_POINT ( 'NONE',  ( 0.7834936499999999304, 0.3666666666666653640, 0.4523502697358619540 ) ) ;
#1711 = ORIENTED_EDGE ( 'NONE', *, *, #539, .F. ) ;
#1712 = CARTESIAN_POINT ( 'NONE',  ( 1.945316614798501569E-11, 2.984150635441745969, 0.9841506354417483005 ) ) ;
#1713 = CARTESIAN_POINT ( 'NONE',  ( 0.5000000000000002220, -0.5916666661204298405, 0.8660254037844381525 ) ) ;
#1714 = AXIS2_PLACEMENT_3D ( 'NONE', #571, #584, #355 ) ;
#1715 = CARTESIAN_POINT ( 'NONE',  ( -7.070501591499377789E-17, -1.274999999453763300, -1.154700538379251018 ) ) ;
#1716 = CARTESIAN_POINT ( 'NONE',  ( 0.9999999999999993339, -0.4916666661204304178, -0.5773502691896257311 ) ) ;
#1717 = CARTESIAN_POINT ( 'NONE',  ( 1.661907929776396734E-16, -0.7999999989075261553, 0.9047005394717244631 ) ) ;
#1718 = CARTESIAN_POINT ( 'NONE',  ( 0.9999999999999993339, 1.508333333879569915, -0.5773502691896257311 ) ) ;
#1719 = CARTESIAN_POINT ( 'NONE',  ( 3.195622062045156678E-16, 2.299999999999998934, 0.7834936499999997084 ) ) ;
#1720 = VERTEX_POINT ( 'NONE', #1227 ) ;
#1721 = CARTESIAN_POINT ( 'NONE',  ( -7.070501591499377789E-17, -0.8749999994537631665, -1.154700538379251018 ) ) ;
#1722 = CARTESIAN_POINT ( 'NONE',  ( -7.070501591499377789E-17, 3.925000000546237100, -1.154700538379251018 ) ) ;
#1723 = CARTESIAN_POINT ( 'NONE',  ( 3.195622062045156678E-16, 2.299999999999998934, 0.7834936499999997084 ) ) ;
#1724 = CARTESIAN_POINT ( 'NONE',  ( 2.396716546533867705E-15, 2.600000001092473756, -0.7834936499999995974 ) ) ;
#1725 = CARTESIAN_POINT ( 'NONE',  ( -0.9999999999999995559, 0.07500000054623620627, 0.000000000000000000 ) ) ;
#1726 =( BOUNDED_CURVE ( )  B_SPLINE_CURVE ( 2, ( #868, #672, #243, #2076, #2066, #2455, #1852, #45, #2054 ),
 .UNSPECIFIED., .F., .T. ) 
 B_SPLINE_CURVE_WITH_KNOTS ( ( 3, 2, 2, 2, 3 ),
 ( 0.2916666666666666852, 0.2962962962962962798, 0.3055555555555555802, 0.3148148148148148251, 0.3194444444444444753 ),
 .UNSPECIFIED. ) 
 CURVE ( )  GEOMETRIC_REPRESENTATION_ITEM ( )  RATIONAL_B_SPLINE_CURVE ( ( 0.9330127018922194093, 0.9330127018922197424, 1.000000000000000000, 0.8660254037844387076, 1.000000000000000000, 0.8660254037844387076, 1.000000000000000000, 0.9330127018922189652, 0.9330127018922194093 ) ) 
 REPRESENTATION_ITEM ( '' )  );
#1727 = CARTESIAN_POINT ( 'NONE',  ( 0.5000000000000002220, -0.5916666661204298405, 0.8660254037844381525 ) ) ;
#1728 = ORIENTED_EDGE ( 'NONE', *, *, #448, .F. ) ;
#1729 = AXIS2_PLACEMENT_3D ( 'NONE', #343, #2548, #1135 ) ;
#1730 = ADVANCED_FACE ( 'NONE', ( #2253 ), #220, .F. ) ;
#1731 = CARTESIAN_POINT ( 'NONE',  ( -0.3917468249999999652, -0.9666666655741926739, -0.6785254046037932918 ) ) ;
#1732 = CARTESIAN_POINT ( 'NONE',  ( -0.9999999999999996669, 3.641666667212903441, -0.5773502691896252870 ) ) ;
#1733 = CARTESIAN_POINT ( 'NONE',  ( 0.9999999999999993339, 1.108333333879569782, -0.5773502691896257311 ) ) ;
#1734 = CARTESIAN_POINT ( 'NONE',  ( -0.4705931019253557501, 0.01602266729311508167, -0.8710744490274207052 ) ) ;
#1735 = VERTEX_POINT ( 'NONE', #845 ) ;
#1736 = CARTESIAN_POINT ( 'NONE',  ( -0.9999999999999995559, -1.974999999453763477, 0.000000000000000000 ) ) ;
#1737 = CARTESIAN_POINT ( 'NONE',  ( 0.9999999999999995559, 4.625000000546237722, -1.224646799147352714E-16 ) ) ;
#1738 = CARTESIAN_POINT ( 'NONE',  ( -0.9999999999999996669, 1.191666667212903485, -0.5773502691896252870 ) ) ;
#1739 = ORIENTED_EDGE ( 'NONE', *, *, #1023, .F. ) ;
#1740 = CARTESIAN_POINT ( 'NONE',  ( 0.9999999999999993339, -0.4916666661204304178, -0.5773502691896257311 ) ) ;
#1741 = CARTESIAN_POINT ( 'NONE',  ( 0.5000000000000002220, 1.008333333879569915, 0.8660254037844381525 ) ) ;
#1742 = ORIENTED_EDGE ( 'NONE', *, *, #2131, .T. ) ;
#1743 = CARTESIAN_POINT ( 'NONE',  ( 0.7834936499999997084, -0.2999999989075257112, -9.595029906247763484E-17 ) ) ;
#1744 = CARTESIAN_POINT ( 'NONE',  ( -7.070501591499377789E-17, 3.975000000546236922, -1.154700538379251018 ) ) ;
#1745 = CARTESIAN_POINT ( 'NONE',  ( -0.9999999999999991118, 1.308333333879570182, 0.5773502691896260641 ) ) ;
#1746 = CARTESIAN_POINT ( 'NONE',  ( 0.000000000000000000, 2.999999999999999112, 0.000000000000000000 ) ) ;
#1747 = VERTEX_POINT ( 'NONE', #1666 ) ;
#1748 = CARTESIAN_POINT ( 'NONE',  ( -0.4999999999999998890, -2.041666666120429685, -0.8660254037844382635 ) ) ;
#1749 = CARTESIAN_POINT ( 'NONE',  ( -0.1584491125409703549, 0.07197357841045433358, 0.9280263709531113570 ) ) ;
#1750 = CARTESIAN_POINT ( 'NONE',  ( -0.9999999999999991118, 2.458333333879570315, 0.5773502691896259531 ) ) ;
#1751 = DIRECTION ( 'NONE',  ( -0.000000000000000000, 1.000000000000000000, -0.000000000000000000 ) ) ;
#1752 = CARTESIAN_POINT ( 'NONE',  ( 3.195622062045156678E-16, 0.6999999999999992895, 0.7834936499999997084 ) ) ;
#1753 = CARTESIAN_POINT ( 'NONE',  ( -0.9999999999999991118, 0.1083333338795693379, 0.5773502691896259531 ) ) ;
#1754 = EDGE_CURVE ( 'NONE', #2541, #207, #563, .T. ) ;
#1755 = CONICAL_SURFACE ( 'NONE', #60, 0.9999999999999995559, 0.7853981633974532750 ) ;
#1756 = CARTESIAN_POINT ( 'NONE',  ( 0.9999999999999993339, 0.7083333338795700929, -0.5773502691896257311 ) ) ;
#1757 = VERTEX_POINT ( 'NONE', #1088 ) ;
#1758 = CARTESIAN_POINT ( 'NONE',  ( -0.3917468249999992991, -1.633333332240859637, 0.6785254046037937359 ) ) ;
#1759 = CARTESIAN_POINT ( 'NONE',  ( 0.4999999999999995559, 3.941666667212902819, -0.8660254037844383745 ) ) ;
#1760 = CARTESIAN_POINT ( 'NONE',  ( 0.9999999999999997780, 0.2416666672129027527, 0.5773502691896251759 ) ) ;
#1761 = CYLINDRICAL_SURFACE ( 'NONE', #485, 0.7834936499999997084 ) ;
#1762 = AXIS2_PLACEMENT_3D ( 'NONE', #1364, #330, #775 ) ;
#1763 = ORIENTED_EDGE ( 'NONE', *, *, #68, .F. ) ;
#1764 = ORIENTED_EDGE ( 'NONE', *, *, #1012, .T. ) ;
#1765 = CARTESIAN_POINT ( 'NONE',  ( 0.7834936499999993753, 4.133333334425807415, -0.4523502697358626201 ) ) ;
#1766 = CARTESIAN_POINT ( 'NONE',  ( -0.5940758663733608502, 0.05239696180658138386, 0.7424260400318528630 ) ) ;
#1767 = CARTESIAN_POINT ( 'NONE',  ( -0.9999999999999995559, 2.425000000546236656, 0.000000000000000000 ) ) ;
#1768 = LINE ( 'NONE', #1581, #1889 ) ;
#1769 = ADVANCED_FACE ( 'NONE', ( #167 ), #2004, .T. ) ;
#1770 = CARTESIAN_POINT ( 'NONE',  ( -2.178833224121697412E-15, 2.699999999999998845, 0.7834936499999997084 ) ) ;
#1771 = CARTESIAN_POINT ( 'NONE',  ( 0.9999999999999993339, 0.3083333338795698486, -0.5773502691896257311 ) ) ;
#1772 = CARTESIAN_POINT ( 'NONE',  ( 0.7834936499999997084, 3.599999999999999201, -9.595029906247763484E-17 ) ) ;
#1773 = CARTESIAN_POINT ( 'NONE',  ( 2.121150477449812844E-16, -1.024999999453763300, 1.154700538379251018 ) ) ;
#1774 = ORIENTED_EDGE ( 'NONE', *, *, #613, .T. ) ;
#1775 = DIRECTION ( 'NONE',  ( -0.000000000000000000, 1.000000000000000000, -0.000000000000000000 ) ) ;
#1776 = CARTESIAN_POINT ( 'NONE',  ( -0.4999999999999998890, 4.008333333879569693, -0.8660254037844382635 ) ) ;
#1777 = CARTESIAN_POINT ( 'NONE',  ( -0.7834936499999997084, 0.6666666677591411849, -0.4523502697358621205 ) ) ;
#1778 = ORIENTED_EDGE ( 'NONE', *, *, #2501, .T. ) ;
#1779 = CARTESIAN_POINT ( 'NONE',  ( 0.9999999999999993339, -0.9416666661204303734, -0.5773502691896257311 ) ) ;
#1780 = CARTESIAN_POINT ( 'NONE',  ( 0.5000000000000002220, 1.758333333879570137, 0.8660254037844381525 ) ) ;
#1781 = CARTESIAN_POINT ( 'NONE',  ( 2.121150477449812844E-16, 1.725000000546236478, 1.154700538379251018 ) ) ;
#1782 = DIRECTION ( 'NONE',  ( 0.000000000000000000, 0.000000000000000000, 1.000000000000000000 ) ) ;
#1783 = CARTESIAN_POINT ( 'NONE',  ( 2.396716546533867705E-15, 1.699999999999998845, -0.7834936499999995974 ) ) ;
#1784 = CARTESIAN_POINT ( 'NONE',  ( -0.3917468249999999652, 1.433333334425807459, -0.6785254046037932918 ) ) ;
#1785 = CARTESIAN_POINT ( 'NONE',  ( -0.7834936499999997084, 4.566666666666665542, -0.4523502697358621760 ) ) ;
#1786 = CARTESIAN_POINT ( 'NONE',  ( 0.9999999999999998890, 4.191666667212903263, 0.5773502691896250649 ) ) ;
#1787 = CARTESIAN_POINT ( 'NONE',  ( 0.000000000000000000, 2.999999999999999112, 0.000000000000000000 ) ) ;
#1788 = CARTESIAN_POINT ( 'NONE',  ( -0.4999999999999991673, 3.741666667212903086, 0.8660254037844387076 ) ) ;
#1789 = DIRECTION ( 'NONE',  ( 0.000000000000000000, 0.000000000000000000, 1.000000000000000000 ) ) ;
#1790 = CARTESIAN_POINT ( 'NONE',  ( 1.661907929776396734E-16, 3.600000001092474200, 0.9047005394717244631 ) ) ;
#1791 = CARTESIAN_POINT ( 'NONE',  ( -0.9999999999999991118, 2.458333333879570315, 0.5773502691896259531 ) ) ;
#1792 = CARTESIAN_POINT ( 'NONE',  ( -0.4999999999999991673, 1.291666667212903352, 0.8660254037844387076 ) ) ;
#1793 =( GEOMETRIC_REPRESENTATION_CONTEXT ( 3 ) GLOBAL_UNCERTAINTY_ASSIGNED_CONTEXT ( ( #2356 ) ) GLOBAL_UNIT_ASSIGNED_CONTEXT ( ( #2009, #1595, #614 ) ) REPRESENTATION_CONTEXT ( 'NONE', 'WORKASPACE' ) );
#1794 = DIRECTION ( 'NONE',  ( -0.000000000000000000, 1.000000000000000000, 0.000000000000000000 ) ) ;
#1795 = CARTESIAN_POINT ( 'NONE',  ( 2.396716546533867705E-15, 2.200000001092473845, -0.7834936499999995974 ) ) ;
#1796 = EDGE_CURVE ( 'NONE', #1283, #2138, #459, .T. ) ;
#1797 =( BOUNDED_SURFACE ( )  B_SPLINE_SURFACE ( 1, 2, ( 
 ( #935, #1962, #1357, #754, #2556, #140, #1588, #2189, #1575, #965, #2201, #1948, #125, #523, #1559, #367, #2361, #922, #1328, #2586, #740, #556, #380, #354, #2175, #979, #1776, #1744, #1759, #1161, #2571, #2390, #570, #1175, #1788, #1190, #112, #1732, #2543, #726, #869, #1904, #2491, #846, #33, #2290, #1866, #635, #1655, #2301, #1488, #1690, #58, #2466, #2077, #481, #2266, #442, #1679, #2067, #1286, #2100, #244, #282, #673, #1239, #1251, #650, #1076, #1476, #1263, #1891, #1464, #1701, #2278, #1089, #2055, #86, #2479, #71, #456, #1451, #1053, #468, #46, #857, #1668, #2503, #892, #1274, #878, #1439, #663, #2088, #1853, #2254, #256, #1063, #431, #1879, #267, #232, #684, #1043, #122, #919, #99, #932, #1300, #1355, #2112, #962, #155, #1944, #2126, #1157, #1741, #1142, #1974, #520, #1513, #535, #906, #1325, #1313, #1756, #2515, #507, #308, #2140, #2172, #722, #2568, #1339, #1557, #1541, #946, #1959, #696, #351, #1526, #1127, #1115, #2342, #320, #553, #2553, #1933, #2372, #1500, #710, #2315, #752, #493, #737, #294, #1102, #2358, #2155, #1918, #335, #1716, #2529, #110, #1727, #2330, #136, #2540, #1612, #1387, #1801, #2439, #2001, #2186, #181, #6, #2213, #1773, #403, #1005, #1623, #2223, #1187, #766, #992, #379, #817, #2610, #2426, #2583, #2598, #793, #390, #2413, #1586, #1599, #618, #1213, #605, #2623, #1424, #169, #977, #1370, #593, #2026, #582, #1572, #365, #1412, #2401 ),
 ( #2200, #1402, #2237, #1199, #1017, #205, #416, #806, #1825, #1224, #2039, #217, #2015, #194, #1812, #2387, #567, #1173, #1988, #1786, #781, #1462, #1436, #855, #1864, #43, #1850, #1836, #18, #843, #1651, #830, #1249, #1636, #2463, #647, #2065, #1664, #1447, #2477, #2263, #660, #440, #2453, #632, #242, #2052, #1028, #1040, #2250, #428, #1235, #229, #1051, #30, #575, #1969, #1179, #1151, #1536, #2165, #2578, #372, #1593, #2408, #147, #344, #587, #1551, #787, #2395, #1750, #1767, #1995, #956, #1362, #2180, #761, #1334, #360, #2549, #2604, #732, #2206, #1395, #561, #746, #1123, #1167, #1380, #1940, #1566, #131, #1781, #2149, #2382, #2561, #175, #118, #2367, #545, #1983, #929, #162, #984, #2592, #1792, #972, #2195, #1738, #2352, #530, #774, #1580, #1350, #329, #1136, #1954, #941, #2432, #2058, #1453, #1205, #234, #2256, #433, #1219, #2007, #188, #1830, #12, #1807, #1841, #2617, #1629, #823, #1033, #1045, #2446, #1855, #625, #1657, #2244, #599, #2421, #2044, #1618, #385, #1407, #35, #1241, #1441, #1430, #422, #2020, #848, #22, #200, #1229, #1818, #2468, #652, #1, #1194, #222, #998, #1010, #2218, #836, #1642, #1022, #2457, #2032, #800, #212, #1605, #396, #812, #2231, #638, #611, #1418, #409, #1715, #1055, #1670, #2481, #506, #307, #2528, #1512, #2125, #665, #709, #246, #1312, #1868, #48, #2268, #2111, #1114, #293, #97, #905, #492, #860, #2329, #2069, #1932, #1466, #446 ) ),
 .UNSPECIFIED., .F., .F., .T. ) 
 B_SPLINE_SURFACE_WITH_KNOTS ( ( 2, 2 ),
 ( 3, 2, 2, 2, 2, 2, 2, 2, 2, 2, 2, 2, 2, 2, 2, 2, 2, 2, 2, 2, 2, 2, 2, 2, 2, 2, 2, 2, 2, 2, 2, 2, 2, 2, 2, 2, 2, 2, 2, 2, 2, 2, 2, 2, 2, 2, 2, 2, 2, 2, 2, 2, 2, 2, 2, 2, 2, 2, 2, 2, 2, 2, 2, 2, 2, 2, 2, 2, 2, 2, 2, 2, 2, 2, 2, 2, 2, 2, 2, 2, 2, 2, 2, 2, 2, 2, 2, 2, 2, 2, 2, 2, 2, 2, 2, 2, 2, 2, 2, 2, 2, 2, 2, 2, 2, 3 ),
 ( 0.000000000000000000, 1.000000000000000000 ),
 ( 0.000000000000000000, 0.009259259259259258745, 0.01851851851851851749, 0.02777777777777777624, 0.03703703703703703498, 0.04629629629629629373, 0.05555555555555555247, 0.06481481481481481122, 0.07407407407407406996, 0.08333333333333332871, 0.09259259259259258745, 0.1018518518518518462, 0.1111111111111111049, 0.1203703703703703637, 0.1296296296296296224, 0.1388888888888888951, 0.1481481481481481399, 0.1574074074074074125, 0.1666666666666666574, 0.1759259259259259300, 0.1851851851851851749, 0.1944444444444444475, 0.2037037037037036924, 0.2129629629629629650, 0.2222222222222222099, 0.2314814814814814825, 0.2407407407407407274, 0.2500000000000000000, 0.2592592592592592449, 0.2685185185185185452, 0.2777777777777777901, 0.2870370370370370350, 0.2962962962962962798, 0.3055555555555555802, 0.3148148148148148251, 0.3240740740740740700, 0.3333333333333333148, 0.3425925925925926152, 0.3518518518518518601, 0.3611111111111111049, 0.3703703703703703498, 0.3796296296296296502, 0.3888888888888888951, 0.3981481481481481399, 0.4074074074074073848, 0.4166666666666666852, 0.4259259259259259300, 0.4351851851851851749, 0.4444444444444444198, 0.4537037037037037202, 0.4629629629629629650, 0.4722222222222222099, 0.4814814814814814548, 0.4907407407407407551, 0.5000000000000000000, 0.5092592592592593004, 0.5185185185185184897, 0.5277777777777777901, 0.5370370370370370905, 0.5462962962962962798, 0.5555555555555555802, 0.5648148148148147696, 0.5740740740740740700, 0.5833333333333333703, 0.5925925925925925597, 0.6018518518518518601, 0.6111111111111111605, 0.6203703703703703498, 0.6296296296296296502, 0.6388888888888888395, 0.6481481481481481399, 0.6574074074074074403, 0.6666666666666666297, 0.6759259259259259300, 0.6851851851851852304, 0.6944444444444444198, 0.7037037037037037202, 0.7129629629629629095, 0.7222222222222222099, 0.7314814814814815103, 0.7407407407407406996, 0.7500000000000000000, 0.7592592592592593004, 0.7685185185185184897, 0.7777777777777777901, 0.7870370370370370905, 0.7962962962962962798, 0.8055555555555555802, 0.8148148148148147696, 0.8240740740740740700, 0.8333333333333333703, 0.8425925925925925597, 0.8518518518518518601, 0.8611111111111111605, 0.8703703703703703498, 0.8796296296296296502, 0.8888888888888888395, 0.8981481481481481399, 0.9074074074074074403, 0.9166666666666666297, 0.9259259259259259300, 0.9351851851851852304, 0.9444444444444444198, 0.9537037037037037202, 0.9629629629629629095, 0.9722222222222222099 ),
 .UNSPECIFIED. ) 
 GEOMETRIC_REPRESENTATION_ITEM ( )  RATIONAL_B_SPLINE_SURFACE ( (
 ( 1.000000000000000000, 0.8660254037844387076, 1.000000000000000000, 0.8660254037844387076, 1.000000000000000000, 0.8660254037844387076, 1.000000000000000000, 0.8660254037844387076, 1.000000000000000000, 0.8660254037844387076, 1.000000000000000000, 0.8660254037844387076, 1.000000000000000000, 0.8660254037844387076, 1.000000000000000000, 0.8660254037844387076, 1.000000000000000000, 0.8660254037844387076, 1.000000000000000000, 0.8660254037844387076, 1.000000000000000000, 0.8660254037844387076, 1.000000000000000000, 0.8660254037844387076, 1.000000000000000000, 0.8660254037844387076, 1.000000000000000000, 0.8660254037844387076, 1.000000000000000000, 0.8660254037844387076, 1.000000000000000000, 0.8660254037844387076, 1.000000000000000000, 0.8660254037844387076, 1.000000000000000000, 0.8660254037844387076, 1.000000000000000000, 0.8660254037844387076, 1.000000000000000000, 0.8660254037844387076, 1.000000000000000000, 0.8660254037844387076, 1.000000000000000000, 0.8660254037844387076, 1.000000000000000000, 0.8660254037844387076, 1.000000000000000000, 0.8660254037844387076, 1.000000000000000000, 0.8660254037844387076, 1.000000000000000000, 0.8660254037844387076, 1.000000000000000000, 0.8660254037844387076, 1.000000000000000000, 0.8660254037844387076, 1.000000000000000000, 0.8660254037844387076, 1.000000000000000000, 0.8660254037844387076, 1.000000000000000000, 0.8660254037844387076, 1.000000000000000000, 0.8660254037844387076, 1.000000000000000000, 0.8660254037844387076, 1.000000000000000000, 0.8660254037844387076, 1.000000000000000000, 0.8660254037844387076, 1.000000000000000000, 0.8660254037844387076, 1.000000000000000000, 0.8660254037844387076, 1.000000000000000000, 0.8660254037844387076, 1.000000000000000000, 0.8660254037844387076, 1.000000000000000000, 0.8660254037844387076, 1.000000000000000000, 0.8660254037844387076, 1.000000000000000000, 0.8660254037844387076, 1.000000000000000000, 0.8660254037844387076, 1.000000000000000000, 0.8660254037844387076, 1.000000000000000000, 0.8660254037844387076, 1.000000000000000000, 0.8660254037844387076, 1.000000000000000000, 0.8660254037844387076, 1.000000000000000000, 0.8660254037844387076, 1.000000000000000000, 0.8660254037844387076, 1.000000000000000000, 0.8660254037844387076, 1.000000000000000000, 0.8660254037844387076, 1.000000000000000000, 0.8660254037844387076, 1.000000000000000000, 0.8660254037844387076, 1.000000000000000000, 0.8660254037844387076, 1.000000000000000000, 0.8660254037844387076, 1.000000000000000000, 0.8660254037844387076, 1.000000000000000000, 0.8660254037844387076, 1.000000000000000000, 0.8660254037844387076, 1.000000000000000000, 0.8660254037844387076, 1.000000000000000000, 0.8660254037844387076, 1.000000000000000000, 0.8660254037844387076, 1.000000000000000000, 0.8660254037844387076, 1.000000000000000000, 0.8660254037844387076, 1.000000000000000000, 0.8660254037844387076, 1.000000000000000000, 0.8660254037844387076, 1.000000000000000000, 0.8660254037844387076, 1.000000000000000000, 0.8660254037844387076, 1.000000000000000000, 0.8660254037844387076, 1.000000000000000000, 0.8660254037844387076, 1.000000000000000000, 0.8660254037844387076, 1.000000000000000000, 0.8660254037844387076, 1.000000000000000000, 0.8660254037844387076, 1.000000000000000000, 0.8660254037844387076, 1.000000000000000000, 0.8660254037844387076, 1.000000000000000000, 0.8660254037844387076, 1.000000000000000000, 0.8660254037844387076, 1.000000000000000000, 0.8660254037844387076, 1.000000000000000000, 0.8660254037844387076, 1.000000000000000000, 0.8660254037844387076, 1.000000000000000000, 0.8660254037844387076, 1.000000000000000000, 0.8660254037844387076, 1.000000000000000000, 0.8660254037844387076, 1.000000000000000000, 0.8660254037844387076, 1.000000000000000000, 0.8660254037844387076, 1.000000000000000000, 0.8660254037844387076, 1.000000000000000000, 0.8660254037844387076, 1.000000000000000000, 0.8660254037844387076, 1.000000000000000000, 0.8660254037844387076, 1.000000000000000000, 0.8660254037844387076, 1.000000000000000000, 0.8660254037844387076, 1.000000000000000000, 0.8660254037844387076, 1.000000000000000000, 0.8660254037844387076, 1.000000000000000000, 0.8660254037844387076, 1.000000000000000000, 0.8660254037844387076, 1.000000000000000000, 0.8660254037844387076, 1.000000000000000000, 0.8660254037844387076, 1.000000000000000000, 0.8660254037844387076, 1.000000000000000000, 0.8660254037844387076, 1.000000000000000000, 0.8660254037844387076, 1.000000000000000000, 0.8660254037844387076, 1.000000000000000000, 0.8660254037844387076, 1.000000000000000000, 0.8660254037844387076, 1.000000000000000000, 0.8660254037844387076, 1.000000000000000000, 0.8660254037844387076, 1.000000000000000000, 0.8660254037844387076, 1.000000000000000000),
 ( 1.000000000000000000, 0.8660254037844387076, 1.000000000000000000, 0.8660254037844387076, 1.000000000000000000, 0.8660254037844387076, 1.000000000000000000, 0.8660254037844387076, 1.000000000000000000, 0.8660254037844387076, 1.000000000000000000, 0.8660254037844387076, 1.000000000000000000, 0.8660254037844387076, 1.000000000000000000, 0.8660254037844387076, 1.000000000000000000, 0.8660254037844387076, 1.000000000000000000, 0.8660254037844387076, 1.000000000000000000, 0.8660254037844387076, 1.000000000000000000, 0.8660254037844387076, 1.000000000000000000, 0.8660254037844387076, 1.000000000000000000, 0.8660254037844387076, 1.000000000000000000, 0.8660254037844387076, 1.000000000000000000, 0.8660254037844387076, 1.000000000000000000, 0.8660254037844387076, 1.000000000000000000, 0.8660254037844387076, 1.000000000000000000, 0.8660254037844387076, 1.000000000000000000, 0.8660254037844387076, 1.000000000000000000, 0.8660254037844387076, 1.000000000000000000, 0.8660254037844387076, 1.000000000000000000, 0.8660254037844387076, 1.000000000000000000, 0.8660254037844387076, 1.000000000000000000, 0.8660254037844387076, 1.000000000000000000, 0.8660254037844387076, 1.000000000000000000, 0.8660254037844387076, 1.000000000000000000, 0.8660254037844387076, 1.000000000000000000, 0.8660254037844387076, 1.000000000000000000, 0.8660254037844387076, 1.000000000000000000, 0.8660254037844387076, 1.000000000000000000, 0.8660254037844387076, 1.000000000000000000, 0.8660254037844387076, 1.000000000000000000, 0.8660254037844387076, 1.000000000000000000, 0.8660254037844387076, 1.000000000000000000, 0.8660254037844387076, 1.000000000000000000, 0.8660254037844387076, 1.000000000000000000, 0.8660254037844387076, 1.000000000000000000, 0.8660254037844387076, 1.000000000000000000, 0.8660254037844387076, 1.000000000000000000, 0.8660254037844387076, 1.000000000000000000, 0.8660254037844387076, 1.000000000000000000, 0.8660254037844387076, 1.000000000000000000, 0.8660254037844387076, 1.000000000000000000, 0.8660254037844387076, 1.000000000000000000, 0.8660254037844387076, 1.000000000000000000, 0.8660254037844387076, 1.000000000000000000, 0.8660254037844387076, 1.000000000000000000, 0.8660254037844387076, 1.000000000000000000, 0.8660254037844387076, 1.000000000000000000, 0.8660254037844387076, 1.000000000000000000, 0.8660254037844387076, 1.000000000000000000, 0.8660254037844387076, 1.000000000000000000, 0.8660254037844387076, 1.000000000000000000, 0.8660254037844387076, 1.000000000000000000, 0.8660254037844387076, 1.000000000000000000, 0.8660254037844387076, 1.000000000000000000, 0.8660254037844387076, 1.000000000000000000, 0.8660254037844387076, 1.000000000000000000, 0.8660254037844387076, 1.000000000000000000, 0.8660254037844387076, 1.000000000000000000, 0.8660254037844387076, 1.000000000000000000, 0.8660254037844387076, 1.000000000000000000, 0.8660254037844387076, 1.000000000000000000, 0.8660254037844387076, 1.000000000000000000, 0.8660254037844387076, 1.000000000000000000, 0.8660254037844387076, 1.000000000000000000, 0.8660254037844387076, 1.000000000000000000, 0.8660254037844387076, 1.000000000000000000, 0.8660254037844387076, 1.000000000000000000, 0.8660254037844387076, 1.000000000000000000, 0.8660254037844387076, 1.000000000000000000, 0.8660254037844387076, 1.000000000000000000, 0.8660254037844387076, 1.000000000000000000, 0.8660254037844387076, 1.000000000000000000, 0.8660254037844387076, 1.000000000000000000, 0.8660254037844387076, 1.000000000000000000, 0.8660254037844387076, 1.000000000000000000, 0.8660254037844387076, 1.000000000000000000, 0.8660254037844387076, 1.000000000000000000, 0.8660254037844387076, 1.000000000000000000, 0.8660254037844387076, 1.000000000000000000, 0.8660254037844387076, 1.000000000000000000, 0.8660254037844387076, 1.000000000000000000, 0.8660254037844387076, 1.000000000000000000, 0.8660254037844387076, 1.000000000000000000, 0.8660254037844387076, 1.000000000000000000, 0.8660254037844387076, 1.000000000000000000, 0.8660254037844387076, 1.000000000000000000, 0.8660254037844387076, 1.000000000000000000, 0.8660254037844387076, 1.000000000000000000, 0.8660254037844387076, 1.000000000000000000, 0.8660254037844387076, 1.000000000000000000, 0.8660254037844387076, 1.000000000000000000, 0.8660254037844387076, 1.000000000000000000, 0.8660254037844387076, 1.000000000000000000, 0.8660254037844387076, 1.000000000000000000, 0.8660254037844387076, 1.000000000000000000, 0.8660254037844387076, 1.000000000000000000, 0.8660254037844387076, 1.000000000000000000, 0.8660254037844387076, 1.000000000000000000, 0.8660254037844387076, 1.000000000000000000, 0.8660254037844387076, 1.000000000000000000, 0.8660254037844387076, 1.000000000000000000, 0.8660254037844387076, 1.000000000000000000) ) ) 
 REPRESENTATION_ITEM ( '' )  SURFACE ( )  );
#1798 = CARTESIAN_POINT ( 'NONE',  ( -0.3917468249999999652, 0.9333333333333320159, -0.6785254046037932918 ) ) ;
#1799 = CARTESIAN_POINT ( 'NONE',  ( 0.7834936499999993753, 1.633333333333332638, -0.4523502697358626201 ) ) ;
#1800 = CARTESIAN_POINT ( 'NONE',  ( 0.4999999999999995559, 4.341666667212902730, -0.8660254037844383745 ) ) ;
#1801 = CARTESIAN_POINT ( 'NONE',  ( -0.4999999999999998890, -0.7916666661204304623, -0.8660254037844382635 ) ) ;
#1802 = DIRECTION ( 'NONE',  ( -0.000000000000000000, 1.000000000000000000, -0.000000000000000000 ) ) ;
#1803 = ORIENTED_EDGE ( 'NONE', *, *, #904, .F. ) ;
#1804 = CARTESIAN_POINT ( 'NONE',  ( 1.224646799147352714E-16, 0.000000000000000000, 0.9999999999999995559 ) ) ;
#1805 = CARTESIAN_POINT ( 'NONE',  ( -0.7834936499999997084, 3.100000001092474644, 0.000000000000000000 ) ) ;
#1806 = CARTESIAN_POINT ( 'NONE',  ( 2.121150477449812844E-16, 3.725000000546236922, 1.154700538379251018 ) ) ;
#1807 = CARTESIAN_POINT ( 'NONE',  ( -0.9999999999999991118, 0.4583333338795698153, 0.5773502691896259531 ) ) ;
#1808 = CARTESIAN_POINT ( 'NONE',  ( 0.9999999999999993339, 1.058333333879570182, -0.5773502691896257311 ) ) ;
#1809 = CARTESIAN_POINT ( 'NONE',  ( -0.7834936499999994863, 1.533333334425807326, 0.4523502697358626756 ) ) ;
#1810 = CARTESIAN_POINT ( 'NONE',  ( 0.3917468249999996877, 2.466666666666665453, -0.6785254046037934028 ) ) ;
#1811 = CARTESIAN_POINT ( 'NONE',  ( -0.7834936499999997084, -1.800000000000001155, 0.000000000000000000 ) ) ;
#1812 = CARTESIAN_POINT ( 'NONE',  ( -0.4999999999999998890, 4.358333333879570226, -0.8660254037844382635 ) ) ;
#1813 = CARTESIAN_POINT ( 'NONE',  ( 0.000000000000000000, 2.999999999999999556, 1.399999999999999689 ) ) ;
#1814 = EDGE_LOOP ( 'NONE', ( #2625, #1601, #2191 ) ) ;
#1815 = CYLINDRICAL_SURFACE ( 'NONE', #1592, 0.7834936499999997084 ) ;
#1816 = CARTESIAN_POINT ( 'NONE',  ( -0.7834936499999993753, 3.533333334425807770, 0.4523502697358626756 ) ) ;
#1817 = CARTESIAN_POINT ( 'NONE',  ( -0.4999999999999998890, 1.958333333879570315, -0.8660254037844382635 ) ) ;
#1818 = CARTESIAN_POINT ( 'NONE',  ( -7.070501591499377789E-17, -0.4749999994537630332, -1.154700538379251018 ) ) ;
#1819 = CARTESIAN_POINT ( 'NONE',  ( -0.9999999999999996669, 0.7916666672129037963, -0.5773502691896253980 ) ) ;
#1820 =( NAMED_UNIT ( * ) SI_UNIT ( $, .STERADIAN. ) SOLID_ANGLE_UNIT ( ) );
#1821 = AXIS2_PLACEMENT_3D ( 'NONE', #231, #856, #1031 ) ;
#1822 = CARTESIAN_POINT ( 'NONE',  ( 0.5000000000000002220, -0.9916666661204300848, 0.8660254037844381525 ) ) ;
#1823 = CARTESIAN_POINT ( 'NONE',  ( -0.7834936499999993753, 1.033333333333332327, 0.4523502697358626756 ) ) ;
#1824 = CARTESIAN_POINT ( 'NONE',  ( -0.7834936499999993753, -1.766666666666668162, 0.4523502697358626756 ) ) ;
#1825 = CARTESIAN_POINT ( 'NONE',  ( 0.5000000000000002220, 4.558333333879570404, 0.8660254037844381525 ) ) ;
#1826 = ORIENTED_EDGE ( 'NONE', *, *, #2046, .F. ) ;
#1827 = DIRECTION ( 'NONE',  ( -0.000000000000000000, 1.000000000000000000, -0.000000000000000000 ) ) ;
#1828 = CARTESIAN_POINT ( 'NONE',  ( -0.7834936499999997084, 3.500000001092474111, 0.000000000000000000 ) ) ;
#1829 = CARTESIAN_POINT ( 'NONE',  ( 0.9999999999999995559, 2.225000000546236478, -1.224646799147352714E-16 ) ) ;
#1830 = CARTESIAN_POINT ( 'NONE',  ( 2.121150477449812844E-16, 0.5250000005462369668, 1.154700538379251018 ) ) ;
#1831 = CARTESIAN_POINT ( 'NONE',  ( 2.121150477449812844E-16, 0.5250000005462369668, 1.154700538379251018 ) ) ;
#1832 = CARTESIAN_POINT ( 'NONE',  ( -0.4999999999999991673, -1.058333332787097181, 0.8660254037844387076 ) ) ;
#1833 = CARTESIAN_POINT ( 'NONE',  ( 0.3917468249999996877, 1.266666666666665941, -0.6785254046037934028 ) ) ;
#1834 = CARTESIAN_POINT ( 'NONE',  ( 0.7834936499999993753, -1.566666666666667540, -0.4523502697358626201 ) ) ;
#1835 = EDGE_CURVE ( 'NONE', #707, #1922, #2275, .T. ) ;
#1836 = CARTESIAN_POINT ( 'NONE',  ( -7.070501591499377789E-17, 3.925000000546237100, -1.154700538379251018 ) ) ;
#1837 = CARTESIAN_POINT ( 'NONE',  ( -0.3917468249999992991, 2.766666667759141163, 0.6785254046037937359 ) ) ;
#1838 = ORIENTED_EDGE ( 'NONE', *, *, #2240, .F. ) ;
#1839 = CARTESIAN_POINT ( 'NONE',  ( -0.1306516614769121509, 0.2130440641745702524, -0.7788579069757172180 ) ) ;
#1840 = CARTESIAN_POINT ( 'NONE',  ( 0.7834936499999999304, 2.866666667759140807, 0.4523502697358619540 ) ) ;
#1841 = CARTESIAN_POINT ( 'NONE',  ( -0.9999999999999995559, 0.4250000005462367114, 0.000000000000000000 ) ) ;
#1842 = CARTESIAN_POINT ( 'NONE',  ( -0.4999999999999998890, 2.408333333879569604, -0.8660254037844382635 ) ) ;
#1843 = CARTESIAN_POINT ( 'NONE',  ( -0.9999999999999991118, 2.458333333879570315, 0.5773502691896260641 ) ) ;
#1844 = CARTESIAN_POINT ( 'NONE',  ( 2.396716546533867705E-15, 2.099999999999999201, -0.7834936499999995974 ) ) ;
#1845 = AXIS2_PLACEMENT_3D ( 'NONE', #61, #1079, #1065 ) ;
#1846 = CARTESIAN_POINT ( 'NONE',  ( 0.4447869075967368913, 2.899962616141571470, 0.7874235780755065583 ) ) ;
#1847 = CARTESIAN_POINT ( 'NONE',  ( -0.7834936499999997084, 2.599999999999999201, 0.000000000000000000 ) ) ;
#1848 = EDGE_CURVE ( 'NONE', #1128, #1720, #2374, .T. ) ;
#1849 = CARTESIAN_POINT ( 'NONE',  ( 0.9999999999999995559, 3.875000000546236834, -1.224646799147352714E-16 ) ) ;
#1850 = CARTESIAN_POINT ( 'NONE',  ( -0.4999999999999998890, 3.958333333879570315, -0.8660254037844382635 ) ) ;
#1851 = VERTEX_POINT ( 'NONE', #1171 ) ;
#1852 = CARTESIAN_POINT ( 'NONE',  ( 0.3917468250000001873, 2.433333334425807681, 0.6785254046037931808 ) ) ;
#1853 = CARTESIAN_POINT ( 'NONE',  ( -0.4999999999999991673, 1.741666667212903308, 0.8660254037844387076 ) ) ;
#1854 = CARTESIAN_POINT ( 'NONE',  ( 0.3917468249999996877, 0.1666666677591407408, -0.6785254046037934028 ) ) ;
#1855 = CARTESIAN_POINT ( 'NONE',  ( 0.9999999999999998890, 0.1916666672129030413, 0.5773502691896250649 ) ) ;
#1856 = CARTESIAN_POINT ( 'NONE',  ( -0.4999999999999998890, 2.808333333879569960, -0.8660254037844382635 ) ) ;
#1857 = CARTESIAN_POINT ( 'NONE',  ( -0.9999999999999996669, 1.191666667212903485, -0.5773502691896253980 ) ) ;
#1858 = CARTESIAN_POINT ( 'NONE',  ( -0.4999999999999991673, -0.3083333327870965146, 0.8660254037844387076 ) ) ;
#1859 = CARTESIAN_POINT ( 'NONE',  ( 0.7554390211944354006, 2.783494992865787054, 0.2077839853816859095 ) ) ;
#1860 = CARTESIAN_POINT ( 'NONE',  ( 0.3917468250000001873, -0.4666666666666673402, 0.6785254046037931808 ) ) ;
#1861 = AXIS2_PLACEMENT_3D ( 'NONE', #315, #1122, #1506 ) ;
#1862 = EDGE_CURVE ( 'NONE', #313, #392, #589, .T. ) ;
#1863 = CARTESIAN_POINT ( 'NONE',  ( 0.4999999999999995559, 1.941666667212903263, -0.8660254037844383745 ) ) ;
#1864 = CARTESIAN_POINT ( 'NONE',  ( -0.9999999999999995559, 4.025000000546236301, 0.000000000000000000 ) ) ;
#1865 = LINE ( 'NONE', #467, #1248 ) ;
#1866 = CARTESIAN_POINT ( 'NONE',  ( -0.4999999999999991673, 3.341666667212903175, 0.8660254037844387076 ) ) ;
#1867 = CARTESIAN_POINT ( 'NONE',  ( 0.7834936499999997084, 0.1000000010924744637, -9.595029906247763484E-17 ) ) ;
#1868 = CARTESIAN_POINT ( 'NONE',  ( 0.4999999999999995559, -1.708333332787096648, -0.8660254037844383745 ) ) ;
#1869 = CARTESIAN_POINT ( 'NONE',  ( -0.3917468249999992991, 1.966666667759141118, 0.6785254046037937359 ) ) ;
#1870 = EDGE_CURVE ( 'NONE', #2310, #313, #1915, .T. ) ;
#1871 = CYLINDRICAL_SURFACE ( 'NONE', #2567, 0.7834936499999997084 ) ;
#1872 = CARTESIAN_POINT ( 'NONE',  ( -0.9999999999999995559, 0.8250000005462369002, 0.000000000000000000 ) ) ;
#1873 = CARTESIAN_POINT ( 'NONE',  ( 0.000000000000000000, 2.999999999999999556, 0.000000000000000000 ) ) ;
#1874 = CARTESIAN_POINT ( 'NONE',  ( 0.000000000000000000, 2.783493650000002706, 0.000000000000000000 ) ) ;
#1875 = CARTESIAN_POINT ( 'NONE',  ( 0.7834936499999993753, -1.166666666666667407, -0.4523502697358626201 ) ) ;
#1876 = CARTESIAN_POINT ( 'NONE',  ( -0.4999999999999991673, 1.341666667212902952, 0.8660254037844387076 ) ) ;
#1877 = AXIS2_PLACEMENT_3D ( 'NONE', #2208, #2449, #2246 ) ;
#1878 = DIRECTION ( 'NONE',  ( 0.000000000000000000, 0.000000000000000000, 1.000000000000000000 ) ) ;
#1879 = CARTESIAN_POINT ( 'NONE',  ( -7.070501591499377789E-17, 1.575000000546236567, -1.154700538379251018 ) ) ;
#1880 = CARTESIAN_POINT ( 'NONE',  ( 0.7834936499999997084, 1.300000001092474156, -9.595029906247763484E-17 ) ) ;
#1881 = CARTESIAN_POINT ( 'NONE',  ( -0.4999999999999991673, 2.941666667212903263, 0.8660254037844387076 ) ) ;
#1882 = DIRECTION ( 'NONE',  ( 0.000000000000000000, 0.000000000000000000, 1.000000000000000000 ) ) ;
#1883 = CARTESIAN_POINT ( 'NONE',  ( -7.070501591499377789E-17, 1.125000000546236834, -1.154700538379251018 ) ) ;
#1884 = CARTESIAN_POINT ( 'NONE',  ( 0.3917468249999996877, 1.366666667759140807, -0.6785254046037934028 ) ) ;
#1885 = CARTESIAN_POINT ( 'NONE',  ( 0.2099364907924128609, 2.017863280587882446, 0.7834936499999995974 ) ) ;
#1886 = AXIS2_PLACEMENT_3D ( 'NONE', #487, #1910, #1270 ) ;
#1887 = CARTESIAN_POINT ( 'NONE',  ( -0.3917468249999999652, 0.5333333333333326598, -0.6785254046037932918 ) ) ;
#1888 = CARTESIAN_POINT ( 'NONE',  ( 0.4999999999999995559, 2.341666667212903175, -0.8660254037844383745 ) ) ;
#1889 = VECTOR ( 'NONE', #2579, 1000.000000000000000 ) ;
#1890 = DIRECTION ( 'NONE',  ( -0.000000000000000000, 1.000000000000000000, -0.000000000000000000 ) ) ;
#1891 = CARTESIAN_POINT ( 'NONE',  ( -0.9999999999999991118, 2.508333333879569693, 0.5773502691896259531 ) ) ;
#1892 = CARTESIAN_POINT ( 'NONE',  ( -0.3917468249999999652, 1.833333334425807815, -0.6785254046037932918 ) ) ;
#1893 = CARTESIAN_POINT ( 'NONE',  ( -7.070501591499376556E-17, 2.775000000546236301, -1.154700538379251018 ) ) ;
#1894 = CARTESIAN_POINT ( 'NONE',  ( 0.4999999999999995559, 0.2916666672129032967, -0.8660254037844383745 ) ) ;
#1895 = CARTESIAN_POINT ( 'NONE',  ( -0.9999999999999995559, 0.4250000005462367114, 0.000000000000000000 ) ) ;
#1896 = CARTESIAN_POINT ( 'NONE',  ( 2.396716546533867705E-15, 1.800000001092473711, -0.7834936499999995974 ) ) ;
#1897 = DIRECTION ( 'NONE',  ( -0.000000000000000000, 1.000000000000000000, -0.000000000000000000 ) ) ;
#1898 = CARTESIAN_POINT ( 'NONE',  ( 0.7834936499999993753, -0.7666666666666680507, -0.4523502697358626201 ) ) ;
#1899 = ORIENTED_EDGE ( 'NONE', *, *, #357, .T. ) ;
#1900 = EDGE_LOOP ( 'NONE', ( #1041, #304, #2373 ) ) ;
#1901 = CARTESIAN_POINT ( 'NONE',  ( -7.070501591499377789E-17, 2.775000000546236301, -1.154700538379251018 ) ) ;
#1902 = AXIS2_PLACEMENT_3D ( 'NONE', #619, #1425, #391 ) ;
#1903 = CARTESIAN_POINT ( 'NONE',  ( 1.661907929776396734E-16, 4.299999999999998934, 0.9047005394717244631 ) ) ;
#1904 = CARTESIAN_POINT ( 'NONE',  ( 0.9999999999999993339, 3.508333333879570137, -0.5773502691896257311 ) ) ;
#1905 = CARTESIAN_POINT ( 'NONE',  ( -0.3917468249999999652, 1.033333334425807326, -0.6785254046037932918 ) ) ;
#1906 = CARTESIAN_POINT ( 'NONE',  ( 0.9999999999999993339, 1.908333333879569826, -0.5773502691896257311 ) ) ;
#1907 = CARTESIAN_POINT ( 'NONE',  ( 0.000000000000000000, 0.000000000000000000, 0.000000000000000000 ) ) ;
#1908 = CARTESIAN_POINT ( 'NONE',  ( 0.9999999999999995559, 0.2250000005462370334, -1.224646799147352714E-16 ) ) ;
#1909 = CARTESIAN_POINT ( 'NONE',  ( -0.9999999999999996669, 4.391666667212903441, -0.5773502691896252870 ) ) ;
#1910 = DIRECTION ( 'NONE',  ( -0.000000000000000000, 1.000000000000000000, -0.000000000000000000 ) ) ;
#1911 = CARTESIAN_POINT ( 'NONE',  ( -5.539693099254656190E-17, 0.09999999999999939493, -0.9047005394717244631 ) ) ;
#1912 = EDGE_LOOP ( 'NONE', ( #2574, #94, #968, #81 ) ) ;
#1913 = ORIENTED_EDGE ( 'NONE', *, *, #2119, .F. ) ;
#1914 = CARTESIAN_POINT ( 'NONE',  ( 2.121150477449812844E-16, 0.5750000005462366781, 1.154700538379251018 ) ) ;
#1915 =( BOUNDED_CURVE ( )  B_SPLINE_CURVE ( 2, ( #375, #2620, #191, #1183, #1998, #178, #1798, #1694, #2073 ),
 .UNSPECIFIED., .F., .F. ) 
 B_SPLINE_CURVE_WITH_KNOTS ( ( 3, 2, 2, 2, 3 ),
 ( 0.5416666666666667407, 0.5462962962962962798, 0.5555555555555555802, 0.5648148148148147696, 0.5694444444444444198 ),
 .UNSPECIFIED. ) 
 CURVE ( )  GEOMETRIC_REPRESENTATION_ITEM ( )  RATIONAL_B_SPLINE_CURVE ( ( 0.9330127018922192983, 0.9330127018922200755, 1.000000000000000000, 0.8660254037844387076, 1.000000000000000000, 0.8660254037844387076, 1.000000000000000000, 0.9330127018922194093, 0.9330127018922194093 ) ) 
 REPRESENTATION_ITEM ( '' )  );
#1916 = CARTESIAN_POINT ( 'NONE',  ( 0.7834936499999997084, 2.100000001092474200, -9.595029906247763484E-17 ) ) ;
#1917 = PRODUCT_DEFINITION_FORMATION_WITH_SPECIFIED_SOURCE ( 'ANY', '', #2514, .NOT_KNOWN. ) ;
#1918 = CARTESIAN_POINT ( 'NONE',  ( -7.070501591499377789E-17, -0.4249999994537633219, -1.154700538379251018 ) ) ;
#1919 = CARTESIAN_POINT ( 'NONE',  ( 1.661907929776396734E-16, -0.3999999989075259665, 0.9047005394717244631 ) ) ;
#1920 = CARTESIAN_POINT ( 'NONE',  ( 2.121150477449812844E-16, 1.375000000546236611, 1.154700538379251018 ) ) ;
#1921 = CARTESIAN_POINT ( 'NONE',  ( -0.9999999999999991118, 0.4583333338795698153, 0.5773502691896260641 ) ) ;
#1922 = VERTEX_POINT ( 'NONE', #252 ) ;
#1923 = CARTESIAN_POINT ( 'NONE',  ( -0.7834936499999993753, 4.333333334425806704, 0.4523502697358626756 ) ) ;
#1924 = CARTESIAN_POINT ( 'NONE',  ( 0.9999999999999998890, 4.191666667212903263, 0.5773502691896250649 ) ) ;
#1925 = CARTESIAN_POINT ( 'NONE',  ( 4.953214196169993442E-15, 1.000000001092474111, -0.7834936499999997084 ) ) ;
#1926 = CARTESIAN_POINT ( 'NONE',  ( 1.661907929776396734E-16, -1.300000000000000711, 0.9047005394717244631 ) ) ;
#1927 = ORIENTED_EDGE ( 'NONE', *, *, #2597, .F. ) ;
#1928 = CARTESIAN_POINT ( 'NONE',  ( -1.016788837923458920E-16, 0.8999999999999989120, -0.7834936499999995974 ) ) ;
#1929 = CARTESIAN_POINT ( 'NONE',  ( 0.4999999999999995559, -0.8583333327870966700, -0.8660254037844383745 ) ) ;
#1930 = EDGE_CURVE ( 'NONE', #1128, #2441, #1684, .T. ) ;
#1931 = AXIS2_PLACEMENT_3D ( 'NONE', #546, #1351, #2458 ) ;
#1932 = CARTESIAN_POINT ( 'NONE',  ( 0.4999999999999995559, -2.108333332787097003, -0.8660254037844383745 ) ) ;
#1933 = CARTESIAN_POINT ( 'NONE',  ( -7.070501591499377789E-17, -0.02499999945376318172, -1.154700538379251018 ) ) ;
#1934 = CARTESIAN_POINT ( 'NONE',  ( 0.3917468249999996877, -1.433333332240859237, -0.6785254046037934028 ) ) ;
#1935 = CARTESIAN_POINT ( 'NONE',  ( -0.9999999999999996669, 1.241666667212903308, -0.5773502691896253980 ) ) ;
#1936 = CARTESIAN_POINT ( 'NONE',  ( -0.3749976359994734998, -1.570537984599584050E-07, -0.9270257671687477385 ) ) ;
#1937 = ORIENTED_EDGE ( 'NONE', *, *, #2046, .T. ) ;
#1938 = CARTESIAN_POINT ( 'NONE',  ( -0.4999999999999998890, -1.641666666120429552, -0.8660254037844382635 ) ) ;
#1939 = CYLINDRICAL_SURFACE ( 'NONE', #1729, 0.7834936499999997084 ) ;
#1940 = CARTESIAN_POINT ( 'NONE',  ( 0.9999999999999995559, 1.825000000546237011, -1.224646799147352714E-16 ) ) ;
#1941 = CARTESIAN_POINT ( 'NONE',  ( 0.7834936499999999304, 0.7666666666666656083, 0.4523502697358619540 ) ) ;
#1942 = CARTESIAN_POINT ( 'NONE',  ( 0.9999999999999995559, -0.5249999994537636328, -1.224646799147352714E-16 ) ) ;
#1943 = EDGE_CURVE ( 'NONE', #572, #1851, #2092, .T. ) ;
#1944 = CARTESIAN_POINT ( 'NONE',  ( 0.9999999999999993339, 1.108333333879569782, -0.5773502691896257311 ) ) ;
#1945 = VERTEX_POINT ( 'NONE', #473 ) ;
#1946 = VECTOR ( 'NONE', #1269, 999.9999999999998863 ) ;
#1947 = CARTESIAN_POINT ( 'NONE',  ( -0.7834936499999997084, -1.299999998907525711, 0.000000000000000000 ) ) ;
#1948 = CARTESIAN_POINT ( 'NONE',  ( -0.9999999999999991118, 4.508333333879569693, 0.5773502691896259531 ) ) ;
#1949 = CARTESIAN_POINT ( 'NONE',  ( 2.121150477449812844E-16, 0.9750000005462363672, 1.154700538379251018 ) ) ;
#1950 = CARTESIAN_POINT ( 'NONE',  ( -0.8384046978417110108, 0.1404551696526425697, -0.2180137583297675485 ) ) ;
#1951 = ORIENTED_EDGE ( 'NONE', *, *, #2483, .F. ) ;
#1952 = CARTESIAN_POINT ( 'NONE',  ( -0.4999999999999991673, -0.7083333327870967588, 0.8660254037844387076 ) ) ;
#1953 = LINE ( 'NONE', #1292, #592 ) ;
#1954 = CARTESIAN_POINT ( 'NONE',  ( 2.121150477449812844E-16, 0.9250000005462366559, 1.154700538379251018 ) ) ;
#1955 = DIRECTION ( 'NONE',  ( -0.000000000000000000, 1.000000000000000000, -0.000000000000000000 ) ) ;
#1956 = LINE ( 'NONE', #331, #1381 ) ;
#1957 = CARTESIAN_POINT ( 'NONE',  ( -0.9999999999999991118, 0.9083333338795697154, 0.5773502691896259531 ) ) ;
#1958 = CARTESIAN_POINT ( 'NONE',  ( 1.661907929776396734E-16, 4.699999999999998401, 0.9047005394717244631 ) ) ;
#1959 = CARTESIAN_POINT ( 'NONE',  ( 0.9999999999999993339, 0.3083333338795698486, -0.5773502691896257311 ) ) ;
#1960 = ORIENTED_EDGE ( 'NONE', *, *, #2209, .T. ) ;
#1961 = CARTESIAN_POINT ( 'NONE',  ( 0.7834936499999993753, -0.2666666655741926073, -0.4523502697358626201 ) ) ;
#1962 = CARTESIAN_POINT ( 'NONE',  ( -0.9999999999999996669, 4.841666667212903619, -0.5773502691896252870 ) ) ;
#1963 = CARTESIAN_POINT ( 'NONE',  ( 0.5000000000000002220, 1.008333333879569915, 0.8660254037844381525 ) ) ;
#1964 = CARTESIAN_POINT ( 'NONE',  ( -2.178833224121697412E-15, 1.600000001092473534, 0.7834936499999997084 ) ) ;
#1965 = EDGE_CURVE ( 'NONE', #1542, #1520, #675, .T. ) ;
#1966 = ORIENTED_EDGE ( 'NONE', *, *, #2587, .F. ) ;
#1967 = CARTESIAN_POINT ( 'NONE',  ( -5.539693099254656190E-17, 4.200000001092473845, -0.9047005394717244631 ) ) ;
#1968 = CARTESIAN_POINT ( 'NONE',  ( -0.3172787498454431865, 0.06486348245274038693, 0.8935329772305483642 ) ) ;
#1969 = CARTESIAN_POINT ( 'NONE',  ( 0.5000000000000002220, 2.958333333879570315, 0.8660254037844381525 ) ) ;
#1970 = CARTESIAN_POINT ( 'NONE',  ( 1.945316614798501569E-11, 2.984150635441745969, 0.9841506354417483005 ) ) ;
#1971 = FACE_BOUND ( 'NONE', #2298, .T. ) ;
#1972 = CARTESIAN_POINT ( 'NONE',  ( 0.9999999999999995559, 0.2750000005462367447, -1.224646799147352714E-16 ) ) ;
#1973 = CARTESIAN_POINT ( 'NONE',  ( 1.661907929776396734E-16, 3.499999999999999112, 0.9047005394717244631 ) ) ;
#1974 = CARTESIAN_POINT ( 'NONE',  ( -0.4999999999999991673, 0.9416666672129028193, 0.8660254037844387076 ) ) ;
#1975 = CLOSED_SHELL ( 'NONE', ( #1376, #2512, #634, #443, #435, #797, #477, #1363, #2035, #622, #1730, #724, #721, #369, #2185, #1315, #1455, #1074, #1571, #2171, #552, #1298, #1287, #153, #152, #2405, #776, #1159, #345, #1769, #2264 ) ) ;
#1976 = CARTESIAN_POINT ( 'NONE',  ( -0.7834936499999993753, -2.066666665574193207, 0.4523502697358626756 ) ) ;
#1977 = DIRECTION ( 'NONE',  ( -0.000000000000000000, 1.000000000000000000, -0.000000000000000000 ) ) ;
#1978 = CARTESIAN_POINT ( 'NONE',  ( -4.735330873757823543E-15, 0.8000000010924738225, 0.7834936499999998194 ) ) ;
#1979 = VECTOR ( 'NONE', #148, 1000.000000000000000 ) ;
#1980 = ORIENTED_EDGE ( 'NONE', *, *, #138, .T. ) ;
#1981 = CARTESIAN_POINT ( 'NONE',  ( 0.9999999999999995559, -1.774999999453763078, -1.224646799147352714E-16 ) ) ;
#1982 = CARTESIAN_POINT ( 'NONE',  ( 0.9999999999999995559, 1.825000000546237011, -1.224646799147352714E-16 ) ) ;
#1983 = CARTESIAN_POINT ( 'NONE',  ( 0.9999999999999993339, 1.458333333879570315, -0.5773502691896257311 ) ) ;
#1984 = CARTESIAN_POINT ( 'NONE',  ( 0.1250998945989043876, 2.851188696955895718, -0.8511886502367822516 ) ) ;
#1985 = CARTESIAN_POINT ( 'NONE',  ( 0.5315989105497634926, 0.1784169014968347566, -0.6363438910249475944 ) ) ;
#1986 = CARTESIAN_POINT ( 'NONE',  ( 9.595029906247763484E-17, 2.999999999999999112, -0.7834936499999997084 ) ) ;
#1987 = CARTESIAN_POINT ( 'NONE',  ( -0.3917468249999992991, 4.666666666666666075, 0.6785254046037937359 ) ) ;
#1988 = CARTESIAN_POINT ( 'NONE',  ( 0.9999999999999995559, 4.225000000546237366, -1.224646799147352714E-16 ) ) ;
#1989 = CARTESIAN_POINT ( 'NONE',  ( 0.3749999918064393367, 2.999999999999999556, 0.9270248142014160253 ) ) ;
#1990 = DIRECTION ( 'NONE',  ( 0.000000000000000000, 0.000000000000000000, 1.000000000000000000 ) ) ;
#1991 = FACE_OUTER_BOUND ( 'NONE', #692, .T. ) ;
#1992 = VECTOR ( 'NONE', #2427, 1000.000000000000000 ) ;
#1993 = CARTESIAN_POINT ( 'NONE',  ( 0.7834936499999999304, 2.466666667759140896, 0.4523502697358619540 ) ) ;
#1994 = CARTESIAN_POINT ( 'NONE',  ( -0.9999999999999995559, 3.225000000546236922, 0.000000000000000000 ) ) ;
#1995 = CARTESIAN_POINT ( 'NONE',  ( -0.9999999999999996669, 2.391666667212903441, -0.5773502691896252870 ) ) ;
#1996 = CARTESIAN_POINT ( 'NONE',  ( 0.000000000000000000, -4.336808689942017736E-16, 2.174999999999999378 ) ) ;
#1997 = CARTESIAN_POINT ( 'NONE',  ( 0.8564642226132334057, 0.1355626434355056420, 0.1619136503920649284 ) ) ;
#1998 = CARTESIAN_POINT ( 'NONE',  ( -0.7834936499999997084, 0.9999999999999991118, 0.000000000000000000 ) ) ;
#1999 = CARTESIAN_POINT ( 'NONE',  ( 0.7834936499999993753, 3.633333333333332860, -0.4523502697358626201 ) ) ;
#2000 = CARTESIAN_POINT ( 'NONE',  ( -7.070501591499377789E-17, 4.375000000546236834, -1.154700538379251018 ) ) ;
#2001 = CARTESIAN_POINT ( 'NONE',  ( 0.4999999999999995559, -0.8583333327870966700, -0.8660254037844383745 ) ) ;
#2002 = CARTESIAN_POINT ( 'NONE',  ( 0.7834936499999997084, 1.199999999999999289, -9.595029906247763484E-17 ) ) ;
#2003 = ORIENTED_EDGE ( 'NONE', *, *, #24, .T. ) ;
#2004 =( BOUNDED_SURFACE ( )  B_SPLINE_SURFACE ( 1, 2, ( 
 ( #1338, #376, #151, #364, #1184, #2371, #695, #1499, #1172, #1958, #1987, #961, #976, #1785, #765, #1354, #1385, #2566, #2596, #1141, #2099, #1903, #2198, #779, #2314, #85, #751, #349, #2153, #1555, #2170, #683, #1584, #891, #1285, #179, #2513, #2399, #333, #1156, #135, #1999, #1772, #578, #1689, #1973, #534, #945, #2502, #2582, #1487, #1570, #2300, #480, #2386, #566, #281, #1367, #1700, #2184, #1400, #1197, #643, #2050, #2621, #2012, #4, #2235, #1410, #815, #1621, #2607, #1847, #192, #590, #2063, #1810, #840, #227, #2424, #603, #426, #1038, #803, #2211, #388, #1026, #413, #2248, #1233, #1610, #1648, #616, #2461, #1222, #2451, #989, #28, #2037, #16, #2221, #1799, #1002, #1445, #2261, #438, #215, #1245, #790, #400, #826, #1209, #1833, #2023, #1597, #2411, #203, #1014, #1632, #1823, #2436, #1421, #1433, #630, #875, #691, #1070, #2324, #67, #264, #475, #900, #2084, #2309, #1887, #1494, #2523, #54, #488, #1710, #705, #885, #1483, #1696, #1294, #1508, #1676, #1911, #2508, #1687, #2107, #1662, #289, #1097, #2296, #93, #2498, #1282, #2094, #1271, #452, #277, #2473, #658, #1860, #866, #681, #502, #670, #1308, #239, #1049, #1084, #1898, #41, #80, #852, #2488, #1459, #1472, #2274, #1258, #2074, #253, #1060, #1875, #2286, #465, #107, #1926, #915, #2121, #1110, #303, #617, #1027, #2199, #1834, #216, #204, #1634, #604, #1015, #1824, #1811, #990, #5, #377, #1185, #2400, #591 ),
 ( #1401, #580, #2412, #2038, #1003, #17, #816, #828, #2452, #2438, #1411, #427, #1611, #631, #193, #2000, #1800, #1234, #1435, #2212, #2608, #2425, #2025, #1198, #2222, #402, #1386, #2249, #792, #180, #1849, #1598, #2051, #228, #389, #2013, #1039, #780, #2622, #804, #1212, #1622, #1423, #1585, #2236, #414, #1223, #2288, #694, #265, #1485, #29, #888, #1272, #1688, #1260, #842, #2064, #1699, #2511, #1087, #2086, #1497, #1901, #453, #2500, #2475, #1071, #1460, #2312, #491, #2276, #1297, #69, #644, #280, #1888, #241, #1663, #682, #2299, #1050, #1061, #479, #84, #876, #1284, #659, #1863, #2097, #2075, #439, #1473, #2110, #292, #867, #1100, #1650, #2462, #1446, #254, #671, #42, #854, #2262, #1247, #1876, #55, #1677, #2489, #466, #1154, #720, #1525, #1353, #348, #109, #1511, #2327, #1957, #533, #548, #2169, #917, #2581, #1539, #764, #2152, #750, #1914, #150, #1337, #944, #518, #96, #1311, #960, #1771, #1972, #332, #1569, #2385, #2341, #1753, #1725, #1140, #1324, #565, #1366, #2139, #2183, #134, #2527, #2538, #1113, #2370, #2565, #2552, #363, #120, #903, #1740, #1942, #1554, #1713, #1125, #708, #931, #505, #2124, #318, #306, #1929, #736, #2355, #2423, #1822, #2435, #1832, #2606, #2247, #1583, #1013, #1420, #2595, #2234, #615, #602, #2036, #1001, #1409, #2220, #2210, #1384, #399, #778, #2398, #166, #988, #789, #1208, #1596, #2450, #3, #814, #2197, #387, #1620, #412, #2022, #1221 ) ),
 .UNSPECIFIED., .F., .F., .T. ) 
 B_SPLINE_SURFACE_WITH_KNOTS ( ( 2, 2 ),
 ( 3, 2, 2, 2, 2, 2, 2, 2, 2, 2, 2, 2, 2, 2, 2, 2, 2, 2, 2, 2, 2, 2, 2, 2, 2, 2, 2, 2, 2, 2, 2, 2, 2, 2, 2, 2, 2, 2, 2, 2, 2, 2, 2, 2, 2, 2, 2, 2, 2, 2, 2, 2, 2, 2, 2, 2, 2, 2, 2, 2, 2, 2, 2, 2, 2, 2, 2, 2, 2, 2, 2, 2, 2, 2, 2, 2, 2, 2, 2, 2, 2, 2, 2, 2, 2, 2, 2, 2, 2, 2, 2, 2, 2, 2, 2, 2, 2, 2, 2, 2, 2, 2, 2, 2, 2, 3 ),
 ( 0.000000000000000000, 1.000000000000000000 ),
 ( 0.000000000000000000, 0.009259259259259258745, 0.01851851851851851749, 0.02777777777777777624, 0.03703703703703703498, 0.04629629629629629373, 0.05555555555555555247, 0.06481481481481481122, 0.07407407407407406996, 0.08333333333333332871, 0.09259259259259258745, 0.1018518518518518462, 0.1111111111111111049, 0.1203703703703703637, 0.1296296296296296224, 0.1388888888888888951, 0.1481481481481481399, 0.1574074074074074125, 0.1666666666666666574, 0.1759259259259259300, 0.1851851851851851749, 0.1944444444444444475, 0.2037037037037036924, 0.2129629629629629650, 0.2222222222222222099, 0.2314814814814814825, 0.2407407407407407274, 0.2500000000000000000, 0.2592592592592592449, 0.2685185185185185452, 0.2777777777777777901, 0.2870370370370370350, 0.2962962962962962798, 0.3055555555555555802, 0.3148148148148148251, 0.3240740740740740700, 0.3333333333333333148, 0.3425925925925926152, 0.3518518518518518601, 0.3611111111111111049, 0.3703703703703703498, 0.3796296296296296502, 0.3888888888888888951, 0.3981481481481481399, 0.4074074074074073848, 0.4166666666666666852, 0.4259259259259259300, 0.4351851851851851749, 0.4444444444444444198, 0.4537037037037037202, 0.4629629629629629650, 0.4722222222222222099, 0.4814814814814814548, 0.4907407407407407551, 0.5000000000000000000, 0.5092592592592593004, 0.5185185185185184897, 0.5277777777777777901, 0.5370370370370370905, 0.5462962962962962798, 0.5555555555555555802, 0.5648148148148147696, 0.5740740740740740700, 0.5833333333333333703, 0.5925925925925925597, 0.6018518518518518601, 0.6111111111111111605, 0.6203703703703703498, 0.6296296296296296502, 0.6388888888888888395, 0.6481481481481481399, 0.6574074074074074403, 0.6666666666666666297, 0.6759259259259259300, 0.6851851851851852304, 0.6944444444444444198, 0.7037037037037037202, 0.7129629629629629095, 0.7222222222222222099, 0.7314814814814815103, 0.7407407407407406996, 0.7500000000000000000, 0.7592592592592593004, 0.7685185185185184897, 0.7777777777777777901, 0.7870370370370370905, 0.7962962962962962798, 0.8055555555555555802, 0.8148148148148147696, 0.8240740740740740700, 0.8333333333333333703, 0.8425925925925925597, 0.8518518518518518601, 0.8611111111111111605, 0.8703703703703703498, 0.8796296296296296502, 0.8888888888888888395, 0.8981481481481481399, 0.9074074074074074403, 0.9166666666666666297, 0.9259259259259259300, 0.9351851851851852304, 0.9444444444444444198, 0.9537037037037037202, 0.9629629629629629095, 0.9722222222222222099 ),
 .UNSPECIFIED. ) 
 GEOMETRIC_REPRESENTATION_ITEM ( )  RATIONAL_B_SPLINE_SURFACE ( (
 ( 1.000000000000000000, 0.8660254037844387076, 1.000000000000000000, 0.8660254037844387076, 1.000000000000000000, 0.8660254037844387076, 1.000000000000000000, 0.8660254037844387076, 1.000000000000000000, 0.8660254037844387076, 1.000000000000000000, 0.8660254037844387076, 1.000000000000000000, 0.8660254037844387076, 1.000000000000000000, 0.8660254037844387076, 1.000000000000000000, 0.8660254037844387076, 1.000000000000000000, 0.8660254037844387076, 1.000000000000000000, 0.8660254037844387076, 1.000000000000000000, 0.8660254037844387076, 1.000000000000000000, 0.8660254037844387076, 1.000000000000000000, 0.8660254037844387076, 1.000000000000000000, 0.8660254037844387076, 1.000000000000000000, 0.8660254037844387076, 1.000000000000000000, 0.8660254037844387076, 1.000000000000000000, 0.8660254037844387076, 1.000000000000000000, 0.8660254037844387076, 1.000000000000000000, 0.8660254037844387076, 1.000000000000000000, 0.8660254037844387076, 1.000000000000000000, 0.8660254037844387076, 1.000000000000000000, 0.8660254037844387076, 1.000000000000000000, 0.8660254037844387076, 1.000000000000000000, 0.8660254037844387076, 1.000000000000000000, 0.8660254037844387076, 1.000000000000000000, 0.8660254037844387076, 1.000000000000000000, 0.8660254037844387076, 1.000000000000000000, 0.8660254037844387076, 1.000000000000000000, 0.8660254037844387076, 1.000000000000000000, 0.8660254037844387076, 1.000000000000000000, 0.8660254037844387076, 1.000000000000000000, 0.8660254037844387076, 1.000000000000000000, 0.8660254037844387076, 1.000000000000000000, 0.8660254037844387076, 1.000000000000000000, 0.8660254037844387076, 1.000000000000000000, 0.8660254037844387076, 1.000000000000000000, 0.8660254037844387076, 1.000000000000000000, 0.8660254037844387076, 1.000000000000000000, 0.8660254037844387076, 1.000000000000000000, 0.8660254037844387076, 1.000000000000000000, 0.8660254037844387076, 1.000000000000000000, 0.8660254037844387076, 1.000000000000000000, 0.8660254037844387076, 1.000000000000000000, 0.8660254037844387076, 1.000000000000000000, 0.8660254037844387076, 1.000000000000000000, 0.8660254037844387076, 1.000000000000000000, 0.8660254037844387076, 1.000000000000000000, 0.8660254037844387076, 1.000000000000000000, 0.8660254037844387076, 1.000000000000000000, 0.8660254037844387076, 1.000000000000000000, 0.8660254037844387076, 1.000000000000000000, 0.8660254037844387076, 1.000000000000000000, 0.8660254037844387076, 1.000000000000000000, 0.8660254037844387076, 1.000000000000000000, 0.8660254037844387076, 1.000000000000000000, 0.8660254037844387076, 1.000000000000000000, 0.8660254037844387076, 1.000000000000000000, 0.8660254037844387076, 1.000000000000000000, 0.8660254037844387076, 1.000000000000000000, 0.8660254037844387076, 1.000000000000000000, 0.8660254037844387076, 1.000000000000000000, 0.8660254037844387076, 1.000000000000000000, 0.8660254037844387076, 1.000000000000000000, 0.8660254037844387076, 1.000000000000000000, 0.8660254037844387076, 1.000000000000000000, 0.8660254037844387076, 1.000000000000000000, 0.8660254037844387076, 1.000000000000000000, 0.8660254037844387076, 1.000000000000000000, 0.8660254037844387076, 1.000000000000000000, 0.8660254037844387076, 1.000000000000000000, 0.8660254037844387076, 1.000000000000000000, 0.8660254037844387076, 1.000000000000000000, 0.8660254037844387076, 1.000000000000000000, 0.8660254037844387076, 1.000000000000000000, 0.8660254037844387076, 1.000000000000000000, 0.8660254037844387076, 1.000000000000000000, 0.8660254037844387076, 1.000000000000000000, 0.8660254037844387076, 1.000000000000000000, 0.8660254037844387076, 1.000000000000000000, 0.8660254037844387076, 1.000000000000000000, 0.8660254037844387076, 1.000000000000000000, 0.8660254037844387076, 1.000000000000000000, 0.8660254037844387076, 1.000000000000000000, 0.8660254037844387076, 1.000000000000000000, 0.8660254037844387076, 1.000000000000000000, 0.8660254037844387076, 1.000000000000000000, 0.8660254037844387076, 1.000000000000000000, 0.8660254037844387076, 1.000000000000000000, 0.8660254037844387076, 1.000000000000000000, 0.8660254037844387076, 1.000000000000000000, 0.8660254037844387076, 1.000000000000000000, 0.8660254037844387076, 1.000000000000000000, 0.8660254037844387076, 1.000000000000000000, 0.8660254037844387076, 1.000000000000000000, 0.8660254037844387076, 1.000000000000000000, 0.8660254037844387076, 1.000000000000000000, 0.8660254037844387076, 1.000000000000000000, 0.8660254037844387076, 1.000000000000000000, 0.8660254037844387076, 1.000000000000000000, 0.8660254037844387076, 1.000000000000000000, 0.8660254037844387076, 1.000000000000000000, 0.8660254037844387076, 1.000000000000000000, 0.8660254037844387076, 1.000000000000000000, 0.8660254037844387076, 1.000000000000000000),
 ( 1.000000000000000000, 0.8660254037844387076, 1.000000000000000000, 0.8660254037844387076, 1.000000000000000000, 0.8660254037844387076, 1.000000000000000000, 0.8660254037844387076, 1.000000000000000000, 0.8660254037844387076, 1.000000000000000000, 0.8660254037844387076, 1.000000000000000000, 0.8660254037844387076, 1.000000000000000000, 0.8660254037844387076, 1.000000000000000000, 0.8660254037844387076, 1.000000000000000000, 0.8660254037844387076, 1.000000000000000000, 0.8660254037844387076, 1.000000000000000000, 0.8660254037844387076, 1.000000000000000000, 0.8660254037844387076, 1.000000000000000000, 0.8660254037844387076, 1.000000000000000000, 0.8660254037844387076, 1.000000000000000000, 0.8660254037844387076, 1.000000000000000000, 0.8660254037844387076, 1.000000000000000000, 0.8660254037844387076, 1.000000000000000000, 0.8660254037844387076, 1.000000000000000000, 0.8660254037844387076, 1.000000000000000000, 0.8660254037844387076, 1.000000000000000000, 0.8660254037844387076, 1.000000000000000000, 0.8660254037844387076, 1.000000000000000000, 0.8660254037844387076, 1.000000000000000000, 0.8660254037844387076, 1.000000000000000000, 0.8660254037844387076, 1.000000000000000000, 0.8660254037844387076, 1.000000000000000000, 0.8660254037844387076, 1.000000000000000000, 0.8660254037844387076, 1.000000000000000000, 0.8660254037844387076, 1.000000000000000000, 0.8660254037844387076, 1.000000000000000000, 0.8660254037844387076, 1.000000000000000000, 0.8660254037844387076, 1.000000000000000000, 0.8660254037844387076, 1.000000000000000000, 0.8660254037844387076, 1.000000000000000000, 0.8660254037844387076, 1.000000000000000000, 0.8660254037844387076, 1.000000000000000000, 0.8660254037844387076, 1.000000000000000000, 0.8660254037844387076, 1.000000000000000000, 0.8660254037844387076, 1.000000000000000000, 0.8660254037844387076, 1.000000000000000000, 0.8660254037844387076, 1.000000000000000000, 0.8660254037844387076, 1.000000000000000000, 0.8660254037844387076, 1.000000000000000000, 0.8660254037844387076, 1.000000000000000000, 0.8660254037844387076, 1.000000000000000000, 0.8660254037844387076, 1.000000000000000000, 0.8660254037844387076, 1.000000000000000000, 0.8660254037844387076, 1.000000000000000000, 0.8660254037844387076, 1.000000000000000000, 0.8660254037844387076, 1.000000000000000000, 0.8660254037844387076, 1.000000000000000000, 0.8660254037844387076, 1.000000000000000000, 0.8660254037844387076, 1.000000000000000000, 0.8660254037844387076, 1.000000000000000000, 0.8660254037844387076, 1.000000000000000000, 0.8660254037844387076, 1.000000000000000000, 0.8660254037844387076, 1.000000000000000000, 0.8660254037844387076, 1.000000000000000000, 0.8660254037844387076, 1.000000000000000000, 0.8660254037844387076, 1.000000000000000000, 0.8660254037844387076, 1.000000000000000000, 0.8660254037844387076, 1.000000000000000000, 0.8660254037844387076, 1.000000000000000000, 0.8660254037844387076, 1.000000000000000000, 0.8660254037844387076, 1.000000000000000000, 0.8660254037844387076, 1.000000000000000000, 0.8660254037844387076, 1.000000000000000000, 0.8660254037844387076, 1.000000000000000000, 0.8660254037844387076, 1.000000000000000000, 0.8660254037844387076, 1.000000000000000000, 0.8660254037844387076, 1.000000000000000000, 0.8660254037844387076, 1.000000000000000000, 0.8660254037844387076, 1.000000000000000000, 0.8660254037844387076, 1.000000000000000000, 0.8660254037844387076, 1.000000000000000000, 0.8660254037844387076, 1.000000000000000000, 0.8660254037844387076, 1.000000000000000000, 0.8660254037844387076, 1.000000000000000000, 0.8660254037844387076, 1.000000000000000000, 0.8660254037844387076, 1.000000000000000000, 0.8660254037844387076, 1.000000000000000000, 0.8660254037844387076, 1.000000000000000000, 0.8660254037844387076, 1.000000000000000000, 0.8660254037844387076, 1.000000000000000000, 0.8660254037844387076, 1.000000000000000000, 0.8660254037844387076, 1.000000000000000000, 0.8660254037844387076, 1.000000000000000000, 0.8660254037844387076, 1.000000000000000000, 0.8660254037844387076, 1.000000000000000000, 0.8660254037844387076, 1.000000000000000000, 0.8660254037844387076, 1.000000000000000000, 0.8660254037844387076, 1.000000000000000000, 0.8660254037844387076, 1.000000000000000000, 0.8660254037844387076, 1.000000000000000000, 0.8660254037844387076, 1.000000000000000000, 0.8660254037844387076, 1.000000000000000000, 0.8660254037844387076, 1.000000000000000000, 0.8660254037844387076, 1.000000000000000000, 0.8660254037844387076, 1.000000000000000000, 0.8660254037844387076, 1.000000000000000000, 0.8660254037844387076, 1.000000000000000000, 0.8660254037844387076, 1.000000000000000000, 0.8660254037844387076, 1.000000000000000000, 0.8660254037844387076, 1.000000000000000000) ) ) 
 REPRESENTATION_ITEM ( '' )  SURFACE ( )  );
#2005 = CARTESIAN_POINT ( 'NONE',  ( -5.539693099254656190E-17, 3.800000001092473934, -0.9047005394717244631 ) ) ;
#2006 = CARTESIAN_POINT ( 'NONE',  ( -0.4999999999999991673, 2.091666667212903619, 0.8660254037844387076 ) ) ;
#2007 = CARTESIAN_POINT ( 'NONE',  ( 0.9999999999999998890, 0.5916666672129032856, 0.5773502691896250649 ) ) ;
#2008 = CARTESIAN_POINT ( 'NONE',  ( -0.3917468249999992991, 0.3666666677591412515, 0.6785254046037937359 ) ) ;
#2009 =( LENGTH_UNIT ( ) NAMED_UNIT ( * ) SI_UNIT ( .MILLI., .METRE. ) );
#2010 = DIRECTION ( 'NONE',  ( 0.000000000000000000, 0.000000000000000000, 1.000000000000000000 ) ) ;
#2011 = CIRCLE ( 'NONE', #2346, 0.9999999999999995559 ) ;
#2012 = CARTESIAN_POINT ( 'NONE',  ( 0.7834936499999993753, 2.833333333333333037, -0.4523502697358626201 ) ) ;
#2013 = CARTESIAN_POINT ( 'NONE',  ( -0.9999999999999991118, 3.708333333879570315, 0.5773502691896259531 ) ) ;
#2014 = EDGE_CURVE ( 'NONE', #1735, #1085, #1484, .T. ) ;
#2015 = CARTESIAN_POINT ( 'NONE',  ( -0.9999999999999995559, 4.425000000546236656, 0.000000000000000000 ) ) ;
#2016 = CARTESIAN_POINT ( 'NONE',  ( 0.7834936499999994863, 1.233333333333332282, -0.4523502697358626201 ) ) ;
#2017 = ORIENTED_EDGE ( 'NONE', *, *, #1237, .T. ) ;
#2018 = CARTESIAN_POINT ( 'NONE',  ( 1.661907929776396734E-16, 2.000000001092474111, 0.9047005394717244631 ) ) ;
#2019 = CARTESIAN_POINT ( 'NONE',  ( -0.9999999999999996669, 2.791666667212903352, -0.5773502691896252870 ) ) ;
#2020 = CARTESIAN_POINT ( 'NONE',  ( -0.4999999999999991673, -0.3083333327870965146, 0.8660254037844387076 ) ) ;
#2021 = CARTESIAN_POINT ( 'NONE',  ( -0.9999999999999996669, 2.391666667212903441, -0.5773502691896253980 ) ) ;
#2022 = CARTESIAN_POINT ( 'NONE',  ( 0.9999999999999993339, -2.091666666120430396, -0.5773502691896257311 ) ) ;
#2023 = CARTESIAN_POINT ( 'NONE',  ( 0.7834936499999993753, 1.233333333333332282, -0.4523502697358626201 ) ) ;
#2024 = B_SPLINE_CURVE_WITH_KNOTS ( 'NONE', 3,
 ( #1712, #693, #1496, #2526, #1296, #1524, #1510, #279, #504, #2326, #1310, #930, #2311, #2123, #2551, #2354, #532, #133 ),
 .UNSPECIFIED., .F., .F.,
 ( 4, 2, 2, 2, 2, 2, 2, 2, 4 ),
 ( 0.0003807225145704854017, 0.0007426704155148218392, 0.001104618316459158277, 0.001466566217403494606, 0.001828514118347831152, 0.002190462019292167481, 0.002552409920236503593, 0.002914357821180840573, 0.003276305722125176685 ),
 .UNSPECIFIED. ) ;
#2025 = CARTESIAN_POINT ( 'NONE',  ( -0.4999999999999991673, 4.141666667212903441, 0.8660254037844387076 ) ) ;
#2026 = CARTESIAN_POINT ( 'NONE',  ( -0.9999999999999996669, -1.958333332787097092, -0.5773502691896252870 ) ) ;
#2027 = CYLINDRICAL_SURFACE ( 'NONE', #2499, 1.399999999999999689 ) ;
#2028 = ORIENTED_EDGE ( 'NONE', *, *, #44, .F. ) ;
#2029 = CARTESIAN_POINT ( 'NONE',  ( 0.3917468250000001873, 0.3333333333333322046, 0.6785254046037931808 ) ) ;
#2030 = CARTESIAN_POINT ( 'NONE',  ( 0.7834936499999999304, 3.266666667759140719, 0.4523502697358619540 ) ) ;
#2031 = CARTESIAN_POINT ( 'NONE',  ( 0.9999999999999995559, 3.025000000546236745, -1.224646799147352714E-16 ) ) ;
#2032 = CARTESIAN_POINT ( 'NONE',  ( 0.4999999999999995559, -0.9083333327870963814, -0.8660254037844383745 ) ) ;
#2033 = CARTESIAN_POINT ( 'NONE',  ( 0.9999999999999997780, 2.591666667212903619, 0.5773502691896251759 ) ) ;
#2034 = SURFACE_STYLE_USAGE ( .BOTH. , #1646 ) ;
#2035 = ADVANCED_FACE ( 'NONE', ( #2486 ), #689, .F. ) ;
#2036 = CARTESIAN_POINT ( 'NONE',  ( 0.5000000000000002220, -1.391666666120430218, 0.8660254037844381525 ) ) ;
#2037 = CARTESIAN_POINT ( 'NONE',  ( -0.3917468249999999652, 1.733333333333332282, -0.6785254046037932918 ) ) ;
#2038 = CARTESIAN_POINT ( 'NONE',  ( -7.070501591499377789E-17, 4.775000000546236301, -1.154700538379251018 ) ) ;
#2039 = CARTESIAN_POINT ( 'NONE',  ( -0.4999999999999991673, 4.491666667212903974, 0.8660254037844387076 ) ) ;
#2040 = LINE ( 'NONE', #1613, #1992 ) ;
#2041 = ORIENTED_EDGE ( 'NONE', *, *, #525, .T. ) ;
#2042 = CARTESIAN_POINT ( 'NONE',  ( -0.3917468249999999652, 1.333333333333332149, -0.6785254046037932918 ) ) ;
#2043 = CARTESIAN_POINT ( 'NONE',  ( 0.7834936499999993753, 3.333333334425808037, -0.4523502697358626201 ) ) ;
#2044 = CARTESIAN_POINT ( 'NONE',  ( -0.9999999999999996669, -0.008333332787096615901, -0.5773502691896252870 ) ) ;
#2045 = CARTESIAN_POINT ( 'NONE',  ( -0.9999999999999996669, 2.841666667212903175, -0.5773502691896253980 ) ) ;
#2046 = EDGE_CURVE ( 'NONE', #2441, #503, #2328, .T. ) ;
#2047 = CARTESIAN_POINT ( 'NONE',  ( -0.4999999999999998890, 2.358333333879570226, -0.8660254037844382635 ) ) ;
#2048 = CARTESIAN_POINT ( 'NONE',  ( -0.2099364907924115564, 2.617863280587882535, -0.7834936500000000414 ) ) ;
#2049 = CARTESIAN_POINT ( 'NONE',  ( 0.8260898434276151558, 2.971866419482398047, 0.5425882768443336390 ) ) ;
#2050 = CARTESIAN_POINT ( 'NONE',  ( -5.539693099254656190E-17, 2.899999999999999023, -0.9047005394717244631 ) ) ;
#2051 = CARTESIAN_POINT ( 'NONE',  ( 0.5000000000000002220, 3.808333333879569960, 0.8660254037844381525 ) ) ;
#2052 = CARTESIAN_POINT ( 'NONE',  ( -0.4999999999999991673, 3.291666667212903352, 0.8660254037844387076 ) ) ;
#2053 = ORIENTED_EDGE ( 'NONE', *, *, #1012, .F. ) ;
#2054 = CARTESIAN_POINT ( 'NONE',  ( -2.178833224121697412E-15, 2.400000001092474022, 0.7834936499999997084 ) ) ;
#2055 = CARTESIAN_POINT ( 'NONE',  ( 0.4999999999999995559, 2.341666667212903175, -0.8660254037844383745 ) ) ;
#2056 = EDGE_CURVE ( 'NONE', #1922, #2454, #1004, .T. ) ;
#2057 = CARTESIAN_POINT ( 'NONE',  ( -0.7834936499999997084, 1.066666667759140985, -0.4523502697358621760 ) ) ;
#2058 = CARTESIAN_POINT ( 'NONE',  ( -0.9999999999999995559, 0.8250000005462369002, 0.000000000000000000 ) ) ;
#2059 = CARTESIAN_POINT ( 'NONE',  ( 0.5000000000000002220, 2.208333333879569871, 0.8660254037844381525 ) ) ;
#2060 = CARTESIAN_POINT ( 'NONE',  ( -7.070501591499376556E-17, 0.7250000005462365893, -1.154700538379251018 ) ) ;
#2061 = CARTESIAN_POINT ( 'NONE',  ( 0.5000000000000002220, -0.2416666661204302791, 0.8660254037844381525 ) ) ;
#2062 = CARTESIAN_POINT ( 'NONE',  ( 0.7834936499999999304, 1.266666667759140941, 0.4523502697358619540 ) ) ;
#2063 = CARTESIAN_POINT ( 'NONE',  ( -5.539693099254656190E-17, 2.499999999999999556, -0.9047005394717244631 ) ) ;
#2064 = CARTESIAN_POINT ( 'NONE',  ( 2.121150477449812844E-16, 2.975000000546236922, 1.154700538379251018 ) ) ;
#2065 = CARTESIAN_POINT ( 'NONE',  ( -0.9999999999999995559, 3.625000000546236834, 0.000000000000000000 ) ) ;
#2066 = CARTESIAN_POINT ( 'NONE',  ( 0.7834936499999997084, 2.500000001092474111, -9.595029906247763484E-17 ) ) ;
#2067 = CARTESIAN_POINT ( 'NONE',  ( -0.9999999999999991118, 2.908333333879570048, 0.5773502691896259531 ) ) ;
#2068 = CARTESIAN_POINT ( 'NONE',  ( 0.7834936499999993753, 0.1333333344258076092, -0.4523502697358626201 ) ) ;
#2069 = CARTESIAN_POINT ( 'NONE',  ( -7.070501591499377789E-17, -2.074999999453763788, -1.154700538379251018 ) ) ;
#2070 = CARTESIAN_POINT ( 'NONE',  ( -0.7834936499999994863, 1.933333334425807459, 0.4523502697358626756 ) ) ;
#2071 = CARTESIAN_POINT ( 'NONE',  ( 0.9999999999999995559, 1.425000000546236656, -1.224646799147352714E-16 ) ) ;
#2072 = CARTESIAN_POINT ( 'NONE',  ( 0.9999999999999995559, -0.5749999994537633441, -1.224646799147352714E-16 ) ) ;
#2073 = CARTESIAN_POINT ( 'NONE',  ( -1.016788837923458920E-16, 0.8999999999999989120, -0.7834936499999995974 ) ) ;
#2074 = CARTESIAN_POINT ( 'NONE',  ( -0.3917468249999999652, -1.066666666666667984, -0.6785254046037932918 ) ) ;
#2075 = CARTESIAN_POINT ( 'NONE',  ( 0.9999999999999995559, 1.875000000546236611, -1.224646799147352714E-16 ) ) ;
#2076 = CARTESIAN_POINT ( 'NONE',  ( 0.7834936499999994863, 2.533333334425807770, -0.4523502697358626201 ) ) ;
#2077 = CARTESIAN_POINT ( 'NONE',  ( 0.9999999999999995559, 3.075000000546236123, -1.224646799147352714E-16 ) ) ;
#2078 = CARTESIAN_POINT ( 'NONE',  ( -0.7834936499999997084, -0.1333333322408591926, -0.4523502697358621760 ) ) ;
#2079 = CARTESIAN_POINT ( 'NONE',  ( -0.7834936499999994863, 2.333333334425807148, 0.4523502697358626756 ) ) ;
#2080 = DIRECTION ( 'NONE',  ( 0.000000000000000000, 0.000000000000000000, 1.000000000000000000 ) ) ;
#2081 = CARTESIAN_POINT ( 'NONE',  ( 0.4999999999999995559, 1.091666667212903619, -0.8660254037844383745 ) ) ;
#2082 = CARTESIAN_POINT ( 'NONE',  ( 1.670438805159968420E-16, 2.822548096008573815, 0.8225480960085697069 ) ) ;
#2083 = CARTESIAN_POINT ( 'NONE',  ( 3.195622062045156678E-16, 0.6999999999999992895, 0.7834936499999997084 ) ) ;
#2084 = CARTESIAN_POINT ( 'NONE',  ( -0.7834936499999997084, 0.5999999999999989786, 0.000000000000000000 ) ) ;
#2085 = EDGE_CURVE ( 'NONE', #1747, #1735, #839, .T. ) ;
#2086 = CARTESIAN_POINT ( 'NONE',  ( -0.9999999999999996669, 2.841666667212903175, -0.5773502691896252870 ) ) ;
#2087 = CARTESIAN_POINT ( 'NONE',  ( -0.7834936499999997084, 1.366666666666665808, -0.4523502697358621205 ) ) ;
#2088 = CARTESIAN_POINT ( 'NONE',  ( 2.121150477449812844E-16, 1.775000000546236523, 1.154700538379251018 ) ) ;
#2089 = CARTESIAN_POINT ( 'NONE',  ( -0.7834936499999997084, 0.7000000010924742888, 0.000000000000000000 ) ) ;
#2090 = CARTESIAN_POINT ( 'NONE',  ( 0.9999999999999993339, 0.2583333338795701928, -0.5773502691896257311 ) ) ;
#2091 = CARTESIAN_POINT ( 'NONE',  ( -0.9999999999999995559, 0.02500000054623651574, 0.000000000000000000 ) ) ;
#2092 = LINE ( 'NONE', #2496, #805 ) ;
#2093 = CARTESIAN_POINT ( 'NONE',  ( 0.000000000000000000, 2.999999999999999112, 0.000000000000000000 ) ) ;
#2094 = CARTESIAN_POINT ( 'NONE',  ( -0.3917468249999999652, -0.2666666666666676622, -0.6785254046037932918 ) ) ;
#2095 = EDGE_LOOP ( 'NONE', ( #1739, #476, #2364, #595 ) ) ;
#2096 = CARTESIAN_POINT ( 'NONE',  ( 0.7834936499999994863, 0.8333333333333324822, -0.4523502697358626201 ) ) ;
#2097 = CARTESIAN_POINT ( 'NONE',  ( 0.9999999999999993339, 1.908333333879569604, -0.5773502691896257311 ) ) ;
#2098 = AXIS2_PLACEMENT_3D ( 'NONE', #1746, #1344, #951 ) ;
#2099 = CARTESIAN_POINT ( 'NONE',  ( 0.3917468250000001873, 4.333333333333332149, 0.6785254046037931808 ) ) ;
#2100 = CARTESIAN_POINT ( 'NONE',  ( -0.9999999999999996669, 2.841666667212903175, -0.5773502691896252870 ) ) ;
#2101 = CARTESIAN_POINT ( 'NONE',  ( -0.7834936499999997084, 1.900000001092474466, 0.000000000000000000 ) ) ;
#2102 = CARTESIAN_POINT ( 'NONE',  ( -0.4999999999999991673, 0.1416666672129033300, 0.8660254037844387076 ) ) ;
#2103 = CARTESIAN_POINT ( 'NONE',  ( 0.3917468250000001873, 0.8333333344258077036, 0.6785254046037931808 ) ) ;
#2104 = CARTESIAN_POINT ( 'NONE',  ( -0.9999999999999996669, 0.3916666672129035520, -0.5773502691896252870 ) ) ;
#2105 = CARTESIAN_POINT ( 'NONE',  ( -0.4999999999999991673, 4.491666667212903974, 0.8660254037844387076 ) ) ;
#2106 = CARTESIAN_POINT ( 'NONE',  ( 3.195622062045156678E-16, 2.000000001092474111, 0.7834936499999997084 ) ) ;
#2107 = CARTESIAN_POINT ( 'NONE',  ( 0.7834936499999997084, -8.673617379884035472E-16, -9.595029906247763484E-17 ) ) ;
#2108 = VERTEX_POINT ( 'NONE', #1896 ) ;
#2109 = FACE_BOUND ( 'NONE', #1143, .T. ) ;
#2110 = CARTESIAN_POINT ( 'NONE',  ( 2.121150477449812844E-16, 1.775000000546236523, 1.154700538379251018 ) ) ;
#2111 = CARTESIAN_POINT ( 'NONE',  ( 0.9999999999999998890, -1.808333332787097181, 0.5773502691896250649 ) ) ;
#2112 = CARTESIAN_POINT ( 'NONE',  ( -0.4999999999999998890, 1.208333333879569649, -0.8660254037844382635 ) ) ;
#2113 = CARTESIAN_POINT ( 'NONE',  ( -0.7834936499999997084, -0.4999999989075262219, 0.000000000000000000 ) ) ;
#2114 = CARTESIAN_POINT ( 'NONE',  ( -0.4999999999999998890, 0.8083333338795694045, -0.8660254037844382635 ) ) ;
#2115 = CARTESIAN_POINT ( 'NONE',  ( -0.7554433468283583419, 0.2165036642155957758, 0.2077682586996644765 ) ) ;
#2116 = ORIENTED_EDGE ( 'NONE', *, *, #1388, .T. ) ;
#2117 = CARTESIAN_POINT ( 'NONE',  ( 0.7834936499999997084, 4.500000001092474555, -9.595029906247763484E-17 ) ) ;
#2118 = CARTESIAN_POINT ( 'NONE',  ( -0.9999999999999995559, 4.425000000546236656, 0.000000000000000000 ) ) ;
#2119 = EDGE_CURVE ( 'NONE', #1747, #2335, #2627, .T. ) ;
#2120 = CARTESIAN_POINT ( 'NONE',  ( 2.121150477449812844E-16, 2.925000000546237100, 1.154700538379251018 ) ) ;
#2121 = CARTESIAN_POINT ( 'NONE',  ( -0.7834936499999993753, -1.366666666666667806, 0.4523502697358626756 ) ) ;
#2122 = VERTEX_POINT ( 'NONE', #1257 ) ;
#2123 = CARTESIAN_POINT ( 'NONE',  ( -0.5691467521985684730, 2.884777613249050354, -0.6882049650839681121 ) ) ;
#2124 = CARTESIAN_POINT ( 'NONE',  ( -0.9999999999999996669, -0.7583333327870972473, -0.5773502691896252870 ) ) ;
#2125 = CARTESIAN_POINT ( 'NONE',  ( -0.9999999999999991118, -1.541666666120430129, 0.5773502691896259531 ) ) ;
#2126 = CARTESIAN_POINT ( 'NONE',  ( 0.9999999999999995559, 1.075000000546236567, -1.224646799147352714E-16 ) ) ;
#2127 = ORIENTED_EDGE ( 'NONE', *, *, #1848, .F. ) ;
#2128 = CARTESIAN_POINT ( 'NONE',  ( -0.7834936499999993753, -1.666666665574192630, 0.4523502697358626756 ) ) ;
#2129 = CONICAL_SURFACE ( 'NONE', #1886, 0.7834936499999997084, 0.7853981633974552734 ) ;
#2130 = CARTESIAN_POINT ( 'NONE',  ( -0.9999999999999995559, 1.675000000546236434, 0.000000000000000000 ) ) ;
#2131 = EDGE_CURVE ( 'NONE', #2335, #2320, #2192, .T. ) ;
#2132 = DIRECTION ( 'NONE',  ( -0.000000000000000000, 1.000000000000000000, -0.000000000000000000 ) ) ;
#2133 = EDGE_LOOP ( 'NONE', ( #901, #2569, #512, #2554 ) ) ;
#2134 = CARTESIAN_POINT ( 'NONE',  ( 0.4999999999999995559, -1.308333332787096515, -0.8660254037844383745 ) ) ;
#2135 = CARTESIAN_POINT ( 'NONE',  ( 0.9999999999999993339, 3.858333333879569782, -0.5773502691896257311 ) ) ;
#2136 = CYLINDRICAL_SURFACE ( 'NONE', #519, 0.7834936499999997084 ) ;
#2137 = B_SPLINE_CURVE_WITH_KNOTS ( 'NONE', 3,
 ( #127, #1147, #142, #1950, #2545, #756, #114, #1119, #1734, #1936 ),
 .UNSPECIFIED., .F., .F.,
 ( 4, 2, 2, 2, 4 ),
 ( 0.000000000000000000, 0.0003315983117347662615, 0.0006631966234695325230, 0.0009947949352042985676, 0.001326393246939064829 ),
 .UNSPECIFIED. ) ;
#2138 = VERTEX_POINT ( 'NONE', #52 ) ;
#2139 = CARTESIAN_POINT ( 'NONE',  ( 0.9999999999999993339, -0.09166666612043031237, -0.5773502691896257311 ) ) ;
#2140 = CARTESIAN_POINT ( 'NONE',  ( 2.121150477449812844E-16, 0.5750000005462366781, 1.154700538379251018 ) ) ;
#2141 = EDGE_LOOP ( 'NONE', ( #321, #887, #1711 ) ) ;
#2142 = CARTESIAN_POINT ( 'NONE',  ( -0.7834936499999993753, -0.8666666655741924741, 0.4523502697358626756 ) ) ;
#2143 = CARTESIAN_POINT ( 'NONE',  ( 0.000000000000000000, 2.999999999999999112, 0.7834936499999997084 ) ) ;
#2144 = CARTESIAN_POINT ( 'NONE',  ( -0.9999999999999995559, 1.275000000546236301, 0.000000000000000000 ) ) ;
#2145 = CARTESIAN_POINT ( 'NONE',  ( 0.000000000000000000, 0.000000000000000000, 0.000000000000000000 ) ) ;
#2146 = ORIENTED_EDGE ( 'NONE', *, *, #164, .T. ) ;
#2147 = CARTESIAN_POINT ( 'NONE',  ( -0.9999999999999995559, -0.7749999994537629666, 0.000000000000000000 ) ) ;
#2148 = CARTESIAN_POINT ( 'NONE',  ( 0.9999999999999995559, 3.825000000546237011, -1.224646799147352714E-16 ) ) ;
#2149 = CARTESIAN_POINT ( 'NONE',  ( -0.4999999999999991673, 1.691666667212903485, 0.8660254037844387076 ) ) ;
#2150 = CARTESIAN_POINT ( 'NONE',  ( -2.302578599698694038E-11, 2.857355733376932605, -0.8573556864457658744 ) ) ;
#2151 = DIRECTION ( 'NONE',  ( 0.000000000000000000, 0.000000000000000000, 1.000000000000000000 ) ) ;
#2152 = CARTESIAN_POINT ( 'NONE',  ( 0.9999999999999998890, 0.6416666672129028859, 0.5773502691896250649 ) ) ;
#2153 = CARTESIAN_POINT ( 'NONE',  ( 0.3917468249999996877, 4.066666666666666430, -0.6785254046037934028 ) ) ;
#2154 = EDGE_CURVE ( 'NONE', #2454, #392, #1186, .T. ) ;
#2155 = CARTESIAN_POINT ( 'NONE',  ( -0.4999999999999998890, -0.3916666661204302180, -0.8660254037844382635 ) ) ;
#2156 = ORIENTED_EDGE ( 'NONE', *, *, #1685, .F. ) ;
#2157 = AXIS2_PLACEMENT_3D ( 'NONE', #1535, #1150, #130 ) ;
#2158 = CARTESIAN_POINT ( 'NONE',  ( -0.7834936499999997084, -1.333333332240858926, -0.4523502697358621760 ) ) ;
#2159 = CARTESIAN_POINT ( 'NONE',  ( -0.2099364907924115564, 2.117863279495407092, -0.7834936500000000414 ) ) ;
#2160 = CARTESIAN_POINT ( 'NONE',  ( -7.070501591499376556E-17, 1.575000000546236567, -1.154700538379251018 ) ) ;
#2161 = CARTESIAN_POINT ( 'NONE',  ( 0.000000000000000000, 2.999999999999999112, 0.000000000000000000 ) ) ;
#2162 = ORIENTED_EDGE ( 'NONE', *, *, #1665, .F. ) ;
#2163 = CARTESIAN_POINT ( 'NONE',  ( -0.7834936499999997084, 4.266666667759141163, -0.4523502697358621760 ) ) ;
#2164 = FACE_OUTER_BOUND ( 'NONE', #2095, .T. ) ;
#2165 = CARTESIAN_POINT ( 'NONE',  ( -0.9999999999999995559, 2.825000000546237011, 0.000000000000000000 ) ) ;
#2166 = LINE ( 'NONE', #1335, #1169 ) ;
#2167 = CARTESIAN_POINT ( 'NONE',  ( -6.137328488338832477E-14, 0.2060417441163634733, -0.7939582558836335568 ) ) ;
#2168 =( BOUNDED_CURVE ( )  B_SPLINE_CURVE ( 2, ( #2280, #1299, #1253, #1101, #1916, #669, #474, #1885, #2106 ),
 .UNSPECIFIED., .F., .T. ) 
 B_SPLINE_CURVE_WITH_KNOTS ( ( 3, 2, 2, 2, 3 ),
 ( 0.3472222222222222654, 0.3518518518518518601, 0.3611111111111111049, 0.3703703703703703498, 0.3750000000000000000 ),
 .UNSPECIFIED. ) 
 CURVE ( )  GEOMETRIC_REPRESENTATION_ITEM ( )  RATIONAL_B_SPLINE_CURVE ( ( 0.9330127018922194093, 0.9330127018922197424, 1.000000000000000000, 0.8660254037844387076, 1.000000000000000000, 0.8660254037844387076, 1.000000000000000000, 0.9330127018922194093, 0.9330127018922194093 ) ) 
 REPRESENTATION_ITEM ( '' )  );
#2169 = CARTESIAN_POINT ( 'NONE',  ( -0.4999999999999998890, 0.8083333338795694045, -0.8660254037844382635 ) ) ;
#2170 = CARTESIAN_POINT ( 'NONE',  ( 0.7834936499999997084, 3.999999999999999112, -9.595029906247763484E-17 ) ) ;
#2171 = ADVANCED_FACE ( 'NONE', ( #731 ), #2417, .F. ) ;
#2172 = CARTESIAN_POINT ( 'NONE',  ( -0.4999999999999991673, 0.5416666672129035742, 0.8660254037844387076 ) ) ;
#2173 = ORIENTED_EDGE ( 'NONE', *, *, #1870, .F. ) ;
#2174 = CARTESIAN_POINT ( 'NONE',  ( 0.3917468250000001873, -1.166666665574192407, 0.6785254046037931808 ) ) ;
#2175 = CARTESIAN_POINT ( 'NONE',  ( -0.9999999999999995559, 4.075000000546236123, 0.000000000000000000 ) ) ;
#2176 = CARTESIAN_POINT ( 'NONE',  ( 3.195622062045156678E-16, 1.499999999999998668, 0.7834936499999997084 ) ) ;
#2177 = ORIENTED_EDGE ( 'NONE', *, *, #77, .F. ) ;
#2178 = CARTESIAN_POINT ( 'NONE',  ( -7.070501591499377789E-17, -1.274999999453763300, -1.154700538379251018 ) ) ;
#2179 = CARTESIAN_POINT ( 'NONE',  ( -0.4999999999999991673, 2.891666667212903441, 0.8660254037844387076 ) ) ;
#2180 = CARTESIAN_POINT ( 'NONE',  ( 0.4999999999999995559, 2.291666667212903352, -0.8660254037844383745 ) ) ;
#2181 = CARTESIAN_POINT ( 'NONE',  ( 0.000000000000000000, 2.999999999999999112, 0.000000000000000000 ) ) ;
#2182 = CARTESIAN_POINT ( 'NONE',  ( 0.7459410451284795851, 0.1193706107049532922, 0.4813107660237826435 ) ) ;
#2183 = CARTESIAN_POINT ( 'NONE',  ( 0.9999999999999995559, -0.1249999994537634440, -1.224646799147352714E-16 ) ) ;
#2184 = CARTESIAN_POINT ( 'NONE',  ( -0.7834936499999993753, 3.033333333333332327, 0.4523502697358626756 ) ) ;
#2185 = ADVANCED_FACE ( 'NONE', ( #2164 ), #1939, .F. ) ;
#2186 = CARTESIAN_POINT ( 'NONE',  ( 0.9999999999999993339, -0.8916666661204307731, -0.5773502691896257311 ) ) ;
#2187 = CIRCLE ( 'NONE', #1714, 0.9999999999999995559 ) ;
#2188 = CARTESIAN_POINT ( 'NONE',  ( 0.7554390211944354006, 2.783494992865787054, 0.2077839853816859095 ) ) ;
#2189 = CARTESIAN_POINT ( 'NONE',  ( 0.9999999999999998890, 4.641666667212902553, 0.5773502691896250649 ) ) ;
#2190 = FACE_OUTER_BOUND ( 'NONE', #886, .T. ) ;
#2191 = ORIENTED_EDGE ( 'NONE', *, *, #2483, .T. ) ;
#2192 =( BOUNDED_CURVE ( )  B_SPLINE_CURVE ( 2, ( #1859, #1481, #657, #2295, #873 ),
 .UNSPECIFIED., .F., .T. ) 
 B_SPLINE_CURVE_WITH_KNOTS ( ( 3, 2, 3 ),
 ( 0.3079684116004025585, 0.3148148148148148251, 0.3194444444444444753 ),
 .UNSPECIFIED. ) 
 CURVE ( )  GEOMETRIC_REPRESENTATION_ITEM ( )  RATIONAL_B_SPLINE_CURVE ( ( 0.9483709839380145556, 0.9009376365325809655, 1.000000000000000000, 0.9330127018922189652, 0.9330127018922194093 ) ) 
 REPRESENTATION_ITEM ( '' )  );
#2193 = CARTESIAN_POINT ( 'NONE',  ( 0.7834936499999999304, 4.066666667759140985, 0.4523502697358619540 ) ) ;
#2194 = CARTESIAN_POINT ( 'NONE',  ( -0.9999999999999991118, 2.858333333879569782, 0.5773502691896259531 ) ) ;
#2195 = CARTESIAN_POINT ( 'NONE',  ( -0.9999999999999995559, 1.225000000546236700, 0.000000000000000000 ) ) ;
#2196 = DIRECTION ( 'NONE',  ( 0.000000000000000000, 0.000000000000000000, 1.000000000000000000 ) ) ;
#2197 = CARTESIAN_POINT ( 'NONE',  ( -0.9999999999999996669, -1.958333332787097092, -0.5773502691896252870 ) ) ;
#2198 = CARTESIAN_POINT ( 'NONE',  ( -0.3917468249999992991, 4.266666666666665719, 0.6785254046037937359 ) ) ;
#2199 = CARTESIAN_POINT ( 'NONE',  ( 0.3917468249999996877, -1.533333333333334547, -0.6785254046037934028 ) ) ;
#2200 = CARTESIAN_POINT ( 'NONE',  ( -0.9999999999999995559, 4.825000000546237011, 0.000000000000000000 ) ) ;
#2201 = CARTESIAN_POINT ( 'NONE',  ( -0.4999999999999991673, 4.541666667212903796, 0.8660254037844387076 ) ) ;
#2202 = CYLINDRICAL_SURFACE ( 'NONE', #579, 0.7834936499999997084 ) ;
#2203 = AXIS2_PLACEMENT_3D ( 'NONE', #1444, #1458, #261 ) ;
#2204 = CARTESIAN_POINT ( 'NONE',  ( 0.7834936499999999304, 3.666666667759141074, 0.4523502697358619540 ) ) ;
#2205 = CARTESIAN_POINT ( 'NONE',  ( -7.070501591499377789E-17, 2.725000000546236478, -1.154700538379251018 ) ) ;
#2206 = CARTESIAN_POINT ( 'NONE',  ( -0.9999999999999991118, 2.058333333879569960, 0.5773502691896259531 ) ) ;
#2207 = CARTESIAN_POINT ( 'NONE',  ( -0.2983993134286648807, 0.2253904909348757313, -0.7324196155376851980 ) ) ;
#2208 = CARTESIAN_POINT ( 'NONE',  ( 0.000000000000000000, 0.000000000000000000, 0.000000000000000000 ) ) ;
#2209 = EDGE_CURVE ( 'NONE', #831, #1573, #1016, .T. ) ;
#2210 = CARTESIAN_POINT ( 'NONE',  ( -0.9999999999999995559, -1.524999999453763744, 0.000000000000000000 ) ) ;
#2211 = CARTESIAN_POINT ( 'NONE',  ( -0.7834936499999997084, 2.199999999999999289, 0.000000000000000000 ) ) ;
#2212 = CARTESIAN_POINT ( 'NONE',  ( 0.9999999999999998890, 4.241666667212902198, 0.5773502691896250649 ) ) ;
#2213 = CARTESIAN_POINT ( 'NONE',  ( 0.5000000000000002220, -0.9916666661204300848, 0.8660254037844381525 ) ) ;
#2214 = ORIENTED_EDGE ( 'NONE', *, *, #918, .T. ) ;
#2215 = FACE_OUTER_BOUND ( 'NONE', #1912, .T. ) ;
#2216 = CARTESIAN_POINT ( 'NONE',  ( 0.3917468250000001873, 2.033333334425807326, 0.6785254046037931808 ) ) ;
#2217 = CARTESIAN_POINT ( 'NONE',  ( 0.9999999999999993339, 2.258333333879570137, -0.5773502691896257311 ) ) ;
#2218 = CARTESIAN_POINT ( 'NONE',  ( -0.9999999999999991118, -0.7416666661204298627, 0.5773502691896259531 ) ) ;
#2219 = CARTESIAN_POINT ( 'NONE',  ( -0.9999999999999991118, 1.258333333879570137, 0.5773502691896260641 ) ) ;
#2220 = CARTESIAN_POINT ( 'NONE',  ( -0.9999999999999991118, -1.491666666120430529, 0.5773502691896259531 ) ) ;
#2221 = CARTESIAN_POINT ( 'NONE',  ( 0.3917468249999996877, 1.666666666666665630, -0.6785254046037934028 ) ) ;
#2222 = CARTESIAN_POINT ( 'NONE',  ( -0.9999999999999995559, 4.075000000546236123, 0.000000000000000000 ) ) ;
#2223 = CARTESIAN_POINT ( 'NONE',  ( -0.9999999999999996669, -1.158333332787096603, -0.5773502691896252870 ) ) ;
#2224 = CARTESIAN_POINT ( 'NONE',  ( -0.1939662539648200346, 2.783495612578726686, 0.7591043353276135663 ) ) ;
#2225 = VERTEX_POINT ( 'NONE', #117 ) ;
#2226 = AXIS2_PLACEMENT_3D ( 'NONE', #1582, #177, #362 ) ;
#2227 = DIRECTION ( 'NONE',  ( -0.000000000000000000, 1.000000000000000000, -0.000000000000000000 ) ) ;
#2228 = EDGE_CURVE ( 'NONE', #1652, #497, #1953, .T. ) ;
#2229 = CARTESIAN_POINT ( 'NONE',  ( -0.7834936499999993753, 3.133333334425808303, 0.4523502697358626756 ) ) ;
#2230 = CARTESIAN_POINT ( 'NONE',  ( 0.5000000000000002220, 3.758333333879570137, 0.8660254037844381525 ) ) ;
#2231 = CARTESIAN_POINT ( 'NONE',  ( -0.4999999999999991673, -1.108333332787097003, 0.8660254037844387076 ) ) ;
#2232 = CARTESIAN_POINT ( 'NONE',  ( -0.4999999999999998890, 1.958333333879570315, -0.8660254037844382635 ) ) ;
#2233 = FILL_AREA_STYLE ('',( #225 ) ) ;
#2234 = CARTESIAN_POINT ( 'NONE',  ( 0.9999999999999993339, -1.291666666120429907, -0.5773502691896257311 ) ) ;
#2235 = CARTESIAN_POINT ( 'NONE',  ( 0.7834936499999999304, 2.766666666666665719, 0.4523502697358619540 ) ) ;
#2236 = CARTESIAN_POINT ( 'NONE',  ( 0.5000000000000002220, 3.408333333879570048, 0.8660254037844381525 ) ) ;
#2237 = CARTESIAN_POINT ( 'NONE',  ( -0.4999999999999998890, 4.758333333879570581, -0.8660254037844382635 ) ) ;
#2238 = DIRECTION ( 'NONE',  ( -0.000000000000000000, 1.000000000000000000, -0.000000000000000000 ) ) ;
#2239 = EDGE_LOOP ( 'NONE', ( #2146, #920, #1966, #2003, #1295 ) ) ;
#2240 = EDGE_CURVE ( 'NONE', #916, #2519, #2474, .T. ) ;
#2241 = CARTESIAN_POINT ( 'NONE',  ( -0.1939777608052216940, 0.2165053687114053271, -0.7591013949148235351 ) ) ;
#2242 = CARTESIAN_POINT ( 'NONE',  ( 1.661907929776396734E-16, 3.200000001092474289, 0.9047005394717244631 ) ) ;
#2243 = CARTESIAN_POINT ( 'NONE',  ( 0.4999999999999995559, 1.491666667212903308, -0.8660254037844383745 ) ) ;
#2244 = CARTESIAN_POINT ( 'NONE',  ( -0.4999999999999991673, 0.09166666721290364639, 0.8660254037844387076 ) ) ;
#2245 = CARTESIAN_POINT ( 'NONE',  ( 0.4999999999999995559, 0.6916666672129034854, -0.8660254037844383745 ) ) ;
#2246 = DIRECTION ( 'NONE',  ( 1.000000000000000000, 0.000000000000000000, 0.000000000000000000 ) ) ;
#2247 = CARTESIAN_POINT ( 'NONE',  ( -0.9999999999999995559, -1.124999999453763389, 0.000000000000000000 ) ) ;
#2248 = CARTESIAN_POINT ( 'NONE',  ( 0.3917468249999996877, 2.066666666666665986, -0.6785254046037934028 ) ) ;
#2249 = CARTESIAN_POINT ( 'NONE',  ( -7.070501591499377789E-17, 3.975000000546236922, -1.154700538379251018 ) ) ;
#2250 = CARTESIAN_POINT ( 'NONE',  ( -0.9999999999999996669, 3.191666667212903263, -0.5773502691896252870 ) ) ;
#2251 = EDGE_LOOP ( 'NONE', ( #1960, #2388, #767, #1514 ) ) ;
#2252 =( BOUNDED_CURVE ( )  B_SPLINE_CURVE ( 2, ( #1928, #1538, #95, #2096, #2510, #1941, #902, #719, #1752 ),
 .UNSPECIFIED., .F., .T. ) 
 B_SPLINE_CURVE_WITH_KNOTS ( ( 3, 2, 2, 2, 3 ),
 ( 0.5694444444444444198, 0.5740740740740740700, 0.5833333333333333703, 0.5925925925925925597, 0.5972222222222222099 ),
 .UNSPECIFIED. ) 
 CURVE ( )  GEOMETRIC_REPRESENTATION_ITEM ( )  RATIONAL_B_SPLINE_CURVE ( ( 0.9330127018922194093, 0.9330127018922194093, 1.000000000000000000, 0.8660254037844387076, 1.000000000000000000, 0.8660254037844387076, 1.000000000000000000, 0.9330127018922194093, 0.9330127018922194093 ) ) 
 REPRESENTATION_ITEM ( '' )  );
#2253 = FACE_OUTER_BOUND ( 'NONE', #2239, .T. ) ;
#2254 = CARTESIAN_POINT ( 'NONE',  ( -0.9999999999999991118, 1.708333333879569649, 0.5773502691896259531 ) ) ;
#2255 = CARTESIAN_POINT ( 'NONE',  ( -0.7834936499999997084, 0.3000000010924741001, 0.000000000000000000 ) ) ;
#2256 = CARTESIAN_POINT ( 'NONE',  ( 0.4999999999999995559, 0.6916666672129034854, -0.8660254037844383745 ) ) ;
#2257 = CARTESIAN_POINT ( 'NONE',  ( -0.9999999999999991118, 2.908333333879569604, 0.5773502691896260641 ) ) ;
#2258 = CARTESIAN_POINT ( 'NONE',  ( 0.5000000000000002220, 0.9583333338795703149, 0.8660254037844381525 ) ) ;
#2259 =( NAMED_UNIT ( * ) PLANE_ANGLE_UNIT ( ) SI_UNIT ( $, .RADIAN. ) );
#2260 = CARTESIAN_POINT ( 'NONE',  ( 0.7834936499999997084, 1.300000001092474156, -9.595029906247763484E-17 ) ) ;
#2261 = CARTESIAN_POINT ( 'NONE',  ( 0.3917468250000001873, 1.533333333333332327, 0.6785254046037931808 ) ) ;
#2262 = CARTESIAN_POINT ( 'NONE',  ( 0.5000000000000002220, 1.408333333879569826, 0.8660254037844381525 ) ) ;
#2263 = CARTESIAN_POINT ( 'NONE',  ( 0.4999999999999995559, 3.491666667212903530, -0.8660254037844383745 ) ) ;
#2264 = ADVANCED_FACE ( 'NONE', ( #2577 ), #2379, .T. ) ;
#2265 = CARTESIAN_POINT ( 'NONE',  ( -0.1939662539648200346, 2.783495612578726686, 0.7591043353276135663 ) ) ;
#2266 = CARTESIAN_POINT ( 'NONE',  ( 0.5000000000000002220, 3.008333333879570137, 0.8660254037844381525 ) ) ;
#2267 = CARTESIAN_POINT ( 'NONE',  ( -0.7834936499999997084, 1.866666667759141029, -0.4523502697358621760 ) ) ;
#2268 = CARTESIAN_POINT ( 'NONE',  ( 0.9999999999999995559, -1.774999999453763078, -1.224646799147352714E-16 ) ) ;
#2269 = CARTESIAN_POINT ( 'NONE',  ( 0.9999999999999995559, 2.275000000546236301, -1.224646799147352714E-16 ) ) ;
#2270 = CARTESIAN_POINT ( 'NONE',  ( -0.9999999999999991118, 2.058333333879569960, 0.5773502691896260641 ) ) ;
#2271 = CARTESIAN_POINT ( 'NONE',  ( -0.9999999999999991118, 0.05833333387956964738, 0.5773502691896259531 ) ) ;
#2272 = CIRCLE ( 'NONE', #1649, 2.174999999999999378 ) ;
#2273 = DIRECTION ( 'NONE',  ( 0.000000000000000000, 0.000000000000000000, 1.000000000000000000 ) ) ;
#2274 = CARTESIAN_POINT ( 'NONE',  ( -0.7834936499999997084, -1.000000000000000888, 0.000000000000000000 ) ) ;
#2275 =( BOUNDED_CURVE ( )  B_SPLINE_CURVE ( 2, ( #1398, #1609, #825, #1809, #2410, #802, #1784, #1631, #629 ),
 .UNSPECIFIED., .F., .T. ) 
 B_SPLINE_CURVE_WITH_KNOTS ( ( 3, 2, 2, 2, 3 ),
 ( 0.4305555555555555802, 0.4351851851851851749, 0.4444444444444444198, 0.4537037037037037202, 0.4583333333333333703 ),
 .UNSPECIFIED. ) 
 CURVE ( )  GEOMETRIC_REPRESENTATION_ITEM ( )  RATIONAL_B_SPLINE_CURVE ( ( 0.9330127018922194093, 0.9330127018922197424, 1.000000000000000000, 0.8660254037844387076, 1.000000000000000000, 0.8660254037844387076, 1.000000000000000000, 0.9330127018922189652, 0.9330127018922194093 ) ) 
 REPRESENTATION_ITEM ( '' )  );
#2276 = CARTESIAN_POINT ( 'NONE',  ( -0.9999999999999991118, 2.508333333879569693, 0.5773502691896259531 ) ) ;
#2277 = DIRECTION ( 'NONE',  ( 0.000000000000000000, -0.7071067811865441310, -0.7071067811865510144 ) ) ;
#2278 = CARTESIAN_POINT ( 'NONE',  ( -0.4999999999999998890, 2.408333333879569604, -0.8660254037844382635 ) ) ;
#2279 = CARTESIAN_POINT ( 'NONE',  ( 0.3917468250000001873, 1.233333334425807504, 0.6785254046037931808 ) ) ;
#2280 = CARTESIAN_POINT ( 'NONE',  ( 2.396716546533867705E-15, 2.200000001092473845, -0.7834936499999995974 ) ) ;
#2281 = CARTESIAN_POINT ( 'NONE',  ( -0.7834936499999997084, 1.900000001092474466, 0.000000000000000000 ) ) ;
#2282 = CARTESIAN_POINT ( 'NONE',  ( -0.9217323405894721766, -1.021616129293066543E-07, -0.3878266266148476249 ) ) ;
#2283 = CARTESIAN_POINT ( 'NONE',  ( 0.4999999999999995559, -0.5083333327870970253, -0.8660254037844383745 ) ) ;
#2284 = CARTESIAN_POINT ( 'NONE',  ( 0.9217335385355983624, 3.000000102148699721, 0.3878237794909480951 ) ) ;
#2285 = LINE ( 'NONE', #2522, #1322 ) ;
#2286 = CARTESIAN_POINT ( 'NONE',  ( 0.7834936499999997084, -1.200000000000001510, -9.595029906247763484E-17 ) ) ;
#2287 = CIRCLE ( 'NONE', #927, 0.7834936499999997084 ) ;
#2288 = CARTESIAN_POINT ( 'NONE',  ( -0.9999999999999991118, 3.308333333879569960, 0.5773502691896259531 ) ) ;
#2289 = CARTESIAN_POINT ( 'NONE',  ( -0.7834936499999994863, 1.433333333333332682, 0.4523502697358626756 ) ) ;
#2290 = CARTESIAN_POINT ( 'NONE',  ( 2.121150477449812844E-16, 3.375000000546236834, 1.154700538379251018 ) ) ;
#2291 = CARTESIAN_POINT ( 'NONE',  ( -0.7834936499999997084, 1.466666667759141118, -0.4523502697358621760 ) ) ;
#2292 = CARTESIAN_POINT ( 'NONE',  ( -0.3917468249999999652, 2.233333334425807504, -0.6785254046037932918 ) ) ;
#2293 = FACE_OUTER_BOUND ( 'NONE', #517, .T. ) ;
#2294 = CARTESIAN_POINT ( 'NONE',  ( 0.9999999999999993339, 1.058333333879570182, -0.5773502691896257311 ) ) ;
#2295 = CARTESIAN_POINT ( 'NONE',  ( 0.2099364907924116952, 2.717863279495406292, 0.7834936500000000414 ) ) ;
#2296 = CARTESIAN_POINT ( 'NONE',  ( -0.3917468249999992991, -0.1333333333333342474, 0.6785254046037937359 ) ) ;
#2297 = EDGE_LOOP ( 'NONE', ( #1371, #1106, #1826, #119 ) ) ;
#2298 = EDGE_LOOP ( 'NONE', ( #2378, #1304, #527, #405 ) ) ;
#2299 = CARTESIAN_POINT ( 'NONE',  ( 0.5000000000000002220, 2.208333333879569871, 0.8660254037844381525 ) ) ;
#2300 = CARTESIAN_POINT ( 'NONE',  ( 0.3917468249999996877, 3.266666666666666163, -0.6785254046037934028 ) ) ;
#2301 = CARTESIAN_POINT ( 'NONE',  ( -0.9999999999999996669, 3.241666667212903086, -0.5773502691896252870 ) ) ;
#2302 = CARTESIAN_POINT ( 'NONE',  ( 0.7834936499999999304, 0.8666666677591408074, 0.4523502697358619540 ) ) ;
#2303 = CARTESIAN_POINT ( 'NONE',  ( 0.4999999999999995559, 2.741666667212903086, -0.8660254037844383745 ) ) ;
#2304 = CARTESIAN_POINT ( 'NONE',  ( -0.2099364907924122226, 0.2821367205045909876, 0.7834936499999999304 ) ) ;
#2305 = EDGE_CURVE ( 'NONE', #1577, #1735, #1399, .T. ) ;
#2306 = CARTESIAN_POINT ( 'NONE',  ( -0.9999999999999996669, 0.7916666672129036852, -0.5773502691896252870 ) ) ;
#2307 = CARTESIAN_POINT ( 'NONE',  ( -0.4999999999999998890, 4.358333333879570226, -0.8660254037844382635 ) ) ;
#2308 = DIRECTION ( 'NONE',  ( -0.000000000000000000, 1.000000000000000000, -0.000000000000000000 ) ) ;
#2309 = CARTESIAN_POINT ( 'NONE',  ( -0.7834936499999997084, 0.5666666666666658747, -0.4523502697358621760 ) ) ;
#2310 = VERTEX_POINT ( 'NONE', #782 ) ;
#2311 = CARTESIAN_POINT ( 'NONE',  ( -0.7416240069165190851, 2.896020701906756312, -0.5172456447711507588 ) ) ;
#2312 = CARTESIAN_POINT ( 'NONE',  ( 2.121150477449812844E-16, 2.575000000546237011, 1.154700538379251018 ) ) ;
#2313 = AXIS2_PLACEMENT_3D ( 'NONE', #1503, #2484, #1882 ) ;
#2314 = CARTESIAN_POINT ( 'NONE',  ( -0.7834936499999997084, 4.199999999999999289, 0.000000000000000000 ) ) ;
#2315 = CARTESIAN_POINT ( 'NONE',  ( 0.9999999999999998890, -0.1583333327870965757, 0.5773502691896250649 ) ) ;
#2316 = EDGE_CURVE ( 'NONE', #1945, #2310, #833, .T. ) ;
#2317 = CARTESIAN_POINT ( 'NONE',  ( -0.3917468249999992991, -2.033333332240859104, 0.6785254046037937359 ) ) ;
#2318 = CARTESIAN_POINT ( 'NONE',  ( -0.4999999999999998890, 0.008333333879569949920, -0.8660254037844382635 ) ) ;
#2319 = CARTESIAN_POINT ( 'NONE',  ( 2.121150477449812844E-16, 0.1250000005462367780, 1.154700538379251018 ) ) ;
#2320 = VERTEX_POINT ( 'NONE', #1587 ) ;
#2321 = CARTESIAN_POINT ( 'NONE',  ( 0.5000000000000002220, 0.5583333338795700707, 0.8660254037844381525 ) ) ;
#2322 = CARTESIAN_POINT ( 'NONE',  ( 0.5000000000000002220, 4.558333333879570404, 0.8660254037844381525 ) ) ;
#2323 = CARTESIAN_POINT ( 'NONE',  ( 0.2099364907924128609, 2.317863279495407269, 0.7834936499999995974 ) ) ;
#2324 = CARTESIAN_POINT ( 'NONE',  ( 0.7834936499999999304, 0.7666666666666654972, 0.4523502697358619540 ) ) ;
#2325 = VERTEX_POINT ( 'NONE', #2414 ) ;
#2326 = CARTESIAN_POINT ( 'NONE',  ( -0.9230387406724739341, 2.917851499949086769, -0.07038990192755767428 ) ) ;
#2327 = CARTESIAN_POINT ( 'NONE',  ( -0.4999999999999991673, 0.9416666672129028193, 0.8660254037844387076 ) ) ;
#2328 = CIRCLE ( 'NONE', #209, 1.399999999999999689 ) ;
#2329 = CARTESIAN_POINT ( 'NONE',  ( -0.4999999999999998890, -2.041666666120429685, -0.8660254037844382635 ) ) ;
#2330 = CARTESIAN_POINT ( 'NONE',  ( 2.121150477449812844E-16, -0.6249999994537638326, 1.154700538379251018 ) ) ;
#2331 = ORIENTED_EDGE ( 'NONE', *, *, #1259, .F. ) ;
#2332 = CARTESIAN_POINT ( 'NONE',  ( -0.7834936499999993753, -0.4666666655741922853, 0.4523502697358626756 ) ) ;
#2333 = CARTESIAN_POINT ( 'NONE',  ( -0.4999999999999991673, 0.5416666672129035742, 0.8660254037844387076 ) ) ;
#2334 = CARTESIAN_POINT ( 'NONE',  ( -7.070501591499376556E-17, 0.3250000005462364006, -1.154700538379251018 ) ) ;
#2335 = VERTEX_POINT ( 'NONE', #2188 ) ;
#2336 = CARTESIAN_POINT ( 'NONE',  ( 0.5000000000000002220, -1.041666666120429685, 0.8660254037844381525 ) ) ;
#2337 = CARTESIAN_POINT ( 'NONE',  ( -0.9217323405894721766, -1.021616129293066543E-07, -0.3878266266148476249 ) ) ;
#2338 = CARTESIAN_POINT ( 'NONE',  ( -0.9999999999999996669, 2.791666667212903352, -0.5773502691896253980 ) ) ;
#2339 =( BOUNDED_CURVE ( )  B_SPLINE_CURVE ( 2, ( #2083, #899, #262, #680, #1281, #1109, #2536, #704, #501 ),
 .UNSPECIFIED., .F., .T. ) 
 B_SPLINE_CURVE_WITH_KNOTS ( ( 3, 2, 2, 2, 3 ),
 ( 0.5972222222222222099, 0.6018518518518518601, 0.6111111111111111605, 0.6203703703703703498, 0.6250000000000000000 ),
 .UNSPECIFIED. ) 
 CURVE ( )  GEOMETRIC_REPRESENTATION_ITEM ( )  RATIONAL_B_SPLINE_CURVE ( ( 0.9330127018922194093, 0.9330127018922194093, 1.000000000000000000, 0.8660254037844387076, 1.000000000000000000, 0.8660254037844387076, 1.000000000000000000, 0.9330127018922194093, 0.9330127018922194093 ) ) 
 REPRESENTATION_ITEM ( '' )  );
#2340 = DIRECTION ( 'NONE',  ( -0.000000000000000000, 1.000000000000000000, -0.000000000000000000 ) ) ;
#2341 = CARTESIAN_POINT ( 'NONE',  ( -0.4999999999999991673, 0.1416666672129033300, 0.8660254037844387076 ) ) ;
#2342 = CARTESIAN_POINT ( 'NONE',  ( -0.9999999999999991118, 0.1083333338795693379, 0.5773502691896259531 ) ) ;
#2343 = ORIENTED_EDGE ( 'NONE', *, *, #1965, .F. ) ;
#2344 = CARTESIAN_POINT ( 'NONE',  ( -0.3917468249999999652, -2.166666665574192407, -0.6785254046037932918 ) ) ;
#2345 = FACE_OUTER_BOUND ( 'NONE', #743, .T. ) ;
#2346 = AXIS2_PLACEMENT_3D ( 'NONE', #1907, #2132, #2080 ) ;
#2347 = CARTESIAN_POINT ( 'NONE',  ( -0.4999999999999991673, 1.741666667212903308, 0.8660254037844387076 ) ) ;
#2348 = FACE_OUTER_BOUND ( 'NONE', #159, .T. ) ;
#2349 = ORIENTED_EDGE ( 'NONE', *, *, #1862, .F. ) ;
#2350 = CARTESIAN_POINT ( 'NONE',  ( 0.9999999999999993339, -2.141666666120430218, -0.5773502691896257311 ) ) ;
#2351 = CARTESIAN_POINT ( 'NONE',  ( 0.9999999999999998890, 4.591666667212903619, 0.5773502691896250649 ) ) ;
#2352 = CARTESIAN_POINT ( 'NONE',  ( -0.4999999999999998890, 1.158333333879569826, -0.8660254037844382635 ) ) ;
#2353 = CARTESIAN_POINT ( 'NONE',  ( 0.000000000000000000, 2.999999999999999112, 0.7834936499999997084 ) ) ;
#2354 = CARTESIAN_POINT ( 'NONE',  ( -0.2421327602963533610, 2.869160365036614646, -0.8433818703752448132 ) ) ;
#2355 = CARTESIAN_POINT ( 'NONE',  ( 0.9999999999999995559, -0.9249999994537637660, -1.224646799147352714E-16 ) ) ;
#2356 = UNCERTAINTY_MEASURE_WITH_UNIT (LENGTH_MEASURE( 1.000000000000000082E-05 ), #2009, 'distance_accuracy_value', 'NONE');
#2357 = CIRCLE ( 'NONE', #1931, 0.9999999999999995559 ) ;
#2358 = CARTESIAN_POINT ( 'NONE',  ( -0.9999999999999996669, -0.3583333327870971141, -0.5773502691896252870 ) ) ;
#2359 = VERTEX_POINT ( 'NONE', #1989 ) ;
#2360 = CARTESIAN_POINT ( 'NONE',  ( 0.3917468250000001873, -1.566666665574192541, 0.6785254046037931808 ) ) ;
#2361 = CARTESIAN_POINT ( 'NONE',  ( 0.4999999999999995559, 4.341666667212902730, -0.8660254037844383745 ) ) ;
#2362 = CARTESIAN_POINT ( 'NONE',  ( -0.9999999999999995559, 0.4750000005462363672, 0.000000000000000000 ) ) ;
#2363 = FACE_OUTER_BOUND ( 'NONE', #1403, .T. ) ;
#2364 = ORIENTED_EDGE ( 'NONE', *, *, #268, .T. ) ;
#2365 = CARTESIAN_POINT ( 'NONE',  ( 0.3917468250000001873, 4.433333334425807237, 0.6785254046037931808 ) ) ;
#2366 = CARTESIAN_POINT ( 'NONE',  ( -1.760058198843438224E-13, 0.07924680642500496475, 0.9207531431734861105 ) ) ;
#2367 = CARTESIAN_POINT ( 'NONE',  ( -7.070501591499377789E-17, 1.525000000546237189, -1.154700538379251018 ) ) ;
#2368 = CARTESIAN_POINT ( 'NONE',  ( 0.9217335385355983624, 3.000000102148699721, 0.3878237794909480951 ) ) ;
#2369 = EDGE_LOOP ( 'NONE', ( #1742, #2214, #2464 ) ) ;
#2370 = CARTESIAN_POINT ( 'NONE',  ( -0.9999999999999991118, -0.2916666661204300182, 0.5773502691896259531 ) ) ;
#2371 = CARTESIAN_POINT ( 'NONE',  ( 0.7834936499999993753, 4.833333333333333037, -0.4523502697358626201 ) ) ;
#2372 = CARTESIAN_POINT ( 'NONE',  ( 0.4999999999999995559, -0.05833333278709718073, -0.8660254037844383745 ) ) ;
#2373 = ORIENTED_EDGE ( 'NONE', *, *, #2305, .T. ) ;
#2374 = CIRCLE ( 'NONE', #2539, 1.399999999999999689 ) ;
#2375 = CARTESIAN_POINT ( 'NONE',  ( 0.7834936499999997084, -1.099999998907525978, -9.595029906247763484E-17 ) ) ;
#2376 = LINE ( 'NONE', #2143, #2476 ) ;
#2377 = CARTESIAN_POINT ( 'NONE',  ( -0.9999999999999995559, 0.07500000054623620627, 0.000000000000000000 ) ) ;
#2378 = ORIENTED_EDGE ( 'NONE', *, *, #1095, .T. ) ;
#2379 =( BOUNDED_SURFACE ( )  B_SPLINE_SURFACE ( 1, 2, ( 
 ( #2521, #760, #745, #1306, #703, #1321, #1737, #2351, #2322, #500, #2105, #544, #2118, #1909, #2307, #301, #486, #1349, #1108, #1924, #287, #1094, #913, #898, #1708, #529, #1333, #1722, #2535, #2135, #2148, #328, #2230, #1806, #395, #1565, #2431, #187, #598, #174, #2381, #971, #610, #1417, #2629, #997, #408, #811, #1994, #1406, #1378, #2616, #371, #1218, #2031, #1178, #211, #1604, #2179, #2194, #773, #2019, #2420, #2205, #199, #2407, #1021, #1394, #1591, #983, #799, #1791, #1579, #1193, #1009, #1617, #2603, #2217, #1829, #11, #586, #786, #2006, #560, #384, #1204, #1817, #359, #1361, #1166, #1982, #161, #1780, #2591, #2394, #574, #2445, #822, #624, #1429, #2243, #1628, #2520, #237, #1291, #39, #273, #63, #2505, #260, #1505, #1883, #2081, #2294, #90, #1268, #1492, #1067, #688, #1706, #1872, #2306, #897, #702, #75, #678, #882, #484, #2321, #863, #498, #2471, #1895, #2104, #851, #286, #1093, #1480, #1908, #872, #472, #1279, #462, #2271, #2091, #1660, #655, #1048, #51, #1673, #1081, #2485, #2061, #1693, #1858, #1683, #668, #1457, #1058, #450, #2283, #1256, #2072, #250, #1469, #2495, #1952, #970, #2147, #559, #730, #1721, #1521, #1779, #2380, #314, #2336, #327, #129, #939, #513, #1320, #300, #2178, #2134, #912, #2393, #1121, #1164, #1360, #116, #926, #759, #358, #1938, #2534, #716, #1332, #1981, #1563, #2547, #954, #160, #2576, #1736, #1534, #1748, #2590, #1548, #2350, #528 ),
 ( #772, #1578, #342, #2560, #1305, #1134, #2117, #744, #2365, #543, #1107, #1923, #1347, #2163, #1149, #1967, #145, #1765, #104, #2193, #1428, #1590, #173, #1641, #1393, #421, #2444, #2005, #185, #10, #1627, #2204, #982, #1790, #609, #1816, #1828, #821, #383, #1228, #198, #2043, #810, #2030, #573, #2242, #2628, #2229, #1805, #1377, #2602, #221, #1032, #623, #1616, #1840, #21, #996, #407, #1192, #2430, #2615, #835, #370, #798, #1177, #1416, #1993, #785, #2406, #585, #1217, #1203, #1020, #1405, #1603, #394, #597, #210, #2419, #2216, #2018, #1008, #1078, #2101, #2267, #1892, #1288, #283, #469, #1064, #1275, #72, #482, #1252, #893, #233, #2291, #879, #1240, #1691, #2504, #1880, #685, #2279, #59, #870, #34, #2467, #2057, #1905, #1440, #1680, #1489, #2492, #2302, #269, #1090, #87, #1656, #2089, #847, #245, #2456, #651, #1452, #858, #674, #458, #445, #2480, #636, #2255, #1054, #432, #1044, #1854, #2068, #1867, #1264, #47, #1477, #1669, #664, #1465, #2078, #257, #111, #1543, #1961, #1743, #1341, #1516, #1919, #1129, #2332, #2113, #522, #934, #322, #2542, #2555, #555, #1558, #1356, #1717, #310, #2142, #2516, #1327, #1731, #100, #697, #1117, #2375, #157, #2174, #1301, #139, #948, #1947, #2158, #124, #2530, #1934, #739, #1316, #712, #2360, #337, #1758, #2128, #537, #2570, #1160, #725, #921, #1144, #753, #1528, #509, #353, #2317, #1976, #1702, #1501, #2344, #494, #296, #1103, #907 ) ),
 .UNSPECIFIED., .F., .F., .T. ) 
 B_SPLINE_SURFACE_WITH_KNOTS ( ( 2, 2 ),
 ( 3, 2, 2, 2, 2, 2, 2, 2, 2, 2, 2, 2, 2, 2, 2, 2, 2, 2, 2, 2, 2, 2, 2, 2, 2, 2, 2, 2, 2, 2, 2, 2, 2, 2, 2, 2, 2, 2, 2, 2, 2, 2, 2, 2, 2, 2, 2, 2, 2, 2, 2, 2, 2, 2, 2, 2, 2, 2, 2, 2, 2, 2, 2, 2, 2, 2, 2, 2, 2, 2, 2, 2, 2, 2, 2, 2, 2, 2, 2, 2, 2, 2, 2, 2, 2, 2, 2, 2, 2, 2, 2, 2, 2, 2, 2, 2, 2, 2, 2, 2, 2, 2, 2, 2, 2, 3 ),
 ( 0.000000000000000000, 1.000000000000000000 ),
 ( 0.000000000000000000, 0.009259259259259258745, 0.01851851851851851749, 0.02777777777777777624, 0.03703703703703703498, 0.04629629629629629373, 0.05555555555555555247, 0.06481481481481481122, 0.07407407407407406996, 0.08333333333333332871, 0.09259259259259258745, 0.1018518518518518462, 0.1111111111111111049, 0.1203703703703703637, 0.1296296296296296224, 0.1388888888888888951, 0.1481481481481481399, 0.1574074074074074125, 0.1666666666666666574, 0.1759259259259259300, 0.1851851851851851749, 0.1944444444444444475, 0.2037037037037036924, 0.2129629629629629650, 0.2222222222222222099, 0.2314814814814814825, 0.2407407407407407274, 0.2500000000000000000, 0.2592592592592592449, 0.2685185185185185452, 0.2777777777777777901, 0.2870370370370370350, 0.2962962962962962798, 0.3055555555555555802, 0.3148148148148148251, 0.3240740740740740700, 0.3333333333333333148, 0.3425925925925926152, 0.3518518518518518601, 0.3611111111111111049, 0.3703703703703703498, 0.3796296296296296502, 0.3888888888888888951, 0.3981481481481481399, 0.4074074074074073848, 0.4166666666666666852, 0.4259259259259259300, 0.4351851851851851749, 0.4444444444444444198, 0.4537037037037037202, 0.4629629629629629650, 0.4722222222222222099, 0.4814814814814814548, 0.4907407407407407551, 0.5000000000000000000, 0.5092592592592593004, 0.5185185185185184897, 0.5277777777777777901, 0.5370370370370370905, 0.5462962962962962798, 0.5555555555555555802, 0.5648148148148147696, 0.5740740740740740700, 0.5833333333333333703, 0.5925925925925925597, 0.6018518518518518601, 0.6111111111111111605, 0.6203703703703703498, 0.6296296296296296502, 0.6388888888888888395, 0.6481481481481481399, 0.6574074074074074403, 0.6666666666666666297, 0.6759259259259259300, 0.6851851851851852304, 0.6944444444444444198, 0.7037037037037037202, 0.7129629629629629095, 0.7222222222222222099, 0.7314814814814815103, 0.7407407407407406996, 0.7500000000000000000, 0.7592592592592593004, 0.7685185185185184897, 0.7777777777777777901, 0.7870370370370370905, 0.7962962962962962798, 0.8055555555555555802, 0.8148148148148147696, 0.8240740740740740700, 0.8333333333333333703, 0.8425925925925925597, 0.8518518518518518601, 0.8611111111111111605, 0.8703703703703703498, 0.8796296296296296502, 0.8888888888888888395, 0.8981481481481481399, 0.9074074074074074403, 0.9166666666666666297, 0.9259259259259259300, 0.9351851851851852304, 0.9444444444444444198, 0.9537037037037037202, 0.9629629629629629095, 0.9722222222222222099 ),
 .UNSPECIFIED. ) 
 GEOMETRIC_REPRESENTATION_ITEM ( )  RATIONAL_B_SPLINE_SURFACE ( (
 ( 1.000000000000000000, 0.8660254037844387076, 1.000000000000000000, 0.8660254037844387076, 1.000000000000000000, 0.8660254037844387076, 1.000000000000000000, 0.8660254037844387076, 1.000000000000000000, 0.8660254037844387076, 1.000000000000000000, 0.8660254037844387076, 1.000000000000000000, 0.8660254037844387076, 1.000000000000000000, 0.8660254037844387076, 1.000000000000000000, 0.8660254037844387076, 1.000000000000000000, 0.8660254037844387076, 1.000000000000000000, 0.8660254037844387076, 1.000000000000000000, 0.8660254037844387076, 1.000000000000000000, 0.8660254037844387076, 1.000000000000000000, 0.8660254037844387076, 1.000000000000000000, 0.8660254037844387076, 1.000000000000000000, 0.8660254037844387076, 1.000000000000000000, 0.8660254037844387076, 1.000000000000000000, 0.8660254037844387076, 1.000000000000000000, 0.8660254037844387076, 1.000000000000000000, 0.8660254037844387076, 1.000000000000000000, 0.8660254037844387076, 1.000000000000000000, 0.8660254037844387076, 1.000000000000000000, 0.8660254037844387076, 1.000000000000000000, 0.8660254037844387076, 1.000000000000000000, 0.8660254037844387076, 1.000000000000000000, 0.8660254037844387076, 1.000000000000000000, 0.8660254037844387076, 1.000000000000000000, 0.8660254037844387076, 1.000000000000000000, 0.8660254037844387076, 1.000000000000000000, 0.8660254037844387076, 1.000000000000000000, 0.8660254037844387076, 1.000000000000000000, 0.8660254037844387076, 1.000000000000000000, 0.8660254037844387076, 1.000000000000000000, 0.8660254037844387076, 1.000000000000000000, 0.8660254037844387076, 1.000000000000000000, 0.8660254037844387076, 1.000000000000000000, 0.8660254037844387076, 1.000000000000000000, 0.8660254037844387076, 1.000000000000000000, 0.8660254037844387076, 1.000000000000000000, 0.8660254037844387076, 1.000000000000000000, 0.8660254037844387076, 1.000000000000000000, 0.8660254037844387076, 1.000000000000000000, 0.8660254037844387076, 1.000000000000000000, 0.8660254037844387076, 1.000000000000000000, 0.8660254037844387076, 1.000000000000000000, 0.8660254037844387076, 1.000000000000000000, 0.8660254037844387076, 1.000000000000000000, 0.8660254037844387076, 1.000000000000000000, 0.8660254037844387076, 1.000000000000000000, 0.8660254037844387076, 1.000000000000000000, 0.8660254037844387076, 1.000000000000000000, 0.8660254037844387076, 1.000000000000000000, 0.8660254037844387076, 1.000000000000000000, 0.8660254037844387076, 1.000000000000000000, 0.8660254037844387076, 1.000000000000000000, 0.8660254037844387076, 1.000000000000000000, 0.8660254037844387076, 1.000000000000000000, 0.8660254037844387076, 1.000000000000000000, 0.8660254037844387076, 1.000000000000000000, 0.8660254037844387076, 1.000000000000000000, 0.8660254037844387076, 1.000000000000000000, 0.8660254037844387076, 1.000000000000000000, 0.8660254037844387076, 1.000000000000000000, 0.8660254037844387076, 1.000000000000000000, 0.8660254037844387076, 1.000000000000000000, 0.8660254037844387076, 1.000000000000000000, 0.8660254037844387076, 1.000000000000000000, 0.8660254037844387076, 1.000000000000000000, 0.8660254037844387076, 1.000000000000000000, 0.8660254037844387076, 1.000000000000000000, 0.8660254037844387076, 1.000000000000000000, 0.8660254037844387076, 1.000000000000000000, 0.8660254037844387076, 1.000000000000000000, 0.8660254037844387076, 1.000000000000000000, 0.8660254037844387076, 1.000000000000000000, 0.8660254037844387076, 1.000000000000000000, 0.8660254037844387076, 1.000000000000000000, 0.8660254037844387076, 1.000000000000000000, 0.8660254037844387076, 1.000000000000000000, 0.8660254037844387076, 1.000000000000000000, 0.8660254037844387076, 1.000000000000000000, 0.8660254037844387076, 1.000000000000000000, 0.8660254037844387076, 1.000000000000000000, 0.8660254037844387076, 1.000000000000000000, 0.8660254037844387076, 1.000000000000000000, 0.8660254037844387076, 1.000000000000000000, 0.8660254037844387076, 1.000000000000000000, 0.8660254037844387076, 1.000000000000000000, 0.8660254037844387076, 1.000000000000000000, 0.8660254037844387076, 1.000000000000000000, 0.8660254037844387076, 1.000000000000000000, 0.8660254037844387076, 1.000000000000000000, 0.8660254037844387076, 1.000000000000000000, 0.8660254037844387076, 1.000000000000000000, 0.8660254037844387076, 1.000000000000000000, 0.8660254037844387076, 1.000000000000000000, 0.8660254037844387076, 1.000000000000000000, 0.8660254037844387076, 1.000000000000000000, 0.8660254037844387076, 1.000000000000000000, 0.8660254037844387076, 1.000000000000000000, 0.8660254037844387076, 1.000000000000000000, 0.8660254037844387076, 1.000000000000000000, 0.8660254037844387076, 1.000000000000000000, 0.8660254037844387076, 1.000000000000000000, 0.8660254037844387076, 1.000000000000000000),
 ( 1.000000000000000000, 0.8660254037844387076, 1.000000000000000000, 0.8660254037844387076, 1.000000000000000000, 0.8660254037844387076, 1.000000000000000000, 0.8660254037844387076, 1.000000000000000000, 0.8660254037844387076, 1.000000000000000000, 0.8660254037844387076, 1.000000000000000000, 0.8660254037844387076, 1.000000000000000000, 0.8660254037844387076, 1.000000000000000000, 0.8660254037844387076, 1.000000000000000000, 0.8660254037844387076, 1.000000000000000000, 0.8660254037844387076, 1.000000000000000000, 0.8660254037844387076, 1.000000000000000000, 0.8660254037844387076, 1.000000000000000000, 0.8660254037844387076, 1.000000000000000000, 0.8660254037844387076, 1.000000000000000000, 0.8660254037844387076, 1.000000000000000000, 0.8660254037844387076, 1.000000000000000000, 0.8660254037844387076, 1.000000000000000000, 0.8660254037844387076, 1.000000000000000000, 0.8660254037844387076, 1.000000000000000000, 0.8660254037844387076, 1.000000000000000000, 0.8660254037844387076, 1.000000000000000000, 0.8660254037844387076, 1.000000000000000000, 0.8660254037844387076, 1.000000000000000000, 0.8660254037844387076, 1.000000000000000000, 0.8660254037844387076, 1.000000000000000000, 0.8660254037844387076, 1.000000000000000000, 0.8660254037844387076, 1.000000000000000000, 0.8660254037844387076, 1.000000000000000000, 0.8660254037844387076, 1.000000000000000000, 0.8660254037844387076, 1.000000000000000000, 0.8660254037844387076, 1.000000000000000000, 0.8660254037844387076, 1.000000000000000000, 0.8660254037844387076, 1.000000000000000000, 0.8660254037844387076, 1.000000000000000000, 0.8660254037844387076, 1.000000000000000000, 0.8660254037844387076, 1.000000000000000000, 0.8660254037844387076, 1.000000000000000000, 0.8660254037844387076, 1.000000000000000000, 0.8660254037844387076, 1.000000000000000000, 0.8660254037844387076, 1.000000000000000000, 0.8660254037844387076, 1.000000000000000000, 0.8660254037844387076, 1.000000000000000000, 0.8660254037844387076, 1.000000000000000000, 0.8660254037844387076, 1.000000000000000000, 0.8660254037844387076, 1.000000000000000000, 0.8660254037844387076, 1.000000000000000000, 0.8660254037844387076, 1.000000000000000000, 0.8660254037844387076, 1.000000000000000000, 0.8660254037844387076, 1.000000000000000000, 0.8660254037844387076, 1.000000000000000000, 0.8660254037844387076, 1.000000000000000000, 0.8660254037844387076, 1.000000000000000000, 0.8660254037844387076, 1.000000000000000000, 0.8660254037844387076, 1.000000000000000000, 0.8660254037844387076, 1.000000000000000000, 0.8660254037844387076, 1.000000000000000000, 0.8660254037844387076, 1.000000000000000000, 0.8660254037844387076, 1.000000000000000000, 0.8660254037844387076, 1.000000000000000000, 0.8660254037844387076, 1.000000000000000000, 0.8660254037844387076, 1.000000000000000000, 0.8660254037844387076, 1.000000000000000000, 0.8660254037844387076, 1.000000000000000000, 0.8660254037844387076, 1.000000000000000000, 0.8660254037844387076, 1.000000000000000000, 0.8660254037844387076, 1.000000000000000000, 0.8660254037844387076, 1.000000000000000000, 0.8660254037844387076, 1.000000000000000000, 0.8660254037844387076, 1.000000000000000000, 0.8660254037844387076, 1.000000000000000000, 0.8660254037844387076, 1.000000000000000000, 0.8660254037844387076, 1.000000000000000000, 0.8660254037844387076, 1.000000000000000000, 0.8660254037844387076, 1.000000000000000000, 0.8660254037844387076, 1.000000000000000000, 0.8660254037844387076, 1.000000000000000000, 0.8660254037844387076, 1.000000000000000000, 0.8660254037844387076, 1.000000000000000000, 0.8660254037844387076, 1.000000000000000000, 0.8660254037844387076, 1.000000000000000000, 0.8660254037844387076, 1.000000000000000000, 0.8660254037844387076, 1.000000000000000000, 0.8660254037844387076, 1.000000000000000000, 0.8660254037844387076, 1.000000000000000000, 0.8660254037844387076, 1.000000000000000000, 0.8660254037844387076, 1.000000000000000000, 0.8660254037844387076, 1.000000000000000000, 0.8660254037844387076, 1.000000000000000000, 0.8660254037844387076, 1.000000000000000000, 0.8660254037844387076, 1.000000000000000000, 0.8660254037844387076, 1.000000000000000000, 0.8660254037844387076, 1.000000000000000000, 0.8660254037844387076, 1.000000000000000000, 0.8660254037844387076, 1.000000000000000000, 0.8660254037844387076, 1.000000000000000000, 0.8660254037844387076, 1.000000000000000000, 0.8660254037844387076, 1.000000000000000000, 0.8660254037844387076, 1.000000000000000000, 0.8660254037844387076, 1.000000000000000000, 0.8660254037844387076, 1.000000000000000000, 0.8660254037844387076, 1.000000000000000000, 0.8660254037844387076, 1.000000000000000000, 0.8660254037844387076, 1.000000000000000000, 0.8660254037844387076, 1.000000000000000000) ) ) 
 REPRESENTATION_ITEM ( '' )  SURFACE ( )  );
#2380 = CARTESIAN_POINT ( 'NONE',  ( 0.9999999999999995559, -0.9749999994537634773, -1.224646799147352714E-16 ) ) ;
#2381 = CARTESIAN_POINT ( 'NONE',  ( 0.4999999999999995559, 3.491666667212903530, -0.8660254037844383745 ) ) ;
#2382 = CARTESIAN_POINT ( 'NONE',  ( -0.9999999999999991118, 1.658333333879570048, 0.5773502691896259531 ) ) ;
#2383 = CARTESIAN_POINT ( 'NONE',  ( -0.9217323405894721766, -1.021616129293066543E-07, -0.3878266266148476249 ) ) ;
#2384 = CARTESIAN_POINT ( 'NONE',  ( 0.2254281250433948502, 0.08959454601182242905, 0.9104054039208999693 ) ) ;
#2385 = CARTESIAN_POINT ( 'NONE',  ( 2.121150477449812844E-16, 0.1750000005462364616, 1.154700538379251018 ) ) ;
#2386 = CARTESIAN_POINT ( 'NONE',  ( 0.7834936499999997084, 3.199999999999998845, -9.595029906247763484E-17 ) ) ;
#2387 = CARTESIAN_POINT ( 'NONE',  ( -7.070501591499377789E-17, 4.325000000546237011, -1.154700538379251018 ) ) ;
#2388 = ORIENTED_EDGE ( 'NONE', *, *, #382, .T. ) ;
#2389 = CARTESIAN_POINT ( 'NONE',  ( 0.2099364907924105017, 1.117863279495407092, 0.7834936500000010406 ) ) ;
#2390 = CARTESIAN_POINT ( 'NONE',  ( 0.9999999999999998890, 3.841666667212903619, 0.5773502691896250649 ) ) ;
#2391 = CARTESIAN_POINT ( 'NONE',  ( 3.195622062045156678E-16, 2.000000001092474111, 0.7834936499999997084 ) ) ;
#2392 = ORIENTED_EDGE ( 'NONE', *, *, #1560, .F. ) ;
#2393 = CARTESIAN_POINT ( 'NONE',  ( 0.9999999999999995559, -1.374999999453763611, -1.224646799147352714E-16 ) ) ;
#2394 = CARTESIAN_POINT ( 'NONE',  ( -0.4999999999999991673, 1.691666667212903485, 0.8660254037844387076 ) ) ;
#2395 = CARTESIAN_POINT ( 'NONE',  ( -0.4999999999999991673, 2.491666667212903530, 0.8660254037844387076 ) ) ;
#2396 = CARTESIAN_POINT ( 'NONE',  ( 0.000000000000000000, 2.999999999999999112, 0.000000000000000000 ) ) ;
#2397 = CARTESIAN_POINT ( 'NONE',  ( -0.7834936499999997084, 2.566666666666665986, -0.4523502697358621205 ) ) ;
#2398 = CARTESIAN_POINT ( 'NONE',  ( 0.4999999999999995559, -1.658333332787097048, -0.8660254037844383745 ) ) ;
#2399 = CARTESIAN_POINT ( 'NONE',  ( -0.7834936499999997084, 3.766666666666665275, -0.4523502697358621760 ) ) ;
#2400 = CARTESIAN_POINT ( 'NONE',  ( 0.7834936499999993753, -1.966666666666667673, -0.4523502697358626201 ) ) ;
#2401 = CARTESIAN_POINT ( 'NONE',  ( 0.9999999999999995559, -2.124999999453763611, -1.224646799147352714E-16 ) ) ;
#2402 = FILL_AREA_STYLE ('',( #2599 ) ) ;
#2403 = CARTESIAN_POINT ( 'NONE',  ( 0.000000000000000000, 2.999999999999999556, 0.000000000000000000 ) ) ;
#2404 = CARTESIAN_POINT ( 'NONE',  ( 0.3917468250000001873, 1.533333333333332327, 0.6785254046037931808 ) ) ;
#2405 = ADVANCED_FACE ( 'NONE', ( #594 ), #2027, .T. ) ;
#2406 = CARTESIAN_POINT ( 'NONE',  ( 1.661907929776396734E-16, 2.400000001092474022, 0.9047005394717244631 ) ) ;
#2407 = CARTESIAN_POINT ( 'NONE',  ( 0.9999999999999993339, 2.658333333879570493, -0.5773502691896257311 ) ) ;
#2408 = CARTESIAN_POINT ( 'NONE',  ( 0.4999999999999995559, 2.691666667212903707, -0.8660254037844383745 ) ) ;
#2409 = CARTESIAN_POINT ( 'NONE',  ( 1.714505518806294145E-16, 2.999999999999999112, -1.399999999999999689 ) ) ;
#2410 = CARTESIAN_POINT ( 'NONE',  ( -0.7834936499999997084, 1.500000001092474333, 0.000000000000000000 ) ) ;
#2411 = CARTESIAN_POINT ( 'NONE',  ( 0.7834936499999999304, 1.166666666666665853, 0.4523502697358619540 ) ) ;
#2412 = CARTESIAN_POINT ( 'NONE',  ( -0.4999999999999998890, 4.808333333879570404, -0.8660254037844382635 ) ) ;
#2413 = CARTESIAN_POINT ( 'NONE',  ( -0.9999999999999996669, -1.558333332787096959, -0.5773502691896252870 ) ) ;
#2414 = CARTESIAN_POINT ( 'NONE',  ( -0.3749976359994734998, -1.570537984599584050E-07, -0.9270257671687477385 ) ) ;
#2415 = VERTEX_POINT ( 'NONE', #417 ) ;
#2416 = DIRECTION ( 'NONE',  ( -0.000000000000000000, 1.000000000000000000, -0.000000000000000000 ) ) ;
#2417 = CONICAL_SURFACE ( 'NONE', #1861, 0.9999999999999995559, 0.7853981633974532750 ) ;
#2418 = EDGE_CURVE ( 'NONE', #2138, #1283, #1261, .T. ) ;
#2419 = CARTESIAN_POINT ( 'NONE',  ( 0.7834936499999999304, 2.066666667759140985, 0.4523502697358619540 ) ) ;
#2420 = CARTESIAN_POINT ( 'NONE',  ( -0.4999999999999998890, 2.758333333879570137, -0.8660254037844382635 ) ) ;
#2421 = CARTESIAN_POINT ( 'NONE',  ( -0.9999999999999995559, 0.02500000054623651574, 0.000000000000000000 ) ) ;
#2422 = CARTESIAN_POINT ( 'NONE',  ( -0.9999999999999995559, 1.625000000546236834, 0.000000000000000000 ) ) ;
#2423 = CARTESIAN_POINT ( 'NONE',  ( 0.9999999999999998890, -0.9583333327870968699, 0.5773502691896250649 ) ) ;
#2424 = CARTESIAN_POINT ( 'NONE',  ( 0.7834936499999999304, 2.366666666666665808, 0.4523502697358619540 ) ) ;
#2425 = CARTESIAN_POINT ( 'NONE',  ( 2.121150477449812844E-16, 4.175000000546236656, 1.154700538379251018 ) ) ;
#2426 = CARTESIAN_POINT ( 'NONE',  ( 0.5000000000000002220, -1.391666666120430218, 0.8660254037844381525 ) ) ;
#2427 = DIRECTION ( 'NONE',  ( -0.000000000000000000, 1.000000000000000000, -0.000000000000000000 ) ) ;
#2428 = ORIENTED_EDGE ( 'NONE', *, *, #581, .T. ) ;
#2429 = CYLINDRICAL_SURFACE ( 'NONE', #1461, 0.7834936499999997084 ) ;
#2430 = CARTESIAN_POINT ( 'NONE',  ( -0.7834936499999997084, 2.700000001092474289, 0.000000000000000000 ) ) ;
#2431 = CARTESIAN_POINT ( 'NONE',  ( -0.9999999999999995559, 3.625000000546236834, 0.000000000000000000 ) ) ;
#2432 = CARTESIAN_POINT ( 'NONE',  ( -0.9999999999999991118, 0.8583333338795700040, 0.5773502691896259531 ) ) ;
#2433 = CARTESIAN_POINT ( 'NONE',  ( 0.9999999999999995559, 0.6250000005462363895, -1.224646799147352714E-16 ) ) ;
#2434 = MANIFOLD_SOLID_BREP ( 'M2', #1975 ) ;
#2435 = CARTESIAN_POINT ( 'NONE',  ( 2.121150477449812844E-16, -1.024999999453763300, 1.154700538379251018 ) ) ;
#2436 = CARTESIAN_POINT ( 'NONE',  ( -0.7834936499999997084, 0.9999999999999991118, 0.000000000000000000 ) ) ;
#2437 = EDGE_CURVE ( 'NONE', #2359, #1085, #420, .T. ) ;
#2438 = CARTESIAN_POINT ( 'NONE',  ( 2.121150477449812844E-16, 4.575000000546237011, 1.154700538379251018 ) ) ;
#2439 = CARTESIAN_POINT ( 'NONE',  ( -7.070501591499377789E-17, -0.8249999994537635661, -1.154700538379251018 ) ) ;
#2440 = SURFACE_STYLE_USAGE ( .BOTH. , #206 ) ;
#2441 = VERTEX_POINT ( 'NONE', #1813 ) ;
#2442 =( BOUNDED_CURVE ( )  B_SPLINE_CURVE ( 2, ( #2605, #386, #2008, #762, #957, #189, #1152, #2207, #1180 ),
 .UNSPECIFIED., .F., .F. ) 
 B_SPLINE_CURVE_WITH_KNOTS ( ( 3, 2, 2, 2, 3 ),
 ( 0.5972222222222222099, 0.6018518518518518601, 0.6111111111111111605, 0.6203703703703703498, 0.6228274631294410391 ),
 .UNSPECIFIED. ) 
 CURVE ( )  GEOMETRIC_REPRESENTATION_ITEM ( )  RATIONAL_B_SPLINE_CURVE ( ( 0.9330127018922194093, 0.9330127018922194093, 1.000000000000000000, 0.8660254037844387076, 1.000000000000000000, 0.8660254037844387076, 1.000000000000000000, 0.9644476948918472292, 0.9477641370567894130 ) ) 
 REPRESENTATION_ITEM ( '' )  );
#2443 = CARTESIAN_POINT ( 'NONE',  ( -0.7834936499999997084, 1.399999999999998801, 0.000000000000000000 ) ) ;
#2444 = CARTESIAN_POINT ( 'NONE',  ( -0.3917468249999999652, 3.833333334425807593, -0.6785254046037932918 ) ) ;
#2445 = CARTESIAN_POINT ( 'NONE',  ( -0.9999999999999995559, 1.625000000546236834, 0.000000000000000000 ) ) ;
#2446 = CARTESIAN_POINT ( 'NONE',  ( 0.9999999999999995559, 0.2250000005462370334, -1.224646799147352714E-16 ) ) ;
#2447 = AXIS2_PLACEMENT_3D ( 'NONE', #2145, #728, #742 ) ;
#2448 = CARTESIAN_POINT ( 'NONE',  ( 0.4999999999999995559, 1.891666667212903663, -0.8660254037844383745 ) ) ;
#2449 = DIRECTION ( 'NONE',  ( 0.000000000000000000, 0.000000000000000000, 1.000000000000000000 ) ) ;
#2450 = CARTESIAN_POINT ( 'NONE',  ( -0.4999999999999991673, -1.858333332787096781, 0.8660254037844387076 ) ) ;
#2451 = CARTESIAN_POINT ( 'NONE',  ( -0.7834936499999993753, 1.833333333333332149, 0.4523502697358626756 ) ) ;
#2452 = CARTESIAN_POINT ( 'NONE',  ( 0.5000000000000002220, 4.608333333879570226, 0.8660254037844381525 ) ) ;
#2453 = CARTESIAN_POINT ( 'NONE',  ( 0.9999999999999998890, 3.391666667212902997, 0.5773502691896250649 ) ) ;
#2454 = VERTEX_POINT ( 'NONE', #2624 ) ;
#2455 = CARTESIAN_POINT ( 'NONE',  ( 0.7834936499999999304, 2.466666667759141340, 0.4523502697358619540 ) ) ;
#2456 = CARTESIAN_POINT ( 'NONE',  ( -5.539693099254656190E-17, 0.6000000010924740890, -0.9047005394717244631 ) ) ;
#2457 = CARTESIAN_POINT ( 'NONE',  ( -7.070501591499377789E-17, -0.8749999994537631665, -1.154700538379251018 ) ) ;
#2458 = DIRECTION ( 'NONE',  ( 0.000000000000000000, 0.000000000000000000, 1.000000000000000000 ) ) ;
#2459 = CARTESIAN_POINT ( 'NONE',  ( 0.9999999999999993339, 2.258333333879570137, -0.5773502691896257311 ) ) ;
#2460 = CARTESIAN_POINT ( 'NONE',  ( -0.3917468249999999652, 1.033333334425807326, -0.6785254046037932918 ) ) ;
#2461 = CARTESIAN_POINT ( 'NONE',  ( 1.661907929776396734E-16, 1.899999999999999023, 0.9047005394717244631 ) ) ;
#2462 = CARTESIAN_POINT ( 'NONE',  ( -0.4999999999999998890, 1.608333333879569782, -0.8660254037844382635 ) ) ;
#2463 = CARTESIAN_POINT ( 'NONE',  ( -0.4999999999999991673, 3.691666667212903707, 0.8660254037844387076 ) ) ;
#2464 = ORIENTED_EDGE ( 'NONE', *, *, #2119, .T. ) ;
#2465 = CARTESIAN_POINT ( 'NONE',  ( -0.7834936499999997084, 1.799999999999999156, 0.000000000000000000 ) ) ;
#2466 = CARTESIAN_POINT ( 'NONE',  ( 0.9999999999999993339, 3.108333333879569782, -0.5773502691896257311 ) ) ;
#2467 = CARTESIAN_POINT ( 'NONE',  ( -0.7834936499999997084, 1.100000001092473978, 0.000000000000000000 ) ) ;
#2468 = CARTESIAN_POINT ( 'NONE',  ( 0.4999999999999995559, -0.5083333327870970253, -0.8660254037844383745 ) ) ;
#2469 = CARTESIAN_POINT ( 'NONE',  ( -0.07738232375310295785, 2.969841178962697281, 1.110023832929878385 ) ) ;
#2470 = CARTESIAN_POINT ( 'NONE',  ( 0.9999999999999993339, 1.858333333879570226, -0.5773502691896257311 ) ) ;
#2471 = CARTESIAN_POINT ( 'NONE',  ( -0.9999999999999991118, 0.4583333338795698153, 0.5773502691896259531 ) ) ;
#2472 = CARTESIAN_POINT ( 'NONE',  ( 0.000000000000000000, 2.783493650000002706, 0.7834936499999997084 ) ) ;
#2473 = CARTESIAN_POINT ( 'NONE',  ( 0.7834936499999997084, -0.4000000000000010214, -9.595029906247763484E-17 ) ) ;
#2474 = B_SPLINE_CURVE_WITH_KNOTS ( 'NONE', 3,
 ( #2337, #91, #717, #928, #1550, #146, #955, #514, #1522, #1766, #105, #1968, #1749, #2366 ),
 .UNSPECIFIED., .F., .F.,
 ( 4, 2, 2, 2, 2, 2, 4 ),
 ( 0.000000000000000000, 0.0004731654054165288534, 0.0007097481081247932529, 0.0009463308108330577067, 0.001182913513541322161, 0.001419496216249586940, 0.001892661621666116281 ),
 .UNSPECIFIED. ) ;
#2475 = CARTESIAN_POINT ( 'NONE',  ( 0.9999999999999995559, 2.675000000546236656, -1.224646799147352714E-16 ) ) ;
#2476 = VECTOR ( 'NONE', #1977, 1000.000000000000000 ) ;
#2477 = CARTESIAN_POINT ( 'NONE',  ( -7.070501591499377789E-17, 3.525000000546236745, -1.154700538379251018 ) ) ;
#2478 = CARTESIAN_POINT ( 'NONE',  ( -0.3917468249999999652, 1.733333333333332282, -0.6785254046037932918 ) ) ;
#2479 = CARTESIAN_POINT ( 'NONE',  ( 0.9999999999999995559, 2.275000000546236301, -1.224646799147352714E-16 ) ) ;
#2480 = CARTESIAN_POINT ( 'NONE',  ( -0.3917468249999992991, 0.3666666677591412515, 0.6785254046037937359 ) ) ;
#2481 = CARTESIAN_POINT ( 'NONE',  ( 0.9999999999999995559, -1.374999999453763611, -1.224646799147352714E-16 ) ) ;
#2482 = CARTESIAN_POINT ( 'NONE',  ( -0.9999999999999991118, 2.108333333879569782, 0.5773502691896260641 ) ) ;
#2483 = EDGE_CURVE ( 'NONE', #1520, #2359, #168, .T. ) ;
#2484 = DIRECTION ( 'NONE',  ( -0.000000000000000000, 1.000000000000000000, -0.000000000000000000 ) ) ;
#2485 = CARTESIAN_POINT ( 'NONE',  ( 0.9999999999999998890, -0.2083333327870962592, 0.5773502691896250649 ) ) ;
#2486 = FACE_OUTER_BOUND ( 'NONE', #1547, .T. ) ;
#2487 = CARTESIAN_POINT ( 'NONE',  ( 0.4999999999999995559, 2.691666667212903707, -0.8660254037844383745 ) ) ;
#2488 = CARTESIAN_POINT ( 'NONE',  ( 1.661907929776396734E-16, -0.9000000000000005773, 0.9047005394717244631 ) ) ;
#2489 = CARTESIAN_POINT ( 'NONE',  ( -0.9999999999999996669, 1.241666667212903308, -0.5773502691896252870 ) ) ;
#2490 = DIRECTION ( 'NONE',  ( 0.000000000000000000, -1.000000000000000000, 0.000000000000000000 ) ) ;
#2491 = CARTESIAN_POINT ( 'NONE',  ( 0.9999999999999995559, 3.475000000546236478, -1.224646799147352714E-16 ) ) ;
#2492 = CARTESIAN_POINT ( 'NONE',  ( 0.7834936499999997084, 0.9000000010924743554, -9.595029906247763484E-17 ) ) ;
#2493 = CARTESIAN_POINT ( 'NONE',  ( -0.9999999999999995559, 2.875000000546236834, 0.000000000000000000 ) ) ;
#2494 = CARTESIAN_POINT ( 'NONE',  ( -0.4999999999999991673, 0.4916666672129038074, 0.8660254037844387076 ) ) ;
#2495 = CARTESIAN_POINT ( 'NONE',  ( 2.121150477449812844E-16, -0.6749999994537636550, 1.154700538379251018 ) ) ;
#2496 = CARTESIAN_POINT ( 'NONE',  ( 0.000000000000000000, 2.999999999999999112, 0.7834936499999997084 ) ) ;
#2497 = DIRECTION ( 'NONE',  ( 0.000000000000000000, 0.000000000000000000, 1.000000000000000000 ) ) ;
#2498 = CARTESIAN_POINT ( 'NONE',  ( -0.7834936499999997084, -0.2000000000000013989, 0.000000000000000000 ) ) ;
#2499 = AXIS2_PLACEMENT_3D ( 'NONE', #1787, #366, #978 ) ;
#2500 = CARTESIAN_POINT ( 'NONE',  ( 0.9999999999999993339, 2.708333333879569871, -0.5773502691896257311 ) ) ;
#2501 = EDGE_CURVE ( 'NONE', #831, #2138, #2040, .T. ) ;
#2502 = CARTESIAN_POINT ( 'NONE',  ( -0.7834936499999997084, 3.399999999999999467, 0.000000000000000000 ) ) ;
#2503 = CARTESIAN_POINT ( 'NONE',  ( -7.070501591499377789E-17, 1.975000000546236478, -1.154700538379251018 ) ) ;
#2504 = CARTESIAN_POINT ( 'NONE',  ( 0.7834936499999993753, 1.333333334425807815, -0.4523502697358626201 ) ) ;
#2505 = CARTESIAN_POINT ( 'NONE',  ( -0.9999999999999995559, 1.225000000546236700, 0.000000000000000000 ) ) ;
#2506 = CARTESIAN_POINT ( 'NONE',  ( 0.6873880671116510133, 2.941775125098043731, 0.6679414205744038657 ) ) ;
#2507 = DIRECTION ( 'NONE',  ( 0.000000000000000000, 0.000000000000000000, 1.000000000000000000 ) ) ;
#2508 = CARTESIAN_POINT ( 'NONE',  ( 0.3917468249999996877, 0.06666666666666540286, -0.6785254046037934028 ) ) ;
#2509 = ORIENTED_EDGE ( 'NONE', *, *, #2228, .T. ) ;
#2510 = CARTESIAN_POINT ( 'NONE',  ( 0.7834936499999997084, 0.7999999999999986011, -9.595029906247763484E-17 ) ) ;
#2511 = CARTESIAN_POINT ( 'NONE',  ( -0.9999999999999991118, 2.908333333879570048, 0.5773502691896259531 ) ) ;
#2512 = ADVANCED_FACE ( 'NONE', ( #606 ), #1413, .T. ) ;
#2513 = CARTESIAN_POINT ( 'NONE',  ( -0.7834936499999997084, 3.799999999999998934, 0.000000000000000000 ) ) ;
#2514 = PRODUCT ( '9774015243R', '9774015243R', '', ( #1000 ) ) ;
#2515 = CARTESIAN_POINT ( 'NONE',  ( 0.9999999999999995559, 0.6750000005462361008, -1.224646799147352714E-16 ) ) ;
#2516 = CARTESIAN_POINT ( 'NONE',  ( -0.7834936499999997084, -0.8999999989075255780, 0.000000000000000000 ) ) ;
#2517 = CARTESIAN_POINT ( 'NONE',  ( 0.9999999999999995559, 0.2750000005462367447, -1.224646799147352714E-16 ) ) ;
#2518 = CARTESIAN_POINT ( 'NONE',  ( -1.016788837923458920E-16, 0.6000000010924740890, -0.7834936499999995974 ) ) ;
#2519 = VERTEX_POINT ( 'NONE', #768 ) ;
#2520 = CARTESIAN_POINT ( 'NONE',  ( 0.9999999999999995559, 1.425000000546236656, -1.224646799147352714E-16 ) ) ;
#2521 = CARTESIAN_POINT ( 'NONE',  ( -0.9999999999999995559, 4.825000000546237011, 0.000000000000000000 ) ) ;
#2522 = CARTESIAN_POINT ( 'NONE',  ( 9.595029906247763484E-17, 2.999999999999999112, -0.7834936499999997084 ) ) ;
#2523 = CARTESIAN_POINT ( 'NONE',  ( 0.3917468249999996877, 0.4666666666666655638, -0.6785254046037934028 ) ) ;
#2524 = ORIENTED_EDGE ( 'NONE', *, *, #251, .F. ) ;
#2525 = AXIS2_PLACEMENT_3D ( 'NONE', #2626, #809, #1374 ) ;
#2526 = CARTESIAN_POINT ( 'NONE',  ( -0.4607339326560206394, 2.963972841621825172, 0.8552158183626967780 ) ) ;
#2527 = CARTESIAN_POINT ( 'NONE',  ( 0.5000000000000002220, -0.1916666661204305677, 0.8660254037844381525 ) ) ;
#2528 = CARTESIAN_POINT ( 'NONE',  ( 2.121150477449812844E-16, -1.474999999453763255, 1.154700538379251018 ) ) ;
#2529 = CARTESIAN_POINT ( 'NONE',  ( 0.9999999999999995559, -0.5249999994537636328, -1.224646799147352714E-16 ) ) ;
#2530 = CARTESIAN_POINT ( 'NONE',  ( -5.539693099254656190E-17, -1.399999998907525800, -0.9047005394717244631 ) ) ;
#2531 = CARTESIAN_POINT ( 'NONE',  ( 0.4999999999999995559, 0.7416666672129031967, -0.8660254037844383745 ) ) ;
#2532 = CARTESIAN_POINT ( 'NONE',  ( -2.178833224121697412E-15, 1.600000001092473534, 0.7834936499999997084 ) ) ;
#2533 = ORIENTED_EDGE ( 'NONE', *, *, #1388, .F. ) ;
#2534 = CARTESIAN_POINT ( 'NONE',  ( -7.070501591499377789E-17, -1.674999999453763433, -1.154700538379251018 ) ) ;
#2535 = CARTESIAN_POINT ( 'NONE',  ( 0.4999999999999995559, 3.891666667212903441, -0.8660254037844383745 ) ) ;
#2536 = CARTESIAN_POINT ( 'NONE',  ( -0.3917468249999999652, 0.5333333333333326598, -0.6785254046037932918 ) ) ;
#2537 = ORIENTED_EDGE ( 'NONE', *, *, #56, .F. ) ;
#2538 = CARTESIAN_POINT ( 'NONE',  ( 2.121150477449812844E-16, -0.2249999994537636716, 1.154700538379251018 ) ) ;
#2539 = AXIS2_PLACEMENT_3D ( 'NONE', #1196, #1432, #2010 ) ;
#2540 = CARTESIAN_POINT ( 'NONE',  ( -0.9999999999999991118, -0.6916666661204301514, 0.5773502691896259531 ) ) ;
#2541 = VERTEX_POINT ( 'NONE', #1574 ) ;
#2542 = CARTESIAN_POINT ( 'NONE',  ( 0.3917468249999996877, -0.6333333322408596366, -0.6785254046037934028 ) ) ;
#2543 = CARTESIAN_POINT ( 'NONE',  ( -0.4999999999999998890, 3.608333333879569782, -0.8660254037844382635 ) ) ;
#2544 = CARTESIAN_POINT ( 'NONE',  ( -0.9999999999999995559, 0.8750000005462366115, 0.000000000000000000 ) ) ;
#2545 = CARTESIAN_POINT ( 'NONE',  ( -0.8223543443665209951, 0.1208909195584704638, -0.3286869057622802126 ) ) ;
#2546 = ORIENTED_EDGE ( 'NONE', *, *, #2418, .T. ) ;
#2547 = CARTESIAN_POINT ( 'NONE',  ( 0.5000000000000002220, -1.841666666120430174, 0.8660254037844381525 ) ) ;
#2548 = DIRECTION ( 'NONE',  ( -0.000000000000000000, 1.000000000000000000, -0.000000000000000000 ) ) ;
#2549 = CARTESIAN_POINT ( 'NONE',  ( 0.5000000000000002220, 2.158333333879570048, 0.8660254037844381525 ) ) ;
#2550 = DIRECTION ( 'NONE',  ( -0.000000000000000000, 1.000000000000000000, -0.000000000000000000 ) ) ;
#2551 = CARTESIAN_POINT ( 'NONE',  ( -0.4664062829673008004, 2.879796455072098471, -0.7556232958960719115 ) ) ;
#2552 = CARTESIAN_POINT ( 'NONE',  ( -0.9999999999999996669, -0.3583333327870971141, -0.5773502691896252870 ) ) ;
#2553 = CARTESIAN_POINT ( 'NONE',  ( -0.4999999999999998890, 0.008333333879569949920, -0.8660254037844382635 ) ) ;
#2554 = ORIENTED_EDGE ( 'NONE', *, *, #1181, .F. ) ;
#2555 = CARTESIAN_POINT ( 'NONE',  ( 0.7834936499999993753, -0.6666666655741927405, -0.4523502697358626201 ) ) ;
#2556 = CARTESIAN_POINT ( 'NONE',  ( 0.4999999999999995559, 4.741666667212903086, -0.8660254037844383745 ) ) ;
#2557 = CARTESIAN_POINT ( 'NONE',  ( -0.4999999999999998890, 1.208333333879569649, -0.8660254037844382635 ) ) ;
#2558 = CARTESIAN_POINT ( 'NONE',  ( 0.2099364907924128609, 0.4178632805878824685, 0.7834936499999995974 ) ) ;
#2559 = ORIENTED_EDGE ( 'NONE', *, *, #1685, .T. ) ;
#2560 = CARTESIAN_POINT ( 'NONE',  ( -5.539693099254656190E-17, 4.600000001092474200, -0.9047005394717244631 ) ) ;
#2561 = CARTESIAN_POINT ( 'NONE',  ( -0.9999999999999995559, 1.625000000546236834, 0.000000000000000000 ) ) ;
#2562 = DIRECTION ( 'NONE',  ( 0.000000000000000000, 0.000000000000000000, 1.000000000000000000 ) ) ;
#2563 = ORIENTED_EDGE ( 'NONE', *, *, #1796, .T. ) ;
#2564 = CONICAL_SURFACE ( 'NONE', #1667, 0.7834936499999997084, 0.7853981633974552734 ) ;
#2565 = CARTESIAN_POINT ( 'NONE',  ( -0.9999999999999995559, -0.3249999994537639547, 0.000000000000000000 ) ) ;
#2566 = CARTESIAN_POINT ( 'NONE',  ( 0.7834936499999993753, 4.433333333333332682, -0.4523502697358626201 ) ) ;
#2567 = AXIS2_PLACEMENT_3D ( 'NONE', #881, #50, #862 ) ;
#2568 = CARTESIAN_POINT ( 'NONE',  ( -0.9999999999999995559, 0.4750000005462363672, 0.000000000000000000 ) ) ;
#2569 = ORIENTED_EDGE ( 'NONE', *, *, #44, .T. ) ;
#2570 = CARTESIAN_POINT ( 'NONE',  ( -0.7834936499999997084, -1.733333332240858837, -0.4523502697358621760 ) ) ;
#2571 = CARTESIAN_POINT ( 'NONE',  ( 0.9999999999999995559, 3.875000000546236834, -1.224646799147352714E-16 ) ) ;
#2572 = CARTESIAN_POINT ( 'NONE',  ( 0.5000000000000002220, 1.808333333879569960, 0.8660254037844381525 ) ) ;
#2573 = DIRECTION ( 'NONE',  ( -0.000000000000000000, 1.000000000000000000, -0.000000000000000000 ) ) ;
#2574 = ORIENTED_EDGE ( 'NONE', *, *, #1560, .T. ) ;
#2575 = EDGE_LOOP ( 'NONE', ( #2349, #128, #2017, #963 ) ) ;
#2576 = CARTESIAN_POINT ( 'NONE',  ( -0.9999999999999991118, -1.941666666120430262, 0.5773502691896259531 ) ) ;
#2577 = FACE_OUTER_BOUND ( 'NONE', #911, .T. ) ;
#2578 = CARTESIAN_POINT ( 'NONE',  ( -0.9999999999999996669, 2.791666667212903352, -0.5773502691896252870 ) ) ;
#2579 = DIRECTION ( 'NONE',  ( -0.000000000000000000, 1.000000000000000000, -0.000000000000000000 ) ) ;
#2580 = CARTESIAN_POINT ( 'NONE',  ( -0.7834936499999994863, 2.633333333333332860, 0.4523502697358626756 ) ) ;
#2581 = CARTESIAN_POINT ( 'NONE',  ( 0.4999999999999995559, 0.7416666672129031967, -0.8660254037844383745 ) ) ;
#2582 = CARTESIAN_POINT ( 'NONE',  ( -0.7834936499999997084, 3.366666666666666252, -0.4523502697358621760 ) ) ;
#2583 = CARTESIAN_POINT ( 'NONE',  ( 2.121150477449812844E-16, -1.424999999453763211, 1.154700538379251018 ) ) ;
#2584 = ORIENTED_EDGE ( 'NONE', *, *, #2597, .T. ) ;
#2585 = DIRECTION ( 'NONE',  ( 0.000000000000000000, 0.000000000000000000, 1.000000000000000000 ) ) ;
#2586 = CARTESIAN_POINT ( 'NONE',  ( 0.9999999999999998890, 4.241666667212902198, 0.5773502691896250649 ) ) ;
#2587 = EDGE_CURVE ( 'NONE', #1577, #8, #1266, .T. ) ;
#2588 = CARTESIAN_POINT ( 'NONE',  ( -0.3917468249999999652, 0.6333333344258071929, -0.6785254046037932918 ) ) ;
#2589 = VERTEX_POINT ( 'NONE', #1795 ) ;
#2590 = CARTESIAN_POINT ( 'NONE',  ( -7.070501591499377789E-17, -2.074999999453763788, -1.154700538379251018 ) ) ;
#2591 = CARTESIAN_POINT ( 'NONE',  ( 2.121150477449812844E-16, 1.725000000546236478, 1.154700538379251018 ) ) ;
#2592 = CARTESIAN_POINT ( 'NONE',  ( 2.121150477449812844E-16, 1.325000000546237011, 1.154700538379251018 ) ) ;
#2593 = DIRECTION ( 'NONE',  ( 8.659560562354977232E-17, -0.7071067811865441310, 0.7071067811865510144 ) ) ;
#2594 = CARTESIAN_POINT ( 'NONE',  ( 0.7545748915961070225, 0.1614220136402812478, -0.3824955643746588141 ) ) ;
#2595 = CARTESIAN_POINT ( 'NONE',  ( 0.4999999999999995559, -1.258333332787096914, -0.8660254037844383745 ) ) ;
#2596 = CARTESIAN_POINT ( 'NONE',  ( 0.7834936499999997084, 4.399999999999999467, -9.595029906247763484E-17 ) ) ;
#2597 = EDGE_CURVE ( 'NONE', #1625, #2541, #1556, .T. ) ;
#2598 = CARTESIAN_POINT ( 'NONE',  ( -0.4999999999999991673, -1.458333332787097314, 0.8660254037844387076 ) ) ;
#2599 = FILL_AREA_STYLE_COLOUR ( '', #551 ) ;
#2600 = CARTESIAN_POINT ( 'NONE',  ( 0.000000000000000000, 2.999999999999999112, 0.7834936499999997084 ) ) ;
#2601 = CARTESIAN_POINT ( 'NONE',  ( 0.7834936499999999304, 0.3666666666666653085, 0.4523502697358619540 ) ) ;
#2602 = CARTESIAN_POINT ( 'NONE',  ( -0.3917468249999999652, 3.033333334425807326, -0.6785254046037932918 ) ) ;
#2603 = CARTESIAN_POINT ( 'NONE',  ( 0.4999999999999995559, 2.291666667212903352, -0.8660254037844383745 ) ) ;
#2604 = CARTESIAN_POINT ( 'NONE',  ( 2.121150477449812844E-16, 2.125000000546236834, 1.154700538379251018 ) ) ;
#2605 = CARTESIAN_POINT ( 'NONE',  ( 3.195622062045156678E-16, 0.4000000010924743554, 0.7834936499999997084 ) ) ;
#2606 = CARTESIAN_POINT ( 'NONE',  ( -0.9999999999999991118, -1.091666666120430396, 0.5773502691896259531 ) ) ;
#2607 = CARTESIAN_POINT ( 'NONE',  ( -0.7834936499999993753, 2.633333333333331971, 0.4523502697358626756 ) ) ;
#2608 = CARTESIAN_POINT ( 'NONE',  ( 0.5000000000000002220, 4.208333333879569871, 0.8660254037844381525 ) ) ;
#2609 =( BOUNDED_CURVE ( )  B_SPLINE_CURVE ( 2, ( #235, #1643, #1442, #2079, #666, #1478, #2292, #1046, #73 ),
 .UNSPECIFIED., .F., .T. ) 
 B_SPLINE_CURVE_WITH_KNOTS ( ( 3, 2, 2, 2, 3 ),
 ( 0.3194444444444444753, 0.3240740740740740700, 0.3333333333333333148, 0.3425925925925926152, 0.3472222222222222654 ),
 .UNSPECIFIED. ) 
 CURVE ( )  GEOMETRIC_REPRESENTATION_ITEM ( )  RATIONAL_B_SPLINE_CURVE ( ( 0.9330127018922194093, 0.9330127018922197424, 1.000000000000000000, 0.8660254037844387076, 1.000000000000000000, 0.8660254037844387076, 1.000000000000000000, 0.9330127018922189652, 0.9330127018922194093 ) ) 
 REPRESENTATION_ITEM ( '' )  );
#2610 = CARTESIAN_POINT ( 'NONE',  ( 0.9999999999999998890, -1.358333332787097003, 0.5773502691896250649 ) ) ;
#2611 = CONICAL_SURFACE ( 'NONE', #909, 0.7834936499999997084, 0.7853981633974552734 ) ;
#2612 =( NAMED_UNIT ( * ) SI_UNIT ( $, .STERADIAN. ) SOLID_ANGLE_UNIT ( ) );
#2613 = ORIENTED_EDGE ( 'NONE', *, *, #2085, .T. ) ;
#2614 = CYLINDRICAL_SURFACE ( 'NONE', #2525, 0.7834936499999997084 ) ;
#2615 = CARTESIAN_POINT ( 'NONE',  ( -0.7834936499999997084, 2.666666667759141074, -0.4523502697358621760 ) ) ;
#2616 = CARTESIAN_POINT ( 'NONE',  ( -7.070501591499377789E-17, 3.125000000546236834, -1.154700538379251018 ) ) ;
#2617 = CARTESIAN_POINT ( 'NONE',  ( -0.9999999999999996669, 0.3916666672129035520, -0.5773502691896252870 ) ) ;
#2618 = CARTESIAN_POINT ( 'NONE',  ( 0.9999999999999995559, 2.625000000546236834, -1.224646799147352714E-16 ) ) ;
#2619 = CARTESIAN_POINT ( 'NONE',  ( 0.7834936499999997084, 1.999999999999999112, -9.595029906247763484E-17 ) ) ;
#2620 = CARTESIAN_POINT ( 'NONE',  ( -0.2099364907924145540, 1.082136720504590421, 0.7834936499999985982 ) ) ;
#2621 = CARTESIAN_POINT ( 'NONE',  ( 0.3917468249999996877, 2.866666666666665808, -0.6785254046037934028 ) ) ;
#2622 = CARTESIAN_POINT ( 'NONE',  ( -0.4999999999999998890, 3.608333333879569782, -0.8660254037844382635 ) ) ;
#2623 = CARTESIAN_POINT ( 'NONE',  ( 0.9999999999999998890, -1.758333332787097358, 0.5773502691896250649 ) ) ;
#2624 = CARTESIAN_POINT ( 'NONE',  ( 3.195622062045156678E-16, 1.200000001092474067, 0.7834936499999997084 ) ) ;
#2625 = ORIENTED_EDGE ( 'NONE', *, *, #967, .T. ) ;
#2626 = CARTESIAN_POINT ( 'NONE',  ( 0.000000000000000000, 2.999999999999999112, 0.000000000000000000 ) ) ;
#2627 = CIRCLE ( 'NONE', #1474, 0.7834936499999997084 ) ;
#2628 = CARTESIAN_POINT ( 'NONE',  ( -0.3917468249999992991, 3.166666667759140630, 0.6785254046037937359 ) ) ;
#2629 = CARTESIAN_POINT ( 'NONE',  ( 0.5000000000000002220, 3.358333333879570670, 0.8660254037844381525 ) ) ;
ENDSEC;
END-ISO-10303-21;
