  0
SECTION
  2
HEADER
  9
$ACADVER
  1
AC1014
  9
$ACADMAINTVER
 70
         0
  9
$DWGCODEPAGE
  3
ANSI_1252
  9
$INSBASE
 10
0.0
 20
0.0
 30
0.0
  9
$EXTMIN
 10
-29.750001
 20
-30.515
 30
0.0
  9
$EXTMAX
 10
29.749999
 20
30.515
 30
0.0
  9
$LIMMIN
 10
0.0
 20
0.0
  9
$LIMMAX
 10
0.0
 20
0.0
  9
$ORTHOMODE
 70
         0
  9
$REGENMODE
 70
         1
  9
$FILLMODE
 70
         1
  9
$QTEXTMODE
 70
         0
  9
$MIRRTEXT
 70
         1
  9
$DRAGMODE
 70
         2
  9
$LTSCALE
 40
1.0
  9
$OSMODE
 70
         0
  9
$ATTMODE
 70
         1
  9
$TEXTSIZE
 40
0.2
  9
$TRACEWID
 40
0.05
  9
$TEXTSTYLE
  7
STANDARD
  9
$CLAYER
  8
0
  9
$CELTYPE
  6
CONTINUOUS
  9
$CECOLOR
 62
       256
  9
$CELTSCALE
 40
1.0
  9
$DELOBJ
 70
         1
  9
$DISPSILH
 70
         0
  9
$DIMSCALE
 40
1.0
  9
$DIMASZ
 40
0.18
  9
$DIMEXO
 40
0.0625
  9
$DIMDLI
 40
0.38
  9
$DIMRND
 40
0.0
  9
$DIMDLE
 40
0.0
  9
$DIMEXE
 40
0.18
  9
$DIMTP
 40
0.0
  9
$DIMTM
 40
0.0
  9
$DIMTXT
 40
0.18
  9
$DIMCEN
 40
0.09
  9
$DIMTSZ
 40
0.0
  9
$DIMTOL
 70
         0
  9
$DIMLIM
 70
         0
  9
$DIMTIH
 70
         1
  9
$DIMTOH
 70
         1
  9
$DIMSE1
 70
         0
  9
$DIMSE2
 70
         0
  9
$DIMTAD
 70
         0
  9
$DIMZIN
 70
         0
  9
$DIMBLK
  1

  9
$DIMASO
 70
         1
  9
$DIMSHO
 70
         1
  9
$DIMPOST
  1

  9
$DIMAPOST
  1

  9
$DIMALT
 70
         0
  9
$DIMALTD
 70
         2
  9
$DIMALTF
 40
25.4
  9
$DIMLFAC
 40
1.0
  9
$DIMTOFL
 70
         0
  9
$DIMTVP
 40
0.0
  9
$DIMTIX
 70
         0
  9
$DIMSOXD
 70
         0
  9
$DIMSAH
 70
         0
  9
$DIMBLK1
  1

  9
$DIMBLK2
  1

  9
$DIMSTYLE
  2
STANDARD
  9
$DIMCLRD
 70
         0
  9
$DIMCLRE
 70
         0
  9
$DIMCLRT
 70
         0
  9
$DIMTFAC
 40
1.0
  9
$DIMGAP
 40
0.09
  9
$DIMJUST
 70
         0
  9
$DIMSD1
 70
         0
  9
$DIMSD2
 70
         0
  9
$DIMTOLJ
 70
         1
  9
$DIMTZIN
 70
         0
  9
$DIMALTZ
 70
         0
  9
$DIMALTTZ
 70
         0
  9
$DIMFIT
 70
         3
  9
$DIMUPT
 70
         0
  9
$DIMUNIT
 70
         2
  9
$DIMDEC
 70
         4
  9
$DIMTDEC
 70
         4
  9
$DIMALTU
 70
         2
  9
$DIMALTTD
 70
         2
  9
$DIMTXSTY
  7
STANDARD
  9
$DIMAUNIT
 70
         0
  9
$LUNITS
 70
         2
  9
$LUPREC
 70
         4
  9
$SKETCHINC
 40
0.1
  9
$FILLETRAD
 40
0.0
  9
$AUNITS
 70
         0
  9
$AUPREC
 70
         0
  9
$MENU
  1
acad
  9
$ELEVATION
 40
0.0
  9
$PELEVATION
 40
0.0
  9
$THICKNESS
 40
0.0
  9
$LIMCHECK
 70
         0
  9
$BLIPMODE
 70
         1
  9
$CHAMFERA
 40
0.0
  9
$CHAMFERB
 40
0.0
  9
$CHAMFERC
 40
0.0
  9
$CHAMFERD
 40
0.0
  9
$SKPOLY
 70
         0
  9
$TDCREATE
 40
20260212.154005
  9
$TDUPDATE
 40
0.0
  9
$TDINDWG
 40
0.0
  9
$TDUSRTIMER
 40
0.0
  9
$USRTIMER
 70
         1
  9
$ANGBASE
 50
0.0
  9
$ANGDIR
 70
         0
  9
$PDMODE
 70
         0
  9
$PDSIZE
 40
0.0
  9
$PLINEWID
 40
0.0
  9
$COORDS
 70
         0
  9
$SPLFRAME
 70
         0
  9
$SPLINETYPE
 70
         6
  9
$SPLINESEGS
 70
         8
  9
$ATTDIA
 70
         0
  9
$ATTREQ
 70
         1
  9
$HANDLING
 70
         1
  9
$HANDSEED
  5
AE4
  9
$SURFTAB1
 70
         6
  9
$SURFTAB2
 70
         6
  9
$SURFTYPE
 70
         6
  9
$SURFU
 70
         6
  9
$SURFV
 70
         6
  9
$UCSNAME
  2

  9
$UCSORG
 10
0.0
 20
0.0
 30
0.0
  9
$UCSXDIR
 10
1.0
 20
0.0
 30
0.0
  9
$UCSYDIR
 10
0.0
 20
1.0
 30
0.0
  9
$PUCSNAME
  2

  9
$PUCSORG
 10
0.0
 20
0.0
 30
0.0
  9
$PUCSXDIR
 10
1.0
 20
0.0
 30
0.0
  9
$PUCSYDIR
 10
0.0
 20
1.0
 30
0.0
  9
$USERI1
 70
         -3
  9
$USERI2
 70
         0
  9
$USERI3
 70
         0
  9
$USERI4
 70
         0
  9
$USERI5
 70
         0
  9
$USERR1
 40
0.0
  9
$USERR2
 40
0.0
  9
$USERR3
 40
0.0
  9
$USERR4
 40
0.0
  9
$USERR5
 40
0.0
  9
$WORLDVIEW
 70
         1
  9
$SHADEDGE
 70
         3
  9
$SHADEDIF
 70
        70
  9
$TILEMODE
 70
         1
  9
$MAXACTVP
 70
         16
  9
$PINSBASE
 10
0.0
 20
0.0
 30
0.0
  9
$PLIMCHECK
 70
         0
  9
$PEXTMIN
 10
100000000000000000000.0
 20
100000000000000000000.0
 30
100000000000000000000.0
  9
$PEXTMAX
 10
-100000000000000000000.0
 20
-100000000000000000000.0
 30
-100000000000000000000.0
  9
$PLIMMIN
 10
0.0
 20
0.0
  9
$PLIMMAX
 10
12.0
 20
9.0
  9
$UNITMODE
 70
         0
  9
$VISRETAIN
 70
         0
  9
$PLINEGEN
 70
         1
  9
$PSLTSCALE
 70
         0
  9
$TREEDEPTH
 70
      3020
  9
$PICKSTYLE
 70
         1
  9
$CMLSTYLE
  2
STANDARD
  9
$CMLJUST
 70
         0
  9
$CMLSCALE
 40
1.0
  9
$PROXYGRAPHICS
 70
         0
  9
$MEASUREMENT
 70
         0
  0
ENDSEC
  0
SECTION
  2
CLASSES
  0
CLASS
  1
LWPOLYLINE
  2
AcDbPolyline
  3
"AutoCAD"
 90
        0
280
         0
281
         1
  0
CLASS
  1
IMAGE
  2
AcDbRasterImage
  3
ISM
 90
      127
280
         0
281
         1
  0
CLASS
  1
OLE2FRAME
  2
AcDbOle2Frame
  3
""
 90
        0
280
         0
281
         1
  0
CLASS
  1
HATCH
  2
AcDbHatch
  3
"ACAD_SEDONA"
 90
        0
280
         0
281
         1
  0
CLASS
  1
DICTIONARYVAR
  2
AcDbDictionaryVar
  3
"AutoCAD"
 90
        0
280
         0
281
         0
  0
CLASS
  1
RASTERVARIABLES
  2
AcDbRasterVariables
  3
ISM
 90
        0
280
         0
281
         0
  0
CLASS
  1
IMAGEDEF
  2
AcDbRasterImageDef
  3
ISM
 90
        0
280
         0
281
         0
  0
CLASS
  1
IMAGEDEF_REACTOR
  2
AcDbRasterImageDefReactor
  3
ISM
 90
        1
280
         0
281
         0
  0
CLASS
  1
IDBUFFER
  2
AcDbIdBuffer
  3
"Acad"
 90
        0
280
         0
281
         0
  0
CLASS
  1
SPATIAL_FILTER
  2
AcDbSpatialFilter
  3
"Acad"
 90
        0
280
         0
281
         0
  0
CLASS
  1
XRECORD
  2
AcDbXrecord
  3
"<Built In>"
 90
        0
280
         0
281
         0
  0
CLASS
  1
SORTENTSTABLE
  2
AcDbSortentsTable
  3
"AutoCAD"
 90
        0
280
         0
281
         0
  0
CLASS
  1
LAYER_INDEX
  2
AcDbLayerIndex
  3
"Acad"
 90
        0
280
         0
281
         0
  0
CLASS
  1
SPATIAL_INDEX
  2
AcDbSpatialIndex
  3
"Acad"
 90
        0
280
         0
281
         0
  0
CLASS
  1
OBJECT_PTR
  2
CAseDLPNTableRecord
  3
"ASE-LPNTableRecord"
 90
        1
280
         0
281
         0
  0
CLASS
  1
LAYOUT
  2
AcDbLayout
  3
"AutoCAD 2000"
 90
        0
280
         0
281
         0
  0
CLASS
  1
PLOTSETTINGS
  2
AcDbPlotSettings
  3
"AutoCAD 2000"
 90
        0
280
         0
281
         0
  0
CLASS
  1
ACDBDICTIONARYWDFLT
  2
AcDbDictionaryWithDefault
  3
"AutoCAD 2000"
 90
        0
280
         0
281
         0
  0
CLASS
  1
ACDBPLACEHOLDER
  2
AcDbPlaceHolder
  3
"AutoCAD 2000"
 90
        0
280
         0
281
         0
  0
CLASS
  1
VBA_PROJECT
  2
AcDbVbaProject
  3
"acadvba"
 90
        0
280
         0
281
         0
  0
CLASS
  1
WIPEOUT
  2
AcDbWipeout
  3
WipeOut|AutoCAD Express Tool|expresstools@autodesk.com
 90
      127
280
         0
281
         1
  0
CLASS
  1
WIPEOUTVARIABLES
  2
AcDbWipeoutVariables
  3
WipeOut|AutoCAD Express Tool|expresstools@autodesk.com
 90
        0
280
         0
281
         0
  0
CLASS
  1
RTEXT
  2
RText
  3
RText|AutoCAD Express Tool|expresstools@autodesk.com
 90
        0
280
         0
281
         1
  0
CLASS
  1
ARCALIGNEDTEXT
  2
AcDbArcAlignedText
  3
ATEXT|AutoCAD Express Tool|expresstools@autodesk.com
 90
        0
280
         0
281
         1
  0
ENDSEC
  0
SECTION
  2
TABLES
  0
TABLE
  2
VPORT
  5
7
100
AcDbSymbolTable
70
    1
  0
VPORT
  5
13
100
AcDbSymbolTableRecord
100
AcDbViewportTableRecord
  2
*ACTIVE
 70
         0
 10
0.0
 20
0.0
 11
1.0
 21
1.0
 12
6.591288
 22
4.579184
 13
0.0
 23
0.0
 14
1.0
 24
1.0
 15
0.0
 25
0.0
 16
0.0
 26
0.0
 36
1.0
 17
0.0
 27
0.0
 37
0.0
  40
9.158369
  41
0.688564
  42
50.0
  43
0.0
  44
0.0
  50
0.0
  51
0.0
 71
    0
 72
    100
 73
    1
 74
    1
 75
    0
 76
    0
 77
    0
 78
    0
  0
ENDTAB
  0
TABLE
  2
LTYPE
  5
4
100
AcDbSymbolTable
70
    3
  0
LTYPE
  5
10
100
AcDbSymbolTableRecord
100
AcDbLinetypeTableRecord
  2
BYBLOCK
 70
         64
  3

 72
       65
 73
       0
  40
0.0
  0
LTYPE
  5
11
100
AcDbSymbolTableRecord
100
AcDbLinetypeTableRecord
  2
BYLAYER
 70
         64
  3

 72
       65
 73
       0
  40
0.0
  0
LTYPE
  5
12
100
AcDbSymbolTableRecord
100
AcDbLinetypeTableRecord
  2
CONTINUOUS
 70
         64
  3
Solid Line
 72
       65
 73
       0
  40
0.0
  0
ENDTAB
  0
TABLE
  2
LAYER
  5
2
100
AcDbSymbolTable
 70
         3
  0
LAYER
  5
ADF
100
AcDbSymbolTableRecord
100
AcDbLayerTableRecord
  2
0
 70
         0
 62
         7
  6
CONTINUOUS
  0
LAYER
  5
AE0
100
AcDbSymbolTableRecord
100
AcDbLayerTableRecord
  2
ASSEMBLY_OUTLINES_TOP
 70
         0
 62
         104
  6
CONTINUOUS
  0
LAYER
  5
AE1
100
AcDbSymbolTableRecord
100
AcDbLayerTableRecord
  2
PASTE-DH-035
 70
         0
 62
         8
  6
CONTINUOUS
  0
ENDTAB
  0
TABLE
  2
STYLE
  5
3
100
AcDbSymbolTable
 70
         2
  0
STYLE
  5
AE2
100
AcDbSymbolTableRecord
100
AcDbTextStyleTableRecord
  2
STANDARD
 70
         0
 40
0.0
 41
1.0
 50
0.0
 71
         0
 42
0.0
  3
txt
  4

  0
STYLE
  5
AE3
100
AcDbSymbolTableRecord
100
AcDbTextStyleTableRecord
  2
ARIAL
 70
         0
 40
0.0
 41
1.0
 50
0.0
 71
         0
 42
0.0
  3
arial.ttf
  4

  0
ENDTAB
  0
TABLE
  2
VIEW
  5
5
100
AcDbSymbolTable
 70
         0
  0
ENDTAB
  0
TABLE
  2
UCS
  5
6
100
AcDbSymbolTable
 70
         0
  0
ENDTAB
  0
TABLE
  2
APPID
  5
8
100
AcDbSymbolTable
 70
         1
  0
APPID
  5
14
100
AcDbSymbolTableRecord
100
AcDbRegAppTableRecord
  2
ACAD
 70
         0
  0
ENDTAB
  0
TABLE
  2
DIMSTYLE
  5
9
100
AcDbSymbolTable
 70
         1
  0
DIMSTYLE
105
15
100
AcDbSymbolTableRecord
100
AcDbDimStyleTableRecord
  2
STANDARD
 70
         0
  3

  4

  5

  6

 7

 40
1.0
 41
0.18
 42
0.0625
 43
0.38
 44
0.18
 45
0.0
 46
0.0
 47
0.0
 48
0.0
 71
         0
 72
         0
 73
         1
 74
         1
 75
         0
 76
         0
 77
         0
 78
         0
140
0.18
141
0.09
142
0.0
143
25.4
144
1.0
145
0.0
146
1.0
147
0.09
170
         0
171
         2
172
         0
173
         0
174
         0
175
         0
176
         0
177
         0
178
         0
270
         2
271
         4
272
         4
273
         2
274
         2
275
         0
280
         0
281
         0
282
         0
283
         1
284
         0
285
         0
286
         0
287
         3
288
         0
340
17
  0
ENDTAB
  0
TABLE
  2
BLOCK_RECORD
  5
1
100
AcDbSymbolTable
 70
         0
  0
BLOCK_RECORD
  5
A
100
AcDbSymbolTableRecord
100
AcDbBlockTableRecord
  2
*MODEL_SPACE
  0
BLOCK_RECORD
  5
B
100
AcDbSymbolTableRecord
100
AcDbBlockTableRecord
  2
*PAPER_SPACE
  0
ENDTAB
  0
ENDSEC
  0
SECTION
  2
BLOCKS
  0
BLOCK
  5
C
100
AcDbEntity
  8
0
100
AcDbBlockBegin
  2
*MODEL_SPACE
 70
         0
 10
0.0
 20
0.0
 30
0.0
  3
*MODEL_SPACE
  1

  0
ENDBLK
  5
D
100
AcDbEntity
  8
0
100
AcDbBlockEnd
  0
BLOCK
  5
E
100
AcDbEntity
 67
        1
  8
0
100
AcDbBlockBegin
  2
*PAPER_SPACE
 70
         0
 10
0.0
 20
0.0
 30
0.0
  3
*PAPER_SPACE
  1

  0
ENDBLK
  5
F
100
AcDbEntity
 67
        1
  8
0
100
AcDbBlockEnd
  0
ENDSEC
  0
SECTION
  2
ENTITIES
  0
LWPOLYLINE
  5
1B
100
AcDbEntity
  8
ASSEMBLY_OUTLINES_TOP
100
AcDbPolyline
 90
        8
 70
         1
 43
0.1
 10
-7.5
 20
-7.0
 10
-7.5
 20
7.0
 42
-0.414214
 10
-5.5
 20
9.0
 10
5.5
 20
9.0
 42
-0.414214
 10
7.5
 20
7.0
 10
7.5
 20
-7.0
 42
-0.414214
 10
5.5
 20
-9.0
 10
-5.5
 20
-9.0
 42
-0.414214
  0
LWPOLYLINE
  5
1C
100
AcDbEntity
  8
ASSEMBLY_OUTLINES_TOP
100
AcDbPolyline
 90
        4
 70
         1
 43
0.1
 10
-25.0
 20
-26.5
 10
-25.0
 20
26.5
 10
25.0
 20
26.5
 10
25.0
 20
-26.5
  0
LWPOLYLINE
  5
1D
100
AcDbEntity
  8
ASSEMBLY_OUTLINES_TOP
100
AcDbPolyline
 90
        4
 70
         1
 43
0.1
 10
-18.5
 20
-20.0
 10
-18.5
 20
20.0
 10
18.5
 20
20.0
 10
18.5
 20
-20.0
  0
LWPOLYLINE
  5
1E
100
AcDbEntity
  8
ASSEMBLY_OUTLINES_TOP
100
AcDbPolyline
 90
        4
 70
         1
 43
0.1
 10
-22.5
 20
-24.0
 10
-22.5
 20
24.0
 10
22.5
 20
24.0
 10
22.5
 20
-24.0
  0
LWPOLYLINE
  5
1F
100
AcDbEntity
  8
ASSEMBLY_OUTLINES_TOP
100
AcDbPolyline
 90
        2
 70
         0
 43
0.2
 10
21.01
 20
27.01
 10
25.51
 20
27.01
  0
LWPOLYLINE
  5
20
100
AcDbEntity
  8
ASSEMBLY_OUTLINES_TOP
100
AcDbPolyline
 90
        2
 70
         0
 43
0.2
 10
25.51
 20
22.51
 10
25.51
 20
27.01
  0
LWPOLYLINE
  5
21
100
AcDbEntity
  8
ASSEMBLY_OUTLINES_TOP
100
AcDbPolyline
 90
        5
 70
         1
 43
0.0
 10
29.0
 20
16.25
 42
1.000000
 10
25.875
 20
16.25
 10
25.875
 20
13.6399
 42
-0.607382
 10
27.792
 20
12.35601
 42
1.057088
 10
29.0
 20
12.28891
  0
LWPOLYLINE
  5
22
100
AcDbEntity
  8
ASSEMBLY_OUTLINES_TOP
100
AcDbPolyline
 90
        5
 70
         1
 43
0.0
 10
23.0
 20
16.25
 42
1.000000
 10
19.875
 20
16.25
 10
19.875
 20
13.6399
 42
-0.607382
 10
21.792
 20
12.35601
 42
1.057088
 10
23.0
 20
12.28891
  0
LWPOLYLINE
  5
23
100
AcDbEntity
  8
ASSEMBLY_OUTLINES_TOP
100
AcDbPolyline
 90
        5
 70
         1
 43
0.0
 10
23.0
 20
-16.25
 42
-1.000000
 10
19.875
 20
-16.25
 10
19.875
 20
-13.639901
 42
0.607381
 10
21.792001
 20
-12.356013
 42
-1.057091
 10
23.0
 20
-12.288909
  0
LWPOLYLINE
  5
24
100
AcDbEntity
  8
ASSEMBLY_OUTLINES_TOP
100
AcDbPolyline
 90
        5
 70
         1
 43
0.0
 10
29.0
 20
-16.25
 42
-1.000000
 10
25.875
 20
-16.25
 10
25.875
 20
-13.639901
 42
0.607381
 10
27.792001
 20
-12.356013
 42
-1.057091
 10
29.0
 20
-12.288909
  0
LWPOLYLINE
  5
25
100
AcDbEntity
  8
ASSEMBLY_OUTLINES_TOP
100
AcDbPolyline
 90
        5
 70
         1
 43
0.0
 10
-29.0
 20
-16.25
 42
1.000000
 10
-25.875
 20
-16.25
 10
-25.875
 20
-13.6399
 42
-0.607382
 10
-27.792
 20
-12.35601
 42
1.057088
 10
-29.0
 20
-12.28891
  0
LWPOLYLINE
  5
26
100
AcDbEntity
  8
ASSEMBLY_OUTLINES_TOP
100
AcDbPolyline
 90
        5
 70
         1
 43
0.0
 10
-23.0
 20
-16.25
 42
1.000000
 10
-19.875
 20
-16.25
 10
-19.875
 20
-13.6399
 42
-0.607382
 10
-21.792
 20
-12.35601
 42
1.057088
 10
-23.0
 20
-12.28891
  0
LWPOLYLINE
  5
27
100
AcDbEntity
  8
ASSEMBLY_OUTLINES_TOP
100
AcDbPolyline
 90
        5
 70
         1
 43
0.0
 10
-29.0
 20
16.25
 42
-1.000000
 10
-25.875
 20
16.25
 10
-25.875
 20
13.639901
 42
0.607381
 10
-27.792001
 20
12.356013
 42
-1.057091
 10
-29.0
 20
12.288909
  0
LWPOLYLINE
  5
28
100
AcDbEntity
  8
ASSEMBLY_OUTLINES_TOP
100
AcDbPolyline
 90
        5
 70
         1
 43
0.0
 10
-23.0
 20
16.25
 42
-1.000000
 10
-19.875
 20
16.25
 10
-19.875
 20
13.639901
 42
0.607381
 10
-21.792001
 20
12.356013
 42
-1.057091
 10
-23.0
 20
12.288909
  0
LWPOLYLINE
  5
29
100
AcDbEntity
  8
ASSEMBLY_OUTLINES_TOP
100
AcDbPolyline
 90
        2
 70
         0
 43
0.03
 10
-28.121311
 20
-23.37868
 10
-28.121321
 20
-23.37868
  0
LWPOLYLINE
  5
2A
100
AcDbEntity
  8
ASSEMBLY_OUTLINES_TOP
100
AcDbPolyline
 90
        2
 70
         0
 43
0.03
 10
-28.057672
 20
-23.442319
 10
-28.057682
 20
-23.442319
  0
LWPOLYLINE
  5
2B
100
AcDbEntity
  8
ASSEMBLY_OUTLINES_TOP
100
AcDbPolyline
 90
        2
 70
         0
 43
0.03
 10
-27.994032
 20
-23.505959
 10
-27.994042
 20
-23.505959
  0
LWPOLYLINE
  5
2C
100
AcDbEntity
  8
ASSEMBLY_OUTLINES_TOP
100
AcDbPolyline
 90
        2
 70
         0
 43
0.03
 10
-27.930393
 20
-23.569598
 10
-27.930403
 20
-23.569598
  0
LWPOLYLINE
  5
2D
100
AcDbEntity
  8
ASSEMBLY_OUTLINES_TOP
100
AcDbPolyline
 90
        2
 70
         0
 43
0.03
 10
-27.866753
 20
-23.633238
 10
-27.866763
 20
-23.633238
  0
LWPOLYLINE
  5
2E
100
AcDbEntity
  8
ASSEMBLY_OUTLINES_TOP
100
AcDbPolyline
 90
        2
 70
         0
 43
0.03
 10
-27.803113
 20
-23.696878
 10
-27.803123
 20
-23.696878
  0
LWPOLYLINE
  5
2F
100
AcDbEntity
  8
ASSEMBLY_OUTLINES_TOP
100
AcDbPolyline
 90
        2
 70
         0
 43
0.03
 10
-27.739474
 20
-23.760517
 10
-27.739484
 20
-23.760517
  0
LWPOLYLINE
  5
30
100
AcDbEntity
  8
ASSEMBLY_OUTLINES_TOP
100
AcDbPolyline
 90
        2
 70
         0
 43
0.03
 10
-27.675834
 20
-23.824157
 10
-27.675844
 20
-23.824157
  0
LWPOLYLINE
  5
31
100
AcDbEntity
  8
ASSEMBLY_OUTLINES_TOP
100
AcDbPolyline
 90
        2
 70
         0
 43
0.03
 10
-27.612195
 20
-23.887796
 10
-27.612205
 20
-23.887796
  0
LWPOLYLINE
  5
32
100
AcDbEntity
  8
ASSEMBLY_OUTLINES_TOP
100
AcDbPolyline
 90
        2
 70
         0
 43
0.03
 10
-27.548555
 20
-23.951436
 10
-27.548565
 20
-23.951436
  0
LWPOLYLINE
  5
33
100
AcDbEntity
  8
ASSEMBLY_OUTLINES_TOP
100
AcDbPolyline
 90
        2
 70
         0
 43
0.03
 10
-27.484915
 20
-24.015076
 10
-27.484925
 20
-24.015076
  0
LWPOLYLINE
  5
34
100
AcDbEntity
  8
ASSEMBLY_OUTLINES_TOP
100
AcDbPolyline
 90
        2
 70
         0
 43
0.03
 10
-27.421276
 20
-24.078715
 10
-27.421286
 20
-24.078715
  0
LWPOLYLINE
  5
35
100
AcDbEntity
  8
ASSEMBLY_OUTLINES_TOP
100
AcDbPolyline
 90
        2
 70
         0
 43
0.03
 10
-27.357636
 20
-24.142355
 10
-27.357646
 20
-24.142355
  0
LWPOLYLINE
  5
36
100
AcDbEntity
  8
ASSEMBLY_OUTLINES_TOP
100
AcDbPolyline
 90
        2
 70
         0
 43
0.03
 10
-27.293997
 20
-24.205994
 10
-27.294007
 20
-24.205994
  0
LWPOLYLINE
  5
37
100
AcDbEntity
  8
ASSEMBLY_OUTLINES_TOP
100
AcDbPolyline
 90
        2
 70
         0
 43
0.03
 10
-27.230357
 20
-24.269634
 10
-27.230367
 20
-24.269634
  0
LWPOLYLINE
  5
38
100
AcDbEntity
  8
ASSEMBLY_OUTLINES_TOP
100
AcDbPolyline
 90
        2
 70
         0
 43
0.03
 10
-27.166717
 20
-24.333274
 10
-27.166727
 20
-24.333274
  0
LWPOLYLINE
  5
39
100
AcDbEntity
  8
ASSEMBLY_OUTLINES_TOP
100
AcDbPolyline
 90
        2
 70
         0
 43
0.03
 10
-27.103078
 20
-24.396913
 10
-27.103088
 20
-24.396913
  0
LWPOLYLINE
  5
3A
100
AcDbEntity
  8
ASSEMBLY_OUTLINES_TOP
100
AcDbPolyline
 90
        2
 70
         0
 43
0.03
 10
-27.039438
 20
-24.460553
 10
-27.039448
 20
-24.460553
  0
LWPOLYLINE
  5
3B
100
AcDbEntity
  8
ASSEMBLY_OUTLINES_TOP
100
AcDbPolyline
 90
        2
 70
         0
 43
0.03
 10
-26.975799
 20
-24.524192
 10
-26.975809
 20
-24.524192
  0
LWPOLYLINE
  5
3C
100
AcDbEntity
  8
ASSEMBLY_OUTLINES_TOP
100
AcDbPolyline
 90
        2
 70
         0
 43
0.03
 10
-26.912159
 20
-24.587832
 10
-26.912169
 20
-24.587832
  0
LWPOLYLINE
  5
3D
100
AcDbEntity
  8
ASSEMBLY_OUTLINES_TOP
100
AcDbPolyline
 90
        2
 70
         0
 43
0.03
 10
-26.848519
 20
-24.651472
 10
-26.848529
 20
-24.651472
  0
LWPOLYLINE
  5
3E
100
AcDbEntity
  8
ASSEMBLY_OUTLINES_TOP
100
AcDbPolyline
 90
        2
 70
         0
 43
0.03
 10
-26.78488
 20
-24.715111
 10
-26.78489
 20
-24.715111
  0
LWPOLYLINE
  5
3F
100
AcDbEntity
  8
ASSEMBLY_OUTLINES_TOP
100
AcDbPolyline
 90
        2
 70
         0
 43
0.03
 10
-26.72124
 20
-24.778751
 10
-26.72125
 20
-24.778751
  0
LWPOLYLINE
  5
40
100
AcDbEntity
  8
ASSEMBLY_OUTLINES_TOP
100
AcDbPolyline
 90
        2
 70
         0
 43
0.03
 10
-26.6576
 20
-24.842391
 10
-26.65761
 20
-24.842391
  0
LWPOLYLINE
  5
41
100
AcDbEntity
  8
ASSEMBLY_OUTLINES_TOP
100
AcDbPolyline
 90
        2
 70
         0
 43
0.03
 10
-26.593961
 20
-24.90603
 10
-26.593971
 20
-24.90603
  0
LWPOLYLINE
  5
42
100
AcDbEntity
  8
ASSEMBLY_OUTLINES_TOP
100
AcDbPolyline
 90
        2
 70
         0
 43
0.03
 10
-26.530321
 20
-24.96967
 10
-26.530331
 20
-24.96967
  0
LWPOLYLINE
  5
43
100
AcDbEntity
  8
ASSEMBLY_OUTLINES_TOP
100
AcDbPolyline
 90
        2
 70
         0
 43
0.03
 10
-26.466682
 20
-25.033309
 10
-26.466692
 20
-25.033309
  0
LWPOLYLINE
  5
44
100
AcDbEntity
  8
ASSEMBLY_OUTLINES_TOP
100
AcDbPolyline
 90
        2
 70
         0
 43
0.03
 10
-26.403042
 20
-25.096949
 10
-26.403052
 20
-25.096949
  0
LWPOLYLINE
  5
45
100
AcDbEntity
  8
ASSEMBLY_OUTLINES_TOP
100
AcDbPolyline
 90
        2
 70
         0
 43
0.03
 10
-26.339402
 20
-25.160589
 10
-26.339412
 20
-25.160589
  0
LWPOLYLINE
  5
46
100
AcDbEntity
  8
ASSEMBLY_OUTLINES_TOP
100
AcDbPolyline
 90
        2
 70
         0
 43
0.03
 10
-26.275763
 20
-25.224228
 10
-26.275773
 20
-25.224228
  0
LWPOLYLINE
  5
47
100
AcDbEntity
  8
ASSEMBLY_OUTLINES_TOP
100
AcDbPolyline
 90
        2
 70
         0
 43
0.03
 10
-26.212123
 20
-25.287868
 10
-26.212133
 20
-25.287868
  0
LWPOLYLINE
  5
48
100
AcDbEntity
  8
ASSEMBLY_OUTLINES_TOP
100
AcDbPolyline
 90
        2
 70
         0
 43
0.03
 10
-26.148484
 20
-25.351507
 10
-26.148494
 20
-25.351507
  0
LWPOLYLINE
  5
49
100
AcDbEntity
  8
ASSEMBLY_OUTLINES_TOP
100
AcDbPolyline
 90
        2
 70
         0
 43
0.03
 10
-26.084844
 20
-25.415147
 10
-26.084854
 20
-25.415147
  0
LWPOLYLINE
  5
4A
100
AcDbEntity
  8
ASSEMBLY_OUTLINES_TOP
100
AcDbPolyline
 90
        2
 70
         0
 43
0.03
 10
-26.021204
 20
-25.478787
 10
-26.021214
 20
-25.478787
  0
LWPOLYLINE
  5
4B
100
AcDbEntity
  8
ASSEMBLY_OUTLINES_TOP
100
AcDbPolyline
 90
        2
 70
         0
 43
0.03
 10
-25.957565
 20
-25.542426
 10
-25.957575
 20
-25.542426
  0
LWPOLYLINE
  5
4C
100
AcDbEntity
  8
ASSEMBLY_OUTLINES_TOP
100
AcDbPolyline
 90
        2
 70
         0
 43
0.03
 10
-25.893925
 20
-25.606066
 10
-25.893935
 20
-25.606066
  0
LWPOLYLINE
  5
4D
100
AcDbEntity
  8
ASSEMBLY_OUTLINES_TOP
100
AcDbPolyline
 90
        2
 70
         0
 43
0.03
 10
-25.830286
 20
-25.669705
 10
-25.830296
 20
-25.669705
  0
LWPOLYLINE
  5
4E
100
AcDbEntity
  8
ASSEMBLY_OUTLINES_TOP
100
AcDbPolyline
 90
        2
 70
         0
 43
0.03
 10
-25.766646
 20
-25.733345
 10
-25.766656
 20
-25.733345
  0
LWPOLYLINE
  5
4F
100
AcDbEntity
  8
ASSEMBLY_OUTLINES_TOP
100
AcDbPolyline
 90
        2
 70
         0
 43
0.03
 10
-25.703006
 20
-25.796985
 10
-25.703016
 20
-25.796985
  0
LWPOLYLINE
  5
50
100
AcDbEntity
  8
ASSEMBLY_OUTLINES_TOP
100
AcDbPolyline
 90
        2
 70
         0
 43
0.03
 10
-25.639367
 20
-25.860624
 10
-25.639377
 20
-25.860624
  0
LWPOLYLINE
  5
51
100
AcDbEntity
  8
ASSEMBLY_OUTLINES_TOP
100
AcDbPolyline
 90
        2
 70
         0
 43
0.03
 10
-25.575727
 20
-25.924264
 10
-25.575737
 20
-25.924264
  0
LWPOLYLINE
  5
52
100
AcDbEntity
  8
ASSEMBLY_OUTLINES_TOP
100
AcDbPolyline
 90
        2
 70
         0
 43
0.03
 10
-25.512087
 20
-25.987904
 10
-25.512097
 20
-25.987904
  0
LWPOLYLINE
  5
53
100
AcDbEntity
  8
ASSEMBLY_OUTLINES_TOP
100
AcDbPolyline
 90
        2
 70
         0
 43
0.03
 10
-25.448448
 20
-26.051543
 10
-25.448458
 20
-26.051543
  0
LWPOLYLINE
  5
54
100
AcDbEntity
  8
ASSEMBLY_OUTLINES_TOP
100
AcDbPolyline
 90
        2
 70
         0
 43
0.03
 10
-25.384808
 20
-26.115183
 10
-25.384818
 20
-26.115183
  0
LWPOLYLINE
  5
55
100
AcDbEntity
  8
ASSEMBLY_OUTLINES_TOP
100
AcDbPolyline
 90
        2
 70
         0
 43
0.03
 10
-25.321169
 20
-26.178822
 10
-25.321179
 20
-26.178822
  0
LWPOLYLINE
  5
56
100
AcDbEntity
  8
ASSEMBLY_OUTLINES_TOP
100
AcDbPolyline
 90
        2
 70
         0
 43
0.03
 10
-25.257529
 20
-26.242462
 10
-25.257539
 20
-26.242462
  0
LWPOLYLINE
  5
57
100
AcDbEntity
  8
ASSEMBLY_OUTLINES_TOP
100
AcDbPolyline
 90
        2
 70
         0
 43
0.03
 10
-25.193889
 20
-26.306102
 10
-25.193899
 20
-26.306102
  0
LWPOLYLINE
  5
58
100
AcDbEntity
  8
ASSEMBLY_OUTLINES_TOP
100
AcDbPolyline
 90
        2
 70
         0
 43
0.03
 10
-25.13025
 20
-26.369741
 10
-25.13026
 20
-26.369741
  0
LWPOLYLINE
  5
59
100
AcDbEntity
  8
ASSEMBLY_OUTLINES_TOP
100
AcDbPolyline
 90
        2
 70
         0
 43
0.03
 10
-25.06661
 20
-26.433381
 10
-25.06662
 20
-26.433381
  0
LWPOLYLINE
  5
5A
100
AcDbEntity
  8
ASSEMBLY_OUTLINES_TOP
100
AcDbPolyline
 90
        2
 70
         0
 43
0.03
 10
-25.002971
 20
-26.49702
 10
-25.002981
 20
-26.49702
  0
LWPOLYLINE
  5
5B
100
AcDbEntity
  8
ASSEMBLY_OUTLINES_TOP
100
AcDbPolyline
 90
        2
 70
         0
 43
0.03
 10
-24.939331
 20
-26.56066
 10
-24.939341
 20
-26.56066
  0
LWPOLYLINE
  5
5C
100
AcDbEntity
  8
ASSEMBLY_OUTLINES_TOP
100
AcDbPolyline
 90
        2
 70
         0
 43
0.03
 10
-24.875691
 20
-26.6243
 10
-24.875701
 20
-26.6243
  0
LWPOLYLINE
  5
5D
100
AcDbEntity
  8
ASSEMBLY_OUTLINES_TOP
100
AcDbPolyline
 90
        2
 70
         0
 43
0.03
 10
-24.812052
 20
-26.687939
 10
-24.812062
 20
-26.687939
  0
LWPOLYLINE
  5
5E
100
AcDbEntity
  8
ASSEMBLY_OUTLINES_TOP
100
AcDbPolyline
 90
        2
 70
         0
 43
0.03
 10
-24.748412
 20
-26.751579
 10
-24.748422
 20
-26.751579
  0
LWPOLYLINE
  5
5F
100
AcDbEntity
  8
ASSEMBLY_OUTLINES_TOP
100
AcDbPolyline
 90
        2
 70
         0
 43
0.03
 10
-24.684773
 20
-26.815218
 10
-24.684783
 20
-26.815218
  0
LWPOLYLINE
  5
60
100
AcDbEntity
  8
ASSEMBLY_OUTLINES_TOP
100
AcDbPolyline
 90
        2
 70
         0
 43
0.03
 10
-24.621133
 20
-26.878858
 10
-24.621143
 20
-26.878858
  0
LWPOLYLINE
  5
61
100
AcDbEntity
  8
ASSEMBLY_OUTLINES_TOP
100
AcDbPolyline
 90
        2
 70
         0
 43
0.03
 10
-24.557493
 20
-26.942498
 10
-24.557503
 20
-26.942498
  0
LWPOLYLINE
  5
62
100
AcDbEntity
  8
ASSEMBLY_OUTLINES_TOP
100
AcDbPolyline
 90
        2
 70
         0
 43
0.03
 10
-24.493854
 20
-27.006137
 10
-24.493864
 20
-27.006137
  0
LWPOLYLINE
  5
63
100
AcDbEntity
  8
ASSEMBLY_OUTLINES_TOP
100
AcDbPolyline
 90
        2
 70
         0
 43
0.03
 10
-24.430214
 20
-27.069777
 10
-24.430224
 20
-27.069777
  0
LWPOLYLINE
  5
64
100
AcDbEntity
  8
ASSEMBLY_OUTLINES_TOP
100
AcDbPolyline
 90
        2
 70
         0
 43
0.03
 10
-24.366574
 20
-27.133417
 10
-24.366584
 20
-27.133417
  0
LWPOLYLINE
  5
65
100
AcDbEntity
  8
ASSEMBLY_OUTLINES_TOP
100
AcDbPolyline
 90
        2
 70
         0
 43
0.03
 10
-24.302935
 20
-27.197056
 10
-24.302945
 20
-27.197056
  0
LWPOLYLINE
  5
66
100
AcDbEntity
  8
ASSEMBLY_OUTLINES_TOP
100
AcDbPolyline
 90
        2
 70
         0
 43
0.03
 10
-24.239295
 20
-27.260696
 10
-24.239305
 20
-27.260696
  0
LWPOLYLINE
  5
67
100
AcDbEntity
  8
ASSEMBLY_OUTLINES_TOP
100
AcDbPolyline
 90
        2
 70
         0
 43
0.03
 10
-24.175656
 20
-27.324335
 10
-24.175666
 20
-27.324335
  0
LWPOLYLINE
  5
68
100
AcDbEntity
  8
ASSEMBLY_OUTLINES_TOP
100
AcDbPolyline
 90
        2
 70
         0
 43
0.03
 10
-24.112016
 20
-27.387975
 10
-24.112026
 20
-27.387975
  0
LWPOLYLINE
  5
69
100
AcDbEntity
  8
ASSEMBLY_OUTLINES_TOP
100
AcDbPolyline
 90
        2
 70
         0
 43
0.03
 10
-24.048376
 20
-27.451615
 10
-24.048386
 20
-27.451615
  0
LWPOLYLINE
  5
6A
100
AcDbEntity
  8
ASSEMBLY_OUTLINES_TOP
100
AcDbPolyline
 90
        2
 70
         0
 43
0.03
 10
-23.984737
 20
-27.515254
 10
-23.984747
 20
-27.515254
  0
LWPOLYLINE
  5
6B
100
AcDbEntity
  8
ASSEMBLY_OUTLINES_TOP
100
AcDbPolyline
 90
        2
 70
         0
 43
0.03
 10
-23.921097
 20
-27.578894
 10
-23.921107
 20
-27.578894
  0
LWPOLYLINE
  5
6C
100
AcDbEntity
  8
ASSEMBLY_OUTLINES_TOP
100
AcDbPolyline
 90
        2
 70
         0
 43
0.03
 10
-23.857458
 20
-27.642533
 10
-23.857468
 20
-27.642533
  0
LWPOLYLINE
  5
6D
100
AcDbEntity
  8
ASSEMBLY_OUTLINES_TOP
100
AcDbPolyline
 90
        2
 70
         0
 43
0.03
 10
-23.793818
 20
-27.706173
 10
-23.793828
 20
-27.706173
  0
LWPOLYLINE
  5
6E
100
AcDbEntity
  8
ASSEMBLY_OUTLINES_TOP
100
AcDbPolyline
 90
        2
 70
         0
 43
0.03
 10
-23.730178
 20
-27.769813
 10
-23.730188
 20
-27.769813
  0
LWPOLYLINE
  5
6F
100
AcDbEntity
  8
ASSEMBLY_OUTLINES_TOP
100
AcDbPolyline
 90
        2
 70
         0
 43
0.03
 10
-23.666539
 20
-27.833452
 10
-23.666549
 20
-27.833452
  0
LWPOLYLINE
  5
70
100
AcDbEntity
  8
ASSEMBLY_OUTLINES_TOP
100
AcDbPolyline
 90
        2
 70
         0
 43
0.03
 10
-23.602899
 20
-27.897092
 10
-23.602909
 20
-27.897092
  0
LWPOLYLINE
  5
71
100
AcDbEntity
  8
ASSEMBLY_OUTLINES_TOP
100
AcDbPolyline
 90
        2
 70
         0
 43
0.03
 10
-23.53926
 20
-27.960731
 10
-23.53927
 20
-27.960731
  0
LWPOLYLINE
  5
72
100
AcDbEntity
  8
ASSEMBLY_OUTLINES_TOP
100
AcDbPolyline
 90
        2
 70
         0
 43
0.03
 10
-23.47562
 20
-28.024371
 10
-23.47563
 20
-28.024371
  0
LWPOLYLINE
  5
73
100
AcDbEntity
  8
ASSEMBLY_OUTLINES_TOP
100
AcDbPolyline
 90
        2
 70
         0
 43
0.03
 10
-23.41198
 20
-28.088011
 10
-23.41199
 20
-28.088011
  0
LWPOLYLINE
  5
74
100
AcDbEntity
  8
ASSEMBLY_OUTLINES_TOP
100
AcDbPolyline
 90
        2
 70
         0
 43
0.03
 10
-23.348341
 20
-28.15165
 10
-23.348351
 20
-28.15165
  0
LWPOLYLINE
  5
75
100
AcDbEntity
  8
ASSEMBLY_OUTLINES_TOP
100
AcDbPolyline
 90
        2
 70
         0
 43
0.03
 10
-23.284701
 20
-28.21529
 10
-23.284711
 20
-28.21529
  0
LWPOLYLINE
  5
76
100
AcDbEntity
  8
ASSEMBLY_OUTLINES_TOP
100
AcDbPolyline
 90
        2
 70
         0
 43
0.03
 10
-23.221062
 20
-28.278929
 10
-23.221072
 20
-28.278929
  0
LWPOLYLINE
  5
77
100
AcDbEntity
  8
ASSEMBLY_OUTLINES_TOP
100
AcDbPolyline
 90
        2
 70
         0
 43
0.03
 10
-23.157422
 20
-28.342569
 10
-23.157432
 20
-28.342569
  0
LWPOLYLINE
  5
78
100
AcDbEntity
  8
ASSEMBLY_OUTLINES_TOP
100
AcDbPolyline
 90
        2
 70
         0
 43
0.03
 10
-23.093782
 20
-28.406209
 10
-23.093792
 20
-28.406209
  0
LWPOLYLINE
  5
79
100
AcDbEntity
  8
ASSEMBLY_OUTLINES_TOP
100
AcDbPolyline
 90
        2
 70
         0
 43
0.03
 10
-23.030143
 20
-28.469848
 10
-23.030153
 20
-28.469848
  0
LWPOLYLINE
  5
7A
100
AcDbEntity
  8
ASSEMBLY_OUTLINES_TOP
100
AcDbPolyline
 90
        2
 70
         0
 43
0.03
 10
-22.966503
 20
-28.533488
 10
-22.966513
 20
-28.533488
  0
LWPOLYLINE
  5
7B
100
AcDbEntity
  8
ASSEMBLY_OUTLINES_TOP
100
AcDbPolyline
 90
        2
 70
         0
 43
0.03
 10
-22.902863
 20
-28.597128
 10
-22.902873
 20
-28.597128
  0
LWPOLYLINE
  5
7C
100
AcDbEntity
  8
ASSEMBLY_OUTLINES_TOP
100
AcDbPolyline
 90
        2
 70
         0
 43
0.03
 10
-22.839224
 20
-28.660767
 10
-22.839234
 20
-28.660767
  0
LWPOLYLINE
  5
7D
100
AcDbEntity
  8
ASSEMBLY_OUTLINES_TOP
100
AcDbPolyline
 90
        2
 70
         0
 43
0.03
 10
-22.775584
 20
-28.724407
 10
-22.775594
 20
-28.724407
  0
LWPOLYLINE
  5
7E
100
AcDbEntity
  8
ASSEMBLY_OUTLINES_TOP
100
AcDbPolyline
 90
        2
 70
         0
 43
0.03
 10
-22.711945
 20
-28.788046
 10
-22.711955
 20
-28.788046
  0
LWPOLYLINE
  5
7F
100
AcDbEntity
  8
ASSEMBLY_OUTLINES_TOP
100
AcDbPolyline
 90
        2
 70
         0
 43
0.03
 10
-22.648305
 20
-28.851686
 10
-22.648315
 20
-28.851686
  0
LWPOLYLINE
  5
80
100
AcDbEntity
  8
ASSEMBLY_OUTLINES_TOP
100
AcDbPolyline
 90
        2
 70
         0
 43
0.03
 10
-22.584665
 20
-28.915326
 10
-22.584675
 20
-28.915326
  0
LWPOLYLINE
  5
81
100
AcDbEntity
  8
ASSEMBLY_OUTLINES_TOP
100
AcDbPolyline
 90
        2
 70
         0
 43
0.03
 10
-22.521026
 20
-28.978965
 10
-22.521036
 20
-28.978965
  0
LWPOLYLINE
  5
82
100
AcDbEntity
  8
ASSEMBLY_OUTLINES_TOP
100
AcDbPolyline
 90
        2
 70
         0
 43
0.03
 10
-22.457386
 20
-29.042605
 10
-22.457396
 20
-29.042605
  0
LWPOLYLINE
  5
83
100
AcDbEntity
  8
ASSEMBLY_OUTLINES_TOP
100
AcDbPolyline
 90
        2
 70
         0
 43
0.03
 10
-22.393747
 20
-29.106244
 10
-22.393757
 20
-29.106244
  0
LWPOLYLINE
  5
84
100
AcDbEntity
  8
ASSEMBLY_OUTLINES_TOP
100
AcDbPolyline
 90
        2
 70
         0
 43
0.03
 10
-22.330107
 20
-29.169884
 10
-22.330117
 20
-29.169884
  0
LWPOLYLINE
  5
85
100
AcDbEntity
  8
ASSEMBLY_OUTLINES_TOP
100
AcDbPolyline
 90
        2
 70
         0
 43
0.03
 10
-22.266467
 20
-29.233524
 10
-22.266477
 20
-29.233524
  0
LWPOLYLINE
  5
86
100
AcDbEntity
  8
ASSEMBLY_OUTLINES_TOP
100
AcDbPolyline
 90
        2
 70
         0
 43
0.03
 10
-22.202828
 20
-29.297163
 10
-22.202838
 20
-29.297163
  0
LWPOLYLINE
  5
87
100
AcDbEntity
  8
ASSEMBLY_OUTLINES_TOP
100
AcDbPolyline
 90
        2
 70
         0
 43
0.03
 10
-22.139188
 20
-29.360803
 10
-22.139198
 20
-29.360803
  0
LWPOLYLINE
  5
88
100
AcDbEntity
  8
ASSEMBLY_OUTLINES_TOP
100
AcDbPolyline
 90
        2
 70
         0
 43
0.03
 10
-22.075549
 20
-29.424442
 10
-22.075559
 20
-29.424442
  0
LWPOLYLINE
  5
89
100
AcDbEntity
  8
ASSEMBLY_OUTLINES_TOP
100
AcDbPolyline
 90
        2
 70
         0
 43
0.03
 10
-22.011909
 20
-29.488082
 10
-22.011919
 20
-29.488082
  0
LWPOLYLINE
  5
8A
100
AcDbEntity
  8
ASSEMBLY_OUTLINES_TOP
100
AcDbPolyline
 90
        2
 70
         0
 43
0.03
 10
-21.948269
 20
-29.551722
 10
-21.948279
 20
-29.551722
  0
LWPOLYLINE
  5
8B
100
AcDbEntity
  8
ASSEMBLY_OUTLINES_TOP
100
AcDbPolyline
 90
        2
 70
         0
 43
0.03
 10
-21.88463
 20
-29.615361
 10
-21.88464
 20
-29.615361
  0
LWPOLYLINE
  5
8C
100
AcDbEntity
  8
ASSEMBLY_OUTLINES_TOP
100
AcDbPolyline
 90
        2
 70
         0
 43
0.03
 10
-21.878669
 20
-29.62132
 10
-21.878679
 20
-29.62132
  0
LWPOLYLINE
  5
8D
100
AcDbEntity
  8
ASSEMBLY_OUTLINES_TOP
100
AcDbPolyline
 90
        2
 70
         0
 43
0.03
 10
-21.878669
 20
-29.62132
 10
-21.878679
 20
-29.62132
  0
LWPOLYLINE
  5
8E
100
AcDbEntity
  8
ASSEMBLY_OUTLINES_TOP
100
AcDbPolyline
 90
        2
 70
         0
 43
0.03
 10
-21.814085
 20
-29.683996
 10
-21.814095
 20
-29.683996
  0
LWPOLYLINE
  5
8F
100
AcDbEntity
  8
ASSEMBLY_OUTLINES_TOP
100
AcDbPolyline
 90
        2
 70
         0
 43
0.03
 10
-21.814085
 20
-29.683996
 10
-21.814095
 20
-29.683996
  0
LWPOLYLINE
  5
90
100
AcDbEntity
  8
ASSEMBLY_OUTLINES_TOP
100
AcDbPolyline
 90
        2
 70
         0
 43
0.03
 10
-21.747649
 20
-29.744706
 10
-21.747659
 20
-29.744706
  0
LWPOLYLINE
  5
91
100
AcDbEntity
  8
ASSEMBLY_OUTLINES_TOP
100
AcDbPolyline
 90
        2
 70
         0
 43
0.03
 10
-21.747649
 20
-29.744706
 10
-21.747659
 20
-29.744706
  0
LWPOLYLINE
  5
92
100
AcDbEntity
  8
ASSEMBLY_OUTLINES_TOP
100
AcDbPolyline
 90
        2
 70
         0
 43
0.03
 10
-21.679423
 20
-29.803396
 10
-21.679433
 20
-29.803396
  0
LWPOLYLINE
  5
93
100
AcDbEntity
  8
ASSEMBLY_OUTLINES_TOP
100
AcDbPolyline
 90
        2
 70
         0
 43
0.03
 10
-21.679423
 20
-29.803396
 10
-21.679433
 20
-29.803396
  0
LWPOLYLINE
  5
94
100
AcDbEntity
  8
ASSEMBLY_OUTLINES_TOP
100
AcDbPolyline
 90
        2
 70
         0
 43
0.03
 10
-21.609466
 20
-29.860013
 10
-21.609476
 20
-29.860013
  0
LWPOLYLINE
  5
95
100
AcDbEntity
  8
ASSEMBLY_OUTLINES_TOP
100
AcDbPolyline
 90
        2
 70
         0
 43
0.03
 10
-21.609466
 20
-29.860013
 10
-21.609476
 20
-29.860013
  0
LWPOLYLINE
  5
96
100
AcDbEntity
  8
ASSEMBLY_OUTLINES_TOP
100
AcDbPolyline
 90
        2
 70
         0
 43
0.03
 10
-21.537843
 20
-29.914506
 10
-21.537853
 20
-29.914506
  0
LWPOLYLINE
  5
97
100
AcDbEntity
  8
ASSEMBLY_OUTLINES_TOP
100
AcDbPolyline
 90
        2
 70
         0
 43
0.03
 10
-21.537843
 20
-29.914506
 10
-21.537853
 20
-29.914506
  0
LWPOLYLINE
  5
98
100
AcDbEntity
  8
ASSEMBLY_OUTLINES_TOP
100
AcDbPolyline
 90
        2
 70
         0
 43
0.03
 10
-21.464617
 20
-29.966827
 10
-21.464627
 20
-29.966827
  0
LWPOLYLINE
  5
99
100
AcDbEntity
  8
ASSEMBLY_OUTLINES_TOP
100
AcDbPolyline
 90
        2
 70
         0
 43
0.03
 10
-21.464617
 20
-29.966827
 10
-21.464627
 20
-29.966827
  0
LWPOLYLINE
  5
9A
100
AcDbEntity
  8
ASSEMBLY_OUTLINES_TOP
100
AcDbPolyline
 90
        2
 70
         0
 43
0.03
 10
-21.389856
 20
-30.016927
 10
-21.389866
 20
-30.016927
  0
LWPOLYLINE
  5
9B
100
AcDbEntity
  8
ASSEMBLY_OUTLINES_TOP
100
AcDbPolyline
 90
        2
 70
         0
 43
0.03
 10
-21.389856
 20
-30.016927
 10
-21.389866
 20
-30.016927
  0
LWPOLYLINE
  5
9C
100
AcDbEntity
  8
ASSEMBLY_OUTLINES_TOP
100
AcDbPolyline
 90
        2
 70
         0
 43
0.03
 10
-21.313624
 20
-30.064762
 10
-21.313634
 20
-30.064762
  0
LWPOLYLINE
  5
9D
100
AcDbEntity
  8
ASSEMBLY_OUTLINES_TOP
100
AcDbPolyline
 90
        2
 70
         0
 43
0.03
 10
-21.313624
 20
-30.064762
 10
-21.313634
 20
-30.064762
  0
LWPOLYLINE
  5
9E
100
AcDbEntity
  8
ASSEMBLY_OUTLINES_TOP
100
AcDbPolyline
 90
        2
 70
         0
 43
0.03
 10
-21.235993
 20
-30.110289
 10
-21.236003
 20
-30.110289
  0
LWPOLYLINE
  5
9F
100
AcDbEntity
  8
ASSEMBLY_OUTLINES_TOP
100
AcDbPolyline
 90
        2
 70
         0
 43
0.03
 10
-21.235993
 20
-30.110289
 10
-21.236003
 20
-30.110289
  0
LWPOLYLINE
  5
A0
100
AcDbEntity
  8
ASSEMBLY_OUTLINES_TOP
100
AcDbPolyline
 90
        2
 70
         0
 43
0.03
 10
-21.157031
 20
-30.153468
 10
-21.157041
 20
-30.153468
  0
LWPOLYLINE
  5
A1
100
AcDbEntity
  8
ASSEMBLY_OUTLINES_TOP
100
AcDbPolyline
 90
        2
 70
         0
 43
0.03
 10
-21.157031
 20
-30.153468
 10
-21.157041
 20
-30.153468
  0
LWPOLYLINE
  5
A2
100
AcDbEntity
  8
ASSEMBLY_OUTLINES_TOP
100
AcDbPolyline
 90
        2
 70
         0
 43
0.03
 10
-21.076809
 20
-30.194258
 10
-21.076819
 20
-30.194258
  0
LWPOLYLINE
  5
A3
100
AcDbEntity
  8
ASSEMBLY_OUTLINES_TOP
100
AcDbPolyline
 90
        2
 70
         0
 43
0.03
 10
-21.076809
 20
-30.194258
 10
-21.076819
 20
-30.194258
  0
LWPOLYLINE
  5
A4
100
AcDbEntity
  8
ASSEMBLY_OUTLINES_TOP
100
AcDbPolyline
 90
        2
 70
         0
 43
0.03
 10
-20.995399
 20
-30.232623
 10
-20.995409
 20
-30.232623
  0
LWPOLYLINE
  5
A5
100
AcDbEntity
  8
ASSEMBLY_OUTLINES_TOP
100
AcDbPolyline
 90
        2
 70
         0
 43
0.03
 10
-20.995399
 20
-30.232623
 10
-20.995409
 20
-30.232623
  0
LWPOLYLINE
  5
A6
100
AcDbEntity
  8
ASSEMBLY_OUTLINES_TOP
100
AcDbPolyline
 90
        2
 70
         0
 43
0.03
 10
-20.912876
 20
-30.26853
 10
-20.912886
 20
-30.26853
  0
LWPOLYLINE
  5
A7
100
AcDbEntity
  8
ASSEMBLY_OUTLINES_TOP
100
AcDbPolyline
 90
        2
 70
         0
 43
0.03
 10
-20.912876
 20
-30.26853
 10
-20.912886
 20
-30.26853
  0
LWPOLYLINE
  5
A8
100
AcDbEntity
  8
ASSEMBLY_OUTLINES_TOP
100
AcDbPolyline
 90
        2
 70
         0
 43
0.03
 10
-20.829312
 20
-30.301944
 10
-20.829322
 20
-30.301944
  0
LWPOLYLINE
  5
A9
100
AcDbEntity
  8
ASSEMBLY_OUTLINES_TOP
100
AcDbPolyline
 90
        2
 70
         0
 43
0.03
 10
-20.829312
 20
-30.301944
 10
-20.829322
 20
-30.301944
  0
LWPOLYLINE
  5
AA
100
AcDbEntity
  8
ASSEMBLY_OUTLINES_TOP
100
AcDbPolyline
 90
        2
 70
         0
 43
0.03
 10
-20.744784
 20
-30.332838
 10
-20.744794
 20
-30.332838
  0
LWPOLYLINE
  5
AB
100
AcDbEntity
  8
ASSEMBLY_OUTLINES_TOP
100
AcDbPolyline
 90
        2
 70
         0
 43
0.03
 10
-20.744784
 20
-30.332838
 10
-20.744794
 20
-30.332838
  0
LWPOLYLINE
  5
AC
100
AcDbEntity
  8
ASSEMBLY_OUTLINES_TOP
100
AcDbPolyline
 90
        2
 70
         0
 43
0.03
 10
-20.659368
 20
-30.361182
 10
-20.659378
 20
-30.361182
  0
LWPOLYLINE
  5
AD
100
AcDbEntity
  8
ASSEMBLY_OUTLINES_TOP
100
AcDbPolyline
 90
        2
 70
         0
 43
0.03
 10
-20.659368
 20
-30.361182
 10
-20.659378
 20
-30.361182
  0
LWPOLYLINE
  5
AE
100
AcDbEntity
  8
ASSEMBLY_OUTLINES_TOP
100
AcDbPolyline
 90
        2
 70
         0
 43
0.03
 10
-20.573139
 20
-30.386951
 10
-20.573149
 20
-30.386951
  0
LWPOLYLINE
  5
AF
100
AcDbEntity
  8
ASSEMBLY_OUTLINES_TOP
100
AcDbPolyline
 90
        2
 70
         0
 43
0.03
 10
-20.573139
 20
-30.386951
 10
-20.573149
 20
-30.386951
  0
LWPOLYLINE
  5
B0
100
AcDbEntity
  8
ASSEMBLY_OUTLINES_TOP
100
AcDbPolyline
 90
        2
 70
         0
 43
0.03
 10
-20.486177
 20
-30.410122
 10
-20.486187
 20
-30.410122
  0
LWPOLYLINE
  5
B1
100
AcDbEntity
  8
ASSEMBLY_OUTLINES_TOP
100
AcDbPolyline
 90
        2
 70
         0
 43
0.03
 10
-20.486177
 20
-30.410122
 10
-20.486187
 20
-30.410122
  0
LWPOLYLINE
  5
B2
100
AcDbEntity
  8
ASSEMBLY_OUTLINES_TOP
100
AcDbPolyline
 90
        2
 70
         0
 43
0.03
 10
-20.398558
 20
-30.430674
 10
-20.398568
 20
-30.430674
  0
LWPOLYLINE
  5
B3
100
AcDbEntity
  8
ASSEMBLY_OUTLINES_TOP
100
AcDbPolyline
 90
        2
 70
         0
 43
0.03
 10
-20.398558
 20
-30.430674
 10
-20.398568
 20
-30.430674
  0
LWPOLYLINE
  5
B4
100
AcDbEntity
  8
ASSEMBLY_OUTLINES_TOP
100
AcDbPolyline
 90
        2
 70
         0
 43
0.03
 10
-20.310362
 20
-30.448588
 10
-20.310372
 20
-30.448588
  0
LWPOLYLINE
  5
B5
100
AcDbEntity
  8
ASSEMBLY_OUTLINES_TOP
100
AcDbPolyline
 90
        2
 70
         0
 43
0.03
 10
-20.310362
 20
-30.448588
 10
-20.310372
 20
-30.448588
  0
LWPOLYLINE
  5
B6
100
AcDbEntity
  8
ASSEMBLY_OUTLINES_TOP
100
AcDbPolyline
 90
        2
 70
         0
 43
0.03
 10
-20.221669
 20
-30.46385
 10
-20.221679
 20
-30.46385
  0
LWPOLYLINE
  5
B7
100
AcDbEntity
  8
ASSEMBLY_OUTLINES_TOP
100
AcDbPolyline
 90
        2
 70
         0
 43
0.03
 10
-20.221669
 20
-30.46385
 10
-20.221679
 20
-30.46385
  0
LWPOLYLINE
  5
B8
100
AcDbEntity
  8
ASSEMBLY_OUTLINES_TOP
100
AcDbPolyline
 90
        2
 70
         0
 43
0.03
 10
-20.132558
 20
-30.476443
 10
-20.132568
 20
-30.476443
  0
LWPOLYLINE
  5
B9
100
AcDbEntity
  8
ASSEMBLY_OUTLINES_TOP
100
AcDbPolyline
 90
        2
 70
         0
 43
0.03
 10
-20.132558
 20
-30.476443
 10
-20.132568
 20
-30.476443
  0
LWPOLYLINE
  5
BA
100
AcDbEntity
  8
ASSEMBLY_OUTLINES_TOP
100
AcDbPolyline
 90
        2
 70
         0
 43
0.03
 10
-20.043109
 20
-30.486359
 10
-20.043119
 20
-30.486359
  0
LWPOLYLINE
  5
BB
100
AcDbEntity
  8
ASSEMBLY_OUTLINES_TOP
100
AcDbPolyline
 90
        2
 70
         0
 43
0.03
 10
-20.043109
 20
-30.486359
 10
-20.043119
 20
-30.486359
  0
LWPOLYLINE
  5
BC
100
AcDbEntity
  8
ASSEMBLY_OUTLINES_TOP
100
AcDbPolyline
 90
        2
 70
         0
 43
0.03
 10
-19.953403
 20
-30.493586
 10
-19.953413
 20
-30.493586
  0
LWPOLYLINE
  5
BD
100
AcDbEntity
  8
ASSEMBLY_OUTLINES_TOP
100
AcDbPolyline
 90
        2
 70
         0
 43
0.03
 10
-19.953403
 20
-30.493586
 10
-19.953413
 20
-30.493586
  0
LWPOLYLINE
  5
BE
100
AcDbEntity
  8
ASSEMBLY_OUTLINES_TOP
100
AcDbPolyline
 90
        2
 70
         0
 43
0.03
 10
-19.863521
 20
-30.49812
 10
-19.863531
 20
-30.49812
  0
LWPOLYLINE
  5
BF
100
AcDbEntity
  8
ASSEMBLY_OUTLINES_TOP
100
AcDbPolyline
 90
        2
 70
         0
 43
0.03
 10
-19.863521
 20
-30.49812
 10
-19.863531
 20
-30.49812
  0
LWPOLYLINE
  5
C0
100
AcDbEntity
  8
ASSEMBLY_OUTLINES_TOP
100
AcDbPolyline
 90
        2
 70
         0
 43
0.03
 10
-19.773543
 20
-30.499956
 10
-19.773553
 20
-30.499956
  0
LWPOLYLINE
  5
C1
100
AcDbEntity
  8
ASSEMBLY_OUTLINES_TOP
100
AcDbPolyline
 90
        2
 70
         0
 43
0.03
 10
-19.773543
 20
-30.499956
 10
-19.773553
 20
-30.499956
  0
LWPOLYLINE
  5
C2
100
AcDbEntity
  8
ASSEMBLY_OUTLINES_TOP
100
AcDbPolyline
 90
        2
 70
         0
 43
0.03
 10
-19.75735
 20
-30.5
 10
-19.75736
 20
-30.5
  0
LWPOLYLINE
  5
C3
100
AcDbEntity
  8
ASSEMBLY_OUTLINES_TOP
100
AcDbPolyline
 90
        2
 70
         0
 43
0.03
 10
-19.66735
 20
-30.5
 10
-19.66736
 20
-30.5
  0
LWPOLYLINE
  5
C4
100
AcDbEntity
  8
ASSEMBLY_OUTLINES_TOP
100
AcDbPolyline
 90
        2
 70
         0
 43
0.03
 10
-19.57735
 20
-30.5
 10
-19.57736
 20
-30.5
  0
LWPOLYLINE
  5
C5
100
AcDbEntity
  8
ASSEMBLY_OUTLINES_TOP
100
AcDbPolyline
 90
        2
 70
         0
 43
0.03
 10
-19.48735
 20
-30.5
 10
-19.48736
 20
-30.5
  0
LWPOLYLINE
  5
C6
100
AcDbEntity
  8
ASSEMBLY_OUTLINES_TOP
100
AcDbPolyline
 90
        2
 70
         0
 43
0.03
 10
-19.39735
 20
-30.5
 10
-19.39736
 20
-30.5
  0
LWPOLYLINE
  5
C7
100
AcDbEntity
  8
ASSEMBLY_OUTLINES_TOP
100
AcDbPolyline
 90
        2
 70
         0
 43
0.03
 10
-19.30735
 20
-30.5
 10
-19.30736
 20
-30.5
  0
LWPOLYLINE
  5
C8
100
AcDbEntity
  8
ASSEMBLY_OUTLINES_TOP
100
AcDbPolyline
 90
        2
 70
         0
 43
0.03
 10
-19.21735
 20
-30.5
 10
-19.21736
 20
-30.5
  0
LWPOLYLINE
  5
C9
100
AcDbEntity
  8
ASSEMBLY_OUTLINES_TOP
100
AcDbPolyline
 90
        2
 70
         0
 43
0.03
 10
-19.12735
 20
-30.5
 10
-19.12736
 20
-30.5
  0
LWPOLYLINE
  5
CA
100
AcDbEntity
  8
ASSEMBLY_OUTLINES_TOP
100
AcDbPolyline
 90
        2
 70
         0
 43
0.03
 10
-19.03735
 20
-30.5
 10
-19.03736
 20
-30.5
  0
LWPOLYLINE
  5
CB
100
AcDbEntity
  8
ASSEMBLY_OUTLINES_TOP
100
AcDbPolyline
 90
        2
 70
         0
 43
0.03
 10
-18.94735
 20
-30.5
 10
-18.94736
 20
-30.5
  0
LWPOLYLINE
  5
CC
100
AcDbEntity
  8
ASSEMBLY_OUTLINES_TOP
100
AcDbPolyline
 90
        2
 70
         0
 43
0.03
 10
-18.85735
 20
-30.5
 10
-18.85736
 20
-30.5
  0
LWPOLYLINE
  5
CD
100
AcDbEntity
  8
ASSEMBLY_OUTLINES_TOP
100
AcDbPolyline
 90
        2
 70
         0
 43
0.03
 10
-18.76735
 20
-30.5
 10
-18.76736
 20
-30.5
  0
LWPOLYLINE
  5
CE
100
AcDbEntity
  8
ASSEMBLY_OUTLINES_TOP
100
AcDbPolyline
 90
        2
 70
         0
 43
0.03
 10
-18.67735
 20
-30.5
 10
-18.67736
 20
-30.5
  0
LWPOLYLINE
  5
CF
100
AcDbEntity
  8
ASSEMBLY_OUTLINES_TOP
100
AcDbPolyline
 90
        2
 70
         0
 43
0.03
 10
-18.58735
 20
-30.5
 10
-18.58736
 20
-30.5
  0
LWPOLYLINE
  5
D0
100
AcDbEntity
  8
ASSEMBLY_OUTLINES_TOP
100
AcDbPolyline
 90
        2
 70
         0
 43
0.03
 10
-18.49735
 20
-30.5
 10
-18.49736
 20
-30.5
  0
LWPOLYLINE
  5
D1
100
AcDbEntity
  8
ASSEMBLY_OUTLINES_TOP
100
AcDbPolyline
 90
        2
 70
         0
 43
0.03
 10
-18.40735
 20
-30.5
 10
-18.40736
 20
-30.5
  0
LWPOLYLINE
  5
D2
100
AcDbEntity
  8
ASSEMBLY_OUTLINES_TOP
100
AcDbPolyline
 90
        2
 70
         0
 43
0.03
 10
-18.31735
 20
-30.5
 10
-18.31736
 20
-30.5
  0
LWPOLYLINE
  5
D3
100
AcDbEntity
  8
ASSEMBLY_OUTLINES_TOP
100
AcDbPolyline
 90
        2
 70
         0
 43
0.03
 10
-18.22735
 20
-30.5
 10
-18.22736
 20
-30.5
  0
LWPOLYLINE
  5
D4
100
AcDbEntity
  8
ASSEMBLY_OUTLINES_TOP
100
AcDbPolyline
 90
        2
 70
         0
 43
0.03
 10
-18.13735
 20
-30.5
 10
-18.13736
 20
-30.5
  0
LWPOLYLINE
  5
D5
100
AcDbEntity
  8
ASSEMBLY_OUTLINES_TOP
100
AcDbPolyline
 90
        2
 70
         0
 43
0.03
 10
-18.04735
 20
-30.5
 10
-18.04736
 20
-30.5
  0
LWPOLYLINE
  5
D6
100
AcDbEntity
  8
ASSEMBLY_OUTLINES_TOP
100
AcDbPolyline
 90
        2
 70
         0
 43
0.03
 10
-17.95735
 20
-30.5
 10
-17.95736
 20
-30.5
  0
LWPOLYLINE
  5
D7
100
AcDbEntity
  8
ASSEMBLY_OUTLINES_TOP
100
AcDbPolyline
 90
        2
 70
         0
 43
0.03
 10
-17.86735
 20
-30.5
 10
-17.86736
 20
-30.5
  0
LWPOLYLINE
  5
D8
100
AcDbEntity
  8
ASSEMBLY_OUTLINES_TOP
100
AcDbPolyline
 90
        2
 70
         0
 43
0.03
 10
-17.77735
 20
-30.5
 10
-17.77736
 20
-30.5
  0
LWPOLYLINE
  5
D9
100
AcDbEntity
  8
ASSEMBLY_OUTLINES_TOP
100
AcDbPolyline
 90
        2
 70
         0
 43
0.03
 10
-17.68735
 20
-30.5
 10
-17.68736
 20
-30.5
  0
LWPOLYLINE
  5
DA
100
AcDbEntity
  8
ASSEMBLY_OUTLINES_TOP
100
AcDbPolyline
 90
        2
 70
         0
 43
0.03
 10
-17.59735
 20
-30.5
 10
-17.59736
 20
-30.5
  0
LWPOLYLINE
  5
DB
100
AcDbEntity
  8
ASSEMBLY_OUTLINES_TOP
100
AcDbPolyline
 90
        2
 70
         0
 43
0.03
 10
-17.50735
 20
-30.5
 10
-17.50736
 20
-30.5
  0
LWPOLYLINE
  5
DC
100
AcDbEntity
  8
ASSEMBLY_OUTLINES_TOP
100
AcDbPolyline
 90
        2
 70
         0
 43
0.03
 10
-17.41735
 20
-30.5
 10
-17.41736
 20
-30.5
  0
LWPOLYLINE
  5
DD
100
AcDbEntity
  8
ASSEMBLY_OUTLINES_TOP
100
AcDbPolyline
 90
        2
 70
         0
 43
0.03
 10
-17.32735
 20
-30.5
 10
-17.32736
 20
-30.5
  0
LWPOLYLINE
  5
DE
100
AcDbEntity
  8
ASSEMBLY_OUTLINES_TOP
100
AcDbPolyline
 90
        2
 70
         0
 43
0.03
 10
-17.23735
 20
-30.5
 10
-17.23736
 20
-30.5
  0
LWPOLYLINE
  5
DF
100
AcDbEntity
  8
ASSEMBLY_OUTLINES_TOP
100
AcDbPolyline
 90
        2
 70
         0
 43
0.03
 10
-17.14735
 20
-30.5
 10
-17.14736
 20
-30.5
  0
LWPOLYLINE
  5
E0
100
AcDbEntity
  8
ASSEMBLY_OUTLINES_TOP
100
AcDbPolyline
 90
        2
 70
         0
 43
0.03
 10
-17.05735
 20
-30.5
 10
-17.05736
 20
-30.5
  0
LWPOLYLINE
  5
E1
100
AcDbEntity
  8
ASSEMBLY_OUTLINES_TOP
100
AcDbPolyline
 90
        2
 70
         0
 43
0.03
 10
-16.96735
 20
-30.5
 10
-16.96736
 20
-30.5
  0
LWPOLYLINE
  5
E2
100
AcDbEntity
  8
ASSEMBLY_OUTLINES_TOP
100
AcDbPolyline
 90
        2
 70
         0
 43
0.03
 10
-16.87735
 20
-30.5
 10
-16.87736
 20
-30.5
  0
LWPOLYLINE
  5
E3
100
AcDbEntity
  8
ASSEMBLY_OUTLINES_TOP
100
AcDbPolyline
 90
        2
 70
         0
 43
0.03
 10
-16.78735
 20
-30.5
 10
-16.78736
 20
-30.5
  0
LWPOLYLINE
  5
E4
100
AcDbEntity
  8
ASSEMBLY_OUTLINES_TOP
100
AcDbPolyline
 90
        2
 70
         0
 43
0.03
 10
-16.69735
 20
-30.5
 10
-16.69736
 20
-30.5
  0
LWPOLYLINE
  5
E5
100
AcDbEntity
  8
ASSEMBLY_OUTLINES_TOP
100
AcDbPolyline
 90
        2
 70
         0
 43
0.03
 10
-16.60735
 20
-30.5
 10
-16.60736
 20
-30.5
  0
LWPOLYLINE
  5
E6
100
AcDbEntity
  8
ASSEMBLY_OUTLINES_TOP
100
AcDbPolyline
 90
        2
 70
         0
 43
0.03
 10
-16.51735
 20
-30.5
 10
-16.51736
 20
-30.5
  0
LWPOLYLINE
  5
E7
100
AcDbEntity
  8
ASSEMBLY_OUTLINES_TOP
100
AcDbPolyline
 90
        2
 70
         0
 43
0.03
 10
-16.42735
 20
-30.5
 10
-16.42736
 20
-30.5
  0
LWPOLYLINE
  5
E8
100
AcDbEntity
  8
ASSEMBLY_OUTLINES_TOP
100
AcDbPolyline
 90
        2
 70
         0
 43
0.03
 10
-16.33735
 20
-30.5
 10
-16.33736
 20
-30.5
  0
LWPOLYLINE
  5
E9
100
AcDbEntity
  8
ASSEMBLY_OUTLINES_TOP
100
AcDbPolyline
 90
        2
 70
         0
 43
0.03
 10
-16.24735
 20
-30.5
 10
-16.24736
 20
-30.5
  0
LWPOLYLINE
  5
EA
100
AcDbEntity
  8
ASSEMBLY_OUTLINES_TOP
100
AcDbPolyline
 90
        2
 70
         0
 43
0.03
 10
-16.15735
 20
-30.5
 10
-16.15736
 20
-30.5
  0
LWPOLYLINE
  5
EB
100
AcDbEntity
  8
ASSEMBLY_OUTLINES_TOP
100
AcDbPolyline
 90
        2
 70
         0
 43
0.03
 10
-16.06735
 20
-30.5
 10
-16.06736
 20
-30.5
  0
LWPOLYLINE
  5
EC
100
AcDbEntity
  8
ASSEMBLY_OUTLINES_TOP
100
AcDbPolyline
 90
        2
 70
         0
 43
0.03
 10
-15.97735
 20
-30.5
 10
-15.97736
 20
-30.5
  0
LWPOLYLINE
  5
ED
100
AcDbEntity
  8
ASSEMBLY_OUTLINES_TOP
100
AcDbPolyline
 90
        2
 70
         0
 43
0.03
 10
-15.88735
 20
-30.5
 10
-15.88736
 20
-30.5
  0
LWPOLYLINE
  5
EE
100
AcDbEntity
  8
ASSEMBLY_OUTLINES_TOP
100
AcDbPolyline
 90
        2
 70
         0
 43
0.03
 10
-15.79735
 20
-30.5
 10
-15.79736
 20
-30.5
  0
LWPOLYLINE
  5
EF
100
AcDbEntity
  8
ASSEMBLY_OUTLINES_TOP
100
AcDbPolyline
 90
        2
 70
         0
 43
0.03
 10
-15.70735
 20
-30.5
 10
-15.70736
 20
-30.5
  0
LWPOLYLINE
  5
F0
100
AcDbEntity
  8
ASSEMBLY_OUTLINES_TOP
100
AcDbPolyline
 90
        2
 70
         0
 43
0.03
 10
-15.61735
 20
-30.5
 10
-15.61736
 20
-30.5
  0
LWPOLYLINE
  5
F1
100
AcDbEntity
  8
ASSEMBLY_OUTLINES_TOP
100
AcDbPolyline
 90
        2
 70
         0
 43
0.03
 10
-15.52735
 20
-30.5
 10
-15.52736
 20
-30.5
  0
LWPOLYLINE
  5
F2
100
AcDbEntity
  8
ASSEMBLY_OUTLINES_TOP
100
AcDbPolyline
 90
        2
 70
         0
 43
0.03
 10
-15.43735
 20
-30.5
 10
-15.43736
 20
-30.5
  0
LWPOLYLINE
  5
F3
100
AcDbEntity
  8
ASSEMBLY_OUTLINES_TOP
100
AcDbPolyline
 90
        2
 70
         0
 43
0.03
 10
-15.34735
 20
-30.5
 10
-15.34736
 20
-30.5
  0
LWPOLYLINE
  5
F4
100
AcDbEntity
  8
ASSEMBLY_OUTLINES_TOP
100
AcDbPolyline
 90
        2
 70
         0
 43
0.03
 10
-15.25735
 20
-30.5
 10
-15.25736
 20
-30.5
  0
LWPOLYLINE
  5
F5
100
AcDbEntity
  8
ASSEMBLY_OUTLINES_TOP
100
AcDbPolyline
 90
        2
 70
         0
 43
0.03
 10
-15.16735
 20
-30.5
 10
-15.16736
 20
-30.5
  0
LWPOLYLINE
  5
F6
100
AcDbEntity
  8
ASSEMBLY_OUTLINES_TOP
100
AcDbPolyline
 90
        2
 70
         0
 43
0.03
 10
-15.07735
 20
-30.5
 10
-15.07736
 20
-30.5
  0
LWPOLYLINE
  5
F7
100
AcDbEntity
  8
ASSEMBLY_OUTLINES_TOP
100
AcDbPolyline
 90
        2
 70
         0
 43
0.03
 10
-14.98735
 20
-30.5
 10
-14.98736
 20
-30.5
  0
LWPOLYLINE
  5
F8
100
AcDbEntity
  8
ASSEMBLY_OUTLINES_TOP
100
AcDbPolyline
 90
        2
 70
         0
 43
0.03
 10
-14.89735
 20
-30.5
 10
-14.89736
 20
-30.5
  0
LWPOLYLINE
  5
F9
100
AcDbEntity
  8
ASSEMBLY_OUTLINES_TOP
100
AcDbPolyline
 90
        2
 70
         0
 43
0.03
 10
-14.80735
 20
-30.5
 10
-14.80736
 20
-30.5
  0
LWPOLYLINE
  5
FA
100
AcDbEntity
  8
ASSEMBLY_OUTLINES_TOP
100
AcDbPolyline
 90
        2
 70
         0
 43
0.03
 10
-14.71735
 20
-30.5
 10
-14.71736
 20
-30.5
  0
LWPOLYLINE
  5
FB
100
AcDbEntity
  8
ASSEMBLY_OUTLINES_TOP
100
AcDbPolyline
 90
        2
 70
         0
 43
0.03
 10
-14.62735
 20
-30.5
 10
-14.62736
 20
-30.5
  0
LWPOLYLINE
  5
FC
100
AcDbEntity
  8
ASSEMBLY_OUTLINES_TOP
100
AcDbPolyline
 90
        2
 70
         0
 43
0.03
 10
-14.53735
 20
-30.5
 10
-14.53736
 20
-30.5
  0
LWPOLYLINE
  5
FD
100
AcDbEntity
  8
ASSEMBLY_OUTLINES_TOP
100
AcDbPolyline
 90
        2
 70
         0
 43
0.03
 10
-14.44735
 20
-30.5
 10
-14.44736
 20
-30.5
  0
LWPOLYLINE
  5
FE
100
AcDbEntity
  8
ASSEMBLY_OUTLINES_TOP
100
AcDbPolyline
 90
        2
 70
         0
 43
0.03
 10
-14.35735
 20
-30.5
 10
-14.35736
 20
-30.5
  0
LWPOLYLINE
  5
FF
100
AcDbEntity
  8
ASSEMBLY_OUTLINES_TOP
100
AcDbPolyline
 90
        2
 70
         0
 43
0.03
 10
-14.26735
 20
-30.5
 10
-14.26736
 20
-30.5
  0
LWPOLYLINE
  5
100
100
AcDbEntity
  8
ASSEMBLY_OUTLINES_TOP
100
AcDbPolyline
 90
        2
 70
         0
 43
0.03
 10
-14.17735
 20
-30.5
 10
-14.17736
 20
-30.5
  0
LWPOLYLINE
  5
101
100
AcDbEntity
  8
ASSEMBLY_OUTLINES_TOP
100
AcDbPolyline
 90
        2
 70
         0
 43
0.03
 10
-14.08735
 20
-30.5
 10
-14.08736
 20
-30.5
  0
LWPOLYLINE
  5
102
100
AcDbEntity
  8
ASSEMBLY_OUTLINES_TOP
100
AcDbPolyline
 90
        2
 70
         0
 43
0.03
 10
-13.99735
 20
-30.5
 10
-13.99736
 20
-30.5
  0
LWPOLYLINE
  5
103
100
AcDbEntity
  8
ASSEMBLY_OUTLINES_TOP
100
AcDbPolyline
 90
        2
 70
         0
 43
0.03
 10
-13.90735
 20
-30.5
 10
-13.90736
 20
-30.5
  0
LWPOLYLINE
  5
104
100
AcDbEntity
  8
ASSEMBLY_OUTLINES_TOP
100
AcDbPolyline
 90
        2
 70
         0
 43
0.03
 10
-13.81735
 20
-30.5
 10
-13.81736
 20
-30.5
  0
LWPOLYLINE
  5
105
100
AcDbEntity
  8
ASSEMBLY_OUTLINES_TOP
100
AcDbPolyline
 90
        2
 70
         0
 43
0.03
 10
-13.72735
 20
-30.5
 10
-13.72736
 20
-30.5
  0
LWPOLYLINE
  5
106
100
AcDbEntity
  8
ASSEMBLY_OUTLINES_TOP
100
AcDbPolyline
 90
        2
 70
         0
 43
0.03
 10
-13.63735
 20
-30.5
 10
-13.63736
 20
-30.5
  0
LWPOLYLINE
  5
107
100
AcDbEntity
  8
ASSEMBLY_OUTLINES_TOP
100
AcDbPolyline
 90
        2
 70
         0
 43
0.03
 10
-13.54735
 20
-30.5
 10
-13.54736
 20
-30.5
  0
LWPOLYLINE
  5
108
100
AcDbEntity
  8
ASSEMBLY_OUTLINES_TOP
100
AcDbPolyline
 90
        2
 70
         0
 43
0.03
 10
-13.45735
 20
-30.5
 10
-13.45736
 20
-30.5
  0
LWPOLYLINE
  5
109
100
AcDbEntity
  8
ASSEMBLY_OUTLINES_TOP
100
AcDbPolyline
 90
        2
 70
         0
 43
0.03
 10
-13.36735
 20
-30.5
 10
-13.36736
 20
-30.5
  0
LWPOLYLINE
  5
10A
100
AcDbEntity
  8
ASSEMBLY_OUTLINES_TOP
100
AcDbPolyline
 90
        2
 70
         0
 43
0.03
 10
-13.27735
 20
-30.5
 10
-13.27736
 20
-30.5
  0
LWPOLYLINE
  5
10B
100
AcDbEntity
  8
ASSEMBLY_OUTLINES_TOP
100
AcDbPolyline
 90
        2
 70
         0
 43
0.03
 10
-13.18735
 20
-30.5
 10
-13.18736
 20
-30.5
  0
LWPOLYLINE
  5
10C
100
AcDbEntity
  8
ASSEMBLY_OUTLINES_TOP
100
AcDbPolyline
 90
        2
 70
         0
 43
0.03
 10
-13.09735
 20
-30.5
 10
-13.09736
 20
-30.5
  0
LWPOLYLINE
  5
10D
100
AcDbEntity
  8
ASSEMBLY_OUTLINES_TOP
100
AcDbPolyline
 90
        2
 70
         0
 43
0.03
 10
-13.00735
 20
-30.5
 10
-13.00736
 20
-30.5
  0
LWPOLYLINE
  5
10E
100
AcDbEntity
  8
ASSEMBLY_OUTLINES_TOP
100
AcDbPolyline
 90
        2
 70
         0
 43
0.03
 10
-12.91735
 20
-30.5
 10
-12.91736
 20
-30.5
  0
LWPOLYLINE
  5
10F
100
AcDbEntity
  8
ASSEMBLY_OUTLINES_TOP
100
AcDbPolyline
 90
        2
 70
         0
 43
0.03
 10
-12.82735
 20
-30.5
 10
-12.82736
 20
-30.5
  0
LWPOLYLINE
  5
110
100
AcDbEntity
  8
ASSEMBLY_OUTLINES_TOP
100
AcDbPolyline
 90
        2
 70
         0
 43
0.03
 10
-12.73735
 20
-30.5
 10
-12.73736
 20
-30.5
  0
LWPOLYLINE
  5
111
100
AcDbEntity
  8
ASSEMBLY_OUTLINES_TOP
100
AcDbPolyline
 90
        2
 70
         0
 43
0.03
 10
-12.64735
 20
-30.5
 10
-12.64736
 20
-30.5
  0
LWPOLYLINE
  5
112
100
AcDbEntity
  8
ASSEMBLY_OUTLINES_TOP
100
AcDbPolyline
 90
        2
 70
         0
 43
0.03
 10
-12.55735
 20
-30.5
 10
-12.55736
 20
-30.5
  0
LWPOLYLINE
  5
113
100
AcDbEntity
  8
ASSEMBLY_OUTLINES_TOP
100
AcDbPolyline
 90
        2
 70
         0
 43
0.03
 10
-12.46735
 20
-30.5
 10
-12.46736
 20
-30.5
  0
LWPOLYLINE
  5
114
100
AcDbEntity
  8
ASSEMBLY_OUTLINES_TOP
100
AcDbPolyline
 90
        2
 70
         0
 43
0.03
 10
-12.37735
 20
-30.5
 10
-12.37736
 20
-30.5
  0
LWPOLYLINE
  5
115
100
AcDbEntity
  8
ASSEMBLY_OUTLINES_TOP
100
AcDbPolyline
 90
        2
 70
         0
 43
0.03
 10
-12.28735
 20
-30.5
 10
-12.28736
 20
-30.5
  0
LWPOLYLINE
  5
116
100
AcDbEntity
  8
ASSEMBLY_OUTLINES_TOP
100
AcDbPolyline
 90
        2
 70
         0
 43
0.03
 10
-12.19735
 20
-30.5
 10
-12.19736
 20
-30.5
  0
LWPOLYLINE
  5
117
100
AcDbEntity
  8
ASSEMBLY_OUTLINES_TOP
100
AcDbPolyline
 90
        2
 70
         0
 43
0.03
 10
-12.10735
 20
-30.5
 10
-12.10736
 20
-30.5
  0
LWPOLYLINE
  5
118
100
AcDbEntity
  8
ASSEMBLY_OUTLINES_TOP
100
AcDbPolyline
 90
        2
 70
         0
 43
0.03
 10
-12.01735
 20
-30.5
 10
-12.01736
 20
-30.5
  0
LWPOLYLINE
  5
119
100
AcDbEntity
  8
ASSEMBLY_OUTLINES_TOP
100
AcDbPolyline
 90
        2
 70
         0
 43
0.03
 10
-11.92735
 20
-30.5
 10
-11.92736
 20
-30.5
  0
LWPOLYLINE
  5
11A
100
AcDbEntity
  8
ASSEMBLY_OUTLINES_TOP
100
AcDbPolyline
 90
        2
 70
         0
 43
0.03
 10
-11.83735
 20
-30.5
 10
-11.83736
 20
-30.5
  0
LWPOLYLINE
  5
11B
100
AcDbEntity
  8
ASSEMBLY_OUTLINES_TOP
100
AcDbPolyline
 90
        2
 70
         0
 43
0.03
 10
-11.74735
 20
-30.5
 10
-11.74736
 20
-30.5
  0
LWPOLYLINE
  5
11C
100
AcDbEntity
  8
ASSEMBLY_OUTLINES_TOP
100
AcDbPolyline
 90
        2
 70
         0
 43
0.03
 10
-11.65735
 20
-30.5
 10
-11.65736
 20
-30.5
  0
LWPOLYLINE
  5
11D
100
AcDbEntity
  8
ASSEMBLY_OUTLINES_TOP
100
AcDbPolyline
 90
        2
 70
         0
 43
0.03
 10
-11.56735
 20
-30.5
 10
-11.56736
 20
-30.5
  0
LWPOLYLINE
  5
11E
100
AcDbEntity
  8
ASSEMBLY_OUTLINES_TOP
100
AcDbPolyline
 90
        2
 70
         0
 43
0.03
 10
-11.47735
 20
-30.5
 10
-11.47736
 20
-30.5
  0
LWPOLYLINE
  5
11F
100
AcDbEntity
  8
ASSEMBLY_OUTLINES_TOP
100
AcDbPolyline
 90
        2
 70
         0
 43
0.03
 10
-11.38735
 20
-30.5
 10
-11.38736
 20
-30.5
  0
LWPOLYLINE
  5
120
100
AcDbEntity
  8
ASSEMBLY_OUTLINES_TOP
100
AcDbPolyline
 90
        2
 70
         0
 43
0.03
 10
-11.29735
 20
-30.5
 10
-11.29736
 20
-30.5
  0
LWPOLYLINE
  5
121
100
AcDbEntity
  8
ASSEMBLY_OUTLINES_TOP
100
AcDbPolyline
 90
        2
 70
         0
 43
0.03
 10
-11.20735
 20
-30.5
 10
-11.20736
 20
-30.5
  0
LWPOLYLINE
  5
122
100
AcDbEntity
  8
ASSEMBLY_OUTLINES_TOP
100
AcDbPolyline
 90
        2
 70
         0
 43
0.03
 10
-11.11735
 20
-30.5
 10
-11.11736
 20
-30.5
  0
LWPOLYLINE
  5
123
100
AcDbEntity
  8
ASSEMBLY_OUTLINES_TOP
100
AcDbPolyline
 90
        2
 70
         0
 43
0.03
 10
-11.02735
 20
-30.5
 10
-11.02736
 20
-30.5
  0
LWPOLYLINE
  5
124
100
AcDbEntity
  8
ASSEMBLY_OUTLINES_TOP
100
AcDbPolyline
 90
        2
 70
         0
 43
0.03
 10
-10.93735
 20
-30.5
 10
-10.93736
 20
-30.5
  0
LWPOLYLINE
  5
125
100
AcDbEntity
  8
ASSEMBLY_OUTLINES_TOP
100
AcDbPolyline
 90
        2
 70
         0
 43
0.03
 10
-10.84735
 20
-30.5
 10
-10.84736
 20
-30.5
  0
LWPOLYLINE
  5
126
100
AcDbEntity
  8
ASSEMBLY_OUTLINES_TOP
100
AcDbPolyline
 90
        2
 70
         0
 43
0.03
 10
-10.75735
 20
-30.5
 10
-10.75736
 20
-30.5
  0
LWPOLYLINE
  5
127
100
AcDbEntity
  8
ASSEMBLY_OUTLINES_TOP
100
AcDbPolyline
 90
        2
 70
         0
 43
0.03
 10
-10.66735
 20
-30.5
 10
-10.66736
 20
-30.5
  0
LWPOLYLINE
  5
128
100
AcDbEntity
  8
ASSEMBLY_OUTLINES_TOP
100
AcDbPolyline
 90
        2
 70
         0
 43
0.03
 10
-10.57735
 20
-30.5
 10
-10.57736
 20
-30.5
  0
LWPOLYLINE
  5
129
100
AcDbEntity
  8
ASSEMBLY_OUTLINES_TOP
100
AcDbPolyline
 90
        2
 70
         0
 43
0.03
 10
-10.48735
 20
-30.5
 10
-10.48736
 20
-30.5
  0
LWPOLYLINE
  5
12A
100
AcDbEntity
  8
ASSEMBLY_OUTLINES_TOP
100
AcDbPolyline
 90
        2
 70
         0
 43
0.03
 10
-10.39735
 20
-30.5
 10
-10.39736
 20
-30.5
  0
LWPOLYLINE
  5
12B
100
AcDbEntity
  8
ASSEMBLY_OUTLINES_TOP
100
AcDbPolyline
 90
        2
 70
         0
 43
0.03
 10
-10.30735
 20
-30.5
 10
-10.30736
 20
-30.5
  0
LWPOLYLINE
  5
12C
100
AcDbEntity
  8
ASSEMBLY_OUTLINES_TOP
100
AcDbPolyline
 90
        2
 70
         0
 43
0.03
 10
-10.21735
 20
-30.5
 10
-10.21736
 20
-30.5
  0
LWPOLYLINE
  5
12D
100
AcDbEntity
  8
ASSEMBLY_OUTLINES_TOP
100
AcDbPolyline
 90
        2
 70
         0
 43
0.03
 10
-10.12735
 20
-30.5
 10
-10.12736
 20
-30.5
  0
LWPOLYLINE
  5
12E
100
AcDbEntity
  8
ASSEMBLY_OUTLINES_TOP
100
AcDbPolyline
 90
        2
 70
         0
 43
0.03
 10
-10.03735
 20
-30.5
 10
-10.03736
 20
-30.5
  0
LWPOLYLINE
  5
12F
100
AcDbEntity
  8
ASSEMBLY_OUTLINES_TOP
100
AcDbPolyline
 90
        2
 70
         0
 43
0.03
 10
-9.94735
 20
-30.5
 10
-9.94736
 20
-30.5
  0
LWPOLYLINE
  5
130
100
AcDbEntity
  8
ASSEMBLY_OUTLINES_TOP
100
AcDbPolyline
 90
        2
 70
         0
 43
0.03
 10
-9.85735
 20
-30.5
 10
-9.85736
 20
-30.5
  0
LWPOLYLINE
  5
131
100
AcDbEntity
  8
ASSEMBLY_OUTLINES_TOP
100
AcDbPolyline
 90
        2
 70
         0
 43
0.03
 10
-9.76735
 20
-30.5
 10
-9.76736
 20
-30.5
  0
LWPOLYLINE
  5
132
100
AcDbEntity
  8
ASSEMBLY_OUTLINES_TOP
100
AcDbPolyline
 90
        2
 70
         0
 43
0.03
 10
-9.67735
 20
-30.5
 10
-9.67736
 20
-30.5
  0
LWPOLYLINE
  5
133
100
AcDbEntity
  8
ASSEMBLY_OUTLINES_TOP
100
AcDbPolyline
 90
        2
 70
         0
 43
0.03
 10
-9.58735
 20
-30.5
 10
-9.58736
 20
-30.5
  0
LWPOLYLINE
  5
134
100
AcDbEntity
  8
ASSEMBLY_OUTLINES_TOP
100
AcDbPolyline
 90
        2
 70
         0
 43
0.03
 10
-9.49735
 20
-30.5
 10
-9.49736
 20
-30.5
  0
LWPOLYLINE
  5
135
100
AcDbEntity
  8
ASSEMBLY_OUTLINES_TOP
100
AcDbPolyline
 90
        2
 70
         0
 43
0.03
 10
-9.40735
 20
-30.5
 10
-9.40736
 20
-30.5
  0
LWPOLYLINE
  5
136
100
AcDbEntity
  8
ASSEMBLY_OUTLINES_TOP
100
AcDbPolyline
 90
        2
 70
         0
 43
0.03
 10
-9.31735
 20
-30.5
 10
-9.31736
 20
-30.5
  0
LWPOLYLINE
  5
137
100
AcDbEntity
  8
ASSEMBLY_OUTLINES_TOP
100
AcDbPolyline
 90
        2
 70
         0
 43
0.03
 10
-9.22735
 20
-30.5
 10
-9.22736
 20
-30.5
  0
LWPOLYLINE
  5
138
100
AcDbEntity
  8
ASSEMBLY_OUTLINES_TOP
100
AcDbPolyline
 90
        2
 70
         0
 43
0.03
 10
-9.13735
 20
-30.5
 10
-9.13736
 20
-30.5
  0
LWPOLYLINE
  5
139
100
AcDbEntity
  8
ASSEMBLY_OUTLINES_TOP
100
AcDbPolyline
 90
        2
 70
         0
 43
0.03
 10
-9.04735
 20
-30.5
 10
-9.04736
 20
-30.5
  0
LWPOLYLINE
  5
13A
100
AcDbEntity
  8
ASSEMBLY_OUTLINES_TOP
100
AcDbPolyline
 90
        2
 70
         0
 43
0.03
 10
-8.95735
 20
-30.5
 10
-8.95736
 20
-30.5
  0
LWPOLYLINE
  5
13B
100
AcDbEntity
  8
ASSEMBLY_OUTLINES_TOP
100
AcDbPolyline
 90
        2
 70
         0
 43
0.03
 10
-8.86735
 20
-30.5
 10
-8.86736
 20
-30.5
  0
LWPOLYLINE
  5
13C
100
AcDbEntity
  8
ASSEMBLY_OUTLINES_TOP
100
AcDbPolyline
 90
        2
 70
         0
 43
0.03
 10
-8.77735
 20
-30.5
 10
-8.77736
 20
-30.5
  0
LWPOLYLINE
  5
13D
100
AcDbEntity
  8
ASSEMBLY_OUTLINES_TOP
100
AcDbPolyline
 90
        2
 70
         0
 43
0.03
 10
-8.68735
 20
-30.5
 10
-8.68736
 20
-30.5
  0
LWPOLYLINE
  5
13E
100
AcDbEntity
  8
ASSEMBLY_OUTLINES_TOP
100
AcDbPolyline
 90
        2
 70
         0
 43
0.03
 10
-8.59735
 20
-30.5
 10
-8.59736
 20
-30.5
  0
LWPOLYLINE
  5
13F
100
AcDbEntity
  8
ASSEMBLY_OUTLINES_TOP
100
AcDbPolyline
 90
        2
 70
         0
 43
0.03
 10
-8.50735
 20
-30.5
 10
-8.50736
 20
-30.5
  0
LWPOLYLINE
  5
140
100
AcDbEntity
  8
ASSEMBLY_OUTLINES_TOP
100
AcDbPolyline
 90
        2
 70
         0
 43
0.03
 10
-8.41735
 20
-30.5
 10
-8.41736
 20
-30.5
  0
LWPOLYLINE
  5
141
100
AcDbEntity
  8
ASSEMBLY_OUTLINES_TOP
100
AcDbPolyline
 90
        2
 70
         0
 43
0.03
 10
-8.32735
 20
-30.5
 10
-8.32736
 20
-30.5
  0
LWPOLYLINE
  5
142
100
AcDbEntity
  8
ASSEMBLY_OUTLINES_TOP
100
AcDbPolyline
 90
        2
 70
         0
 43
0.03
 10
-8.23735
 20
-30.5
 10
-8.23736
 20
-30.5
  0
LWPOLYLINE
  5
143
100
AcDbEntity
  8
ASSEMBLY_OUTLINES_TOP
100
AcDbPolyline
 90
        2
 70
         0
 43
0.03
 10
-8.14735
 20
-30.5
 10
-8.14736
 20
-30.5
  0
LWPOLYLINE
  5
144
100
AcDbEntity
  8
ASSEMBLY_OUTLINES_TOP
100
AcDbPolyline
 90
        2
 70
         0
 43
0.03
 10
-8.05735
 20
-30.5
 10
-8.05736
 20
-30.5
  0
LWPOLYLINE
  5
145
100
AcDbEntity
  8
ASSEMBLY_OUTLINES_TOP
100
AcDbPolyline
 90
        2
 70
         0
 43
0.03
 10
-7.96735
 20
-30.5
 10
-7.96736
 20
-30.5
  0
LWPOLYLINE
  5
146
100
AcDbEntity
  8
ASSEMBLY_OUTLINES_TOP
100
AcDbPolyline
 90
        2
 70
         0
 43
0.03
 10
-7.87735
 20
-30.5
 10
-7.87736
 20
-30.5
  0
LWPOLYLINE
  5
147
100
AcDbEntity
  8
ASSEMBLY_OUTLINES_TOP
100
AcDbPolyline
 90
        2
 70
         0
 43
0.03
 10
-7.78735
 20
-30.5
 10
-7.78736
 20
-30.5
  0
LWPOLYLINE
  5
148
100
AcDbEntity
  8
ASSEMBLY_OUTLINES_TOP
100
AcDbPolyline
 90
        2
 70
         0
 43
0.03
 10
-7.69735
 20
-30.5
 10
-7.69736
 20
-30.5
  0
LWPOLYLINE
  5
149
100
AcDbEntity
  8
ASSEMBLY_OUTLINES_TOP
100
AcDbPolyline
 90
        2
 70
         0
 43
0.03
 10
-7.60735
 20
-30.5
 10
-7.60736
 20
-30.5
  0
LWPOLYLINE
  5
14A
100
AcDbEntity
  8
ASSEMBLY_OUTLINES_TOP
100
AcDbPolyline
 90
        2
 70
         0
 43
0.03
 10
-7.51735
 20
-30.5
 10
-7.51736
 20
-30.5
  0
LWPOLYLINE
  5
14B
100
AcDbEntity
  8
ASSEMBLY_OUTLINES_TOP
100
AcDbPolyline
 90
        2
 70
         0
 43
0.03
 10
-7.42735
 20
-30.5
 10
-7.42736
 20
-30.5
  0
LWPOLYLINE
  5
14C
100
AcDbEntity
  8
ASSEMBLY_OUTLINES_TOP
100
AcDbPolyline
 90
        2
 70
         0
 43
0.03
 10
-7.33735
 20
-30.5
 10
-7.33736
 20
-30.5
  0
LWPOLYLINE
  5
14D
100
AcDbEntity
  8
ASSEMBLY_OUTLINES_TOP
100
AcDbPolyline
 90
        2
 70
         0
 43
0.03
 10
-7.24735
 20
-30.5
 10
-7.24736
 20
-30.5
  0
LWPOLYLINE
  5
14E
100
AcDbEntity
  8
ASSEMBLY_OUTLINES_TOP
100
AcDbPolyline
 90
        2
 70
         0
 43
0.03
 10
-7.15735
 20
-30.5
 10
-7.15736
 20
-30.5
  0
LWPOLYLINE
  5
14F
100
AcDbEntity
  8
ASSEMBLY_OUTLINES_TOP
100
AcDbPolyline
 90
        2
 70
         0
 43
0.03
 10
-7.06735
 20
-30.5
 10
-7.06736
 20
-30.5
  0
LWPOLYLINE
  5
150
100
AcDbEntity
  8
ASSEMBLY_OUTLINES_TOP
100
AcDbPolyline
 90
        2
 70
         0
 43
0.03
 10
-6.97735
 20
-30.5
 10
-6.97736
 20
-30.5
  0
LWPOLYLINE
  5
151
100
AcDbEntity
  8
ASSEMBLY_OUTLINES_TOP
100
AcDbPolyline
 90
        2
 70
         0
 43
0.03
 10
-6.88735
 20
-30.5
 10
-6.88736
 20
-30.5
  0
LWPOLYLINE
  5
152
100
AcDbEntity
  8
ASSEMBLY_OUTLINES_TOP
100
AcDbPolyline
 90
        2
 70
         0
 43
0.03
 10
-6.79735
 20
-30.5
 10
-6.79736
 20
-30.5
  0
LWPOLYLINE
  5
153
100
AcDbEntity
  8
ASSEMBLY_OUTLINES_TOP
100
AcDbPolyline
 90
        2
 70
         0
 43
0.03
 10
-6.70735
 20
-30.5
 10
-6.70736
 20
-30.5
  0
LWPOLYLINE
  5
154
100
AcDbEntity
  8
ASSEMBLY_OUTLINES_TOP
100
AcDbPolyline
 90
        2
 70
         0
 43
0.03
 10
-6.61735
 20
-30.5
 10
-6.61736
 20
-30.5
  0
LWPOLYLINE
  5
155
100
AcDbEntity
  8
ASSEMBLY_OUTLINES_TOP
100
AcDbPolyline
 90
        2
 70
         0
 43
0.03
 10
-6.52735
 20
-30.5
 10
-6.52736
 20
-30.5
  0
LWPOLYLINE
  5
156
100
AcDbEntity
  8
ASSEMBLY_OUTLINES_TOP
100
AcDbPolyline
 90
        2
 70
         0
 43
0.03
 10
-6.43735
 20
-30.5
 10
-6.43736
 20
-30.5
  0
LWPOLYLINE
  5
157
100
AcDbEntity
  8
ASSEMBLY_OUTLINES_TOP
100
AcDbPolyline
 90
        2
 70
         0
 43
0.03
 10
-6.34735
 20
-30.5
 10
-6.34736
 20
-30.5
  0
LWPOLYLINE
  5
158
100
AcDbEntity
  8
ASSEMBLY_OUTLINES_TOP
100
AcDbPolyline
 90
        2
 70
         0
 43
0.03
 10
-6.25735
 20
-30.5
 10
-6.25736
 20
-30.5
  0
LWPOLYLINE
  5
159
100
AcDbEntity
  8
ASSEMBLY_OUTLINES_TOP
100
AcDbPolyline
 90
        2
 70
         0
 43
0.03
 10
-6.16735
 20
-30.5
 10
-6.16736
 20
-30.5
  0
LWPOLYLINE
  5
15A
100
AcDbEntity
  8
ASSEMBLY_OUTLINES_TOP
100
AcDbPolyline
 90
        2
 70
         0
 43
0.03
 10
-6.07735
 20
-30.5
 10
-6.07736
 20
-30.5
  0
LWPOLYLINE
  5
15B
100
AcDbEntity
  8
ASSEMBLY_OUTLINES_TOP
100
AcDbPolyline
 90
        2
 70
         0
 43
0.03
 10
-5.98735
 20
-30.5
 10
-5.98736
 20
-30.5
  0
LWPOLYLINE
  5
15C
100
AcDbEntity
  8
ASSEMBLY_OUTLINES_TOP
100
AcDbPolyline
 90
        2
 70
         0
 43
0.03
 10
-5.89735
 20
-30.5
 10
-5.89736
 20
-30.5
  0
LWPOLYLINE
  5
15D
100
AcDbEntity
  8
ASSEMBLY_OUTLINES_TOP
100
AcDbPolyline
 90
        2
 70
         0
 43
0.03
 10
-5.80735
 20
-30.5
 10
-5.80736
 20
-30.5
  0
LWPOLYLINE
  5
15E
100
AcDbEntity
  8
ASSEMBLY_OUTLINES_TOP
100
AcDbPolyline
 90
        2
 70
         0
 43
0.03
 10
-5.71735
 20
-30.5
 10
-5.71736
 20
-30.5
  0
LWPOLYLINE
  5
15F
100
AcDbEntity
  8
ASSEMBLY_OUTLINES_TOP
100
AcDbPolyline
 90
        2
 70
         0
 43
0.03
 10
-5.62735
 20
-30.5
 10
-5.62736
 20
-30.5
  0
LWPOLYLINE
  5
160
100
AcDbEntity
  8
ASSEMBLY_OUTLINES_TOP
100
AcDbPolyline
 90
        2
 70
         0
 43
0.03
 10
-5.53735
 20
-30.5
 10
-5.53736
 20
-30.5
  0
LWPOLYLINE
  5
161
100
AcDbEntity
  8
ASSEMBLY_OUTLINES_TOP
100
AcDbPolyline
 90
        2
 70
         0
 43
0.03
 10
-5.44735
 20
-30.5
 10
-5.44736
 20
-30.5
  0
LWPOLYLINE
  5
162
100
AcDbEntity
  8
ASSEMBLY_OUTLINES_TOP
100
AcDbPolyline
 90
        2
 70
         0
 43
0.03
 10
-5.35735
 20
-30.5
 10
-5.35736
 20
-30.5
  0
LWPOLYLINE
  5
163
100
AcDbEntity
  8
ASSEMBLY_OUTLINES_TOP
100
AcDbPolyline
 90
        2
 70
         0
 43
0.03
 10
-5.26735
 20
-30.5
 10
-5.26736
 20
-30.5
  0
LWPOLYLINE
  5
164
100
AcDbEntity
  8
ASSEMBLY_OUTLINES_TOP
100
AcDbPolyline
 90
        2
 70
         0
 43
0.03
 10
-5.17735
 20
-30.5
 10
-5.17736
 20
-30.5
  0
LWPOLYLINE
  5
165
100
AcDbEntity
  8
ASSEMBLY_OUTLINES_TOP
100
AcDbPolyline
 90
        2
 70
         0
 43
0.03
 10
-5.08735
 20
-30.5
 10
-5.08736
 20
-30.5
  0
LWPOLYLINE
  5
166
100
AcDbEntity
  8
ASSEMBLY_OUTLINES_TOP
100
AcDbPolyline
 90
        2
 70
         0
 43
0.03
 10
-4.99735
 20
-30.5
 10
-4.99736
 20
-30.5
  0
LWPOLYLINE
  5
167
100
AcDbEntity
  8
ASSEMBLY_OUTLINES_TOP
100
AcDbPolyline
 90
        2
 70
         0
 43
0.03
 10
-4.90735
 20
-30.5
 10
-4.90736
 20
-30.5
  0
LWPOLYLINE
  5
168
100
AcDbEntity
  8
ASSEMBLY_OUTLINES_TOP
100
AcDbPolyline
 90
        2
 70
         0
 43
0.03
 10
-4.81735
 20
-30.5
 10
-4.81736
 20
-30.5
  0
LWPOLYLINE
  5
169
100
AcDbEntity
  8
ASSEMBLY_OUTLINES_TOP
100
AcDbPolyline
 90
        2
 70
         0
 43
0.03
 10
-4.72735
 20
-30.5
 10
-4.72736
 20
-30.5
  0
LWPOLYLINE
  5
16A
100
AcDbEntity
  8
ASSEMBLY_OUTLINES_TOP
100
AcDbPolyline
 90
        2
 70
         0
 43
0.03
 10
-4.63735
 20
-30.5
 10
-4.63736
 20
-30.5
  0
LWPOLYLINE
  5
16B
100
AcDbEntity
  8
ASSEMBLY_OUTLINES_TOP
100
AcDbPolyline
 90
        2
 70
         0
 43
0.03
 10
-4.54735
 20
-30.5
 10
-4.54736
 20
-30.5
  0
LWPOLYLINE
  5
16C
100
AcDbEntity
  8
ASSEMBLY_OUTLINES_TOP
100
AcDbPolyline
 90
        2
 70
         0
 43
0.03
 10
-4.45735
 20
-30.5
 10
-4.45736
 20
-30.5
  0
LWPOLYLINE
  5
16D
100
AcDbEntity
  8
ASSEMBLY_OUTLINES_TOP
100
AcDbPolyline
 90
        2
 70
         0
 43
0.03
 10
-4.36735
 20
-30.5
 10
-4.36736
 20
-30.5
  0
LWPOLYLINE
  5
16E
100
AcDbEntity
  8
ASSEMBLY_OUTLINES_TOP
100
AcDbPolyline
 90
        2
 70
         0
 43
0.03
 10
-4.27735
 20
-30.5
 10
-4.27736
 20
-30.5
  0
LWPOLYLINE
  5
16F
100
AcDbEntity
  8
ASSEMBLY_OUTLINES_TOP
100
AcDbPolyline
 90
        2
 70
         0
 43
0.03
 10
-4.18735
 20
-30.5
 10
-4.18736
 20
-30.5
  0
LWPOLYLINE
  5
170
100
AcDbEntity
  8
ASSEMBLY_OUTLINES_TOP
100
AcDbPolyline
 90
        2
 70
         0
 43
0.03
 10
-4.09735
 20
-30.5
 10
-4.09736
 20
-30.5
  0
LWPOLYLINE
  5
171
100
AcDbEntity
  8
ASSEMBLY_OUTLINES_TOP
100
AcDbPolyline
 90
        2
 70
         0
 43
0.03
 10
-4.00735
 20
-30.5
 10
-4.00736
 20
-30.5
  0
LWPOLYLINE
  5
172
100
AcDbEntity
  8
ASSEMBLY_OUTLINES_TOP
100
AcDbPolyline
 90
        2
 70
         0
 43
0.03
 10
-3.91735
 20
-30.5
 10
-3.91736
 20
-30.5
  0
LWPOLYLINE
  5
173
100
AcDbEntity
  8
ASSEMBLY_OUTLINES_TOP
100
AcDbPolyline
 90
        2
 70
         0
 43
0.03
 10
-3.82735
 20
-30.5
 10
-3.82736
 20
-30.5
  0
LWPOLYLINE
  5
174
100
AcDbEntity
  8
ASSEMBLY_OUTLINES_TOP
100
AcDbPolyline
 90
        2
 70
         0
 43
0.03
 10
-3.73735
 20
-30.5
 10
-3.73736
 20
-30.5
  0
LWPOLYLINE
  5
175
100
AcDbEntity
  8
ASSEMBLY_OUTLINES_TOP
100
AcDbPolyline
 90
        2
 70
         0
 43
0.03
 10
-3.64735
 20
-30.5
 10
-3.64736
 20
-30.5
  0
LWPOLYLINE
  5
176
100
AcDbEntity
  8
ASSEMBLY_OUTLINES_TOP
100
AcDbPolyline
 90
        2
 70
         0
 43
0.03
 10
-3.55735
 20
-30.5
 10
-3.55736
 20
-30.5
  0
LWPOLYLINE
  5
177
100
AcDbEntity
  8
ASSEMBLY_OUTLINES_TOP
100
AcDbPolyline
 90
        2
 70
         0
 43
0.03
 10
-3.46735
 20
-30.5
 10
-3.46736
 20
-30.5
  0
LWPOLYLINE
  5
178
100
AcDbEntity
  8
ASSEMBLY_OUTLINES_TOP
100
AcDbPolyline
 90
        2
 70
         0
 43
0.03
 10
-3.37735
 20
-30.5
 10
-3.37736
 20
-30.5
  0
LWPOLYLINE
  5
179
100
AcDbEntity
  8
ASSEMBLY_OUTLINES_TOP
100
AcDbPolyline
 90
        2
 70
         0
 43
0.03
 10
-3.28735
 20
-30.5
 10
-3.28736
 20
-30.5
  0
LWPOLYLINE
  5
17A
100
AcDbEntity
  8
ASSEMBLY_OUTLINES_TOP
100
AcDbPolyline
 90
        2
 70
         0
 43
0.03
 10
-3.19735
 20
-30.5
 10
-3.19736
 20
-30.5
  0
LWPOLYLINE
  5
17B
100
AcDbEntity
  8
ASSEMBLY_OUTLINES_TOP
100
AcDbPolyline
 90
        2
 70
         0
 43
0.03
 10
-3.10735
 20
-30.5
 10
-3.10736
 20
-30.5
  0
LWPOLYLINE
  5
17C
100
AcDbEntity
  8
ASSEMBLY_OUTLINES_TOP
100
AcDbPolyline
 90
        2
 70
         0
 43
0.03
 10
-3.01735
 20
-30.5
 10
-3.01736
 20
-30.5
  0
LWPOLYLINE
  5
17D
100
AcDbEntity
  8
ASSEMBLY_OUTLINES_TOP
100
AcDbPolyline
 90
        2
 70
         0
 43
0.03
 10
-2.92735
 20
-30.5
 10
-2.92736
 20
-30.5
  0
LWPOLYLINE
  5
17E
100
AcDbEntity
  8
ASSEMBLY_OUTLINES_TOP
100
AcDbPolyline
 90
        2
 70
         0
 43
0.03
 10
-2.83735
 20
-30.5
 10
-2.83736
 20
-30.5
  0
LWPOLYLINE
  5
17F
100
AcDbEntity
  8
ASSEMBLY_OUTLINES_TOP
100
AcDbPolyline
 90
        2
 70
         0
 43
0.03
 10
-2.74735
 20
-30.5
 10
-2.74736
 20
-30.5
  0
LWPOLYLINE
  5
180
100
AcDbEntity
  8
ASSEMBLY_OUTLINES_TOP
100
AcDbPolyline
 90
        2
 70
         0
 43
0.03
 10
-2.65735
 20
-30.5
 10
-2.65736
 20
-30.5
  0
LWPOLYLINE
  5
181
100
AcDbEntity
  8
ASSEMBLY_OUTLINES_TOP
100
AcDbPolyline
 90
        2
 70
         0
 43
0.03
 10
-2.56735
 20
-30.5
 10
-2.56736
 20
-30.5
  0
LWPOLYLINE
  5
182
100
AcDbEntity
  8
ASSEMBLY_OUTLINES_TOP
100
AcDbPolyline
 90
        2
 70
         0
 43
0.03
 10
-2.47735
 20
-30.5
 10
-2.47736
 20
-30.5
  0
LWPOLYLINE
  5
183
100
AcDbEntity
  8
ASSEMBLY_OUTLINES_TOP
100
AcDbPolyline
 90
        2
 70
         0
 43
0.03
 10
-2.38735
 20
-30.5
 10
-2.38736
 20
-30.5
  0
LWPOLYLINE
  5
184
100
AcDbEntity
  8
ASSEMBLY_OUTLINES_TOP
100
AcDbPolyline
 90
        2
 70
         0
 43
0.03
 10
-2.29735
 20
-30.5
 10
-2.29736
 20
-30.5
  0
LWPOLYLINE
  5
185
100
AcDbEntity
  8
ASSEMBLY_OUTLINES_TOP
100
AcDbPolyline
 90
        2
 70
         0
 43
0.03
 10
-2.20735
 20
-30.5
 10
-2.20736
 20
-30.5
  0
LWPOLYLINE
  5
186
100
AcDbEntity
  8
ASSEMBLY_OUTLINES_TOP
100
AcDbPolyline
 90
        2
 70
         0
 43
0.03
 10
-2.11735
 20
-30.5
 10
-2.11736
 20
-30.5
  0
LWPOLYLINE
  5
187
100
AcDbEntity
  8
ASSEMBLY_OUTLINES_TOP
100
AcDbPolyline
 90
        2
 70
         0
 43
0.03
 10
-2.02735
 20
-30.5
 10
-2.02736
 20
-30.5
  0
LWPOLYLINE
  5
188
100
AcDbEntity
  8
ASSEMBLY_OUTLINES_TOP
100
AcDbPolyline
 90
        2
 70
         0
 43
0.03
 10
-1.93735
 20
-30.5
 10
-1.93736
 20
-30.5
  0
LWPOLYLINE
  5
189
100
AcDbEntity
  8
ASSEMBLY_OUTLINES_TOP
100
AcDbPolyline
 90
        2
 70
         0
 43
0.03
 10
-1.84735
 20
-30.5
 10
-1.84736
 20
-30.5
  0
LWPOLYLINE
  5
18A
100
AcDbEntity
  8
ASSEMBLY_OUTLINES_TOP
100
AcDbPolyline
 90
        2
 70
         0
 43
0.03
 10
-1.75735
 20
-30.5
 10
-1.75736
 20
-30.5
  0
LWPOLYLINE
  5
18B
100
AcDbEntity
  8
ASSEMBLY_OUTLINES_TOP
100
AcDbPolyline
 90
        2
 70
         0
 43
0.03
 10
-1.66735
 20
-30.5
 10
-1.66736
 20
-30.5
  0
LWPOLYLINE
  5
18C
100
AcDbEntity
  8
ASSEMBLY_OUTLINES_TOP
100
AcDbPolyline
 90
        2
 70
         0
 43
0.03
 10
-1.57735
 20
-30.5
 10
-1.57736
 20
-30.5
  0
LWPOLYLINE
  5
18D
100
AcDbEntity
  8
ASSEMBLY_OUTLINES_TOP
100
AcDbPolyline
 90
        2
 70
         0
 43
0.03
 10
-1.48735
 20
-30.5
 10
-1.48736
 20
-30.5
  0
LWPOLYLINE
  5
18E
100
AcDbEntity
  8
ASSEMBLY_OUTLINES_TOP
100
AcDbPolyline
 90
        2
 70
         0
 43
0.03
 10
-1.39735
 20
-30.5
 10
-1.39736
 20
-30.5
  0
LWPOLYLINE
  5
18F
100
AcDbEntity
  8
ASSEMBLY_OUTLINES_TOP
100
AcDbPolyline
 90
        2
 70
         0
 43
0.03
 10
-1.30735
 20
-30.5
 10
-1.30736
 20
-30.5
  0
LWPOLYLINE
  5
190
100
AcDbEntity
  8
ASSEMBLY_OUTLINES_TOP
100
AcDbPolyline
 90
        2
 70
         0
 43
0.03
 10
-1.21735
 20
-30.5
 10
-1.21736
 20
-30.5
  0
LWPOLYLINE
  5
191
100
AcDbEntity
  8
ASSEMBLY_OUTLINES_TOP
100
AcDbPolyline
 90
        2
 70
         0
 43
0.03
 10
-1.12735
 20
-30.5
 10
-1.12736
 20
-30.5
  0
LWPOLYLINE
  5
192
100
AcDbEntity
  8
ASSEMBLY_OUTLINES_TOP
100
AcDbPolyline
 90
        2
 70
         0
 43
0.03
 10
-1.03735
 20
-30.5
 10
-1.03736
 20
-30.5
  0
LWPOLYLINE
  5
193
100
AcDbEntity
  8
ASSEMBLY_OUTLINES_TOP
100
AcDbPolyline
 90
        2
 70
         0
 43
0.03
 10
-0.94735
 20
-30.5
 10
-0.94736
 20
-30.5
  0
LWPOLYLINE
  5
194
100
AcDbEntity
  8
ASSEMBLY_OUTLINES_TOP
100
AcDbPolyline
 90
        2
 70
         0
 43
0.03
 10
-0.85735
 20
-30.5
 10
-0.85736
 20
-30.5
  0
LWPOLYLINE
  5
195
100
AcDbEntity
  8
ASSEMBLY_OUTLINES_TOP
100
AcDbPolyline
 90
        2
 70
         0
 43
0.03
 10
-0.76735
 20
-30.5
 10
-0.76736
 20
-30.5
  0
LWPOLYLINE
  5
196
100
AcDbEntity
  8
ASSEMBLY_OUTLINES_TOP
100
AcDbPolyline
 90
        2
 70
         0
 43
0.03
 10
-0.67735
 20
-30.5
 10
-0.67736
 20
-30.5
  0
LWPOLYLINE
  5
197
100
AcDbEntity
  8
ASSEMBLY_OUTLINES_TOP
100
AcDbPolyline
 90
        2
 70
         0
 43
0.03
 10
-0.58735
 20
-30.5
 10
-0.58736
 20
-30.5
  0
LWPOLYLINE
  5
198
100
AcDbEntity
  8
ASSEMBLY_OUTLINES_TOP
100
AcDbPolyline
 90
        2
 70
         0
 43
0.03
 10
-0.49735
 20
-30.5
 10
-0.49736
 20
-30.5
  0
LWPOLYLINE
  5
199
100
AcDbEntity
  8
ASSEMBLY_OUTLINES_TOP
100
AcDbPolyline
 90
        2
 70
         0
 43
0.03
 10
-0.40735
 20
-30.5
 10
-0.40736
 20
-30.5
  0
LWPOLYLINE
  5
19A
100
AcDbEntity
  8
ASSEMBLY_OUTLINES_TOP
100
AcDbPolyline
 90
        2
 70
         0
 43
0.03
 10
-0.31735
 20
-30.5
 10
-0.31736
 20
-30.5
  0
LWPOLYLINE
  5
19B
100
AcDbEntity
  8
ASSEMBLY_OUTLINES_TOP
100
AcDbPolyline
 90
        2
 70
         0
 43
0.03
 10
-0.22735
 20
-30.5
 10
-0.22736
 20
-30.5
  0
LWPOLYLINE
  5
19C
100
AcDbEntity
  8
ASSEMBLY_OUTLINES_TOP
100
AcDbPolyline
 90
        2
 70
         0
 43
0.03
 10
-0.13735
 20
-30.5
 10
-0.13736
 20
-30.5
  0
LWPOLYLINE
  5
19D
100
AcDbEntity
  8
ASSEMBLY_OUTLINES_TOP
100
AcDbPolyline
 90
        2
 70
         0
 43
0.03
 10
-0.04735
 20
-30.5
 10
-0.04736
 20
-30.5
  0
LWPOLYLINE
  5
19E
100
AcDbEntity
  8
ASSEMBLY_OUTLINES_TOP
100
AcDbPolyline
 90
        2
 70
         0
 43
0.03
 10
0.04265
 20
-30.5
 10
0.04264
 20
-30.5
  0
LWPOLYLINE
  5
19F
100
AcDbEntity
  8
ASSEMBLY_OUTLINES_TOP
100
AcDbPolyline
 90
        2
 70
         0
 43
0.03
 10
0.13265
 20
-30.5
 10
0.13264
 20
-30.5
  0
LWPOLYLINE
  5
1A0
100
AcDbEntity
  8
ASSEMBLY_OUTLINES_TOP
100
AcDbPolyline
 90
        2
 70
         0
 43
0.03
 10
0.22265
 20
-30.5
 10
0.22264
 20
-30.5
  0
LWPOLYLINE
  5
1A1
100
AcDbEntity
  8
ASSEMBLY_OUTLINES_TOP
100
AcDbPolyline
 90
        2
 70
         0
 43
0.03
 10
0.31265
 20
-30.5
 10
0.31264
 20
-30.5
  0
LWPOLYLINE
  5
1A2
100
AcDbEntity
  8
ASSEMBLY_OUTLINES_TOP
100
AcDbPolyline
 90
        2
 70
         0
 43
0.03
 10
0.40265
 20
-30.5
 10
0.40264
 20
-30.5
  0
LWPOLYLINE
  5
1A3
100
AcDbEntity
  8
ASSEMBLY_OUTLINES_TOP
100
AcDbPolyline
 90
        2
 70
         0
 43
0.03
 10
0.49265
 20
-30.5
 10
0.49264
 20
-30.5
  0
LWPOLYLINE
  5
1A4
100
AcDbEntity
  8
ASSEMBLY_OUTLINES_TOP
100
AcDbPolyline
 90
        2
 70
         0
 43
0.03
 10
0.58265
 20
-30.5
 10
0.58264
 20
-30.5
  0
LWPOLYLINE
  5
1A5
100
AcDbEntity
  8
ASSEMBLY_OUTLINES_TOP
100
AcDbPolyline
 90
        2
 70
         0
 43
0.03
 10
0.67265
 20
-30.5
 10
0.67264
 20
-30.5
  0
LWPOLYLINE
  5
1A6
100
AcDbEntity
  8
ASSEMBLY_OUTLINES_TOP
100
AcDbPolyline
 90
        2
 70
         0
 43
0.03
 10
0.76265
 20
-30.5
 10
0.76264
 20
-30.5
  0
LWPOLYLINE
  5
1A7
100
AcDbEntity
  8
ASSEMBLY_OUTLINES_TOP
100
AcDbPolyline
 90
        2
 70
         0
 43
0.03
 10
0.85265
 20
-30.5
 10
0.85264
 20
-30.5
  0
LWPOLYLINE
  5
1A8
100
AcDbEntity
  8
ASSEMBLY_OUTLINES_TOP
100
AcDbPolyline
 90
        2
 70
         0
 43
0.03
 10
0.94265
 20
-30.5
 10
0.94264
 20
-30.5
  0
LWPOLYLINE
  5
1A9
100
AcDbEntity
  8
ASSEMBLY_OUTLINES_TOP
100
AcDbPolyline
 90
        2
 70
         0
 43
0.03
 10
1.03265
 20
-30.5
 10
1.03264
 20
-30.5
  0
LWPOLYLINE
  5
1AA
100
AcDbEntity
  8
ASSEMBLY_OUTLINES_TOP
100
AcDbPolyline
 90
        2
 70
         0
 43
0.03
 10
1.12265
 20
-30.5
 10
1.12264
 20
-30.5
  0
LWPOLYLINE
  5
1AB
100
AcDbEntity
  8
ASSEMBLY_OUTLINES_TOP
100
AcDbPolyline
 90
        2
 70
         0
 43
0.03
 10
1.21265
 20
-30.5
 10
1.21264
 20
-30.5
  0
LWPOLYLINE
  5
1AC
100
AcDbEntity
  8
ASSEMBLY_OUTLINES_TOP
100
AcDbPolyline
 90
        2
 70
         0
 43
0.03
 10
1.30265
 20
-30.5
 10
1.30264
 20
-30.5
  0
LWPOLYLINE
  5
1AD
100
AcDbEntity
  8
ASSEMBLY_OUTLINES_TOP
100
AcDbPolyline
 90
        2
 70
         0
 43
0.03
 10
1.39265
 20
-30.5
 10
1.39264
 20
-30.5
  0
LWPOLYLINE
  5
1AE
100
AcDbEntity
  8
ASSEMBLY_OUTLINES_TOP
100
AcDbPolyline
 90
        2
 70
         0
 43
0.03
 10
1.48265
 20
-30.5
 10
1.48264
 20
-30.5
  0
LWPOLYLINE
  5
1AF
100
AcDbEntity
  8
ASSEMBLY_OUTLINES_TOP
100
AcDbPolyline
 90
        2
 70
         0
 43
0.03
 10
1.57265
 20
-30.5
 10
1.57264
 20
-30.5
  0
LWPOLYLINE
  5
1B0
100
AcDbEntity
  8
ASSEMBLY_OUTLINES_TOP
100
AcDbPolyline
 90
        2
 70
         0
 43
0.03
 10
1.66265
 20
-30.5
 10
1.66264
 20
-30.5
  0
LWPOLYLINE
  5
1B1
100
AcDbEntity
  8
ASSEMBLY_OUTLINES_TOP
100
AcDbPolyline
 90
        2
 70
         0
 43
0.03
 10
1.75265
 20
-30.5
 10
1.75264
 20
-30.5
  0
LWPOLYLINE
  5
1B2
100
AcDbEntity
  8
ASSEMBLY_OUTLINES_TOP
100
AcDbPolyline
 90
        2
 70
         0
 43
0.03
 10
1.84265
 20
-30.5
 10
1.84264
 20
-30.5
  0
LWPOLYLINE
  5
1B3
100
AcDbEntity
  8
ASSEMBLY_OUTLINES_TOP
100
AcDbPolyline
 90
        2
 70
         0
 43
0.03
 10
1.93265
 20
-30.5
 10
1.93264
 20
-30.5
  0
LWPOLYLINE
  5
1B4
100
AcDbEntity
  8
ASSEMBLY_OUTLINES_TOP
100
AcDbPolyline
 90
        2
 70
         0
 43
0.03
 10
2.02265
 20
-30.5
 10
2.02264
 20
-30.5
  0
LWPOLYLINE
  5
1B5
100
AcDbEntity
  8
ASSEMBLY_OUTLINES_TOP
100
AcDbPolyline
 90
        2
 70
         0
 43
0.03
 10
2.11265
 20
-30.5
 10
2.11264
 20
-30.5
  0
LWPOLYLINE
  5
1B6
100
AcDbEntity
  8
ASSEMBLY_OUTLINES_TOP
100
AcDbPolyline
 90
        2
 70
         0
 43
0.03
 10
2.20265
 20
-30.5
 10
2.20264
 20
-30.5
  0
LWPOLYLINE
  5
1B7
100
AcDbEntity
  8
ASSEMBLY_OUTLINES_TOP
100
AcDbPolyline
 90
        2
 70
         0
 43
0.03
 10
2.29265
 20
-30.5
 10
2.29264
 20
-30.5
  0
LWPOLYLINE
  5
1B8
100
AcDbEntity
  8
ASSEMBLY_OUTLINES_TOP
100
AcDbPolyline
 90
        2
 70
         0
 43
0.03
 10
2.38265
 20
-30.5
 10
2.38264
 20
-30.5
  0
LWPOLYLINE
  5
1B9
100
AcDbEntity
  8
ASSEMBLY_OUTLINES_TOP
100
AcDbPolyline
 90
        2
 70
         0
 43
0.03
 10
2.47265
 20
-30.5
 10
2.47264
 20
-30.5
  0
LWPOLYLINE
  5
1BA
100
AcDbEntity
  8
ASSEMBLY_OUTLINES_TOP
100
AcDbPolyline
 90
        2
 70
         0
 43
0.03
 10
2.56265
 20
-30.5
 10
2.56264
 20
-30.5
  0
LWPOLYLINE
  5
1BB
100
AcDbEntity
  8
ASSEMBLY_OUTLINES_TOP
100
AcDbPolyline
 90
        2
 70
         0
 43
0.03
 10
2.65265
 20
-30.5
 10
2.65264
 20
-30.5
  0
LWPOLYLINE
  5
1BC
100
AcDbEntity
  8
ASSEMBLY_OUTLINES_TOP
100
AcDbPolyline
 90
        2
 70
         0
 43
0.03
 10
2.74265
 20
-30.5
 10
2.74264
 20
-30.5
  0
LWPOLYLINE
  5
1BD
100
AcDbEntity
  8
ASSEMBLY_OUTLINES_TOP
100
AcDbPolyline
 90
        2
 70
         0
 43
0.03
 10
2.83265
 20
-30.5
 10
2.83264
 20
-30.5
  0
LWPOLYLINE
  5
1BE
100
AcDbEntity
  8
ASSEMBLY_OUTLINES_TOP
100
AcDbPolyline
 90
        2
 70
         0
 43
0.03
 10
2.92265
 20
-30.5
 10
2.92264
 20
-30.5
  0
LWPOLYLINE
  5
1BF
100
AcDbEntity
  8
ASSEMBLY_OUTLINES_TOP
100
AcDbPolyline
 90
        2
 70
         0
 43
0.03
 10
3.01265
 20
-30.5
 10
3.01264
 20
-30.5
  0
LWPOLYLINE
  5
1C0
100
AcDbEntity
  8
ASSEMBLY_OUTLINES_TOP
100
AcDbPolyline
 90
        2
 70
         0
 43
0.03
 10
3.10265
 20
-30.5
 10
3.10264
 20
-30.5
  0
LWPOLYLINE
  5
1C1
100
AcDbEntity
  8
ASSEMBLY_OUTLINES_TOP
100
AcDbPolyline
 90
        2
 70
         0
 43
0.03
 10
3.19265
 20
-30.5
 10
3.19264
 20
-30.5
  0
LWPOLYLINE
  5
1C2
100
AcDbEntity
  8
ASSEMBLY_OUTLINES_TOP
100
AcDbPolyline
 90
        2
 70
         0
 43
0.03
 10
3.28265
 20
-30.5
 10
3.28264
 20
-30.5
  0
LWPOLYLINE
  5
1C3
100
AcDbEntity
  8
ASSEMBLY_OUTLINES_TOP
100
AcDbPolyline
 90
        2
 70
         0
 43
0.03
 10
3.37265
 20
-30.5
 10
3.37264
 20
-30.5
  0
LWPOLYLINE
  5
1C4
100
AcDbEntity
  8
ASSEMBLY_OUTLINES_TOP
100
AcDbPolyline
 90
        2
 70
         0
 43
0.03
 10
3.46265
 20
-30.5
 10
3.46264
 20
-30.5
  0
LWPOLYLINE
  5
1C5
100
AcDbEntity
  8
ASSEMBLY_OUTLINES_TOP
100
AcDbPolyline
 90
        2
 70
         0
 43
0.03
 10
3.55265
 20
-30.5
 10
3.55264
 20
-30.5
  0
LWPOLYLINE
  5
1C6
100
AcDbEntity
  8
ASSEMBLY_OUTLINES_TOP
100
AcDbPolyline
 90
        2
 70
         0
 43
0.03
 10
3.64265
 20
-30.5
 10
3.64264
 20
-30.5
  0
LWPOLYLINE
  5
1C7
100
AcDbEntity
  8
ASSEMBLY_OUTLINES_TOP
100
AcDbPolyline
 90
        2
 70
         0
 43
0.03
 10
3.73265
 20
-30.5
 10
3.73264
 20
-30.5
  0
LWPOLYLINE
  5
1C8
100
AcDbEntity
  8
ASSEMBLY_OUTLINES_TOP
100
AcDbPolyline
 90
        2
 70
         0
 43
0.03
 10
3.82265
 20
-30.5
 10
3.82264
 20
-30.5
  0
LWPOLYLINE
  5
1C9
100
AcDbEntity
  8
ASSEMBLY_OUTLINES_TOP
100
AcDbPolyline
 90
        2
 70
         0
 43
0.03
 10
3.91265
 20
-30.5
 10
3.91264
 20
-30.5
  0
LWPOLYLINE
  5
1CA
100
AcDbEntity
  8
ASSEMBLY_OUTLINES_TOP
100
AcDbPolyline
 90
        2
 70
         0
 43
0.03
 10
4.00265
 20
-30.5
 10
4.00264
 20
-30.5
  0
LWPOLYLINE
  5
1CB
100
AcDbEntity
  8
ASSEMBLY_OUTLINES_TOP
100
AcDbPolyline
 90
        2
 70
         0
 43
0.03
 10
4.09265
 20
-30.5
 10
4.09264
 20
-30.5
  0
LWPOLYLINE
  5
1CC
100
AcDbEntity
  8
ASSEMBLY_OUTLINES_TOP
100
AcDbPolyline
 90
        2
 70
         0
 43
0.03
 10
4.18265
 20
-30.5
 10
4.18264
 20
-30.5
  0
LWPOLYLINE
  5
1CD
100
AcDbEntity
  8
ASSEMBLY_OUTLINES_TOP
100
AcDbPolyline
 90
        2
 70
         0
 43
0.03
 10
4.27265
 20
-30.5
 10
4.27264
 20
-30.5
  0
LWPOLYLINE
  5
1CE
100
AcDbEntity
  8
ASSEMBLY_OUTLINES_TOP
100
AcDbPolyline
 90
        2
 70
         0
 43
0.03
 10
4.36265
 20
-30.5
 10
4.36264
 20
-30.5
  0
LWPOLYLINE
  5
1CF
100
AcDbEntity
  8
ASSEMBLY_OUTLINES_TOP
100
AcDbPolyline
 90
        2
 70
         0
 43
0.03
 10
4.45265
 20
-30.5
 10
4.45264
 20
-30.5
  0
LWPOLYLINE
  5
1D0
100
AcDbEntity
  8
ASSEMBLY_OUTLINES_TOP
100
AcDbPolyline
 90
        2
 70
         0
 43
0.03
 10
4.54265
 20
-30.5
 10
4.54264
 20
-30.5
  0
LWPOLYLINE
  5
1D1
100
AcDbEntity
  8
ASSEMBLY_OUTLINES_TOP
100
AcDbPolyline
 90
        2
 70
         0
 43
0.03
 10
4.63265
 20
-30.5
 10
4.63264
 20
-30.5
  0
LWPOLYLINE
  5
1D2
100
AcDbEntity
  8
ASSEMBLY_OUTLINES_TOP
100
AcDbPolyline
 90
        2
 70
         0
 43
0.03
 10
4.72265
 20
-30.5
 10
4.72264
 20
-30.5
  0
LWPOLYLINE
  5
1D3
100
AcDbEntity
  8
ASSEMBLY_OUTLINES_TOP
100
AcDbPolyline
 90
        2
 70
         0
 43
0.03
 10
4.81265
 20
-30.5
 10
4.81264
 20
-30.5
  0
LWPOLYLINE
  5
1D4
100
AcDbEntity
  8
ASSEMBLY_OUTLINES_TOP
100
AcDbPolyline
 90
        2
 70
         0
 43
0.03
 10
4.90265
 20
-30.5
 10
4.90264
 20
-30.5
  0
LWPOLYLINE
  5
1D5
100
AcDbEntity
  8
ASSEMBLY_OUTLINES_TOP
100
AcDbPolyline
 90
        2
 70
         0
 43
0.03
 10
4.99265
 20
-30.5
 10
4.99264
 20
-30.5
  0
LWPOLYLINE
  5
1D6
100
AcDbEntity
  8
ASSEMBLY_OUTLINES_TOP
100
AcDbPolyline
 90
        2
 70
         0
 43
0.03
 10
5.08265
 20
-30.5
 10
5.08264
 20
-30.5
  0
LWPOLYLINE
  5
1D7
100
AcDbEntity
  8
ASSEMBLY_OUTLINES_TOP
100
AcDbPolyline
 90
        2
 70
         0
 43
0.03
 10
5.17265
 20
-30.5
 10
5.17264
 20
-30.5
  0
LWPOLYLINE
  5
1D8
100
AcDbEntity
  8
ASSEMBLY_OUTLINES_TOP
100
AcDbPolyline
 90
        2
 70
         0
 43
0.03
 10
5.26265
 20
-30.5
 10
5.26264
 20
-30.5
  0
LWPOLYLINE
  5
1D9
100
AcDbEntity
  8
ASSEMBLY_OUTLINES_TOP
100
AcDbPolyline
 90
        2
 70
         0
 43
0.03
 10
5.35265
 20
-30.5
 10
5.35264
 20
-30.5
  0
LWPOLYLINE
  5
1DA
100
AcDbEntity
  8
ASSEMBLY_OUTLINES_TOP
100
AcDbPolyline
 90
        2
 70
         0
 43
0.03
 10
5.44265
 20
-30.5
 10
5.44264
 20
-30.5
  0
LWPOLYLINE
  5
1DB
100
AcDbEntity
  8
ASSEMBLY_OUTLINES_TOP
100
AcDbPolyline
 90
        2
 70
         0
 43
0.03
 10
5.53265
 20
-30.5
 10
5.53264
 20
-30.5
  0
LWPOLYLINE
  5
1DC
100
AcDbEntity
  8
ASSEMBLY_OUTLINES_TOP
100
AcDbPolyline
 90
        2
 70
         0
 43
0.03
 10
5.62265
 20
-30.5
 10
5.62264
 20
-30.5
  0
LWPOLYLINE
  5
1DD
100
AcDbEntity
  8
ASSEMBLY_OUTLINES_TOP
100
AcDbPolyline
 90
        2
 70
         0
 43
0.03
 10
5.71265
 20
-30.5
 10
5.71264
 20
-30.5
  0
LWPOLYLINE
  5
1DE
100
AcDbEntity
  8
ASSEMBLY_OUTLINES_TOP
100
AcDbPolyline
 90
        2
 70
         0
 43
0.03
 10
5.80265
 20
-30.5
 10
5.80264
 20
-30.5
  0
LWPOLYLINE
  5
1DF
100
AcDbEntity
  8
ASSEMBLY_OUTLINES_TOP
100
AcDbPolyline
 90
        2
 70
         0
 43
0.03
 10
5.89265
 20
-30.5
 10
5.89264
 20
-30.5
  0
LWPOLYLINE
  5
1E0
100
AcDbEntity
  8
ASSEMBLY_OUTLINES_TOP
100
AcDbPolyline
 90
        2
 70
         0
 43
0.03
 10
5.98265
 20
-30.5
 10
5.98264
 20
-30.5
  0
LWPOLYLINE
  5
1E1
100
AcDbEntity
  8
ASSEMBLY_OUTLINES_TOP
100
AcDbPolyline
 90
        2
 70
         0
 43
0.03
 10
6.07265
 20
-30.5
 10
6.07264
 20
-30.5
  0
LWPOLYLINE
  5
1E2
100
AcDbEntity
  8
ASSEMBLY_OUTLINES_TOP
100
AcDbPolyline
 90
        2
 70
         0
 43
0.03
 10
6.16265
 20
-30.5
 10
6.16264
 20
-30.5
  0
LWPOLYLINE
  5
1E3
100
AcDbEntity
  8
ASSEMBLY_OUTLINES_TOP
100
AcDbPolyline
 90
        2
 70
         0
 43
0.03
 10
6.25265
 20
-30.5
 10
6.25264
 20
-30.5
  0
LWPOLYLINE
  5
1E4
100
AcDbEntity
  8
ASSEMBLY_OUTLINES_TOP
100
AcDbPolyline
 90
        2
 70
         0
 43
0.03
 10
6.34265
 20
-30.5
 10
6.34264
 20
-30.5
  0
LWPOLYLINE
  5
1E5
100
AcDbEntity
  8
ASSEMBLY_OUTLINES_TOP
100
AcDbPolyline
 90
        2
 70
         0
 43
0.03
 10
6.43265
 20
-30.5
 10
6.43264
 20
-30.5
  0
LWPOLYLINE
  5
1E6
100
AcDbEntity
  8
ASSEMBLY_OUTLINES_TOP
100
AcDbPolyline
 90
        2
 70
         0
 43
0.03
 10
6.52265
 20
-30.5
 10
6.52264
 20
-30.5
  0
LWPOLYLINE
  5
1E7
100
AcDbEntity
  8
ASSEMBLY_OUTLINES_TOP
100
AcDbPolyline
 90
        2
 70
         0
 43
0.03
 10
6.61265
 20
-30.5
 10
6.61264
 20
-30.5
  0
LWPOLYLINE
  5
1E8
100
AcDbEntity
  8
ASSEMBLY_OUTLINES_TOP
100
AcDbPolyline
 90
        2
 70
         0
 43
0.03
 10
6.70265
 20
-30.5
 10
6.70264
 20
-30.5
  0
LWPOLYLINE
  5
1E9
100
AcDbEntity
  8
ASSEMBLY_OUTLINES_TOP
100
AcDbPolyline
 90
        2
 70
         0
 43
0.03
 10
6.79265
 20
-30.5
 10
6.79264
 20
-30.5
  0
LWPOLYLINE
  5
1EA
100
AcDbEntity
  8
ASSEMBLY_OUTLINES_TOP
100
AcDbPolyline
 90
        2
 70
         0
 43
0.03
 10
6.88265
 20
-30.5
 10
6.88264
 20
-30.5
  0
LWPOLYLINE
  5
1EB
100
AcDbEntity
  8
ASSEMBLY_OUTLINES_TOP
100
AcDbPolyline
 90
        2
 70
         0
 43
0.03
 10
6.97265
 20
-30.5
 10
6.97264
 20
-30.5
  0
LWPOLYLINE
  5
1EC
100
AcDbEntity
  8
ASSEMBLY_OUTLINES_TOP
100
AcDbPolyline
 90
        2
 70
         0
 43
0.03
 10
7.06265
 20
-30.5
 10
7.06264
 20
-30.5
  0
LWPOLYLINE
  5
1ED
100
AcDbEntity
  8
ASSEMBLY_OUTLINES_TOP
100
AcDbPolyline
 90
        2
 70
         0
 43
0.03
 10
7.15265
 20
-30.5
 10
7.15264
 20
-30.5
  0
LWPOLYLINE
  5
1EE
100
AcDbEntity
  8
ASSEMBLY_OUTLINES_TOP
100
AcDbPolyline
 90
        2
 70
         0
 43
0.03
 10
7.24265
 20
-30.5
 10
7.24264
 20
-30.5
  0
LWPOLYLINE
  5
1EF
100
AcDbEntity
  8
ASSEMBLY_OUTLINES_TOP
100
AcDbPolyline
 90
        2
 70
         0
 43
0.03
 10
7.33265
 20
-30.5
 10
7.33264
 20
-30.5
  0
LWPOLYLINE
  5
1F0
100
AcDbEntity
  8
ASSEMBLY_OUTLINES_TOP
100
AcDbPolyline
 90
        2
 70
         0
 43
0.03
 10
7.42265
 20
-30.5
 10
7.42264
 20
-30.5
  0
LWPOLYLINE
  5
1F1
100
AcDbEntity
  8
ASSEMBLY_OUTLINES_TOP
100
AcDbPolyline
 90
        2
 70
         0
 43
0.03
 10
7.51265
 20
-30.5
 10
7.51264
 20
-30.5
  0
LWPOLYLINE
  5
1F2
100
AcDbEntity
  8
ASSEMBLY_OUTLINES_TOP
100
AcDbPolyline
 90
        2
 70
         0
 43
0.03
 10
7.60265
 20
-30.5
 10
7.60264
 20
-30.5
  0
LWPOLYLINE
  5
1F3
100
AcDbEntity
  8
ASSEMBLY_OUTLINES_TOP
100
AcDbPolyline
 90
        2
 70
         0
 43
0.03
 10
7.69265
 20
-30.5
 10
7.69264
 20
-30.5
  0
LWPOLYLINE
  5
1F4
100
AcDbEntity
  8
ASSEMBLY_OUTLINES_TOP
100
AcDbPolyline
 90
        2
 70
         0
 43
0.03
 10
7.78265
 20
-30.5
 10
7.78264
 20
-30.5
  0
LWPOLYLINE
  5
1F5
100
AcDbEntity
  8
ASSEMBLY_OUTLINES_TOP
100
AcDbPolyline
 90
        2
 70
         0
 43
0.03
 10
7.87265
 20
-30.5
 10
7.87264
 20
-30.5
  0
LWPOLYLINE
  5
1F6
100
AcDbEntity
  8
ASSEMBLY_OUTLINES_TOP
100
AcDbPolyline
 90
        2
 70
         0
 43
0.03
 10
7.96265
 20
-30.5
 10
7.96264
 20
-30.5
  0
LWPOLYLINE
  5
1F7
100
AcDbEntity
  8
ASSEMBLY_OUTLINES_TOP
100
AcDbPolyline
 90
        2
 70
         0
 43
0.03
 10
8.05265
 20
-30.5
 10
8.05264
 20
-30.5
  0
LWPOLYLINE
  5
1F8
100
AcDbEntity
  8
ASSEMBLY_OUTLINES_TOP
100
AcDbPolyline
 90
        2
 70
         0
 43
0.03
 10
8.14265
 20
-30.5
 10
8.14264
 20
-30.5
  0
LWPOLYLINE
  5
1F9
100
AcDbEntity
  8
ASSEMBLY_OUTLINES_TOP
100
AcDbPolyline
 90
        2
 70
         0
 43
0.03
 10
8.23265
 20
-30.5
 10
8.23264
 20
-30.5
  0
LWPOLYLINE
  5
1FA
100
AcDbEntity
  8
ASSEMBLY_OUTLINES_TOP
100
AcDbPolyline
 90
        2
 70
         0
 43
0.03
 10
8.32265
 20
-30.5
 10
8.32264
 20
-30.5
  0
LWPOLYLINE
  5
1FB
100
AcDbEntity
  8
ASSEMBLY_OUTLINES_TOP
100
AcDbPolyline
 90
        2
 70
         0
 43
0.03
 10
8.41265
 20
-30.5
 10
8.41264
 20
-30.5
  0
LWPOLYLINE
  5
1FC
100
AcDbEntity
  8
ASSEMBLY_OUTLINES_TOP
100
AcDbPolyline
 90
        2
 70
         0
 43
0.03
 10
8.50265
 20
-30.5
 10
8.50264
 20
-30.5
  0
LWPOLYLINE
  5
1FD
100
AcDbEntity
  8
ASSEMBLY_OUTLINES_TOP
100
AcDbPolyline
 90
        2
 70
         0
 43
0.03
 10
8.59265
 20
-30.5
 10
8.59264
 20
-30.5
  0
LWPOLYLINE
  5
1FE
100
AcDbEntity
  8
ASSEMBLY_OUTLINES_TOP
100
AcDbPolyline
 90
        2
 70
         0
 43
0.03
 10
8.68265
 20
-30.5
 10
8.68264
 20
-30.5
  0
LWPOLYLINE
  5
1FF
100
AcDbEntity
  8
ASSEMBLY_OUTLINES_TOP
100
AcDbPolyline
 90
        2
 70
         0
 43
0.03
 10
8.77265
 20
-30.5
 10
8.77264
 20
-30.5
  0
LWPOLYLINE
  5
200
100
AcDbEntity
  8
ASSEMBLY_OUTLINES_TOP
100
AcDbPolyline
 90
        2
 70
         0
 43
0.03
 10
8.86265
 20
-30.5
 10
8.86264
 20
-30.5
  0
LWPOLYLINE
  5
201
100
AcDbEntity
  8
ASSEMBLY_OUTLINES_TOP
100
AcDbPolyline
 90
        2
 70
         0
 43
0.03
 10
8.95265
 20
-30.5
 10
8.95264
 20
-30.5
  0
LWPOLYLINE
  5
202
100
AcDbEntity
  8
ASSEMBLY_OUTLINES_TOP
100
AcDbPolyline
 90
        2
 70
         0
 43
0.03
 10
9.04265
 20
-30.5
 10
9.04264
 20
-30.5
  0
LWPOLYLINE
  5
203
100
AcDbEntity
  8
ASSEMBLY_OUTLINES_TOP
100
AcDbPolyline
 90
        2
 70
         0
 43
0.03
 10
9.13265
 20
-30.5
 10
9.13264
 20
-30.5
  0
LWPOLYLINE
  5
204
100
AcDbEntity
  8
ASSEMBLY_OUTLINES_TOP
100
AcDbPolyline
 90
        2
 70
         0
 43
0.03
 10
9.22265
 20
-30.5
 10
9.22264
 20
-30.5
  0
LWPOLYLINE
  5
205
100
AcDbEntity
  8
ASSEMBLY_OUTLINES_TOP
100
AcDbPolyline
 90
        2
 70
         0
 43
0.03
 10
9.31265
 20
-30.5
 10
9.31264
 20
-30.5
  0
LWPOLYLINE
  5
206
100
AcDbEntity
  8
ASSEMBLY_OUTLINES_TOP
100
AcDbPolyline
 90
        2
 70
         0
 43
0.03
 10
9.40265
 20
-30.5
 10
9.40264
 20
-30.5
  0
LWPOLYLINE
  5
207
100
AcDbEntity
  8
ASSEMBLY_OUTLINES_TOP
100
AcDbPolyline
 90
        2
 70
         0
 43
0.03
 10
9.49265
 20
-30.5
 10
9.49264
 20
-30.5
  0
LWPOLYLINE
  5
208
100
AcDbEntity
  8
ASSEMBLY_OUTLINES_TOP
100
AcDbPolyline
 90
        2
 70
         0
 43
0.03
 10
9.58265
 20
-30.5
 10
9.58264
 20
-30.5
  0
LWPOLYLINE
  5
209
100
AcDbEntity
  8
ASSEMBLY_OUTLINES_TOP
100
AcDbPolyline
 90
        2
 70
         0
 43
0.03
 10
9.67265
 20
-30.5
 10
9.67264
 20
-30.5
  0
LWPOLYLINE
  5
20A
100
AcDbEntity
  8
ASSEMBLY_OUTLINES_TOP
100
AcDbPolyline
 90
        2
 70
         0
 43
0.03
 10
9.76265
 20
-30.5
 10
9.76264
 20
-30.5
  0
LWPOLYLINE
  5
20B
100
AcDbEntity
  8
ASSEMBLY_OUTLINES_TOP
100
AcDbPolyline
 90
        2
 70
         0
 43
0.03
 10
9.85265
 20
-30.5
 10
9.85264
 20
-30.5
  0
LWPOLYLINE
  5
20C
100
AcDbEntity
  8
ASSEMBLY_OUTLINES_TOP
100
AcDbPolyline
 90
        2
 70
         0
 43
0.03
 10
9.94265
 20
-30.5
 10
9.94264
 20
-30.5
  0
LWPOLYLINE
  5
20D
100
AcDbEntity
  8
ASSEMBLY_OUTLINES_TOP
100
AcDbPolyline
 90
        2
 70
         0
 43
0.03
 10
10.03265
 20
-30.5
 10
10.03264
 20
-30.5
  0
LWPOLYLINE
  5
20E
100
AcDbEntity
  8
ASSEMBLY_OUTLINES_TOP
100
AcDbPolyline
 90
        2
 70
         0
 43
0.03
 10
10.12265
 20
-30.5
 10
10.12264
 20
-30.5
  0
LWPOLYLINE
  5
20F
100
AcDbEntity
  8
ASSEMBLY_OUTLINES_TOP
100
AcDbPolyline
 90
        2
 70
         0
 43
0.03
 10
10.21265
 20
-30.5
 10
10.21264
 20
-30.5
  0
LWPOLYLINE
  5
210
100
AcDbEntity
  8
ASSEMBLY_OUTLINES_TOP
100
AcDbPolyline
 90
        2
 70
         0
 43
0.03
 10
10.30265
 20
-30.5
 10
10.30264
 20
-30.5
  0
LWPOLYLINE
  5
211
100
AcDbEntity
  8
ASSEMBLY_OUTLINES_TOP
100
AcDbPolyline
 90
        2
 70
         0
 43
0.03
 10
10.39265
 20
-30.5
 10
10.39264
 20
-30.5
  0
LWPOLYLINE
  5
212
100
AcDbEntity
  8
ASSEMBLY_OUTLINES_TOP
100
AcDbPolyline
 90
        2
 70
         0
 43
0.03
 10
10.48265
 20
-30.5
 10
10.48264
 20
-30.5
  0
LWPOLYLINE
  5
213
100
AcDbEntity
  8
ASSEMBLY_OUTLINES_TOP
100
AcDbPolyline
 90
        2
 70
         0
 43
0.03
 10
10.57265
 20
-30.5
 10
10.57264
 20
-30.5
  0
LWPOLYLINE
  5
214
100
AcDbEntity
  8
ASSEMBLY_OUTLINES_TOP
100
AcDbPolyline
 90
        2
 70
         0
 43
0.03
 10
10.66265
 20
-30.5
 10
10.66264
 20
-30.5
  0
LWPOLYLINE
  5
215
100
AcDbEntity
  8
ASSEMBLY_OUTLINES_TOP
100
AcDbPolyline
 90
        2
 70
         0
 43
0.03
 10
10.75265
 20
-30.5
 10
10.75264
 20
-30.5
  0
LWPOLYLINE
  5
216
100
AcDbEntity
  8
ASSEMBLY_OUTLINES_TOP
100
AcDbPolyline
 90
        2
 70
         0
 43
0.03
 10
10.84265
 20
-30.5
 10
10.84264
 20
-30.5
  0
LWPOLYLINE
  5
217
100
AcDbEntity
  8
ASSEMBLY_OUTLINES_TOP
100
AcDbPolyline
 90
        2
 70
         0
 43
0.03
 10
10.93265
 20
-30.5
 10
10.93264
 20
-30.5
  0
LWPOLYLINE
  5
218
100
AcDbEntity
  8
ASSEMBLY_OUTLINES_TOP
100
AcDbPolyline
 90
        2
 70
         0
 43
0.03
 10
11.02265
 20
-30.5
 10
11.02264
 20
-30.5
  0
LWPOLYLINE
  5
219
100
AcDbEntity
  8
ASSEMBLY_OUTLINES_TOP
100
AcDbPolyline
 90
        2
 70
         0
 43
0.03
 10
11.11265
 20
-30.5
 10
11.11264
 20
-30.5
  0
LWPOLYLINE
  5
21A
100
AcDbEntity
  8
ASSEMBLY_OUTLINES_TOP
100
AcDbPolyline
 90
        2
 70
         0
 43
0.03
 10
11.20265
 20
-30.5
 10
11.20264
 20
-30.5
  0
LWPOLYLINE
  5
21B
100
AcDbEntity
  8
ASSEMBLY_OUTLINES_TOP
100
AcDbPolyline
 90
        2
 70
         0
 43
0.03
 10
11.29265
 20
-30.5
 10
11.29264
 20
-30.5
  0
LWPOLYLINE
  5
21C
100
AcDbEntity
  8
ASSEMBLY_OUTLINES_TOP
100
AcDbPolyline
 90
        2
 70
         0
 43
0.03
 10
11.38265
 20
-30.5
 10
11.38264
 20
-30.5
  0
LWPOLYLINE
  5
21D
100
AcDbEntity
  8
ASSEMBLY_OUTLINES_TOP
100
AcDbPolyline
 90
        2
 70
         0
 43
0.03
 10
11.47265
 20
-30.5
 10
11.47264
 20
-30.5
  0
LWPOLYLINE
  5
21E
100
AcDbEntity
  8
ASSEMBLY_OUTLINES_TOP
100
AcDbPolyline
 90
        2
 70
         0
 43
0.03
 10
11.56265
 20
-30.5
 10
11.56264
 20
-30.5
  0
LWPOLYLINE
  5
21F
100
AcDbEntity
  8
ASSEMBLY_OUTLINES_TOP
100
AcDbPolyline
 90
        2
 70
         0
 43
0.03
 10
11.65265
 20
-30.5
 10
11.65264
 20
-30.5
  0
LWPOLYLINE
  5
220
100
AcDbEntity
  8
ASSEMBLY_OUTLINES_TOP
100
AcDbPolyline
 90
        2
 70
         0
 43
0.03
 10
11.74265
 20
-30.5
 10
11.74264
 20
-30.5
  0
LWPOLYLINE
  5
221
100
AcDbEntity
  8
ASSEMBLY_OUTLINES_TOP
100
AcDbPolyline
 90
        2
 70
         0
 43
0.03
 10
11.83265
 20
-30.5
 10
11.83264
 20
-30.5
  0
LWPOLYLINE
  5
222
100
AcDbEntity
  8
ASSEMBLY_OUTLINES_TOP
100
AcDbPolyline
 90
        2
 70
         0
 43
0.03
 10
11.92265
 20
-30.5
 10
11.92264
 20
-30.5
  0
LWPOLYLINE
  5
223
100
AcDbEntity
  8
ASSEMBLY_OUTLINES_TOP
100
AcDbPolyline
 90
        2
 70
         0
 43
0.03
 10
12.01265
 20
-30.5
 10
12.01264
 20
-30.5
  0
LWPOLYLINE
  5
224
100
AcDbEntity
  8
ASSEMBLY_OUTLINES_TOP
100
AcDbPolyline
 90
        2
 70
         0
 43
0.03
 10
12.10265
 20
-30.5
 10
12.10264
 20
-30.5
  0
LWPOLYLINE
  5
225
100
AcDbEntity
  8
ASSEMBLY_OUTLINES_TOP
100
AcDbPolyline
 90
        2
 70
         0
 43
0.03
 10
12.19265
 20
-30.5
 10
12.19264
 20
-30.5
  0
LWPOLYLINE
  5
226
100
AcDbEntity
  8
ASSEMBLY_OUTLINES_TOP
100
AcDbPolyline
 90
        2
 70
         0
 43
0.03
 10
12.28265
 20
-30.5
 10
12.28264
 20
-30.5
  0
LWPOLYLINE
  5
227
100
AcDbEntity
  8
ASSEMBLY_OUTLINES_TOP
100
AcDbPolyline
 90
        2
 70
         0
 43
0.03
 10
12.37265
 20
-30.5
 10
12.37264
 20
-30.5
  0
LWPOLYLINE
  5
228
100
AcDbEntity
  8
ASSEMBLY_OUTLINES_TOP
100
AcDbPolyline
 90
        2
 70
         0
 43
0.03
 10
12.46265
 20
-30.5
 10
12.46264
 20
-30.5
  0
LWPOLYLINE
  5
229
100
AcDbEntity
  8
ASSEMBLY_OUTLINES_TOP
100
AcDbPolyline
 90
        2
 70
         0
 43
0.03
 10
12.55265
 20
-30.5
 10
12.55264
 20
-30.5
  0
LWPOLYLINE
  5
22A
100
AcDbEntity
  8
ASSEMBLY_OUTLINES_TOP
100
AcDbPolyline
 90
        2
 70
         0
 43
0.03
 10
12.64265
 20
-30.5
 10
12.64264
 20
-30.5
  0
LWPOLYLINE
  5
22B
100
AcDbEntity
  8
ASSEMBLY_OUTLINES_TOP
100
AcDbPolyline
 90
        2
 70
         0
 43
0.03
 10
12.73265
 20
-30.5
 10
12.73264
 20
-30.5
  0
LWPOLYLINE
  5
22C
100
AcDbEntity
  8
ASSEMBLY_OUTLINES_TOP
100
AcDbPolyline
 90
        2
 70
         0
 43
0.03
 10
12.82265
 20
-30.5
 10
12.82264
 20
-30.5
  0
LWPOLYLINE
  5
22D
100
AcDbEntity
  8
ASSEMBLY_OUTLINES_TOP
100
AcDbPolyline
 90
        2
 70
         0
 43
0.03
 10
12.91265
 20
-30.5
 10
12.91264
 20
-30.5
  0
LWPOLYLINE
  5
22E
100
AcDbEntity
  8
ASSEMBLY_OUTLINES_TOP
100
AcDbPolyline
 90
        2
 70
         0
 43
0.03
 10
13.00265
 20
-30.5
 10
13.00264
 20
-30.5
  0
LWPOLYLINE
  5
22F
100
AcDbEntity
  8
ASSEMBLY_OUTLINES_TOP
100
AcDbPolyline
 90
        2
 70
         0
 43
0.03
 10
13.09265
 20
-30.5
 10
13.09264
 20
-30.5
  0
LWPOLYLINE
  5
230
100
AcDbEntity
  8
ASSEMBLY_OUTLINES_TOP
100
AcDbPolyline
 90
        2
 70
         0
 43
0.03
 10
13.18265
 20
-30.5
 10
13.18264
 20
-30.5
  0
LWPOLYLINE
  5
231
100
AcDbEntity
  8
ASSEMBLY_OUTLINES_TOP
100
AcDbPolyline
 90
        2
 70
         0
 43
0.03
 10
13.27265
 20
-30.5
 10
13.27264
 20
-30.5
  0
LWPOLYLINE
  5
232
100
AcDbEntity
  8
ASSEMBLY_OUTLINES_TOP
100
AcDbPolyline
 90
        2
 70
         0
 43
0.03
 10
13.36265
 20
-30.5
 10
13.36264
 20
-30.5
  0
LWPOLYLINE
  5
233
100
AcDbEntity
  8
ASSEMBLY_OUTLINES_TOP
100
AcDbPolyline
 90
        2
 70
         0
 43
0.03
 10
13.45265
 20
-30.5
 10
13.45264
 20
-30.5
  0
LWPOLYLINE
  5
234
100
AcDbEntity
  8
ASSEMBLY_OUTLINES_TOP
100
AcDbPolyline
 90
        2
 70
         0
 43
0.03
 10
13.54265
 20
-30.5
 10
13.54264
 20
-30.5
  0
LWPOLYLINE
  5
235
100
AcDbEntity
  8
ASSEMBLY_OUTLINES_TOP
100
AcDbPolyline
 90
        2
 70
         0
 43
0.03
 10
13.63265
 20
-30.5
 10
13.63264
 20
-30.5
  0
LWPOLYLINE
  5
236
100
AcDbEntity
  8
ASSEMBLY_OUTLINES_TOP
100
AcDbPolyline
 90
        2
 70
         0
 43
0.03
 10
13.72265
 20
-30.5
 10
13.72264
 20
-30.5
  0
LWPOLYLINE
  5
237
100
AcDbEntity
  8
ASSEMBLY_OUTLINES_TOP
100
AcDbPolyline
 90
        2
 70
         0
 43
0.03
 10
13.81265
 20
-30.5
 10
13.81264
 20
-30.5
  0
LWPOLYLINE
  5
238
100
AcDbEntity
  8
ASSEMBLY_OUTLINES_TOP
100
AcDbPolyline
 90
        2
 70
         0
 43
0.03
 10
13.90265
 20
-30.5
 10
13.90264
 20
-30.5
  0
LWPOLYLINE
  5
239
100
AcDbEntity
  8
ASSEMBLY_OUTLINES_TOP
100
AcDbPolyline
 90
        2
 70
         0
 43
0.03
 10
13.99265
 20
-30.5
 10
13.99264
 20
-30.5
  0
LWPOLYLINE
  5
23A
100
AcDbEntity
  8
ASSEMBLY_OUTLINES_TOP
100
AcDbPolyline
 90
        2
 70
         0
 43
0.03
 10
14.08265
 20
-30.5
 10
14.08264
 20
-30.5
  0
LWPOLYLINE
  5
23B
100
AcDbEntity
  8
ASSEMBLY_OUTLINES_TOP
100
AcDbPolyline
 90
        2
 70
         0
 43
0.03
 10
14.17265
 20
-30.5
 10
14.17264
 20
-30.5
  0
LWPOLYLINE
  5
23C
100
AcDbEntity
  8
ASSEMBLY_OUTLINES_TOP
100
AcDbPolyline
 90
        2
 70
         0
 43
0.03
 10
14.26265
 20
-30.5
 10
14.26264
 20
-30.5
  0
LWPOLYLINE
  5
23D
100
AcDbEntity
  8
ASSEMBLY_OUTLINES_TOP
100
AcDbPolyline
 90
        2
 70
         0
 43
0.03
 10
14.35265
 20
-30.5
 10
14.35264
 20
-30.5
  0
LWPOLYLINE
  5
23E
100
AcDbEntity
  8
ASSEMBLY_OUTLINES_TOP
100
AcDbPolyline
 90
        2
 70
         0
 43
0.03
 10
14.44265
 20
-30.5
 10
14.44264
 20
-30.5
  0
LWPOLYLINE
  5
23F
100
AcDbEntity
  8
ASSEMBLY_OUTLINES_TOP
100
AcDbPolyline
 90
        2
 70
         0
 43
0.03
 10
14.53265
 20
-30.5
 10
14.53264
 20
-30.5
  0
LWPOLYLINE
  5
240
100
AcDbEntity
  8
ASSEMBLY_OUTLINES_TOP
100
AcDbPolyline
 90
        2
 70
         0
 43
0.03
 10
14.62265
 20
-30.5
 10
14.62264
 20
-30.5
  0
LWPOLYLINE
  5
241
100
AcDbEntity
  8
ASSEMBLY_OUTLINES_TOP
100
AcDbPolyline
 90
        2
 70
         0
 43
0.03
 10
14.71265
 20
-30.5
 10
14.71264
 20
-30.5
  0
LWPOLYLINE
  5
242
100
AcDbEntity
  8
ASSEMBLY_OUTLINES_TOP
100
AcDbPolyline
 90
        2
 70
         0
 43
0.03
 10
14.80265
 20
-30.5
 10
14.80264
 20
-30.5
  0
LWPOLYLINE
  5
243
100
AcDbEntity
  8
ASSEMBLY_OUTLINES_TOP
100
AcDbPolyline
 90
        2
 70
         0
 43
0.03
 10
14.89265
 20
-30.5
 10
14.89264
 20
-30.5
  0
LWPOLYLINE
  5
244
100
AcDbEntity
  8
ASSEMBLY_OUTLINES_TOP
100
AcDbPolyline
 90
        2
 70
         0
 43
0.03
 10
14.98265
 20
-30.5
 10
14.98264
 20
-30.5
  0
LWPOLYLINE
  5
245
100
AcDbEntity
  8
ASSEMBLY_OUTLINES_TOP
100
AcDbPolyline
 90
        2
 70
         0
 43
0.03
 10
15.07265
 20
-30.5
 10
15.07264
 20
-30.5
  0
LWPOLYLINE
  5
246
100
AcDbEntity
  8
ASSEMBLY_OUTLINES_TOP
100
AcDbPolyline
 90
        2
 70
         0
 43
0.03
 10
15.16265
 20
-30.5
 10
15.16264
 20
-30.5
  0
LWPOLYLINE
  5
247
100
AcDbEntity
  8
ASSEMBLY_OUTLINES_TOP
100
AcDbPolyline
 90
        2
 70
         0
 43
0.03
 10
15.25265
 20
-30.5
 10
15.25264
 20
-30.5
  0
LWPOLYLINE
  5
248
100
AcDbEntity
  8
ASSEMBLY_OUTLINES_TOP
100
AcDbPolyline
 90
        2
 70
         0
 43
0.03
 10
15.34265
 20
-30.5
 10
15.34264
 20
-30.5
  0
LWPOLYLINE
  5
249
100
AcDbEntity
  8
ASSEMBLY_OUTLINES_TOP
100
AcDbPolyline
 90
        2
 70
         0
 43
0.03
 10
15.43265
 20
-30.5
 10
15.43264
 20
-30.5
  0
LWPOLYLINE
  5
24A
100
AcDbEntity
  8
ASSEMBLY_OUTLINES_TOP
100
AcDbPolyline
 90
        2
 70
         0
 43
0.03
 10
15.52265
 20
-30.5
 10
15.52264
 20
-30.5
  0
LWPOLYLINE
  5
24B
100
AcDbEntity
  8
ASSEMBLY_OUTLINES_TOP
100
AcDbPolyline
 90
        2
 70
         0
 43
0.03
 10
15.61265
 20
-30.5
 10
15.61264
 20
-30.5
  0
LWPOLYLINE
  5
24C
100
AcDbEntity
  8
ASSEMBLY_OUTLINES_TOP
100
AcDbPolyline
 90
        2
 70
         0
 43
0.03
 10
15.70265
 20
-30.5
 10
15.70264
 20
-30.5
  0
LWPOLYLINE
  5
24D
100
AcDbEntity
  8
ASSEMBLY_OUTLINES_TOP
100
AcDbPolyline
 90
        2
 70
         0
 43
0.03
 10
15.79265
 20
-30.5
 10
15.79264
 20
-30.5
  0
LWPOLYLINE
  5
24E
100
AcDbEntity
  8
ASSEMBLY_OUTLINES_TOP
100
AcDbPolyline
 90
        2
 70
         0
 43
0.03
 10
15.88265
 20
-30.5
 10
15.88264
 20
-30.5
  0
LWPOLYLINE
  5
24F
100
AcDbEntity
  8
ASSEMBLY_OUTLINES_TOP
100
AcDbPolyline
 90
        2
 70
         0
 43
0.03
 10
15.97265
 20
-30.5
 10
15.97264
 20
-30.5
  0
LWPOLYLINE
  5
250
100
AcDbEntity
  8
ASSEMBLY_OUTLINES_TOP
100
AcDbPolyline
 90
        2
 70
         0
 43
0.03
 10
16.06265
 20
-30.5
 10
16.06264
 20
-30.5
  0
LWPOLYLINE
  5
251
100
AcDbEntity
  8
ASSEMBLY_OUTLINES_TOP
100
AcDbPolyline
 90
        2
 70
         0
 43
0.03
 10
16.15265
 20
-30.5
 10
16.15264
 20
-30.5
  0
LWPOLYLINE
  5
252
100
AcDbEntity
  8
ASSEMBLY_OUTLINES_TOP
100
AcDbPolyline
 90
        2
 70
         0
 43
0.03
 10
16.24265
 20
-30.5
 10
16.24264
 20
-30.5
  0
LWPOLYLINE
  5
253
100
AcDbEntity
  8
ASSEMBLY_OUTLINES_TOP
100
AcDbPolyline
 90
        2
 70
         0
 43
0.03
 10
16.33265
 20
-30.5
 10
16.33264
 20
-30.5
  0
LWPOLYLINE
  5
254
100
AcDbEntity
  8
ASSEMBLY_OUTLINES_TOP
100
AcDbPolyline
 90
        2
 70
         0
 43
0.03
 10
16.42265
 20
-30.5
 10
16.42264
 20
-30.5
  0
LWPOLYLINE
  5
255
100
AcDbEntity
  8
ASSEMBLY_OUTLINES_TOP
100
AcDbPolyline
 90
        2
 70
         0
 43
0.03
 10
16.51265
 20
-30.5
 10
16.51264
 20
-30.5
  0
LWPOLYLINE
  5
256
100
AcDbEntity
  8
ASSEMBLY_OUTLINES_TOP
100
AcDbPolyline
 90
        2
 70
         0
 43
0.03
 10
16.60265
 20
-30.5
 10
16.60264
 20
-30.5
  0
LWPOLYLINE
  5
257
100
AcDbEntity
  8
ASSEMBLY_OUTLINES_TOP
100
AcDbPolyline
 90
        2
 70
         0
 43
0.03
 10
16.69265
 20
-30.5
 10
16.69264
 20
-30.5
  0
LWPOLYLINE
  5
258
100
AcDbEntity
  8
ASSEMBLY_OUTLINES_TOP
100
AcDbPolyline
 90
        2
 70
         0
 43
0.03
 10
16.78265
 20
-30.5
 10
16.78264
 20
-30.5
  0
LWPOLYLINE
  5
259
100
AcDbEntity
  8
ASSEMBLY_OUTLINES_TOP
100
AcDbPolyline
 90
        2
 70
         0
 43
0.03
 10
16.87265
 20
-30.5
 10
16.87264
 20
-30.5
  0
LWPOLYLINE
  5
25A
100
AcDbEntity
  8
ASSEMBLY_OUTLINES_TOP
100
AcDbPolyline
 90
        2
 70
         0
 43
0.03
 10
16.96265
 20
-30.5
 10
16.96264
 20
-30.5
  0
LWPOLYLINE
  5
25B
100
AcDbEntity
  8
ASSEMBLY_OUTLINES_TOP
100
AcDbPolyline
 90
        2
 70
         0
 43
0.03
 10
17.05265
 20
-30.5
 10
17.05264
 20
-30.5
  0
LWPOLYLINE
  5
25C
100
AcDbEntity
  8
ASSEMBLY_OUTLINES_TOP
100
AcDbPolyline
 90
        2
 70
         0
 43
0.03
 10
17.14265
 20
-30.5
 10
17.14264
 20
-30.5
  0
LWPOLYLINE
  5
25D
100
AcDbEntity
  8
ASSEMBLY_OUTLINES_TOP
100
AcDbPolyline
 90
        2
 70
         0
 43
0.03
 10
17.23265
 20
-30.5
 10
17.23264
 20
-30.5
  0
LWPOLYLINE
  5
25E
100
AcDbEntity
  8
ASSEMBLY_OUTLINES_TOP
100
AcDbPolyline
 90
        2
 70
         0
 43
0.03
 10
17.32265
 20
-30.5
 10
17.32264
 20
-30.5
  0
LWPOLYLINE
  5
25F
100
AcDbEntity
  8
ASSEMBLY_OUTLINES_TOP
100
AcDbPolyline
 90
        2
 70
         0
 43
0.03
 10
17.41265
 20
-30.5
 10
17.41264
 20
-30.5
  0
LWPOLYLINE
  5
260
100
AcDbEntity
  8
ASSEMBLY_OUTLINES_TOP
100
AcDbPolyline
 90
        2
 70
         0
 43
0.03
 10
17.50265
 20
-30.5
 10
17.50264
 20
-30.5
  0
LWPOLYLINE
  5
261
100
AcDbEntity
  8
ASSEMBLY_OUTLINES_TOP
100
AcDbPolyline
 90
        2
 70
         0
 43
0.03
 10
17.59265
 20
-30.5
 10
17.59264
 20
-30.5
  0
LWPOLYLINE
  5
262
100
AcDbEntity
  8
ASSEMBLY_OUTLINES_TOP
100
AcDbPolyline
 90
        2
 70
         0
 43
0.03
 10
17.68265
 20
-30.5
 10
17.68264
 20
-30.5
  0
LWPOLYLINE
  5
263
100
AcDbEntity
  8
ASSEMBLY_OUTLINES_TOP
100
AcDbPolyline
 90
        2
 70
         0
 43
0.03
 10
17.77265
 20
-30.5
 10
17.77264
 20
-30.5
  0
LWPOLYLINE
  5
264
100
AcDbEntity
  8
ASSEMBLY_OUTLINES_TOP
100
AcDbPolyline
 90
        2
 70
         0
 43
0.03
 10
17.86265
 20
-30.5
 10
17.86264
 20
-30.5
  0
LWPOLYLINE
  5
265
100
AcDbEntity
  8
ASSEMBLY_OUTLINES_TOP
100
AcDbPolyline
 90
        2
 70
         0
 43
0.03
 10
17.95265
 20
-30.5
 10
17.95264
 20
-30.5
  0
LWPOLYLINE
  5
266
100
AcDbEntity
  8
ASSEMBLY_OUTLINES_TOP
100
AcDbPolyline
 90
        2
 70
         0
 43
0.03
 10
18.04265
 20
-30.5
 10
18.04264
 20
-30.5
  0
LWPOLYLINE
  5
267
100
AcDbEntity
  8
ASSEMBLY_OUTLINES_TOP
100
AcDbPolyline
 90
        2
 70
         0
 43
0.03
 10
18.13265
 20
-30.5
 10
18.13264
 20
-30.5
  0
LWPOLYLINE
  5
268
100
AcDbEntity
  8
ASSEMBLY_OUTLINES_TOP
100
AcDbPolyline
 90
        2
 70
         0
 43
0.03
 10
18.22265
 20
-30.5
 10
18.22264
 20
-30.5
  0
LWPOLYLINE
  5
269
100
AcDbEntity
  8
ASSEMBLY_OUTLINES_TOP
100
AcDbPolyline
 90
        2
 70
         0
 43
0.03
 10
18.31265
 20
-30.5
 10
18.31264
 20
-30.5
  0
LWPOLYLINE
  5
26A
100
AcDbEntity
  8
ASSEMBLY_OUTLINES_TOP
100
AcDbPolyline
 90
        2
 70
         0
 43
0.03
 10
18.40265
 20
-30.5
 10
18.40264
 20
-30.5
  0
LWPOLYLINE
  5
26B
100
AcDbEntity
  8
ASSEMBLY_OUTLINES_TOP
100
AcDbPolyline
 90
        2
 70
         0
 43
0.03
 10
18.49265
 20
-30.5
 10
18.49264
 20
-30.5
  0
LWPOLYLINE
  5
26C
100
AcDbEntity
  8
ASSEMBLY_OUTLINES_TOP
100
AcDbPolyline
 90
        2
 70
         0
 43
0.03
 10
18.58265
 20
-30.5
 10
18.58264
 20
-30.5
  0
LWPOLYLINE
  5
26D
100
AcDbEntity
  8
ASSEMBLY_OUTLINES_TOP
100
AcDbPolyline
 90
        2
 70
         0
 43
0.03
 10
18.67265
 20
-30.5
 10
18.67264
 20
-30.5
  0
LWPOLYLINE
  5
26E
100
AcDbEntity
  8
ASSEMBLY_OUTLINES_TOP
100
AcDbPolyline
 90
        2
 70
         0
 43
0.03
 10
18.76265
 20
-30.5
 10
18.76264
 20
-30.5
  0
LWPOLYLINE
  5
26F
100
AcDbEntity
  8
ASSEMBLY_OUTLINES_TOP
100
AcDbPolyline
 90
        2
 70
         0
 43
0.03
 10
18.85265
 20
-30.5
 10
18.85264
 20
-30.5
  0
LWPOLYLINE
  5
270
100
AcDbEntity
  8
ASSEMBLY_OUTLINES_TOP
100
AcDbPolyline
 90
        2
 70
         0
 43
0.03
 10
18.94265
 20
-30.5
 10
18.94264
 20
-30.5
  0
LWPOLYLINE
  5
271
100
AcDbEntity
  8
ASSEMBLY_OUTLINES_TOP
100
AcDbPolyline
 90
        2
 70
         0
 43
0.03
 10
19.03265
 20
-30.5
 10
19.03264
 20
-30.5
  0
LWPOLYLINE
  5
272
100
AcDbEntity
  8
ASSEMBLY_OUTLINES_TOP
100
AcDbPolyline
 90
        2
 70
         0
 43
0.03
 10
19.12265
 20
-30.5
 10
19.12264
 20
-30.5
  0
LWPOLYLINE
  5
273
100
AcDbEntity
  8
ASSEMBLY_OUTLINES_TOP
100
AcDbPolyline
 90
        2
 70
         0
 43
0.03
 10
19.21265
 20
-30.5
 10
19.21264
 20
-30.5
  0
LWPOLYLINE
  5
274
100
AcDbEntity
  8
ASSEMBLY_OUTLINES_TOP
100
AcDbPolyline
 90
        2
 70
         0
 43
0.03
 10
19.30265
 20
-30.5
 10
19.30264
 20
-30.5
  0
LWPOLYLINE
  5
275
100
AcDbEntity
  8
ASSEMBLY_OUTLINES_TOP
100
AcDbPolyline
 90
        2
 70
         0
 43
0.03
 10
19.39265
 20
-30.5
 10
19.39264
 20
-30.5
  0
LWPOLYLINE
  5
276
100
AcDbEntity
  8
ASSEMBLY_OUTLINES_TOP
100
AcDbPolyline
 90
        2
 70
         0
 43
0.03
 10
19.48265
 20
-30.5
 10
19.48264
 20
-30.5
  0
LWPOLYLINE
  5
277
100
AcDbEntity
  8
ASSEMBLY_OUTLINES_TOP
100
AcDbPolyline
 90
        2
 70
         0
 43
0.03
 10
19.57265
 20
-30.5
 10
19.57264
 20
-30.5
  0
LWPOLYLINE
  5
278
100
AcDbEntity
  8
ASSEMBLY_OUTLINES_TOP
100
AcDbPolyline
 90
        2
 70
         0
 43
0.03
 10
19.66265
 20
-30.5
 10
19.66264
 20
-30.5
  0
LWPOLYLINE
  5
279
100
AcDbEntity
  8
ASSEMBLY_OUTLINES_TOP
100
AcDbPolyline
 90
        2
 70
         0
 43
0.03
 10
19.75265
 20
-30.5
 10
19.75264
 20
-30.5
  0
LWPOLYLINE
  5
27A
100
AcDbEntity
  8
ASSEMBLY_OUTLINES_TOP
100
AcDbPolyline
 90
        2
 70
         0
 43
0.03
 10
19.757368
 20
-30.5
 10
19.757358
 20
-30.5
  0
LWPOLYLINE
  5
27B
100
AcDbEntity
  8
ASSEMBLY_OUTLINES_TOP
100
AcDbPolyline
 90
        2
 70
         0
 43
0.03
 10
19.757368
 20
-30.5
 10
19.757358
 20
-30.5
  0
LWPOLYLINE
  5
27C
100
AcDbEntity
  8
ASSEMBLY_OUTLINES_TOP
100
AcDbPolyline
 90
        2
 70
         0
 43
0.03
 10
19.847354
 20
-30.49865
 10
19.847344
 20
-30.49865
  0
LWPOLYLINE
  5
27D
100
AcDbEntity
  8
ASSEMBLY_OUTLINES_TOP
100
AcDbPolyline
 90
        2
 70
         0
 43
0.03
 10
19.847354
 20
-30.49865
 10
19.847344
 20
-30.49865
  0
LWPOLYLINE
  5
27E
100
AcDbEntity
  8
ASSEMBLY_OUTLINES_TOP
100
AcDbPolyline
 90
        2
 70
         0
 43
0.03
 10
19.93726
 20
-30.494601
 10
19.93725
 20
-30.494601
  0
LWPOLYLINE
  5
27F
100
AcDbEntity
  8
ASSEMBLY_OUTLINES_TOP
100
AcDbPolyline
 90
        2
 70
         0
 43
0.03
 10
19.93726
 20
-30.494601
 10
19.93725
 20
-30.494601
  0
LWPOLYLINE
  5
280
100
AcDbEntity
  8
ASSEMBLY_OUTLINES_TOP
100
AcDbPolyline
 90
        2
 70
         0
 43
0.03
 10
20.027003
 20
-30.487858
 10
20.026993
 20
-30.487858
  0
LWPOLYLINE
  5
281
100
AcDbEntity
  8
ASSEMBLY_OUTLINES_TOP
100
AcDbPolyline
 90
        2
 70
         0
 43
0.03
 10
20.027003
 20
-30.487858
 10
20.026993
 20
-30.487858
  0
LWPOLYLINE
  5
282
100
AcDbEntity
  8
ASSEMBLY_OUTLINES_TOP
100
AcDbPolyline
 90
        2
 70
         0
 43
0.03
 10
20.116504
 20
-30.478425
 10
20.116494
 20
-30.478425
  0
LWPOLYLINE
  5
283
100
AcDbEntity
  8
ASSEMBLY_OUTLINES_TOP
100
AcDbPolyline
 90
        2
 70
         0
 43
0.03
 10
20.116504
 20
-30.478425
 10
20.116494
 20
-30.478425
  0
LWPOLYLINE
  5
284
100
AcDbEntity
  8
ASSEMBLY_OUTLINES_TOP
100
AcDbPolyline
 90
        2
 70
         0
 43
0.03
 10
20.205682
 20
-30.466313
 10
20.205672
 20
-30.466313
  0
LWPOLYLINE
  5
285
100
AcDbEntity
  8
ASSEMBLY_OUTLINES_TOP
100
AcDbPolyline
 90
        2
 70
         0
 43
0.03
 10
20.205682
 20
-30.466313
 10
20.205672
 20
-30.466313
  0
LWPOLYLINE
  5
286
100
AcDbEntity
  8
ASSEMBLY_OUTLINES_TOP
100
AcDbPolyline
 90
        2
 70
         0
 43
0.03
 10
20.294456
 20
-30.451531
 10
20.294446
 20
-30.451531
  0
LWPOLYLINE
  5
287
100
AcDbEntity
  8
ASSEMBLY_OUTLINES_TOP
100
AcDbPolyline
 90
        2
 70
         0
 43
0.03
 10
20.294456
 20
-30.451531
 10
20.294446
 20
-30.451531
  0
LWPOLYLINE
  5
288
100
AcDbEntity
  8
ASSEMBLY_OUTLINES_TOP
100
AcDbPolyline
 90
        2
 70
         0
 43
0.03
 10
20.382747
 20
-30.434092
 10
20.382737
 20
-30.434092
  0
LWPOLYLINE
  5
289
100
AcDbEntity
  8
ASSEMBLY_OUTLINES_TOP
100
AcDbPolyline
 90
        2
 70
         0
 43
0.03
 10
20.382747
 20
-30.434092
 10
20.382737
 20
-30.434092
  0
LWPOLYLINE
  5
28A
100
AcDbEntity
  8
ASSEMBLY_OUTLINES_TOP
100
AcDbPolyline
 90
        2
 70
         0
 43
0.03
 10
20.470475
 20
-30.414013
 10
20.470465
 20
-30.414013
  0
LWPOLYLINE
  5
28B
100
AcDbEntity
  8
ASSEMBLY_OUTLINES_TOP
100
AcDbPolyline
 90
        2
 70
         0
 43
0.03
 10
20.470475
 20
-30.414013
 10
20.470465
 20
-30.414013
  0
LWPOLYLINE
  5
28C
100
AcDbEntity
  8
ASSEMBLY_OUTLINES_TOP
100
AcDbPolyline
 90
        2
 70
         0
 43
0.03
 10
20.557562
 20
-30.391312
 10
20.557552
 20
-30.391312
  0
LWPOLYLINE
  5
28D
100
AcDbEntity
  8
ASSEMBLY_OUTLINES_TOP
100
AcDbPolyline
 90
        2
 70
         0
 43
0.03
 10
20.557562
 20
-30.391312
 10
20.557552
 20
-30.391312
  0
LWPOLYLINE
  5
28E
100
AcDbEntity
  8
ASSEMBLY_OUTLINES_TOP
100
AcDbPolyline
 90
        2
 70
         0
 43
0.03
 10
20.643928
 20
-30.366009
 10
20.643918
 20
-30.366009
  0
LWPOLYLINE
  5
28F
100
AcDbEntity
  8
ASSEMBLY_OUTLINES_TOP
100
AcDbPolyline
 90
        2
 70
         0
 43
0.03
 10
20.643928
 20
-30.366009
 10
20.643918
 20
-30.366009
  0
LWPOLYLINE
  5
290
100
AcDbEntity
  8
ASSEMBLY_OUTLINES_TOP
100
AcDbPolyline
 90
        2
 70
         0
 43
0.03
 10
20.729497
 20
-30.338127
 10
20.729487
 20
-30.338127
  0
LWPOLYLINE
  5
291
100
AcDbEntity
  8
ASSEMBLY_OUTLINES_TOP
100
AcDbPolyline
 90
        2
 70
         0
 43
0.03
 10
20.729497
 20
-30.338127
 10
20.729487
 20
-30.338127
  0
LWPOLYLINE
  5
292
100
AcDbEntity
  8
ASSEMBLY_OUTLINES_TOP
100
AcDbPolyline
 90
        2
 70
         0
 43
0.03
 10
20.81419
 20
-30.30769
 10
20.81418
 20
-30.30769
  0
LWPOLYLINE
  5
293
100
AcDbEntity
  8
ASSEMBLY_OUTLINES_TOP
100
AcDbPolyline
 90
        2
 70
         0
 43
0.03
 10
20.81419
 20
-30.30769
 10
20.81418
 20
-30.30769
  0
LWPOLYLINE
  5
294
100
AcDbEntity
  8
ASSEMBLY_OUTLINES_TOP
100
AcDbPolyline
 90
        2
 70
         0
 43
0.03
 10
20.897933
 20
-30.274727
 10
20.897923
 20
-30.274727
  0
LWPOLYLINE
  5
295
100
AcDbEntity
  8
ASSEMBLY_OUTLINES_TOP
100
AcDbPolyline
 90
        2
 70
         0
 43
0.03
 10
20.897933
 20
-30.274727
 10
20.897923
 20
-30.274727
  0
LWPOLYLINE
  5
296
100
AcDbEntity
  8
ASSEMBLY_OUTLINES_TOP
100
AcDbPolyline
 90
        2
 70
         0
 43
0.03
 10
20.980649
 20
-30.239266
 10
20.980639
 20
-30.239266
  0
LWPOLYLINE
  5
297
100
AcDbEntity
  8
ASSEMBLY_OUTLINES_TOP
100
AcDbPolyline
 90
        2
 70
         0
 43
0.03
 10
20.980649
 20
-30.239266
 10
20.980639
 20
-30.239266
  0
LWPOLYLINE
  5
298
100
AcDbEntity
  8
ASSEMBLY_OUTLINES_TOP
100
AcDbPolyline
 90
        2
 70
         0
 43
0.03
 10
21.062264
 20
-30.201341
 10
21.062254
 20
-30.201341
  0
LWPOLYLINE
  5
299
100
AcDbEntity
  8
ASSEMBLY_OUTLINES_TOP
100
AcDbPolyline
 90
        2
 70
         0
 43
0.03
 10
21.062264
 20
-30.201341
 10
21.062254
 20
-30.201341
  0
LWPOLYLINE
  5
29A
100
AcDbEntity
  8
ASSEMBLY_OUTLINES_TOP
100
AcDbPolyline
 90
        2
 70
         0
 43
0.03
 10
21.142705
 20
-30.160984
 10
21.142695
 20
-30.160984
  0
LWPOLYLINE
  5
29B
100
AcDbEntity
  8
ASSEMBLY_OUTLINES_TOP
100
AcDbPolyline
 90
        2
 70
         0
 43
0.03
 10
21.142705
 20
-30.160984
 10
21.142695
 20
-30.160984
  0
LWPOLYLINE
  5
29C
100
AcDbEntity
  8
ASSEMBLY_OUTLINES_TOP
100
AcDbPolyline
 90
        2
 70
         0
 43
0.03
 10
21.221899
 20
-30.118233
 10
21.221889
 20
-30.118233
  0
LWPOLYLINE
  5
29D
100
AcDbEntity
  8
ASSEMBLY_OUTLINES_TOP
100
AcDbPolyline
 90
        2
 70
         0
 43
0.03
 10
21.221899
 20
-30.118233
 10
21.221889
 20
-30.118233
  0
LWPOLYLINE
  5
29E
100
AcDbEntity
  8
ASSEMBLY_OUTLINES_TOP
100
AcDbPolyline
 90
        2
 70
         0
 43
0.03
 10
21.299775
 20
-30.073126
 10
21.299765
 20
-30.073126
  0
LWPOLYLINE
  5
29F
100
AcDbEntity
  8
ASSEMBLY_OUTLINES_TOP
100
AcDbPolyline
 90
        2
 70
         0
 43
0.03
 10
21.299775
 20
-30.073126
 10
21.299765
 20
-30.073126
  0
LWPOLYLINE
  5
2A0
100
AcDbEntity
  8
ASSEMBLY_OUTLINES_TOP
100
AcDbPolyline
 90
        2
 70
         0
 43
0.03
 10
21.376264
 20
-30.025702
 10
21.376254
 20
-30.025702
  0
LWPOLYLINE
  5
2A1
100
AcDbEntity
  8
ASSEMBLY_OUTLINES_TOP
100
AcDbPolyline
 90
        2
 70
         0
 43
0.03
 10
21.376264
 20
-30.025702
 10
21.376254
 20
-30.025702
  0
LWPOLYLINE
  5
2A2
100
AcDbEntity
  8
ASSEMBLY_OUTLINES_TOP
100
AcDbPolyline
 90
        2
 70
         0
 43
0.03
 10
21.451295
 20
-29.976006
 10
21.451285
 20
-29.976006
  0
LWPOLYLINE
  5
2A3
100
AcDbEntity
  8
ASSEMBLY_OUTLINES_TOP
100
AcDbPolyline
 90
        2
 70
         0
 43
0.03
 10
21.451295
 20
-29.976006
 10
21.451285
 20
-29.976006
  0
LWPOLYLINE
  5
2A4
100
AcDbEntity
  8
ASSEMBLY_OUTLINES_TOP
100
AcDbPolyline
 90
        2
 70
         0
 43
0.03
 10
21.524802
 20
-29.924082
 10
21.524792
 20
-29.924082
  0
LWPOLYLINE
  5
2A5
100
AcDbEntity
  8
ASSEMBLY_OUTLINES_TOP
100
AcDbPolyline
 90
        2
 70
         0
 43
0.03
 10
21.524802
 20
-29.924082
 10
21.524792
 20
-29.924082
  0
LWPOLYLINE
  5
2A6
100
AcDbEntity
  8
ASSEMBLY_OUTLINES_TOP
100
AcDbPolyline
 90
        2
 70
         0
 43
0.03
 10
21.596718
 20
-29.869976
 10
21.596708
 20
-29.869976
  0
LWPOLYLINE
  5
2A7
100
AcDbEntity
  8
ASSEMBLY_OUTLINES_TOP
100
AcDbPolyline
 90
        2
 70
         0
 43
0.03
 10
21.596718
 20
-29.869976
 10
21.596708
 20
-29.869976
  0
LWPOLYLINE
  5
2A8
100
AcDbEntity
  8
ASSEMBLY_OUTLINES_TOP
100
AcDbPolyline
 90
        2
 70
         0
 43
0.03
 10
21.666979
 20
-29.813738
 10
21.666969
 20
-29.813738
  0
LWPOLYLINE
  5
2A9
100
AcDbEntity
  8
ASSEMBLY_OUTLINES_TOP
100
AcDbPolyline
 90
        2
 70
         0
 43
0.03
 10
21.666979
 20
-29.813738
 10
21.666969
 20
-29.813738
  0
LWPOLYLINE
  5
2AA
100
AcDbEntity
  8
ASSEMBLY_OUTLINES_TOP
100
AcDbPolyline
 90
        2
 70
         0
 43
0.03
 10
21.735522
 20
-29.755417
 10
21.735512
 20
-29.755417
  0
LWPOLYLINE
  5
2AB
100
AcDbEntity
  8
ASSEMBLY_OUTLINES_TOP
100
AcDbPolyline
 90
        2
 70
         0
 43
0.03
 10
21.735522
 20
-29.755417
 10
21.735512
 20
-29.755417
  0
LWPOLYLINE
  5
2AC
100
AcDbEntity
  8
ASSEMBLY_OUTLINES_TOP
100
AcDbPolyline
 90
        2
 70
         0
 43
0.03
 10
21.802284
 20
-29.695066
 10
21.802274
 20
-29.695066
  0
LWPOLYLINE
  5
2AD
100
AcDbEntity
  8
ASSEMBLY_OUTLINES_TOP
100
AcDbPolyline
 90
        2
 70
         0
 43
0.03
 10
21.802284
 20
-29.695066
 10
21.802274
 20
-29.695066
  0
LWPOLYLINE
  5
2AE
100
AcDbEntity
  8
ASSEMBLY_OUTLINES_TOP
100
AcDbPolyline
 90
        2
 70
         0
 43
0.03
 10
21.867206
 20
-29.63274
 10
21.867196
 20
-29.63274
  0
LWPOLYLINE
  5
2AF
100
AcDbEntity
  8
ASSEMBLY_OUTLINES_TOP
100
AcDbPolyline
 90
        2
 70
         0
 43
0.03
 10
21.867206
 20
-29.63274
 10
21.867196
 20
-29.63274
  0
LWPOLYLINE
  5
2B0
100
AcDbEntity
  8
ASSEMBLY_OUTLINES_TOP
100
AcDbPolyline
 90
        2
 70
         0
 43
0.03
 10
21.878689
 20
-29.621321
 10
21.878679
 20
-29.621321
  0
LWPOLYLINE
  5
2B1
100
AcDbEntity
  8
ASSEMBLY_OUTLINES_TOP
100
AcDbPolyline
 90
        2
 70
         0
 43
0.03
 10
21.942328
 20
-29.557682
 10
21.942318
 20
-29.557682
  0
LWPOLYLINE
  5
2B2
100
AcDbEntity
  8
ASSEMBLY_OUTLINES_TOP
100
AcDbPolyline
 90
        2
 70
         0
 43
0.03
 10
22.005968
 20
-29.494042
 10
22.005958
 20
-29.494042
  0
LWPOLYLINE
  5
2B3
100
AcDbEntity
  8
ASSEMBLY_OUTLINES_TOP
100
AcDbPolyline
 90
        2
 70
         0
 43
0.03
 10
22.069607
 20
-29.430403
 10
22.069597
 20
-29.430403
  0
LWPOLYLINE
  5
2B4
100
AcDbEntity
  8
ASSEMBLY_OUTLINES_TOP
100
AcDbPolyline
 90
        2
 70
         0
 43
0.03
 10
22.133247
 20
-29.366763
 10
22.133237
 20
-29.366763
  0
LWPOLYLINE
  5
2B5
100
AcDbEntity
  8
ASSEMBLY_OUTLINES_TOP
100
AcDbPolyline
 90
        2
 70
         0
 43
0.03
 10
22.196887
 20
-29.303123
 10
22.196877
 20
-29.303123
  0
LWPOLYLINE
  5
2B6
100
AcDbEntity
  8
ASSEMBLY_OUTLINES_TOP
100
AcDbPolyline
 90
        2
 70
         0
 43
0.03
 10
22.260526
 20
-29.239484
 10
22.260516
 20
-29.239484
  0
LWPOLYLINE
  5
2B7
100
AcDbEntity
  8
ASSEMBLY_OUTLINES_TOP
100
AcDbPolyline
 90
        2
 70
         0
 43
0.03
 10
22.324166
 20
-29.175844
 10
22.324156
 20
-29.175844
  0
LWPOLYLINE
  5
2B8
100
AcDbEntity
  8
ASSEMBLY_OUTLINES_TOP
100
AcDbPolyline
 90
        2
 70
         0
 43
0.03
 10
22.387805
 20
-29.112205
 10
22.387795
 20
-29.112205
  0
LWPOLYLINE
  5
2B9
100
AcDbEntity
  8
ASSEMBLY_OUTLINES_TOP
100
AcDbPolyline
 90
        2
 70
         0
 43
0.03
 10
22.451445
 20
-29.048565
 10
22.451435
 20
-29.048565
  0
LWPOLYLINE
  5
2BA
100
AcDbEntity
  8
ASSEMBLY_OUTLINES_TOP
100
AcDbPolyline
 90
        2
 70
         0
 43
0.03
 10
22.515085
 20
-28.984925
 10
22.515075
 20
-28.984925
  0
LWPOLYLINE
  5
2BB
100
AcDbEntity
  8
ASSEMBLY_OUTLINES_TOP
100
AcDbPolyline
 90
        2
 70
         0
 43
0.03
 10
22.578724
 20
-28.921286
 10
22.578714
 20
-28.921286
  0
LWPOLYLINE
  5
2BC
100
AcDbEntity
  8
ASSEMBLY_OUTLINES_TOP
100
AcDbPolyline
 90
        2
 70
         0
 43
0.03
 10
22.642364
 20
-28.857646
 10
22.642354
 20
-28.857646
  0
LWPOLYLINE
  5
2BD
100
AcDbEntity
  8
ASSEMBLY_OUTLINES_TOP
100
AcDbPolyline
 90
        2
 70
         0
 43
0.03
 10
22.706003
 20
-28.794006
 10
22.705993
 20
-28.794006
  0
LWPOLYLINE
  5
2BE
100
AcDbEntity
  8
ASSEMBLY_OUTLINES_TOP
100
AcDbPolyline
 90
        2
 70
         0
 43
0.03
 10
22.769643
 20
-28.730367
 10
22.769633
 20
-28.730367
  0
LWPOLYLINE
  5
2BF
100
AcDbEntity
  8
ASSEMBLY_OUTLINES_TOP
100
AcDbPolyline
 90
        2
 70
         0
 43
0.03
 10
22.833283
 20
-28.666727
 10
22.833273
 20
-28.666727
  0
LWPOLYLINE
  5
2C0
100
AcDbEntity
  8
ASSEMBLY_OUTLINES_TOP
100
AcDbPolyline
 90
        2
 70
         0
 43
0.03
 10
22.896922
 20
-28.603088
 10
22.896912
 20
-28.603088
  0
LWPOLYLINE
  5
2C1
100
AcDbEntity
  8
ASSEMBLY_OUTLINES_TOP
100
AcDbPolyline
 90
        2
 70
         0
 43
0.03
 10
22.960562
 20
-28.539448
 10
22.960552
 20
-28.539448
  0
LWPOLYLINE
  5
2C2
100
AcDbEntity
  8
ASSEMBLY_OUTLINES_TOP
100
AcDbPolyline
 90
        2
 70
         0
 43
0.03
 10
23.024201
 20
-28.475808
 10
23.024191
 20
-28.475808
  0
LWPOLYLINE
  5
2C3
100
AcDbEntity
  8
ASSEMBLY_OUTLINES_TOP
100
AcDbPolyline
 90
        2
 70
         0
 43
0.03
 10
23.087841
 20
-28.412169
 10
23.087831
 20
-28.412169
  0
LWPOLYLINE
  5
2C4
100
AcDbEntity
  8
ASSEMBLY_OUTLINES_TOP
100
AcDbPolyline
 90
        2
 70
         0
 43
0.03
 10
23.151481
 20
-28.348529
 10
23.151471
 20
-28.348529
  0
LWPOLYLINE
  5
2C5
100
AcDbEntity
  8
ASSEMBLY_OUTLINES_TOP
100
AcDbPolyline
 90
        2
 70
         0
 43
0.03
 10
23.21512
 20
-28.28489
 10
23.21511
 20
-28.28489
  0
LWPOLYLINE
  5
2C6
100
AcDbEntity
  8
ASSEMBLY_OUTLINES_TOP
100
AcDbPolyline
 90
        2
 70
         0
 43
0.03
 10
23.27876
 20
-28.22125
 10
23.27875
 20
-28.22125
  0
LWPOLYLINE
  5
2C7
100
AcDbEntity
  8
ASSEMBLY_OUTLINES_TOP
100
AcDbPolyline
 90
        2
 70
         0
 43
0.03
 10
23.342399
 20
-28.15761
 10
23.342389
 20
-28.15761
  0
LWPOLYLINE
  5
2C8
100
AcDbEntity
  8
ASSEMBLY_OUTLINES_TOP
100
AcDbPolyline
 90
        2
 70
         0
 43
0.03
 10
23.406039
 20
-28.093971
 10
23.406029
 20
-28.093971
  0
LWPOLYLINE
  5
2C9
100
AcDbEntity
  8
ASSEMBLY_OUTLINES_TOP
100
AcDbPolyline
 90
        2
 70
         0
 43
0.03
 10
23.469679
 20
-28.030331
 10
23.469669
 20
-28.030331
  0
LWPOLYLINE
  5
2CA
100
AcDbEntity
  8
ASSEMBLY_OUTLINES_TOP
100
AcDbPolyline
 90
        2
 70
         0
 43
0.03
 10
23.533318
 20
-27.966691
 10
23.533308
 20
-27.966691
  0
LWPOLYLINE
  5
2CB
100
AcDbEntity
  8
ASSEMBLY_OUTLINES_TOP
100
AcDbPolyline
 90
        2
 70
         0
 43
0.03
 10
23.596958
 20
-27.903052
 10
23.596948
 20
-27.903052
  0
LWPOLYLINE
  5
2CC
100
AcDbEntity
  8
ASSEMBLY_OUTLINES_TOP
100
AcDbPolyline
 90
        2
 70
         0
 43
0.03
 10
23.660597
 20
-27.839412
 10
23.660587
 20
-27.839412
  0
LWPOLYLINE
  5
2CD
100
AcDbEntity
  8
ASSEMBLY_OUTLINES_TOP
100
AcDbPolyline
 90
        2
 70
         0
 43
0.03
 10
23.724237
 20
-27.775773
 10
23.724227
 20
-27.775773
  0
LWPOLYLINE
  5
2CE
100
AcDbEntity
  8
ASSEMBLY_OUTLINES_TOP
100
AcDbPolyline
 90
        2
 70
         0
 43
0.03
 10
23.787877
 20
-27.712133
 10
23.787867
 20
-27.712133
  0
LWPOLYLINE
  5
2CF
100
AcDbEntity
  8
ASSEMBLY_OUTLINES_TOP
100
AcDbPolyline
 90
        2
 70
         0
 43
0.03
 10
23.851516
 20
-27.648493
 10
23.851506
 20
-27.648493
  0
LWPOLYLINE
  5
2D0
100
AcDbEntity
  8
ASSEMBLY_OUTLINES_TOP
100
AcDbPolyline
 90
        2
 70
         0
 43
0.03
 10
23.915156
 20
-27.584854
 10
23.915146
 20
-27.584854
  0
LWPOLYLINE
  5
2D1
100
AcDbEntity
  8
ASSEMBLY_OUTLINES_TOP
100
AcDbPolyline
 90
        2
 70
         0
 43
0.03
 10
23.978795
 20
-27.521214
 10
23.978785
 20
-27.521214
  0
LWPOLYLINE
  5
2D2
100
AcDbEntity
  8
ASSEMBLY_OUTLINES_TOP
100
AcDbPolyline
 90
        2
 70
         0
 43
0.03
 10
24.042435
 20
-27.457575
 10
24.042425
 20
-27.457575
  0
LWPOLYLINE
  5
2D3
100
AcDbEntity
  8
ASSEMBLY_OUTLINES_TOP
100
AcDbPolyline
 90
        2
 70
         0
 43
0.03
 10
24.106075
 20
-27.393935
 10
24.106065
 20
-27.393935
  0
LWPOLYLINE
  5
2D4
100
AcDbEntity
  8
ASSEMBLY_OUTLINES_TOP
100
AcDbPolyline
 90
        2
 70
         0
 43
0.03
 10
24.169714
 20
-27.330295
 10
24.169704
 20
-27.330295
  0
LWPOLYLINE
  5
2D5
100
AcDbEntity
  8
ASSEMBLY_OUTLINES_TOP
100
AcDbPolyline
 90
        2
 70
         0
 43
0.03
 10
24.233354
 20
-27.266656
 10
24.233344
 20
-27.266656
  0
LWPOLYLINE
  5
2D6
100
AcDbEntity
  8
ASSEMBLY_OUTLINES_TOP
100
AcDbPolyline
 90
        2
 70
         0
 43
0.03
 10
24.296993
 20
-27.203016
 10
24.296983
 20
-27.203016
  0
LWPOLYLINE
  5
2D7
100
AcDbEntity
  8
ASSEMBLY_OUTLINES_TOP
100
AcDbPolyline
 90
        2
 70
         0
 43
0.03
 10
24.360633
 20
-27.139376
 10
24.360623
 20
-27.139376
  0
LWPOLYLINE
  5
2D8
100
AcDbEntity
  8
ASSEMBLY_OUTLINES_TOP
100
AcDbPolyline
 90
        2
 70
         0
 43
0.03
 10
24.424273
 20
-27.075737
 10
24.424263
 20
-27.075737
  0
LWPOLYLINE
  5
2D9
100
AcDbEntity
  8
ASSEMBLY_OUTLINES_TOP
100
AcDbPolyline
 90
        2
 70
         0
 43
0.03
 10
24.487912
 20
-27.012097
 10
24.487902
 20
-27.012097
  0
LWPOLYLINE
  5
2DA
100
AcDbEntity
  8
ASSEMBLY_OUTLINES_TOP
100
AcDbPolyline
 90
        2
 70
         0
 43
0.03
 10
24.551552
 20
-26.948458
 10
24.551542
 20
-26.948458
  0
LWPOLYLINE
  5
2DB
100
AcDbEntity
  8
ASSEMBLY_OUTLINES_TOP
100
AcDbPolyline
 90
        2
 70
         0
 43
0.03
 10
24.615192
 20
-26.884818
 10
24.615182
 20
-26.884818
  0
LWPOLYLINE
  5
2DC
100
AcDbEntity
  8
ASSEMBLY_OUTLINES_TOP
100
AcDbPolyline
 90
        2
 70
         0
 43
0.03
 10
24.678831
 20
-26.821178
 10
24.678821
 20
-26.821178
  0
LWPOLYLINE
  5
2DD
100
AcDbEntity
  8
ASSEMBLY_OUTLINES_TOP
100
AcDbPolyline
 90
        2
 70
         0
 43
0.03
 10
24.742471
 20
-26.757539
 10
24.742461
 20
-26.757539
  0
LWPOLYLINE
  5
2DE
100
AcDbEntity
  8
ASSEMBLY_OUTLINES_TOP
100
AcDbPolyline
 90
        2
 70
         0
 43
0.03
 10
24.80611
 20
-26.693899
 10
24.8061
 20
-26.693899
  0
LWPOLYLINE
  5
2DF
100
AcDbEntity
  8
ASSEMBLY_OUTLINES_TOP
100
AcDbPolyline
 90
        2
 70
         0
 43
0.03
 10
24.86975
 20
-26.63026
 10
24.86974
 20
-26.63026
  0
LWPOLYLINE
  5
2E0
100
AcDbEntity
  8
ASSEMBLY_OUTLINES_TOP
100
AcDbPolyline
 90
        2
 70
         0
 43
0.03
 10
24.93339
 20
-26.56662
 10
24.93338
 20
-26.56662
  0
LWPOLYLINE
  5
2E1
100
AcDbEntity
  8
ASSEMBLY_OUTLINES_TOP
100
AcDbPolyline
 90
        2
 70
         0
 43
0.03
 10
24.997029
 20
-26.50298
 10
24.997019
 20
-26.50298
  0
LWPOLYLINE
  5
2E2
100
AcDbEntity
  8
ASSEMBLY_OUTLINES_TOP
100
AcDbPolyline
 90
        2
 70
         0
 43
0.03
 10
25.060669
 20
-26.439341
 10
25.060659
 20
-26.439341
  0
LWPOLYLINE
  5
2E3
100
AcDbEntity
  8
ASSEMBLY_OUTLINES_TOP
100
AcDbPolyline
 90
        2
 70
         0
 43
0.03
 10
25.124308
 20
-26.375701
 10
25.124298
 20
-26.375701
  0
LWPOLYLINE
  5
2E4
100
AcDbEntity
  8
ASSEMBLY_OUTLINES_TOP
100
AcDbPolyline
 90
        2
 70
         0
 43
0.03
 10
25.187948
 20
-26.312061
 10
25.187938
 20
-26.312061
  0
LWPOLYLINE
  5
2E5
100
AcDbEntity
  8
ASSEMBLY_OUTLINES_TOP
100
AcDbPolyline
 90
        2
 70
         0
 43
0.03
 10
25.251588
 20
-26.248422
 10
25.251578
 20
-26.248422
  0
LWPOLYLINE
  5
2E6
100
AcDbEntity
  8
ASSEMBLY_OUTLINES_TOP
100
AcDbPolyline
 90
        2
 70
         0
 43
0.03
 10
25.315227
 20
-26.184782
 10
25.315217
 20
-26.184782
  0
LWPOLYLINE
  5
2E7
100
AcDbEntity
  8
ASSEMBLY_OUTLINES_TOP
100
AcDbPolyline
 90
        2
 70
         0
 43
0.03
 10
25.378867
 20
-26.121143
 10
25.378857
 20
-26.121143
  0
LWPOLYLINE
  5
2E8
100
AcDbEntity
  8
ASSEMBLY_OUTLINES_TOP
100
AcDbPolyline
 90
        2
 70
         0
 43
0.03
 10
25.442506
 20
-26.057503
 10
25.442496
 20
-26.057503
  0
LWPOLYLINE
  5
2E9
100
AcDbEntity
  8
ASSEMBLY_OUTLINES_TOP
100
AcDbPolyline
 90
        2
 70
         0
 43
0.03
 10
25.506146
 20
-25.993863
 10
25.506136
 20
-25.993863
  0
LWPOLYLINE
  5
2EA
100
AcDbEntity
  8
ASSEMBLY_OUTLINES_TOP
100
AcDbPolyline
 90
        2
 70
         0
 43
0.03
 10
25.569786
 20
-25.930224
 10
25.569776
 20
-25.930224
  0
LWPOLYLINE
  5
2EB
100
AcDbEntity
  8
ASSEMBLY_OUTLINES_TOP
100
AcDbPolyline
 90
        2
 70
         0
 43
0.03
 10
25.633425
 20
-25.866584
 10
25.633415
 20
-25.866584
  0
LWPOLYLINE
  5
2EC
100
AcDbEntity
  8
ASSEMBLY_OUTLINES_TOP
100
AcDbPolyline
 90
        2
 70
         0
 43
0.03
 10
25.697065
 20
-25.802945
 10
25.697055
 20
-25.802945
  0
LWPOLYLINE
  5
2ED
100
AcDbEntity
  8
ASSEMBLY_OUTLINES_TOP
100
AcDbPolyline
 90
        2
 70
         0
 43
0.03
 10
25.760704
 20
-25.739305
 10
25.760694
 20
-25.739305
  0
LWPOLYLINE
  5
2EE
100
AcDbEntity
  8
ASSEMBLY_OUTLINES_TOP
100
AcDbPolyline
 90
        2
 70
         0
 43
0.03
 10
25.824344
 20
-25.675665
 10
25.824334
 20
-25.675665
  0
LWPOLYLINE
  5
2EF
100
AcDbEntity
  8
ASSEMBLY_OUTLINES_TOP
100
AcDbPolyline
 90
        2
 70
         0
 43
0.03
 10
25.887984
 20
-25.612026
 10
25.887974
 20
-25.612026
  0
LWPOLYLINE
  5
2F0
100
AcDbEntity
  8
ASSEMBLY_OUTLINES_TOP
100
AcDbPolyline
 90
        2
 70
         0
 43
0.03
 10
25.951623
 20
-25.548386
 10
25.951613
 20
-25.548386
  0
LWPOLYLINE
  5
2F1
100
AcDbEntity
  8
ASSEMBLY_OUTLINES_TOP
100
AcDbPolyline
 90
        2
 70
         0
 43
0.03
 10
26.015263
 20
-25.484746
 10
26.015253
 20
-25.484746
  0
LWPOLYLINE
  5
2F2
100
AcDbEntity
  8
ASSEMBLY_OUTLINES_TOP
100
AcDbPolyline
 90
        2
 70
         0
 43
0.03
 10
26.078902
 20
-25.421107
 10
26.078892
 20
-25.421107
  0
LWPOLYLINE
  5
2F3
100
AcDbEntity
  8
ASSEMBLY_OUTLINES_TOP
100
AcDbPolyline
 90
        2
 70
         0
 43
0.03
 10
26.142542
 20
-25.357467
 10
26.142532
 20
-25.357467
  0
LWPOLYLINE
  5
2F4
100
AcDbEntity
  8
ASSEMBLY_OUTLINES_TOP
100
AcDbPolyline
 90
        2
 70
         0
 43
0.03
 10
26.206182
 20
-25.293828
 10
26.206172
 20
-25.293828
  0
LWPOLYLINE
  5
2F5
100
AcDbEntity
  8
ASSEMBLY_OUTLINES_TOP
100
AcDbPolyline
 90
        2
 70
         0
 43
0.03
 10
26.269821
 20
-25.230188
 10
26.269811
 20
-25.230188
  0
LWPOLYLINE
  5
2F6
100
AcDbEntity
  8
ASSEMBLY_OUTLINES_TOP
100
AcDbPolyline
 90
        2
 70
         0
 43
0.03
 10
26.333461
 20
-25.166548
 10
26.333451
 20
-25.166548
  0
LWPOLYLINE
  5
2F7
100
AcDbEntity
  8
ASSEMBLY_OUTLINES_TOP
100
AcDbPolyline
 90
        2
 70
         0
 43
0.03
 10
26.3971
 20
-25.102909
 10
26.39709
 20
-25.102909
  0
LWPOLYLINE
  5
2F8
100
AcDbEntity
  8
ASSEMBLY_OUTLINES_TOP
100
AcDbPolyline
 90
        2
 70
         0
 43
0.03
 10
26.46074
 20
-25.039269
 10
26.46073
 20
-25.039269
  0
LWPOLYLINE
  5
2F9
100
AcDbEntity
  8
ASSEMBLY_OUTLINES_TOP
100
AcDbPolyline
 90
        2
 70
         0
 43
0.03
 10
26.52438
 20
-24.97563
 10
26.52437
 20
-24.97563
  0
LWPOLYLINE
  5
2FA
100
AcDbEntity
  8
ASSEMBLY_OUTLINES_TOP
100
AcDbPolyline
 90
        2
 70
         0
 43
0.03
 10
26.588019
 20
-24.91199
 10
26.588009
 20
-24.91199
  0
LWPOLYLINE
  5
2FB
100
AcDbEntity
  8
ASSEMBLY_OUTLINES_TOP
100
AcDbPolyline
 90
        2
 70
         0
 43
0.03
 10
26.651659
 20
-24.84835
 10
26.651649
 20
-24.84835
  0
LWPOLYLINE
  5
2FC
100
AcDbEntity
  8
ASSEMBLY_OUTLINES_TOP
100
AcDbPolyline
 90
        2
 70
         0
 43
0.03
 10
26.715298
 20
-24.784711
 10
26.715288
 20
-24.784711
  0
LWPOLYLINE
  5
2FD
100
AcDbEntity
  8
ASSEMBLY_OUTLINES_TOP
100
AcDbPolyline
 90
        2
 70
         0
 43
0.03
 10
26.778938
 20
-24.721071
 10
26.778928
 20
-24.721071
  0
LWPOLYLINE
  5
2FE
100
AcDbEntity
  8
ASSEMBLY_OUTLINES_TOP
100
AcDbPolyline
 90
        2
 70
         0
 43
0.03
 10
26.842578
 20
-24.657431
 10
26.842568
 20
-24.657431
  0
LWPOLYLINE
  5
2FF
100
AcDbEntity
  8
ASSEMBLY_OUTLINES_TOP
100
AcDbPolyline
 90
        2
 70
         0
 43
0.03
 10
26.906217
 20
-24.593792
 10
26.906207
 20
-24.593792
  0
LWPOLYLINE
  5
300
100
AcDbEntity
  8
ASSEMBLY_OUTLINES_TOP
100
AcDbPolyline
 90
        2
 70
         0
 43
0.03
 10
26.969857
 20
-24.530152
 10
26.969847
 20
-24.530152
  0
LWPOLYLINE
  5
301
100
AcDbEntity
  8
ASSEMBLY_OUTLINES_TOP
100
AcDbPolyline
 90
        2
 70
         0
 43
0.03
 10
27.033497
 20
-24.466513
 10
27.033487
 20
-24.466513
  0
LWPOLYLINE
  5
302
100
AcDbEntity
  8
ASSEMBLY_OUTLINES_TOP
100
AcDbPolyline
 90
        2
 70
         0
 43
0.03
 10
27.097136
 20
-24.402873
 10
27.097126
 20
-24.402873
  0
LWPOLYLINE
  5
303
100
AcDbEntity
  8
ASSEMBLY_OUTLINES_TOP
100
AcDbPolyline
 90
        2
 70
         0
 43
0.03
 10
27.160776
 20
-24.339233
 10
27.160766
 20
-24.339233
  0
LWPOLYLINE
  5
304
100
AcDbEntity
  8
ASSEMBLY_OUTLINES_TOP
100
AcDbPolyline
 90
        2
 70
         0
 43
0.03
 10
27.224415
 20
-24.275594
 10
27.224405
 20
-24.275594
  0
LWPOLYLINE
  5
305
100
AcDbEntity
  8
ASSEMBLY_OUTLINES_TOP
100
AcDbPolyline
 90
        2
 70
         0
 43
0.03
 10
27.288055
 20
-24.211954
 10
27.288045
 20
-24.211954
  0
LWPOLYLINE
  5
306
100
AcDbEntity
  8
ASSEMBLY_OUTLINES_TOP
100
AcDbPolyline
 90
        2
 70
         0
 43
0.03
 10
27.351695
 20
-24.148315
 10
27.351685
 20
-24.148315
  0
LWPOLYLINE
  5
307
100
AcDbEntity
  8
ASSEMBLY_OUTLINES_TOP
100
AcDbPolyline
 90
        2
 70
         0
 43
0.03
 10
27.415334
 20
-24.084675
 10
27.415324
 20
-24.084675
  0
LWPOLYLINE
  5
308
100
AcDbEntity
  8
ASSEMBLY_OUTLINES_TOP
100
AcDbPolyline
 90
        2
 70
         0
 43
0.03
 10
27.478974
 20
-24.021035
 10
27.478964
 20
-24.021035
  0
LWPOLYLINE
  5
309
100
AcDbEntity
  8
ASSEMBLY_OUTLINES_TOP
100
AcDbPolyline
 90
        2
 70
         0
 43
0.03
 10
27.542613
 20
-23.957396
 10
27.542603
 20
-23.957396
  0
LWPOLYLINE
  5
30A
100
AcDbEntity
  8
ASSEMBLY_OUTLINES_TOP
100
AcDbPolyline
 90
        2
 70
         0
 43
0.03
 10
27.606253
 20
-23.893756
 10
27.606243
 20
-23.893756
  0
LWPOLYLINE
  5
30B
100
AcDbEntity
  8
ASSEMBLY_OUTLINES_TOP
100
AcDbPolyline
 90
        2
 70
         0
 43
0.03
 10
27.669893
 20
-23.830116
 10
27.669883
 20
-23.830116
  0
LWPOLYLINE
  5
30C
100
AcDbEntity
  8
ASSEMBLY_OUTLINES_TOP
100
AcDbPolyline
 90
        2
 70
         0
 43
0.03
 10
27.733532
 20
-23.766477
 10
27.733522
 20
-23.766477
  0
LWPOLYLINE
  5
30D
100
AcDbEntity
  8
ASSEMBLY_OUTLINES_TOP
100
AcDbPolyline
 90
        2
 70
         0
 43
0.03
 10
27.797172
 20
-23.702837
 10
27.797162
 20
-23.702837
  0
LWPOLYLINE
  5
30E
100
AcDbEntity
  8
ASSEMBLY_OUTLINES_TOP
100
AcDbPolyline
 90
        2
 70
         0
 43
0.03
 10
27.860811
 20
-23.639198
 10
27.860801
 20
-23.639198
  0
LWPOLYLINE
  5
30F
100
AcDbEntity
  8
ASSEMBLY_OUTLINES_TOP
100
AcDbPolyline
 90
        2
 70
         0
 43
0.03
 10
27.924451
 20
-23.575558
 10
27.924441
 20
-23.575558
  0
LWPOLYLINE
  5
310
100
AcDbEntity
  8
ASSEMBLY_OUTLINES_TOP
100
AcDbPolyline
 90
        2
 70
         0
 43
0.03
 10
27.988091
 20
-23.511918
 10
27.988081
 20
-23.511918
  0
LWPOLYLINE
  5
311
100
AcDbEntity
  8
ASSEMBLY_OUTLINES_TOP
100
AcDbPolyline
 90
        2
 70
         0
 43
0.03
 10
28.05173
 20
-23.448279
 10
28.05172
 20
-23.448279
  0
LWPOLYLINE
  5
312
100
AcDbEntity
  8
ASSEMBLY_OUTLINES_TOP
100
AcDbPolyline
 90
        2
 70
         0
 43
0.03
 10
28.11537
 20
-23.384639
 10
28.11536
 20
-23.384639
  0
LWPOLYLINE
  5
313
100
AcDbEntity
  8
ASSEMBLY_OUTLINES_TOP
100
AcDbPolyline
 90
        2
 70
         0
 43
0.03
 10
28.121328
 20
-23.378679
 10
28.121318
 20
-23.378679
  0
LWPOLYLINE
  5
314
100
AcDbEntity
  8
ASSEMBLY_OUTLINES_TOP
100
AcDbPolyline
 90
        2
 70
         0
 43
0.03
 10
28.121328
 20
-23.378679
 10
28.121318
 20
-23.378679
  0
LWPOLYLINE
  5
315
100
AcDbEntity
  8
ASSEMBLY_OUTLINES_TOP
100
AcDbPolyline
 90
        2
 70
         0
 43
0.03
 10
28.184004
 20
-23.314095
 10
28.183994
 20
-23.314095
  0
LWPOLYLINE
  5
316
100
AcDbEntity
  8
ASSEMBLY_OUTLINES_TOP
100
AcDbPolyline
 90
        2
 70
         0
 43
0.03
 10
28.184004
 20
-23.314095
 10
28.183994
 20
-23.314095
  0
LWPOLYLINE
  5
317
100
AcDbEntity
  8
ASSEMBLY_OUTLINES_TOP
100
AcDbPolyline
 90
        2
 70
         0
 43
0.03
 10
28.244714
 20
-23.247659
 10
28.244704
 20
-23.247659
  0
LWPOLYLINE
  5
318
100
AcDbEntity
  8
ASSEMBLY_OUTLINES_TOP
100
AcDbPolyline
 90
        2
 70
         0
 43
0.03
 10
28.244714
 20
-23.247659
 10
28.244704
 20
-23.247659
  0
LWPOLYLINE
  5
319
100
AcDbEntity
  8
ASSEMBLY_OUTLINES_TOP
100
AcDbPolyline
 90
        2
 70
         0
 43
0.03
 10
28.303404
 20
-23.179433
 10
28.303394
 20
-23.179433
  0
LWPOLYLINE
  5
31A
100
AcDbEntity
  8
ASSEMBLY_OUTLINES_TOP
100
AcDbPolyline
 90
        2
 70
         0
 43
0.03
 10
28.303404
 20
-23.179433
 10
28.303394
 20
-23.179433
  0
LWPOLYLINE
  5
31B
100
AcDbEntity
  8
ASSEMBLY_OUTLINES_TOP
100
AcDbPolyline
 90
        2
 70
         0
 43
0.03
 10
28.360021
 20
-23.109476
 10
28.360011
 20
-23.109476
  0
LWPOLYLINE
  5
31C
100
AcDbEntity
  8
ASSEMBLY_OUTLINES_TOP
100
AcDbPolyline
 90
        2
 70
         0
 43
0.03
 10
28.360021
 20
-23.109476
 10
28.360011
 20
-23.109476
  0
LWPOLYLINE
  5
31D
100
AcDbEntity
  8
ASSEMBLY_OUTLINES_TOP
100
AcDbPolyline
 90
        2
 70
         0
 43
0.03
 10
28.414514
 20
-23.037853
 10
28.414504
 20
-23.037853
  0
LWPOLYLINE
  5
31E
100
AcDbEntity
  8
ASSEMBLY_OUTLINES_TOP
100
AcDbPolyline
 90
        2
 70
         0
 43
0.03
 10
28.414514
 20
-23.037853
 10
28.414504
 20
-23.037853
  0
LWPOLYLINE
  5
31F
100
AcDbEntity
  8
ASSEMBLY_OUTLINES_TOP
100
AcDbPolyline
 90
        2
 70
         0
 43
0.03
 10
28.466835
 20
-22.964628
 10
28.466825
 20
-22.964628
  0
LWPOLYLINE
  5
320
100
AcDbEntity
  8
ASSEMBLY_OUTLINES_TOP
100
AcDbPolyline
 90
        2
 70
         0
 43
0.03
 10
28.466835
 20
-22.964628
 10
28.466825
 20
-22.964628
  0
LWPOLYLINE
  5
321
100
AcDbEntity
  8
ASSEMBLY_OUTLINES_TOP
100
AcDbPolyline
 90
        2
 70
         0
 43
0.03
 10
28.516935
 20
-22.889866
 10
28.516925
 20
-22.889866
  0
LWPOLYLINE
  5
322
100
AcDbEntity
  8
ASSEMBLY_OUTLINES_TOP
100
AcDbPolyline
 90
        2
 70
         0
 43
0.03
 10
28.516935
 20
-22.889866
 10
28.516925
 20
-22.889866
  0
LWPOLYLINE
  5
323
100
AcDbEntity
  8
ASSEMBLY_OUTLINES_TOP
100
AcDbPolyline
 90
        2
 70
         0
 43
0.03
 10
28.564771
 20
-22.813635
 10
28.564761
 20
-22.813635
  0
LWPOLYLINE
  5
324
100
AcDbEntity
  8
ASSEMBLY_OUTLINES_TOP
100
AcDbPolyline
 90
        2
 70
         0
 43
0.03
 10
28.564771
 20
-22.813635
 10
28.564761
 20
-22.813635
  0
LWPOLYLINE
  5
325
100
AcDbEntity
  8
ASSEMBLY_OUTLINES_TOP
100
AcDbPolyline
 90
        2
 70
         0
 43
0.03
 10
28.610298
 20
-22.736003
 10
28.610288
 20
-22.736003
  0
LWPOLYLINE
  5
326
100
AcDbEntity
  8
ASSEMBLY_OUTLINES_TOP
100
AcDbPolyline
 90
        2
 70
         0
 43
0.03
 10
28.610298
 20
-22.736003
 10
28.610288
 20
-22.736003
  0
LWPOLYLINE
  5
327
100
AcDbEntity
  8
ASSEMBLY_OUTLINES_TOP
100
AcDbPolyline
 90
        2
 70
         0
 43
0.03
 10
28.653476
 20
-22.657041
 10
28.653466
 20
-22.657041
  0
LWPOLYLINE
  5
328
100
AcDbEntity
  8
ASSEMBLY_OUTLINES_TOP
100
AcDbPolyline
 90
        2
 70
         0
 43
0.03
 10
28.653476
 20
-22.657041
 10
28.653466
 20
-22.657041
  0
LWPOLYLINE
  5
329
100
AcDbEntity
  8
ASSEMBLY_OUTLINES_TOP
100
AcDbPolyline
 90
        2
 70
         0
 43
0.03
 10
28.694266
 20
-22.576819
 10
28.694256
 20
-22.576819
  0
LWPOLYLINE
  5
32A
100
AcDbEntity
  8
ASSEMBLY_OUTLINES_TOP
100
AcDbPolyline
 90
        2
 70
         0
 43
0.03
 10
28.694266
 20
-22.576819
 10
28.694256
 20
-22.576819
  0
LWPOLYLINE
  5
32B
100
AcDbEntity
  8
ASSEMBLY_OUTLINES_TOP
100
AcDbPolyline
 90
        2
 70
         0
 43
0.03
 10
28.732632
 20
-22.49541
 10
28.732622
 20
-22.49541
  0
LWPOLYLINE
  5
32C
100
AcDbEntity
  8
ASSEMBLY_OUTLINES_TOP
100
AcDbPolyline
 90
        2
 70
         0
 43
0.03
 10
28.732632
 20
-22.49541
 10
28.732622
 20
-22.49541
  0
LWPOLYLINE
  5
32D
100
AcDbEntity
  8
ASSEMBLY_OUTLINES_TOP
100
AcDbPolyline
 90
        2
 70
         0
 43
0.03
 10
28.768538
 20
-22.412886
 10
28.768528
 20
-22.412886
  0
LWPOLYLINE
  5
32E
100
AcDbEntity
  8
ASSEMBLY_OUTLINES_TOP
100
AcDbPolyline
 90
        2
 70
         0
 43
0.03
 10
28.768538
 20
-22.412886
 10
28.768528
 20
-22.412886
  0
LWPOLYLINE
  5
32F
100
AcDbEntity
  8
ASSEMBLY_OUTLINES_TOP
100
AcDbPolyline
 90
        2
 70
         0
 43
0.03
 10
28.801953
 20
-22.329323
 10
28.801943
 20
-22.329323
  0
LWPOLYLINE
  5
330
100
AcDbEntity
  8
ASSEMBLY_OUTLINES_TOP
100
AcDbPolyline
 90
        2
 70
         0
 43
0.03
 10
28.801953
 20
-22.329323
 10
28.801943
 20
-22.329323
  0
LWPOLYLINE
  5
331
100
AcDbEntity
  8
ASSEMBLY_OUTLINES_TOP
100
AcDbPolyline
 90
        2
 70
         0
 43
0.03
 10
28.832846
 20
-22.244795
 10
28.832836
 20
-22.244795
  0
LWPOLYLINE
  5
332
100
AcDbEntity
  8
ASSEMBLY_OUTLINES_TOP
100
AcDbPolyline
 90
        2
 70
         0
 43
0.03
 10
28.832846
 20
-22.244795
 10
28.832836
 20
-22.244795
  0
LWPOLYLINE
  5
333
100
AcDbEntity
  8
ASSEMBLY_OUTLINES_TOP
100
AcDbPolyline
 90
        2
 70
         0
 43
0.03
 10
28.86119
 20
-22.159378
 10
28.86118
 20
-22.159378
  0
LWPOLYLINE
  5
334
100
AcDbEntity
  8
ASSEMBLY_OUTLINES_TOP
100
AcDbPolyline
 90
        2
 70
         0
 43
0.03
 10
28.86119
 20
-22.159378
 10
28.86118
 20
-22.159378
  0
LWPOLYLINE
  5
335
100
AcDbEntity
  8
ASSEMBLY_OUTLINES_TOP
100
AcDbPolyline
 90
        2
 70
         0
 43
0.03
 10
28.886959
 20
-22.07315
 10
28.886949
 20
-22.07315
  0
LWPOLYLINE
  5
336
100
AcDbEntity
  8
ASSEMBLY_OUTLINES_TOP
100
AcDbPolyline
 90
        2
 70
         0
 43
0.03
 10
28.886959
 20
-22.07315
 10
28.886949
 20
-22.07315
  0
LWPOLYLINE
  5
337
100
AcDbEntity
  8
ASSEMBLY_OUTLINES_TOP
100
AcDbPolyline
 90
        2
 70
         0
 43
0.03
 10
28.91013
 20
-21.986187
 10
28.91012
 20
-21.986187
  0
LWPOLYLINE
  5
338
100
AcDbEntity
  8
ASSEMBLY_OUTLINES_TOP
100
AcDbPolyline
 90
        2
 70
         0
 43
0.03
 10
28.91013
 20
-21.986187
 10
28.91012
 20
-21.986187
  0
LWPOLYLINE
  5
339
100
AcDbEntity
  8
ASSEMBLY_OUTLINES_TOP
100
AcDbPolyline
 90
        2
 70
         0
 43
0.03
 10
28.930682
 20
-21.898568
 10
28.930672
 20
-21.898568
  0
LWPOLYLINE
  5
33A
100
AcDbEntity
  8
ASSEMBLY_OUTLINES_TOP
100
AcDbPolyline
 90
        2
 70
         0
 43
0.03
 10
28.930682
 20
-21.898568
 10
28.930672
 20
-21.898568
  0
LWPOLYLINE
  5
33B
100
AcDbEntity
  8
ASSEMBLY_OUTLINES_TOP
100
AcDbPolyline
 90
        2
 70
         0
 43
0.03
 10
28.948597
 20
-21.810373
 10
28.948587
 20
-21.810373
  0
LWPOLYLINE
  5
33C
100
AcDbEntity
  8
ASSEMBLY_OUTLINES_TOP
100
AcDbPolyline
 90
        2
 70
         0
 43
0.03
 10
28.948597
 20
-21.810373
 10
28.948587
 20
-21.810373
  0
LWPOLYLINE
  5
33D
100
AcDbEntity
  8
ASSEMBLY_OUTLINES_TOP
100
AcDbPolyline
 90
        2
 70
         0
 43
0.03
 10
28.963858
 20
-21.72168
 10
28.963848
 20
-21.72168
  0
LWPOLYLINE
  5
33E
100
AcDbEntity
  8
ASSEMBLY_OUTLINES_TOP
100
AcDbPolyline
 90
        2
 70
         0
 43
0.03
 10
28.963858
 20
-21.72168
 10
28.963848
 20
-21.72168
  0
LWPOLYLINE
  5
33F
100
AcDbEntity
  8
ASSEMBLY_OUTLINES_TOP
100
AcDbPolyline
 90
        2
 70
         0
 43
0.03
 10
28.976452
 20
-21.632569
 10
28.976442
 20
-21.632569
  0
LWPOLYLINE
  5
340
100
AcDbEntity
  8
ASSEMBLY_OUTLINES_TOP
100
AcDbPolyline
 90
        2
 70
         0
 43
0.03
 10
28.976452
 20
-21.632569
 10
28.976442
 20
-21.632569
  0
LWPOLYLINE
  5
341
100
AcDbEntity
  8
ASSEMBLY_OUTLINES_TOP
100
AcDbPolyline
 90
        2
 70
         0
 43
0.03
 10
28.986368
 20
-21.54312
 10
28.986358
 20
-21.54312
  0
LWPOLYLINE
  5
342
100
AcDbEntity
  8
ASSEMBLY_OUTLINES_TOP
100
AcDbPolyline
 90
        2
 70
         0
 43
0.03
 10
28.986368
 20
-21.54312
 10
28.986358
 20
-21.54312
  0
LWPOLYLINE
  5
343
100
AcDbEntity
  8
ASSEMBLY_OUTLINES_TOP
100
AcDbPolyline
 90
        2
 70
         0
 43
0.03
 10
28.993595
 20
-21.453414
 10
28.993585
 20
-21.453414
  0
LWPOLYLINE
  5
344
100
AcDbEntity
  8
ASSEMBLY_OUTLINES_TOP
100
AcDbPolyline
 90
        2
 70
         0
 43
0.03
 10
28.993595
 20
-21.453414
 10
28.993585
 20
-21.453414
  0
LWPOLYLINE
  5
345
100
AcDbEntity
  8
ASSEMBLY_OUTLINES_TOP
100
AcDbPolyline
 90
        2
 70
         0
 43
0.03
 10
28.998129
 20
-21.363532
 10
28.998119
 20
-21.363532
  0
LWPOLYLINE
  5
346
100
AcDbEntity
  8
ASSEMBLY_OUTLINES_TOP
100
AcDbPolyline
 90
        2
 70
         0
 43
0.03
 10
28.998129
 20
-21.363532
 10
28.998119
 20
-21.363532
  0
LWPOLYLINE
  5
347
100
AcDbEntity
  8
ASSEMBLY_OUTLINES_TOP
100
AcDbPolyline
 90
        2
 70
         0
 43
0.03
 10
28.999965
 20
-21.273554
 10
28.999955
 20
-21.273554
  0
LWPOLYLINE
  5
348
100
AcDbEntity
  8
ASSEMBLY_OUTLINES_TOP
100
AcDbPolyline
 90
        2
 70
         0
 43
0.03
 10
28.999965
 20
-21.273554
 10
28.999955
 20
-21.273554
  0
LWPOLYLINE
  5
349
100
AcDbEntity
  8
ASSEMBLY_OUTLINES_TOP
100
AcDbPolyline
 90
        2
 70
         0
 43
0.03
 10
29.000009
 20
-21.257359
 10
28.999999
 20
-21.257359
  0
LWPOLYLINE
  5
34A
100
AcDbEntity
  8
ASSEMBLY_OUTLINES_TOP
100
AcDbPolyline
 90
        2
 70
         0
 43
0.03
 10
29.000009
 20
-21.167359
 10
28.999999
 20
-21.167359
  0
LWPOLYLINE
  5
34B
100
AcDbEntity
  8
ASSEMBLY_OUTLINES_TOP
100
AcDbPolyline
 90
        2
 70
         0
 43
0.03
 10
29.000009
 20
-21.077359
 10
28.999999
 20
-21.077359
  0
LWPOLYLINE
  5
34C
100
AcDbEntity
  8
ASSEMBLY_OUTLINES_TOP
100
AcDbPolyline
 90
        2
 70
         0
 43
0.03
 10
29.000009
 20
-20.987359
 10
28.999999
 20
-20.987359
  0
LWPOLYLINE
  5
34D
100
AcDbEntity
  8
ASSEMBLY_OUTLINES_TOP
100
AcDbPolyline
 90
        2
 70
         0
 43
0.03
 10
29.000009
 20
-20.897359
 10
28.999999
 20
-20.897359
  0
LWPOLYLINE
  5
34E
100
AcDbEntity
  8
ASSEMBLY_OUTLINES_TOP
100
AcDbPolyline
 90
        2
 70
         0
 43
0.03
 10
29.000009
 20
-20.807359
 10
28.999999
 20
-20.807359
  0
LWPOLYLINE
  5
34F
100
AcDbEntity
  8
ASSEMBLY_OUTLINES_TOP
100
AcDbPolyline
 90
        2
 70
         0
 43
0.03
 10
29.000009
 20
-20.717359
 10
28.999999
 20
-20.717359
  0
LWPOLYLINE
  5
350
100
AcDbEntity
  8
ASSEMBLY_OUTLINES_TOP
100
AcDbPolyline
 90
        2
 70
         0
 43
0.03
 10
29.000009
 20
-20.627359
 10
28.999999
 20
-20.627359
  0
LWPOLYLINE
  5
351
100
AcDbEntity
  8
ASSEMBLY_OUTLINES_TOP
100
AcDbPolyline
 90
        2
 70
         0
 43
0.03
 10
29.000009
 20
-20.537359
 10
28.999999
 20
-20.537359
  0
LWPOLYLINE
  5
352
100
AcDbEntity
  8
ASSEMBLY_OUTLINES_TOP
100
AcDbPolyline
 90
        2
 70
         0
 43
0.03
 10
29.000009
 20
-20.447359
 10
28.999999
 20
-20.447359
  0
LWPOLYLINE
  5
353
100
AcDbEntity
  8
ASSEMBLY_OUTLINES_TOP
100
AcDbPolyline
 90
        2
 70
         0
 43
0.03
 10
29.000009
 20
-20.357359
 10
28.999999
 20
-20.357359
  0
LWPOLYLINE
  5
354
100
AcDbEntity
  8
ASSEMBLY_OUTLINES_TOP
100
AcDbPolyline
 90
        2
 70
         0
 43
0.03
 10
29.000009
 20
-20.267359
 10
28.999999
 20
-20.267359
  0
LWPOLYLINE
  5
355
100
AcDbEntity
  8
ASSEMBLY_OUTLINES_TOP
100
AcDbPolyline
 90
        2
 70
         0
 43
0.03
 10
29.000009
 20
-20.177359
 10
28.999999
 20
-20.177359
  0
LWPOLYLINE
  5
356
100
AcDbEntity
  8
ASSEMBLY_OUTLINES_TOP
100
AcDbPolyline
 90
        2
 70
         0
 43
0.03
 10
29.000009
 20
-20.087359
 10
28.999999
 20
-20.087359
  0
LWPOLYLINE
  5
357
100
AcDbEntity
  8
ASSEMBLY_OUTLINES_TOP
100
AcDbPolyline
 90
        2
 70
         0
 43
0.03
 10
29.000009
 20
-19.997359
 10
28.999999
 20
-19.997359
  0
LWPOLYLINE
  5
358
100
AcDbEntity
  8
ASSEMBLY_OUTLINES_TOP
100
AcDbPolyline
 90
        2
 70
         0
 43
0.03
 10
29.000009
 20
-19.907359
 10
28.999999
 20
-19.907359
  0
LWPOLYLINE
  5
359
100
AcDbEntity
  8
ASSEMBLY_OUTLINES_TOP
100
AcDbPolyline
 90
        2
 70
         0
 43
0.03
 10
29.000009
 20
-19.817359
 10
28.999999
 20
-19.817359
  0
LWPOLYLINE
  5
35A
100
AcDbEntity
  8
ASSEMBLY_OUTLINES_TOP
100
AcDbPolyline
 90
        2
 70
         0
 43
0.03
 10
29.000009
 20
-19.727359
 10
28.999999
 20
-19.727359
  0
LWPOLYLINE
  5
35B
100
AcDbEntity
  8
ASSEMBLY_OUTLINES_TOP
100
AcDbPolyline
 90
        2
 70
         0
 43
0.03
 10
29.000009
 20
-19.637359
 10
28.999999
 20
-19.637359
  0
LWPOLYLINE
  5
35C
100
AcDbEntity
  8
ASSEMBLY_OUTLINES_TOP
100
AcDbPolyline
 90
        2
 70
         0
 43
0.03
 10
29.000009
 20
-19.547359
 10
28.999999
 20
-19.547359
  0
LWPOLYLINE
  5
35D
100
AcDbEntity
  8
ASSEMBLY_OUTLINES_TOP
100
AcDbPolyline
 90
        2
 70
         0
 43
0.03
 10
29.000009
 20
-19.457359
 10
28.999999
 20
-19.457359
  0
LWPOLYLINE
  5
35E
100
AcDbEntity
  8
ASSEMBLY_OUTLINES_TOP
100
AcDbPolyline
 90
        2
 70
         0
 43
0.03
 10
29.000009
 20
-19.367359
 10
28.999999
 20
-19.367359
  0
LWPOLYLINE
  5
35F
100
AcDbEntity
  8
ASSEMBLY_OUTLINES_TOP
100
AcDbPolyline
 90
        2
 70
         0
 43
0.03
 10
29.000009
 20
-19.277359
 10
28.999999
 20
-19.277359
  0
LWPOLYLINE
  5
360
100
AcDbEntity
  8
ASSEMBLY_OUTLINES_TOP
100
AcDbPolyline
 90
        2
 70
         0
 43
0.03
 10
29.000009
 20
-19.187359
 10
28.999999
 20
-19.187359
  0
LWPOLYLINE
  5
361
100
AcDbEntity
  8
ASSEMBLY_OUTLINES_TOP
100
AcDbPolyline
 90
        2
 70
         0
 43
0.03
 10
29.000009
 20
-19.097359
 10
28.999999
 20
-19.097359
  0
LWPOLYLINE
  5
362
100
AcDbEntity
  8
ASSEMBLY_OUTLINES_TOP
100
AcDbPolyline
 90
        2
 70
         0
 43
0.03
 10
29.000009
 20
-19.007359
 10
28.999999
 20
-19.007359
  0
LWPOLYLINE
  5
363
100
AcDbEntity
  8
ASSEMBLY_OUTLINES_TOP
100
AcDbPolyline
 90
        2
 70
         0
 43
0.03
 10
29.000009
 20
-18.917359
 10
28.999999
 20
-18.917359
  0
LWPOLYLINE
  5
364
100
AcDbEntity
  8
ASSEMBLY_OUTLINES_TOP
100
AcDbPolyline
 90
        2
 70
         0
 43
0.03
 10
29.000009
 20
-18.827359
 10
28.999999
 20
-18.827359
  0
LWPOLYLINE
  5
365
100
AcDbEntity
  8
ASSEMBLY_OUTLINES_TOP
100
AcDbPolyline
 90
        2
 70
         0
 43
0.03
 10
29.000009
 20
-18.737359
 10
28.999999
 20
-18.737359
  0
LWPOLYLINE
  5
366
100
AcDbEntity
  8
ASSEMBLY_OUTLINES_TOP
100
AcDbPolyline
 90
        2
 70
         0
 43
0.03
 10
29.000009
 20
-18.647359
 10
28.999999
 20
-18.647359
  0
LWPOLYLINE
  5
367
100
AcDbEntity
  8
ASSEMBLY_OUTLINES_TOP
100
AcDbPolyline
 90
        2
 70
         0
 43
0.03
 10
29.000009
 20
-18.557359
 10
28.999999
 20
-18.557359
  0
LWPOLYLINE
  5
368
100
AcDbEntity
  8
ASSEMBLY_OUTLINES_TOP
100
AcDbPolyline
 90
        2
 70
         0
 43
0.03
 10
29.000009
 20
-18.467359
 10
28.999999
 20
-18.467359
  0
LWPOLYLINE
  5
369
100
AcDbEntity
  8
ASSEMBLY_OUTLINES_TOP
100
AcDbPolyline
 90
        2
 70
         0
 43
0.03
 10
29.000009
 20
-18.377359
 10
28.999999
 20
-18.377359
  0
LWPOLYLINE
  5
36A
100
AcDbEntity
  8
ASSEMBLY_OUTLINES_TOP
100
AcDbPolyline
 90
        2
 70
         0
 43
0.03
 10
29.000009
 20
-18.287359
 10
28.999999
 20
-18.287359
  0
LWPOLYLINE
  5
36B
100
AcDbEntity
  8
ASSEMBLY_OUTLINES_TOP
100
AcDbPolyline
 90
        2
 70
         0
 43
0.03
 10
29.000009
 20
-18.197359
 10
28.999999
 20
-18.197359
  0
LWPOLYLINE
  5
36C
100
AcDbEntity
  8
ASSEMBLY_OUTLINES_TOP
100
AcDbPolyline
 90
        2
 70
         0
 43
0.03
 10
29.000009
 20
-18.107359
 10
28.999999
 20
-18.107359
  0
LWPOLYLINE
  5
36D
100
AcDbEntity
  8
ASSEMBLY_OUTLINES_TOP
100
AcDbPolyline
 90
        2
 70
         0
 43
0.03
 10
29.000009
 20
-18.017359
 10
28.999999
 20
-18.017359
  0
LWPOLYLINE
  5
36E
100
AcDbEntity
  8
ASSEMBLY_OUTLINES_TOP
100
AcDbPolyline
 90
        2
 70
         0
 43
0.03
 10
29.000009
 20
-17.927359
 10
28.999999
 20
-17.927359
  0
LWPOLYLINE
  5
36F
100
AcDbEntity
  8
ASSEMBLY_OUTLINES_TOP
100
AcDbPolyline
 90
        2
 70
         0
 43
0.03
 10
29.000009
 20
-17.837359
 10
28.999999
 20
-17.837359
  0
LWPOLYLINE
  5
370
100
AcDbEntity
  8
ASSEMBLY_OUTLINES_TOP
100
AcDbPolyline
 90
        2
 70
         0
 43
0.03
 10
29.000009
 20
-17.747359
 10
28.999999
 20
-17.747359
  0
LWPOLYLINE
  5
371
100
AcDbEntity
  8
ASSEMBLY_OUTLINES_TOP
100
AcDbPolyline
 90
        2
 70
         0
 43
0.03
 10
29.000009
 20
-17.657359
 10
28.999999
 20
-17.657359
  0
LWPOLYLINE
  5
372
100
AcDbEntity
  8
ASSEMBLY_OUTLINES_TOP
100
AcDbPolyline
 90
        2
 70
         0
 43
0.03
 10
29.000009
 20
-17.567359
 10
28.999999
 20
-17.567359
  0
LWPOLYLINE
  5
373
100
AcDbEntity
  8
ASSEMBLY_OUTLINES_TOP
100
AcDbPolyline
 90
        2
 70
         0
 43
0.03
 10
29.000009
 20
-17.477359
 10
28.999999
 20
-17.477359
  0
LWPOLYLINE
  5
374
100
AcDbEntity
  8
ASSEMBLY_OUTLINES_TOP
100
AcDbPolyline
 90
        2
 70
         0
 43
0.03
 10
29.000009
 20
-17.387359
 10
28.999999
 20
-17.387359
  0
LWPOLYLINE
  5
375
100
AcDbEntity
  8
ASSEMBLY_OUTLINES_TOP
100
AcDbPolyline
 90
        2
 70
         0
 43
0.03
 10
29.000009
 20
-17.297359
 10
28.999999
 20
-17.297359
  0
LWPOLYLINE
  5
376
100
AcDbEntity
  8
ASSEMBLY_OUTLINES_TOP
100
AcDbPolyline
 90
        2
 70
         0
 43
0.03
 10
29.000009
 20
-17.207359
 10
28.999999
 20
-17.207359
  0
LWPOLYLINE
  5
377
100
AcDbEntity
  8
ASSEMBLY_OUTLINES_TOP
100
AcDbPolyline
 90
        2
 70
         0
 43
0.03
 10
29.000009
 20
-17.117359
 10
28.999999
 20
-17.117359
  0
LWPOLYLINE
  5
378
100
AcDbEntity
  8
ASSEMBLY_OUTLINES_TOP
100
AcDbPolyline
 90
        2
 70
         0
 43
0.03
 10
29.000009
 20
-17.027359
 10
28.999999
 20
-17.027359
  0
LWPOLYLINE
  5
379
100
AcDbEntity
  8
ASSEMBLY_OUTLINES_TOP
100
AcDbPolyline
 90
        2
 70
         0
 43
0.03
 10
29.000009
 20
-16.937359
 10
28.999999
 20
-16.937359
  0
LWPOLYLINE
  5
37A
100
AcDbEntity
  8
ASSEMBLY_OUTLINES_TOP
100
AcDbPolyline
 90
        2
 70
         0
 43
0.03
 10
29.000009
 20
-16.847359
 10
28.999999
 20
-16.847359
  0
LWPOLYLINE
  5
37B
100
AcDbEntity
  8
ASSEMBLY_OUTLINES_TOP
100
AcDbPolyline
 90
        2
 70
         0
 43
0.03
 10
29.000009
 20
-16.757359
 10
28.999999
 20
-16.757359
  0
LWPOLYLINE
  5
37C
100
AcDbEntity
  8
ASSEMBLY_OUTLINES_TOP
100
AcDbPolyline
 90
        2
 70
         0
 43
0.03
 10
29.000009
 20
-16.667359
 10
28.999999
 20
-16.667359
  0
LWPOLYLINE
  5
37D
100
AcDbEntity
  8
ASSEMBLY_OUTLINES_TOP
100
AcDbPolyline
 90
        2
 70
         0
 43
0.03
 10
29.000009
 20
-16.577359
 10
28.999999
 20
-16.577359
  0
LWPOLYLINE
  5
37E
100
AcDbEntity
  8
ASSEMBLY_OUTLINES_TOP
100
AcDbPolyline
 90
        2
 70
         0
 43
0.03
 10
29.000009
 20
-16.487359
 10
28.999999
 20
-16.487359
  0
LWPOLYLINE
  5
37F
100
AcDbEntity
  8
ASSEMBLY_OUTLINES_TOP
100
AcDbPolyline
 90
        2
 70
         0
 43
0.03
 10
29.000009
 20
-16.397359
 10
28.999999
 20
-16.397359
  0
LWPOLYLINE
  5
380
100
AcDbEntity
  8
ASSEMBLY_OUTLINES_TOP
100
AcDbPolyline
 90
        2
 70
         0
 43
0.03
 10
29.000009
 20
-16.307359
 10
28.999999
 20
-16.307359
  0
LWPOLYLINE
  5
381
100
AcDbEntity
  8
ASSEMBLY_OUTLINES_TOP
100
AcDbPolyline
 90
        2
 70
         0
 43
0.03
 10
29.000009
 20
-16.217359
 10
28.999999
 20
-16.217359
  0
LWPOLYLINE
  5
382
100
AcDbEntity
  8
ASSEMBLY_OUTLINES_TOP
100
AcDbPolyline
 90
        2
 70
         0
 43
0.03
 10
29.000009
 20
-16.127359
 10
28.999999
 20
-16.127359
  0
LWPOLYLINE
  5
383
100
AcDbEntity
  8
ASSEMBLY_OUTLINES_TOP
100
AcDbPolyline
 90
        2
 70
         0
 43
0.03
 10
29.000009
 20
-16.037359
 10
28.999999
 20
-16.037359
  0
LWPOLYLINE
  5
384
100
AcDbEntity
  8
ASSEMBLY_OUTLINES_TOP
100
AcDbPolyline
 90
        2
 70
         0
 43
0.03
 10
29.000009
 20
-15.947359
 10
28.999999
 20
-15.947359
  0
LWPOLYLINE
  5
385
100
AcDbEntity
  8
ASSEMBLY_OUTLINES_TOP
100
AcDbPolyline
 90
        2
 70
         0
 43
0.03
 10
29.000009
 20
-15.857359
 10
28.999999
 20
-15.857359
  0
LWPOLYLINE
  5
386
100
AcDbEntity
  8
ASSEMBLY_OUTLINES_TOP
100
AcDbPolyline
 90
        2
 70
         0
 43
0.03
 10
29.000009
 20
-15.767359
 10
28.999999
 20
-15.767359
  0
LWPOLYLINE
  5
387
100
AcDbEntity
  8
ASSEMBLY_OUTLINES_TOP
100
AcDbPolyline
 90
        2
 70
         0
 43
0.03
 10
29.000009
 20
-15.677359
 10
28.999999
 20
-15.677359
  0
LWPOLYLINE
  5
388
100
AcDbEntity
  8
ASSEMBLY_OUTLINES_TOP
100
AcDbPolyline
 90
        2
 70
         0
 43
0.03
 10
29.000009
 20
-15.587359
 10
28.999999
 20
-15.587359
  0
LWPOLYLINE
  5
389
100
AcDbEntity
  8
ASSEMBLY_OUTLINES_TOP
100
AcDbPolyline
 90
        2
 70
         0
 43
0.03
 10
29.000009
 20
-15.497359
 10
28.999999
 20
-15.497359
  0
LWPOLYLINE
  5
38A
100
AcDbEntity
  8
ASSEMBLY_OUTLINES_TOP
100
AcDbPolyline
 90
        2
 70
         0
 43
0.03
 10
29.000009
 20
-15.407359
 10
28.999999
 20
-15.407359
  0
LWPOLYLINE
  5
38B
100
AcDbEntity
  8
ASSEMBLY_OUTLINES_TOP
100
AcDbPolyline
 90
        2
 70
         0
 43
0.03
 10
29.000009
 20
-15.317359
 10
28.999999
 20
-15.317359
  0
LWPOLYLINE
  5
38C
100
AcDbEntity
  8
ASSEMBLY_OUTLINES_TOP
100
AcDbPolyline
 90
        2
 70
         0
 43
0.03
 10
29.000009
 20
-15.227359
 10
28.999999
 20
-15.227359
  0
LWPOLYLINE
  5
38D
100
AcDbEntity
  8
ASSEMBLY_OUTLINES_TOP
100
AcDbPolyline
 90
        2
 70
         0
 43
0.03
 10
29.000009
 20
-15.137359
 10
28.999999
 20
-15.137359
  0
LWPOLYLINE
  5
38E
100
AcDbEntity
  8
ASSEMBLY_OUTLINES_TOP
100
AcDbPolyline
 90
        2
 70
         0
 43
0.03
 10
29.000009
 20
-15.047359
 10
28.999999
 20
-15.047359
  0
LWPOLYLINE
  5
38F
100
AcDbEntity
  8
ASSEMBLY_OUTLINES_TOP
100
AcDbPolyline
 90
        2
 70
         0
 43
0.03
 10
29.000009
 20
-14.957359
 10
28.999999
 20
-14.957359
  0
LWPOLYLINE
  5
390
100
AcDbEntity
  8
ASSEMBLY_OUTLINES_TOP
100
AcDbPolyline
 90
        2
 70
         0
 43
0.03
 10
29.000009
 20
-14.867359
 10
28.999999
 20
-14.867359
  0
LWPOLYLINE
  5
391
100
AcDbEntity
  8
ASSEMBLY_OUTLINES_TOP
100
AcDbPolyline
 90
        2
 70
         0
 43
0.03
 10
29.000009
 20
-14.777359
 10
28.999999
 20
-14.777359
  0
LWPOLYLINE
  5
392
100
AcDbEntity
  8
ASSEMBLY_OUTLINES_TOP
100
AcDbPolyline
 90
        2
 70
         0
 43
0.03
 10
29.000009
 20
-14.687359
 10
28.999999
 20
-14.687359
  0
LWPOLYLINE
  5
393
100
AcDbEntity
  8
ASSEMBLY_OUTLINES_TOP
100
AcDbPolyline
 90
        2
 70
         0
 43
0.03
 10
29.000009
 20
-14.597359
 10
28.999999
 20
-14.597359
  0
LWPOLYLINE
  5
394
100
AcDbEntity
  8
ASSEMBLY_OUTLINES_TOP
100
AcDbPolyline
 90
        2
 70
         0
 43
0.03
 10
29.000009
 20
-14.507359
 10
28.999999
 20
-14.507359
  0
LWPOLYLINE
  5
395
100
AcDbEntity
  8
ASSEMBLY_OUTLINES_TOP
100
AcDbPolyline
 90
        2
 70
         0
 43
0.03
 10
29.000009
 20
-14.417359
 10
28.999999
 20
-14.417359
  0
LWPOLYLINE
  5
396
100
AcDbEntity
  8
ASSEMBLY_OUTLINES_TOP
100
AcDbPolyline
 90
        2
 70
         0
 43
0.03
 10
29.000009
 20
-14.327359
 10
28.999999
 20
-14.327359
  0
LWPOLYLINE
  5
397
100
AcDbEntity
  8
ASSEMBLY_OUTLINES_TOP
100
AcDbPolyline
 90
        2
 70
         0
 43
0.03
 10
29.000009
 20
-14.237359
 10
28.999999
 20
-14.237359
  0
LWPOLYLINE
  5
398
100
AcDbEntity
  8
ASSEMBLY_OUTLINES_TOP
100
AcDbPolyline
 90
        2
 70
         0
 43
0.03
 10
29.000009
 20
-14.147359
 10
28.999999
 20
-14.147359
  0
LWPOLYLINE
  5
399
100
AcDbEntity
  8
ASSEMBLY_OUTLINES_TOP
100
AcDbPolyline
 90
        2
 70
         0
 43
0.03
 10
29.000009
 20
-14.057359
 10
28.999999
 20
-14.057359
  0
LWPOLYLINE
  5
39A
100
AcDbEntity
  8
ASSEMBLY_OUTLINES_TOP
100
AcDbPolyline
 90
        2
 70
         0
 43
0.03
 10
29.000009
 20
-13.967359
 10
28.999999
 20
-13.967359
  0
LWPOLYLINE
  5
39B
100
AcDbEntity
  8
ASSEMBLY_OUTLINES_TOP
100
AcDbPolyline
 90
        2
 70
         0
 43
0.03
 10
29.000009
 20
-13.877359
 10
28.999999
 20
-13.877359
  0
LWPOLYLINE
  5
39C
100
AcDbEntity
  8
ASSEMBLY_OUTLINES_TOP
100
AcDbPolyline
 90
        2
 70
         0
 43
0.03
 10
29.000009
 20
-13.787359
 10
28.999999
 20
-13.787359
  0
LWPOLYLINE
  5
39D
100
AcDbEntity
  8
ASSEMBLY_OUTLINES_TOP
100
AcDbPolyline
 90
        2
 70
         0
 43
0.03
 10
29.000009
 20
-13.697359
 10
28.999999
 20
-13.697359
  0
LWPOLYLINE
  5
39E
100
AcDbEntity
  8
ASSEMBLY_OUTLINES_TOP
100
AcDbPolyline
 90
        2
 70
         0
 43
0.03
 10
29.000009
 20
-13.607359
 10
28.999999
 20
-13.607359
  0
LWPOLYLINE
  5
39F
100
AcDbEntity
  8
ASSEMBLY_OUTLINES_TOP
100
AcDbPolyline
 90
        2
 70
         0
 43
0.03
 10
29.000009
 20
-13.517359
 10
28.999999
 20
-13.517359
  0
LWPOLYLINE
  5
3A0
100
AcDbEntity
  8
ASSEMBLY_OUTLINES_TOP
100
AcDbPolyline
 90
        2
 70
         0
 43
0.03
 10
29.000009
 20
-13.427359
 10
28.999999
 20
-13.427359
  0
LWPOLYLINE
  5
3A1
100
AcDbEntity
  8
ASSEMBLY_OUTLINES_TOP
100
AcDbPolyline
 90
        2
 70
         0
 43
0.03
 10
29.000009
 20
-13.337359
 10
28.999999
 20
-13.337359
  0
LWPOLYLINE
  5
3A2
100
AcDbEntity
  8
ASSEMBLY_OUTLINES_TOP
100
AcDbPolyline
 90
        2
 70
         0
 43
0.03
 10
29.000009
 20
-13.247359
 10
28.999999
 20
-13.247359
  0
LWPOLYLINE
  5
3A3
100
AcDbEntity
  8
ASSEMBLY_OUTLINES_TOP
100
AcDbPolyline
 90
        2
 70
         0
 43
0.03
 10
29.000009
 20
-13.157359
 10
28.999999
 20
-13.157359
  0
LWPOLYLINE
  5
3A4
100
AcDbEntity
  8
ASSEMBLY_OUTLINES_TOP
100
AcDbPolyline
 90
        2
 70
         0
 43
0.03
 10
29.000009
 20
-13.067359
 10
28.999999
 20
-13.067359
  0
LWPOLYLINE
  5
3A5
100
AcDbEntity
  8
ASSEMBLY_OUTLINES_TOP
100
AcDbPolyline
 90
        2
 70
         0
 43
0.03
 10
29.000009
 20
-12.977359
 10
28.999999
 20
-12.977359
  0
LWPOLYLINE
  5
3A6
100
AcDbEntity
  8
ASSEMBLY_OUTLINES_TOP
100
AcDbPolyline
 90
        2
 70
         0
 43
0.03
 10
29.000009
 20
-12.887359
 10
28.999999
 20
-12.887359
  0
LWPOLYLINE
  5
3A7
100
AcDbEntity
  8
ASSEMBLY_OUTLINES_TOP
100
AcDbPolyline
 90
        2
 70
         0
 43
0.03
 10
29.000009
 20
-12.797359
 10
28.999999
 20
-12.797359
  0
LWPOLYLINE
  5
3A8
100
AcDbEntity
  8
ASSEMBLY_OUTLINES_TOP
100
AcDbPolyline
 90
        2
 70
         0
 43
0.03
 10
29.000009
 20
-12.707359
 10
28.999999
 20
-12.707359
  0
LWPOLYLINE
  5
3A9
100
AcDbEntity
  8
ASSEMBLY_OUTLINES_TOP
100
AcDbPolyline
 90
        2
 70
         0
 43
0.03
 10
29.000009
 20
-12.617359
 10
28.999999
 20
-12.617359
  0
LWPOLYLINE
  5
3AA
100
AcDbEntity
  8
ASSEMBLY_OUTLINES_TOP
100
AcDbPolyline
 90
        2
 70
         0
 43
0.03
 10
29.000009
 20
-12.527359
 10
28.999999
 20
-12.527359
  0
LWPOLYLINE
  5
3AB
100
AcDbEntity
  8
ASSEMBLY_OUTLINES_TOP
100
AcDbPolyline
 90
        2
 70
         0
 43
0.03
 10
29.000009
 20
-12.437359
 10
28.999999
 20
-12.437359
  0
LWPOLYLINE
  5
3AC
100
AcDbEntity
  8
ASSEMBLY_OUTLINES_TOP
100
AcDbPolyline
 90
        2
 70
         0
 43
0.03
 10
29.000009
 20
-12.347359
 10
28.999999
 20
-12.347359
  0
LWPOLYLINE
  5
3AD
100
AcDbEntity
  8
ASSEMBLY_OUTLINES_TOP
100
AcDbPolyline
 90
        2
 70
         0
 43
0.03
 10
29.000009
 20
-12.257359
 10
28.999999
 20
-12.257359
  0
LWPOLYLINE
  5
3AE
100
AcDbEntity
  8
ASSEMBLY_OUTLINES_TOP
100
AcDbPolyline
 90
        2
 70
         0
 43
0.03
 10
29.000009
 20
-12.167359
 10
28.999999
 20
-12.167359
  0
LWPOLYLINE
  5
3AF
100
AcDbEntity
  8
ASSEMBLY_OUTLINES_TOP
100
AcDbPolyline
 90
        2
 70
         0
 43
0.03
 10
29.000009
 20
-12.077359
 10
28.999999
 20
-12.077359
  0
LWPOLYLINE
  5
3B0
100
AcDbEntity
  8
ASSEMBLY_OUTLINES_TOP
100
AcDbPolyline
 90
        2
 70
         0
 43
0.03
 10
29.000009
 20
-11.987359
 10
28.999999
 20
-11.987359
  0
LWPOLYLINE
  5
3B1
100
AcDbEntity
  8
ASSEMBLY_OUTLINES_TOP
100
AcDbPolyline
 90
        2
 70
         0
 43
0.03
 10
29.000009
 20
-11.897359
 10
28.999999
 20
-11.897359
  0
LWPOLYLINE
  5
3B2
100
AcDbEntity
  8
ASSEMBLY_OUTLINES_TOP
100
AcDbPolyline
 90
        2
 70
         0
 43
0.03
 10
29.000009
 20
-11.807359
 10
28.999999
 20
-11.807359
  0
LWPOLYLINE
  5
3B3
100
AcDbEntity
  8
ASSEMBLY_OUTLINES_TOP
100
AcDbPolyline
 90
        2
 70
         0
 43
0.03
 10
29.000009
 20
-11.717359
 10
28.999999
 20
-11.717359
  0
LWPOLYLINE
  5
3B4
100
AcDbEntity
  8
ASSEMBLY_OUTLINES_TOP
100
AcDbPolyline
 90
        2
 70
         0
 43
0.03
 10
29.000009
 20
-11.627359
 10
28.999999
 20
-11.627359
  0
LWPOLYLINE
  5
3B5
100
AcDbEntity
  8
ASSEMBLY_OUTLINES_TOP
100
AcDbPolyline
 90
        2
 70
         0
 43
0.03
 10
29.000009
 20
-11.537359
 10
28.999999
 20
-11.537359
  0
LWPOLYLINE
  5
3B6
100
AcDbEntity
  8
ASSEMBLY_OUTLINES_TOP
100
AcDbPolyline
 90
        2
 70
         0
 43
0.03
 10
29.000009
 20
-11.447359
 10
28.999999
 20
-11.447359
  0
LWPOLYLINE
  5
3B7
100
AcDbEntity
  8
ASSEMBLY_OUTLINES_TOP
100
AcDbPolyline
 90
        2
 70
         0
 43
0.03
 10
29.000009
 20
-11.357359
 10
28.999999
 20
-11.357359
  0
LWPOLYLINE
  5
3B8
100
AcDbEntity
  8
ASSEMBLY_OUTLINES_TOP
100
AcDbPolyline
 90
        2
 70
         0
 43
0.03
 10
29.000009
 20
-11.267359
 10
28.999999
 20
-11.267359
  0
LWPOLYLINE
  5
3B9
100
AcDbEntity
  8
ASSEMBLY_OUTLINES_TOP
100
AcDbPolyline
 90
        2
 70
         0
 43
0.03
 10
29.000009
 20
-11.177359
 10
28.999999
 20
-11.177359
  0
LWPOLYLINE
  5
3BA
100
AcDbEntity
  8
ASSEMBLY_OUTLINES_TOP
100
AcDbPolyline
 90
        2
 70
         0
 43
0.03
 10
29.000009
 20
-11.087359
 10
28.999999
 20
-11.087359
  0
LWPOLYLINE
  5
3BB
100
AcDbEntity
  8
ASSEMBLY_OUTLINES_TOP
100
AcDbPolyline
 90
        2
 70
         0
 43
0.03
 10
29.000009
 20
-10.997359
 10
28.999999
 20
-10.997359
  0
LWPOLYLINE
  5
3BC
100
AcDbEntity
  8
ASSEMBLY_OUTLINES_TOP
100
AcDbPolyline
 90
        2
 70
         0
 43
0.03
 10
29.000009
 20
-10.907359
 10
28.999999
 20
-10.907359
  0
LWPOLYLINE
  5
3BD
100
AcDbEntity
  8
ASSEMBLY_OUTLINES_TOP
100
AcDbPolyline
 90
        2
 70
         0
 43
0.03
 10
29.000009
 20
-10.817359
 10
28.999999
 20
-10.817359
  0
LWPOLYLINE
  5
3BE
100
AcDbEntity
  8
ASSEMBLY_OUTLINES_TOP
100
AcDbPolyline
 90
        2
 70
         0
 43
0.03
 10
29.000009
 20
-10.727359
 10
28.999999
 20
-10.727359
  0
LWPOLYLINE
  5
3BF
100
AcDbEntity
  8
ASSEMBLY_OUTLINES_TOP
100
AcDbPolyline
 90
        2
 70
         0
 43
0.03
 10
29.000009
 20
-10.637359
 10
28.999999
 20
-10.637359
  0
LWPOLYLINE
  5
3C0
100
AcDbEntity
  8
ASSEMBLY_OUTLINES_TOP
100
AcDbPolyline
 90
        2
 70
         0
 43
0.03
 10
29.000009
 20
-10.547359
 10
28.999999
 20
-10.547359
  0
LWPOLYLINE
  5
3C1
100
AcDbEntity
  8
ASSEMBLY_OUTLINES_TOP
100
AcDbPolyline
 90
        2
 70
         0
 43
0.03
 10
29.000009
 20
-10.457359
 10
28.999999
 20
-10.457359
  0
LWPOLYLINE
  5
3C2
100
AcDbEntity
  8
ASSEMBLY_OUTLINES_TOP
100
AcDbPolyline
 90
        2
 70
         0
 43
0.03
 10
29.000009
 20
-10.367359
 10
28.999999
 20
-10.367359
  0
LWPOLYLINE
  5
3C3
100
AcDbEntity
  8
ASSEMBLY_OUTLINES_TOP
100
AcDbPolyline
 90
        2
 70
         0
 43
0.03
 10
29.000009
 20
-10.277359
 10
28.999999
 20
-10.277359
  0
LWPOLYLINE
  5
3C4
100
AcDbEntity
  8
ASSEMBLY_OUTLINES_TOP
100
AcDbPolyline
 90
        2
 70
         0
 43
0.03
 10
29.000009
 20
-10.187359
 10
28.999999
 20
-10.187359
  0
LWPOLYLINE
  5
3C5
100
AcDbEntity
  8
ASSEMBLY_OUTLINES_TOP
100
AcDbPolyline
 90
        2
 70
         0
 43
0.03
 10
29.000009
 20
-10.097359
 10
28.999999
 20
-10.097359
  0
LWPOLYLINE
  5
3C6
100
AcDbEntity
  8
ASSEMBLY_OUTLINES_TOP
100
AcDbPolyline
 90
        2
 70
         0
 43
0.03
 10
29.000009
 20
-10.007359
 10
28.999999
 20
-10.007359
  0
LWPOLYLINE
  5
3C7
100
AcDbEntity
  8
ASSEMBLY_OUTLINES_TOP
100
AcDbPolyline
 90
        2
 70
         0
 43
0.03
 10
29.000009
 20
-9.917359
 10
28.999999
 20
-9.917359
  0
LWPOLYLINE
  5
3C8
100
AcDbEntity
  8
ASSEMBLY_OUTLINES_TOP
100
AcDbPolyline
 90
        2
 70
         0
 43
0.03
 10
29.000009
 20
-9.827359
 10
28.999999
 20
-9.827359
  0
LWPOLYLINE
  5
3C9
100
AcDbEntity
  8
ASSEMBLY_OUTLINES_TOP
100
AcDbPolyline
 90
        2
 70
         0
 43
0.03
 10
29.000009
 20
-9.737359
 10
28.999999
 20
-9.737359
  0
LWPOLYLINE
  5
3CA
100
AcDbEntity
  8
ASSEMBLY_OUTLINES_TOP
100
AcDbPolyline
 90
        2
 70
         0
 43
0.03
 10
29.000009
 20
-9.647359
 10
28.999999
 20
-9.647359
  0
LWPOLYLINE
  5
3CB
100
AcDbEntity
  8
ASSEMBLY_OUTLINES_TOP
100
AcDbPolyline
 90
        2
 70
         0
 43
0.03
 10
29.000009
 20
-9.557359
 10
28.999999
 20
-9.557359
  0
LWPOLYLINE
  5
3CC
100
AcDbEntity
  8
ASSEMBLY_OUTLINES_TOP
100
AcDbPolyline
 90
        2
 70
         0
 43
0.03
 10
29.000009
 20
-9.467359
 10
28.999999
 20
-9.467359
  0
LWPOLYLINE
  5
3CD
100
AcDbEntity
  8
ASSEMBLY_OUTLINES_TOP
100
AcDbPolyline
 90
        2
 70
         0
 43
0.03
 10
29.000009
 20
-9.377359
 10
28.999999
 20
-9.377359
  0
LWPOLYLINE
  5
3CE
100
AcDbEntity
  8
ASSEMBLY_OUTLINES_TOP
100
AcDbPolyline
 90
        2
 70
         0
 43
0.03
 10
29.000009
 20
-9.287359
 10
28.999999
 20
-9.287359
  0
LWPOLYLINE
  5
3CF
100
AcDbEntity
  8
ASSEMBLY_OUTLINES_TOP
100
AcDbPolyline
 90
        2
 70
         0
 43
0.03
 10
29.000009
 20
-9.197359
 10
28.999999
 20
-9.197359
  0
LWPOLYLINE
  5
3D0
100
AcDbEntity
  8
ASSEMBLY_OUTLINES_TOP
100
AcDbPolyline
 90
        2
 70
         0
 43
0.03
 10
29.000009
 20
-9.107359
 10
28.999999
 20
-9.107359
  0
LWPOLYLINE
  5
3D1
100
AcDbEntity
  8
ASSEMBLY_OUTLINES_TOP
100
AcDbPolyline
 90
        2
 70
         0
 43
0.03
 10
29.000009
 20
-9.017359
 10
28.999999
 20
-9.017359
  0
LWPOLYLINE
  5
3D2
100
AcDbEntity
  8
ASSEMBLY_OUTLINES_TOP
100
AcDbPolyline
 90
        2
 70
         0
 43
0.03
 10
29.000009
 20
-8.927359
 10
28.999999
 20
-8.927359
  0
LWPOLYLINE
  5
3D3
100
AcDbEntity
  8
ASSEMBLY_OUTLINES_TOP
100
AcDbPolyline
 90
        2
 70
         0
 43
0.03
 10
29.000009
 20
-8.837359
 10
28.999999
 20
-8.837359
  0
LWPOLYLINE
  5
3D4
100
AcDbEntity
  8
ASSEMBLY_OUTLINES_TOP
100
AcDbPolyline
 90
        2
 70
         0
 43
0.03
 10
29.000009
 20
-8.747359
 10
28.999999
 20
-8.747359
  0
LWPOLYLINE
  5
3D5
100
AcDbEntity
  8
ASSEMBLY_OUTLINES_TOP
100
AcDbPolyline
 90
        2
 70
         0
 43
0.03
 10
29.000009
 20
-8.657359
 10
28.999999
 20
-8.657359
  0
LWPOLYLINE
  5
3D6
100
AcDbEntity
  8
ASSEMBLY_OUTLINES_TOP
100
AcDbPolyline
 90
        2
 70
         0
 43
0.03
 10
29.000009
 20
-8.567359
 10
28.999999
 20
-8.567359
  0
LWPOLYLINE
  5
3D7
100
AcDbEntity
  8
ASSEMBLY_OUTLINES_TOP
100
AcDbPolyline
 90
        2
 70
         0
 43
0.03
 10
29.000009
 20
-8.477359
 10
28.999999
 20
-8.477359
  0
LWPOLYLINE
  5
3D8
100
AcDbEntity
  8
ASSEMBLY_OUTLINES_TOP
100
AcDbPolyline
 90
        2
 70
         0
 43
0.03
 10
29.000009
 20
-8.387359
 10
28.999999
 20
-8.387359
  0
LWPOLYLINE
  5
3D9
100
AcDbEntity
  8
ASSEMBLY_OUTLINES_TOP
100
AcDbPolyline
 90
        2
 70
         0
 43
0.03
 10
29.000009
 20
-8.297359
 10
28.999999
 20
-8.297359
  0
LWPOLYLINE
  5
3DA
100
AcDbEntity
  8
ASSEMBLY_OUTLINES_TOP
100
AcDbPolyline
 90
        2
 70
         0
 43
0.03
 10
29.000009
 20
-8.207359
 10
28.999999
 20
-8.207359
  0
LWPOLYLINE
  5
3DB
100
AcDbEntity
  8
ASSEMBLY_OUTLINES_TOP
100
AcDbPolyline
 90
        2
 70
         0
 43
0.03
 10
29.000009
 20
-8.117359
 10
28.999999
 20
-8.117359
  0
LWPOLYLINE
  5
3DC
100
AcDbEntity
  8
ASSEMBLY_OUTLINES_TOP
100
AcDbPolyline
 90
        2
 70
         0
 43
0.03
 10
29.000009
 20
-8.027359
 10
28.999999
 20
-8.027359
  0
LWPOLYLINE
  5
3DD
100
AcDbEntity
  8
ASSEMBLY_OUTLINES_TOP
100
AcDbPolyline
 90
        2
 70
         0
 43
0.03
 10
29.000009
 20
-7.937359
 10
28.999999
 20
-7.937359
  0
LWPOLYLINE
  5
3DE
100
AcDbEntity
  8
ASSEMBLY_OUTLINES_TOP
100
AcDbPolyline
 90
        2
 70
         0
 43
0.03
 10
29.000009
 20
-7.847359
 10
28.999999
 20
-7.847359
  0
LWPOLYLINE
  5
3DF
100
AcDbEntity
  8
ASSEMBLY_OUTLINES_TOP
100
AcDbPolyline
 90
        2
 70
         0
 43
0.03
 10
29.000009
 20
-7.757359
 10
28.999999
 20
-7.757359
  0
LWPOLYLINE
  5
3E0
100
AcDbEntity
  8
ASSEMBLY_OUTLINES_TOP
100
AcDbPolyline
 90
        2
 70
         0
 43
0.03
 10
29.000009
 20
-7.667359
 10
28.999999
 20
-7.667359
  0
LWPOLYLINE
  5
3E1
100
AcDbEntity
  8
ASSEMBLY_OUTLINES_TOP
100
AcDbPolyline
 90
        2
 70
         0
 43
0.03
 10
29.000009
 20
-7.577359
 10
28.999999
 20
-7.577359
  0
LWPOLYLINE
  5
3E2
100
AcDbEntity
  8
ASSEMBLY_OUTLINES_TOP
100
AcDbPolyline
 90
        2
 70
         0
 43
0.03
 10
29.000009
 20
-7.487359
 10
28.999999
 20
-7.487359
  0
LWPOLYLINE
  5
3E3
100
AcDbEntity
  8
ASSEMBLY_OUTLINES_TOP
100
AcDbPolyline
 90
        2
 70
         0
 43
0.03
 10
29.000009
 20
-7.397359
 10
28.999999
 20
-7.397359
  0
LWPOLYLINE
  5
3E4
100
AcDbEntity
  8
ASSEMBLY_OUTLINES_TOP
100
AcDbPolyline
 90
        2
 70
         0
 43
0.03
 10
29.000009
 20
-7.307359
 10
28.999999
 20
-7.307359
  0
LWPOLYLINE
  5
3E5
100
AcDbEntity
  8
ASSEMBLY_OUTLINES_TOP
100
AcDbPolyline
 90
        2
 70
         0
 43
0.03
 10
29.000009
 20
-7.217359
 10
28.999999
 20
-7.217359
  0
LWPOLYLINE
  5
3E6
100
AcDbEntity
  8
ASSEMBLY_OUTLINES_TOP
100
AcDbPolyline
 90
        2
 70
         0
 43
0.03
 10
29.000009
 20
-7.127359
 10
28.999999
 20
-7.127359
  0
LWPOLYLINE
  5
3E7
100
AcDbEntity
  8
ASSEMBLY_OUTLINES_TOP
100
AcDbPolyline
 90
        2
 70
         0
 43
0.03
 10
29.000009
 20
-7.037359
 10
28.999999
 20
-7.037359
  0
LWPOLYLINE
  5
3E8
100
AcDbEntity
  8
ASSEMBLY_OUTLINES_TOP
100
AcDbPolyline
 90
        2
 70
         0
 43
0.03
 10
29.000009
 20
-6.947359
 10
28.999999
 20
-6.947359
  0
LWPOLYLINE
  5
3E9
100
AcDbEntity
  8
ASSEMBLY_OUTLINES_TOP
100
AcDbPolyline
 90
        2
 70
         0
 43
0.03
 10
29.000009
 20
-6.857359
 10
28.999999
 20
-6.857359
  0
LWPOLYLINE
  5
3EA
100
AcDbEntity
  8
ASSEMBLY_OUTLINES_TOP
100
AcDbPolyline
 90
        2
 70
         0
 43
0.03
 10
29.000009
 20
-6.767359
 10
28.999999
 20
-6.767359
  0
LWPOLYLINE
  5
3EB
100
AcDbEntity
  8
ASSEMBLY_OUTLINES_TOP
100
AcDbPolyline
 90
        2
 70
         0
 43
0.03
 10
29.000009
 20
-6.677359
 10
28.999999
 20
-6.677359
  0
LWPOLYLINE
  5
3EC
100
AcDbEntity
  8
ASSEMBLY_OUTLINES_TOP
100
AcDbPolyline
 90
        2
 70
         0
 43
0.03
 10
29.000009
 20
-6.587359
 10
28.999999
 20
-6.587359
  0
LWPOLYLINE
  5
3ED
100
AcDbEntity
  8
ASSEMBLY_OUTLINES_TOP
100
AcDbPolyline
 90
        2
 70
         0
 43
0.03
 10
29.000009
 20
-6.497359
 10
28.999999
 20
-6.497359
  0
LWPOLYLINE
  5
3EE
100
AcDbEntity
  8
ASSEMBLY_OUTLINES_TOP
100
AcDbPolyline
 90
        2
 70
         0
 43
0.03
 10
29.000009
 20
-6.407359
 10
28.999999
 20
-6.407359
  0
LWPOLYLINE
  5
3EF
100
AcDbEntity
  8
ASSEMBLY_OUTLINES_TOP
100
AcDbPolyline
 90
        2
 70
         0
 43
0.03
 10
29.000009
 20
-6.317359
 10
28.999999
 20
-6.317359
  0
LWPOLYLINE
  5
3F0
100
AcDbEntity
  8
ASSEMBLY_OUTLINES_TOP
100
AcDbPolyline
 90
        2
 70
         0
 43
0.03
 10
29.000009
 20
-6.227359
 10
28.999999
 20
-6.227359
  0
LWPOLYLINE
  5
3F1
100
AcDbEntity
  8
ASSEMBLY_OUTLINES_TOP
100
AcDbPolyline
 90
        2
 70
         0
 43
0.03
 10
29.000009
 20
-6.137359
 10
28.999999
 20
-6.137359
  0
LWPOLYLINE
  5
3F2
100
AcDbEntity
  8
ASSEMBLY_OUTLINES_TOP
100
AcDbPolyline
 90
        2
 70
         0
 43
0.03
 10
29.000009
 20
-6.047359
 10
28.999999
 20
-6.047359
  0
LWPOLYLINE
  5
3F3
100
AcDbEntity
  8
ASSEMBLY_OUTLINES_TOP
100
AcDbPolyline
 90
        2
 70
         0
 43
0.03
 10
29.000009
 20
-5.957359
 10
28.999999
 20
-5.957359
  0
LWPOLYLINE
  5
3F4
100
AcDbEntity
  8
ASSEMBLY_OUTLINES_TOP
100
AcDbPolyline
 90
        2
 70
         0
 43
0.03
 10
29.000009
 20
-5.867359
 10
28.999999
 20
-5.867359
  0
LWPOLYLINE
  5
3F5
100
AcDbEntity
  8
ASSEMBLY_OUTLINES_TOP
100
AcDbPolyline
 90
        2
 70
         0
 43
0.03
 10
29.000009
 20
-5.777359
 10
28.999999
 20
-5.777359
  0
LWPOLYLINE
  5
3F6
100
AcDbEntity
  8
ASSEMBLY_OUTLINES_TOP
100
AcDbPolyline
 90
        2
 70
         0
 43
0.03
 10
29.000009
 20
-5.687359
 10
28.999999
 20
-5.687359
  0
LWPOLYLINE
  5
3F7
100
AcDbEntity
  8
ASSEMBLY_OUTLINES_TOP
100
AcDbPolyline
 90
        2
 70
         0
 43
0.03
 10
29.000009
 20
-5.597359
 10
28.999999
 20
-5.597359
  0
LWPOLYLINE
  5
3F8
100
AcDbEntity
  8
ASSEMBLY_OUTLINES_TOP
100
AcDbPolyline
 90
        2
 70
         0
 43
0.03
 10
29.000009
 20
-5.507359
 10
28.999999
 20
-5.507359
  0
LWPOLYLINE
  5
3F9
100
AcDbEntity
  8
ASSEMBLY_OUTLINES_TOP
100
AcDbPolyline
 90
        2
 70
         0
 43
0.03
 10
29.000009
 20
-5.417359
 10
28.999999
 20
-5.417359
  0
LWPOLYLINE
  5
3FA
100
AcDbEntity
  8
ASSEMBLY_OUTLINES_TOP
100
AcDbPolyline
 90
        2
 70
         0
 43
0.03
 10
29.000009
 20
-5.327359
 10
28.999999
 20
-5.327359
  0
LWPOLYLINE
  5
3FB
100
AcDbEntity
  8
ASSEMBLY_OUTLINES_TOP
100
AcDbPolyline
 90
        2
 70
         0
 43
0.03
 10
29.000009
 20
-5.237359
 10
28.999999
 20
-5.237359
  0
LWPOLYLINE
  5
3FC
100
AcDbEntity
  8
ASSEMBLY_OUTLINES_TOP
100
AcDbPolyline
 90
        2
 70
         0
 43
0.03
 10
29.000009
 20
-5.147359
 10
28.999999
 20
-5.147359
  0
LWPOLYLINE
  5
3FD
100
AcDbEntity
  8
ASSEMBLY_OUTLINES_TOP
100
AcDbPolyline
 90
        2
 70
         0
 43
0.03
 10
29.000009
 20
-5.057359
 10
28.999999
 20
-5.057359
  0
LWPOLYLINE
  5
3FE
100
AcDbEntity
  8
ASSEMBLY_OUTLINES_TOP
100
AcDbPolyline
 90
        2
 70
         0
 43
0.03
 10
29.000009
 20
-4.967359
 10
28.999999
 20
-4.967359
  0
LWPOLYLINE
  5
3FF
100
AcDbEntity
  8
ASSEMBLY_OUTLINES_TOP
100
AcDbPolyline
 90
        2
 70
         0
 43
0.03
 10
29.000009
 20
-4.877359
 10
28.999999
 20
-4.877359
  0
LWPOLYLINE
  5
400
100
AcDbEntity
  8
ASSEMBLY_OUTLINES_TOP
100
AcDbPolyline
 90
        2
 70
         0
 43
0.03
 10
29.000009
 20
-4.787359
 10
28.999999
 20
-4.787359
  0
LWPOLYLINE
  5
401
100
AcDbEntity
  8
ASSEMBLY_OUTLINES_TOP
100
AcDbPolyline
 90
        2
 70
         0
 43
0.03
 10
29.000009
 20
-4.697359
 10
28.999999
 20
-4.697359
  0
LWPOLYLINE
  5
402
100
AcDbEntity
  8
ASSEMBLY_OUTLINES_TOP
100
AcDbPolyline
 90
        2
 70
         0
 43
0.03
 10
29.000009
 20
-4.607359
 10
28.999999
 20
-4.607359
  0
LWPOLYLINE
  5
403
100
AcDbEntity
  8
ASSEMBLY_OUTLINES_TOP
100
AcDbPolyline
 90
        2
 70
         0
 43
0.03
 10
29.000009
 20
-4.517359
 10
28.999999
 20
-4.517359
  0
LWPOLYLINE
  5
404
100
AcDbEntity
  8
ASSEMBLY_OUTLINES_TOP
100
AcDbPolyline
 90
        2
 70
         0
 43
0.03
 10
29.000009
 20
-4.427359
 10
28.999999
 20
-4.427359
  0
LWPOLYLINE
  5
405
100
AcDbEntity
  8
ASSEMBLY_OUTLINES_TOP
100
AcDbPolyline
 90
        2
 70
         0
 43
0.03
 10
29.000009
 20
-4.337359
 10
28.999999
 20
-4.337359
  0
LWPOLYLINE
  5
406
100
AcDbEntity
  8
ASSEMBLY_OUTLINES_TOP
100
AcDbPolyline
 90
        2
 70
         0
 43
0.03
 10
29.000009
 20
-4.247359
 10
28.999999
 20
-4.247359
  0
LWPOLYLINE
  5
407
100
AcDbEntity
  8
ASSEMBLY_OUTLINES_TOP
100
AcDbPolyline
 90
        2
 70
         0
 43
0.03
 10
29.000009
 20
-4.157359
 10
28.999999
 20
-4.157359
  0
LWPOLYLINE
  5
408
100
AcDbEntity
  8
ASSEMBLY_OUTLINES_TOP
100
AcDbPolyline
 90
        2
 70
         0
 43
0.03
 10
29.000009
 20
-4.067359
 10
28.999999
 20
-4.067359
  0
LWPOLYLINE
  5
409
100
AcDbEntity
  8
ASSEMBLY_OUTLINES_TOP
100
AcDbPolyline
 90
        2
 70
         0
 43
0.03
 10
29.000009
 20
-3.977359
 10
28.999999
 20
-3.977359
  0
LWPOLYLINE
  5
40A
100
AcDbEntity
  8
ASSEMBLY_OUTLINES_TOP
100
AcDbPolyline
 90
        2
 70
         0
 43
0.03
 10
29.000009
 20
-3.887359
 10
28.999999
 20
-3.887359
  0
LWPOLYLINE
  5
40B
100
AcDbEntity
  8
ASSEMBLY_OUTLINES_TOP
100
AcDbPolyline
 90
        2
 70
         0
 43
0.03
 10
29.000009
 20
-3.797359
 10
28.999999
 20
-3.797359
  0
LWPOLYLINE
  5
40C
100
AcDbEntity
  8
ASSEMBLY_OUTLINES_TOP
100
AcDbPolyline
 90
        2
 70
         0
 43
0.03
 10
29.000009
 20
-3.707359
 10
28.999999
 20
-3.707359
  0
LWPOLYLINE
  5
40D
100
AcDbEntity
  8
ASSEMBLY_OUTLINES_TOP
100
AcDbPolyline
 90
        2
 70
         0
 43
0.03
 10
29.000009
 20
-3.617359
 10
28.999999
 20
-3.617359
  0
LWPOLYLINE
  5
40E
100
AcDbEntity
  8
ASSEMBLY_OUTLINES_TOP
100
AcDbPolyline
 90
        2
 70
         0
 43
0.03
 10
29.000009
 20
-3.527359
 10
28.999999
 20
-3.527359
  0
LWPOLYLINE
  5
40F
100
AcDbEntity
  8
ASSEMBLY_OUTLINES_TOP
100
AcDbPolyline
 90
        2
 70
         0
 43
0.03
 10
29.000009
 20
-3.437359
 10
28.999999
 20
-3.437359
  0
LWPOLYLINE
  5
410
100
AcDbEntity
  8
ASSEMBLY_OUTLINES_TOP
100
AcDbPolyline
 90
        2
 70
         0
 43
0.03
 10
29.000009
 20
-3.347359
 10
28.999999
 20
-3.347359
  0
LWPOLYLINE
  5
411
100
AcDbEntity
  8
ASSEMBLY_OUTLINES_TOP
100
AcDbPolyline
 90
        2
 70
         0
 43
0.03
 10
29.000009
 20
-3.257359
 10
28.999999
 20
-3.257359
  0
LWPOLYLINE
  5
412
100
AcDbEntity
  8
ASSEMBLY_OUTLINES_TOP
100
AcDbPolyline
 90
        2
 70
         0
 43
0.03
 10
29.000009
 20
-3.167359
 10
28.999999
 20
-3.167359
  0
LWPOLYLINE
  5
413
100
AcDbEntity
  8
ASSEMBLY_OUTLINES_TOP
100
AcDbPolyline
 90
        2
 70
         0
 43
0.03
 10
29.000009
 20
-3.077359
 10
28.999999
 20
-3.077359
  0
LWPOLYLINE
  5
414
100
AcDbEntity
  8
ASSEMBLY_OUTLINES_TOP
100
AcDbPolyline
 90
        2
 70
         0
 43
0.03
 10
29.000009
 20
-2.987359
 10
28.999999
 20
-2.987359
  0
LWPOLYLINE
  5
415
100
AcDbEntity
  8
ASSEMBLY_OUTLINES_TOP
100
AcDbPolyline
 90
        2
 70
         0
 43
0.03
 10
29.000009
 20
-2.897359
 10
28.999999
 20
-2.897359
  0
LWPOLYLINE
  5
416
100
AcDbEntity
  8
ASSEMBLY_OUTLINES_TOP
100
AcDbPolyline
 90
        2
 70
         0
 43
0.03
 10
29.000009
 20
-2.807359
 10
28.999999
 20
-2.807359
  0
LWPOLYLINE
  5
417
100
AcDbEntity
  8
ASSEMBLY_OUTLINES_TOP
100
AcDbPolyline
 90
        2
 70
         0
 43
0.03
 10
29.000009
 20
-2.717359
 10
28.999999
 20
-2.717359
  0
LWPOLYLINE
  5
418
100
AcDbEntity
  8
ASSEMBLY_OUTLINES_TOP
100
AcDbPolyline
 90
        2
 70
         0
 43
0.03
 10
29.000009
 20
-2.627359
 10
28.999999
 20
-2.627359
  0
LWPOLYLINE
  5
419
100
AcDbEntity
  8
ASSEMBLY_OUTLINES_TOP
100
AcDbPolyline
 90
        2
 70
         0
 43
0.03
 10
29.000009
 20
-2.537359
 10
28.999999
 20
-2.537359
  0
LWPOLYLINE
  5
41A
100
AcDbEntity
  8
ASSEMBLY_OUTLINES_TOP
100
AcDbPolyline
 90
        2
 70
         0
 43
0.03
 10
29.000009
 20
-2.447359
 10
28.999999
 20
-2.447359
  0
LWPOLYLINE
  5
41B
100
AcDbEntity
  8
ASSEMBLY_OUTLINES_TOP
100
AcDbPolyline
 90
        2
 70
         0
 43
0.03
 10
29.000009
 20
-2.357359
 10
28.999999
 20
-2.357359
  0
LWPOLYLINE
  5
41C
100
AcDbEntity
  8
ASSEMBLY_OUTLINES_TOP
100
AcDbPolyline
 90
        2
 70
         0
 43
0.03
 10
29.000009
 20
-2.267359
 10
28.999999
 20
-2.267359
  0
LWPOLYLINE
  5
41D
100
AcDbEntity
  8
ASSEMBLY_OUTLINES_TOP
100
AcDbPolyline
 90
        2
 70
         0
 43
0.03
 10
29.000009
 20
-2.177359
 10
28.999999
 20
-2.177359
  0
LWPOLYLINE
  5
41E
100
AcDbEntity
  8
ASSEMBLY_OUTLINES_TOP
100
AcDbPolyline
 90
        2
 70
         0
 43
0.03
 10
29.000009
 20
-2.087359
 10
28.999999
 20
-2.087359
  0
LWPOLYLINE
  5
41F
100
AcDbEntity
  8
ASSEMBLY_OUTLINES_TOP
100
AcDbPolyline
 90
        2
 70
         0
 43
0.03
 10
29.000009
 20
-1.997359
 10
28.999999
 20
-1.997359
  0
LWPOLYLINE
  5
420
100
AcDbEntity
  8
ASSEMBLY_OUTLINES_TOP
100
AcDbPolyline
 90
        2
 70
         0
 43
0.03
 10
29.000009
 20
-1.907359
 10
28.999999
 20
-1.907359
  0
LWPOLYLINE
  5
421
100
AcDbEntity
  8
ASSEMBLY_OUTLINES_TOP
100
AcDbPolyline
 90
        2
 70
         0
 43
0.03
 10
29.000009
 20
-1.817359
 10
28.999999
 20
-1.817359
  0
LWPOLYLINE
  5
422
100
AcDbEntity
  8
ASSEMBLY_OUTLINES_TOP
100
AcDbPolyline
 90
        2
 70
         0
 43
0.03
 10
29.000009
 20
-1.727359
 10
28.999999
 20
-1.727359
  0
LWPOLYLINE
  5
423
100
AcDbEntity
  8
ASSEMBLY_OUTLINES_TOP
100
AcDbPolyline
 90
        2
 70
         0
 43
0.03
 10
29.000009
 20
-1.637359
 10
28.999999
 20
-1.637359
  0
LWPOLYLINE
  5
424
100
AcDbEntity
  8
ASSEMBLY_OUTLINES_TOP
100
AcDbPolyline
 90
        2
 70
         0
 43
0.03
 10
29.000009
 20
-1.547359
 10
28.999999
 20
-1.547359
  0
LWPOLYLINE
  5
425
100
AcDbEntity
  8
ASSEMBLY_OUTLINES_TOP
100
AcDbPolyline
 90
        2
 70
         0
 43
0.03
 10
29.000009
 20
-1.457359
 10
28.999999
 20
-1.457359
  0
LWPOLYLINE
  5
426
100
AcDbEntity
  8
ASSEMBLY_OUTLINES_TOP
100
AcDbPolyline
 90
        2
 70
         0
 43
0.03
 10
29.000009
 20
-1.367359
 10
28.999999
 20
-1.367359
  0
LWPOLYLINE
  5
427
100
AcDbEntity
  8
ASSEMBLY_OUTLINES_TOP
100
AcDbPolyline
 90
        2
 70
         0
 43
0.03
 10
29.000009
 20
-1.277359
 10
28.999999
 20
-1.277359
  0
LWPOLYLINE
  5
428
100
AcDbEntity
  8
ASSEMBLY_OUTLINES_TOP
100
AcDbPolyline
 90
        2
 70
         0
 43
0.03
 10
29.000009
 20
-1.187359
 10
28.999999
 20
-1.187359
  0
LWPOLYLINE
  5
429
100
AcDbEntity
  8
ASSEMBLY_OUTLINES_TOP
100
AcDbPolyline
 90
        2
 70
         0
 43
0.03
 10
29.000009
 20
-1.097359
 10
28.999999
 20
-1.097359
  0
LWPOLYLINE
  5
42A
100
AcDbEntity
  8
ASSEMBLY_OUTLINES_TOP
100
AcDbPolyline
 90
        2
 70
         0
 43
0.03
 10
29.000009
 20
-1.007359
 10
28.999999
 20
-1.007359
  0
LWPOLYLINE
  5
42B
100
AcDbEntity
  8
ASSEMBLY_OUTLINES_TOP
100
AcDbPolyline
 90
        2
 70
         0
 43
0.03
 10
29.000009
 20
-0.917359
 10
28.999999
 20
-0.917359
  0
LWPOLYLINE
  5
42C
100
AcDbEntity
  8
ASSEMBLY_OUTLINES_TOP
100
AcDbPolyline
 90
        2
 70
         0
 43
0.03
 10
29.000009
 20
-0.827359
 10
28.999999
 20
-0.827359
  0
LWPOLYLINE
  5
42D
100
AcDbEntity
  8
ASSEMBLY_OUTLINES_TOP
100
AcDbPolyline
 90
        2
 70
         0
 43
0.03
 10
29.000009
 20
-0.737359
 10
28.999999
 20
-0.737359
  0
LWPOLYLINE
  5
42E
100
AcDbEntity
  8
ASSEMBLY_OUTLINES_TOP
100
AcDbPolyline
 90
        2
 70
         0
 43
0.03
 10
29.000009
 20
-0.647359
 10
28.999999
 20
-0.647359
  0
LWPOLYLINE
  5
42F
100
AcDbEntity
  8
ASSEMBLY_OUTLINES_TOP
100
AcDbPolyline
 90
        2
 70
         0
 43
0.03
 10
29.000009
 20
-0.557359
 10
28.999999
 20
-0.557359
  0
LWPOLYLINE
  5
430
100
AcDbEntity
  8
ASSEMBLY_OUTLINES_TOP
100
AcDbPolyline
 90
        2
 70
         0
 43
0.03
 10
29.000009
 20
-0.467359
 10
28.999999
 20
-0.467359
  0
LWPOLYLINE
  5
431
100
AcDbEntity
  8
ASSEMBLY_OUTLINES_TOP
100
AcDbPolyline
 90
        2
 70
         0
 43
0.03
 10
29.000009
 20
-0.377359
 10
28.999999
 20
-0.377359
  0
LWPOLYLINE
  5
432
100
AcDbEntity
  8
ASSEMBLY_OUTLINES_TOP
100
AcDbPolyline
 90
        2
 70
         0
 43
0.03
 10
29.000009
 20
-0.287359
 10
28.999999
 20
-0.287359
  0
LWPOLYLINE
  5
433
100
AcDbEntity
  8
ASSEMBLY_OUTLINES_TOP
100
AcDbPolyline
 90
        2
 70
         0
 43
0.03
 10
29.000009
 20
-0.197359
 10
28.999999
 20
-0.197359
  0
LWPOLYLINE
  5
434
100
AcDbEntity
  8
ASSEMBLY_OUTLINES_TOP
100
AcDbPolyline
 90
        2
 70
         0
 43
0.03
 10
29.000009
 20
-0.107359
 10
28.999999
 20
-0.107359
  0
LWPOLYLINE
  5
435
100
AcDbEntity
  8
ASSEMBLY_OUTLINES_TOP
100
AcDbPolyline
 90
        2
 70
         0
 43
0.03
 10
29.000009
 20
-0.017359
 10
28.999999
 20
-0.017359
  0
LWPOLYLINE
  5
436
100
AcDbEntity
  8
ASSEMBLY_OUTLINES_TOP
100
AcDbPolyline
 90
        2
 70
         0
 43
0.03
 10
29.000009
 20
0.072641
 10
28.999999
 20
0.072641
  0
LWPOLYLINE
  5
437
100
AcDbEntity
  8
ASSEMBLY_OUTLINES_TOP
100
AcDbPolyline
 90
        2
 70
         0
 43
0.03
 10
29.000009
 20
0.162641
 10
28.999999
 20
0.162641
  0
LWPOLYLINE
  5
438
100
AcDbEntity
  8
ASSEMBLY_OUTLINES_TOP
100
AcDbPolyline
 90
        2
 70
         0
 43
0.03
 10
29.000009
 20
0.252641
 10
28.999999
 20
0.252641
  0
LWPOLYLINE
  5
439
100
AcDbEntity
  8
ASSEMBLY_OUTLINES_TOP
100
AcDbPolyline
 90
        2
 70
         0
 43
0.03
 10
29.000009
 20
0.342641
 10
28.999999
 20
0.342641
  0
LWPOLYLINE
  5
43A
100
AcDbEntity
  8
ASSEMBLY_OUTLINES_TOP
100
AcDbPolyline
 90
        2
 70
         0
 43
0.03
 10
29.000009
 20
0.432641
 10
28.999999
 20
0.432641
  0
LWPOLYLINE
  5
43B
100
AcDbEntity
  8
ASSEMBLY_OUTLINES_TOP
100
AcDbPolyline
 90
        2
 70
         0
 43
0.03
 10
29.000009
 20
0.522641
 10
28.999999
 20
0.522641
  0
LWPOLYLINE
  5
43C
100
AcDbEntity
  8
ASSEMBLY_OUTLINES_TOP
100
AcDbPolyline
 90
        2
 70
         0
 43
0.03
 10
29.000009
 20
0.612641
 10
28.999999
 20
0.612641
  0
LWPOLYLINE
  5
43D
100
AcDbEntity
  8
ASSEMBLY_OUTLINES_TOP
100
AcDbPolyline
 90
        2
 70
         0
 43
0.03
 10
29.000009
 20
0.702641
 10
28.999999
 20
0.702641
  0
LWPOLYLINE
  5
43E
100
AcDbEntity
  8
ASSEMBLY_OUTLINES_TOP
100
AcDbPolyline
 90
        2
 70
         0
 43
0.03
 10
29.000009
 20
0.792641
 10
28.999999
 20
0.792641
  0
LWPOLYLINE
  5
43F
100
AcDbEntity
  8
ASSEMBLY_OUTLINES_TOP
100
AcDbPolyline
 90
        2
 70
         0
 43
0.03
 10
29.000009
 20
0.882641
 10
28.999999
 20
0.882641
  0
LWPOLYLINE
  5
440
100
AcDbEntity
  8
ASSEMBLY_OUTLINES_TOP
100
AcDbPolyline
 90
        2
 70
         0
 43
0.03
 10
29.000009
 20
0.972641
 10
28.999999
 20
0.972641
  0
LWPOLYLINE
  5
441
100
AcDbEntity
  8
ASSEMBLY_OUTLINES_TOP
100
AcDbPolyline
 90
        2
 70
         0
 43
0.03
 10
29.000009
 20
1.062641
 10
28.999999
 20
1.062641
  0
LWPOLYLINE
  5
442
100
AcDbEntity
  8
ASSEMBLY_OUTLINES_TOP
100
AcDbPolyline
 90
        2
 70
         0
 43
0.03
 10
29.000009
 20
1.152641
 10
28.999999
 20
1.152641
  0
LWPOLYLINE
  5
443
100
AcDbEntity
  8
ASSEMBLY_OUTLINES_TOP
100
AcDbPolyline
 90
        2
 70
         0
 43
0.03
 10
29.000009
 20
1.242641
 10
28.999999
 20
1.242641
  0
LWPOLYLINE
  5
444
100
AcDbEntity
  8
ASSEMBLY_OUTLINES_TOP
100
AcDbPolyline
 90
        2
 70
         0
 43
0.03
 10
29.000009
 20
1.332641
 10
28.999999
 20
1.332641
  0
LWPOLYLINE
  5
445
100
AcDbEntity
  8
ASSEMBLY_OUTLINES_TOP
100
AcDbPolyline
 90
        2
 70
         0
 43
0.03
 10
29.000009
 20
1.422641
 10
28.999999
 20
1.422641
  0
LWPOLYLINE
  5
446
100
AcDbEntity
  8
ASSEMBLY_OUTLINES_TOP
100
AcDbPolyline
 90
        2
 70
         0
 43
0.03
 10
29.000009
 20
1.512641
 10
28.999999
 20
1.512641
  0
LWPOLYLINE
  5
447
100
AcDbEntity
  8
ASSEMBLY_OUTLINES_TOP
100
AcDbPolyline
 90
        2
 70
         0
 43
0.03
 10
29.000009
 20
1.602641
 10
28.999999
 20
1.602641
  0
LWPOLYLINE
  5
448
100
AcDbEntity
  8
ASSEMBLY_OUTLINES_TOP
100
AcDbPolyline
 90
        2
 70
         0
 43
0.03
 10
29.000009
 20
1.692641
 10
28.999999
 20
1.692641
  0
LWPOLYLINE
  5
449
100
AcDbEntity
  8
ASSEMBLY_OUTLINES_TOP
100
AcDbPolyline
 90
        2
 70
         0
 43
0.03
 10
29.000009
 20
1.782641
 10
28.999999
 20
1.782641
  0
LWPOLYLINE
  5
44A
100
AcDbEntity
  8
ASSEMBLY_OUTLINES_TOP
100
AcDbPolyline
 90
        2
 70
         0
 43
0.03
 10
29.000009
 20
1.872641
 10
28.999999
 20
1.872641
  0
LWPOLYLINE
  5
44B
100
AcDbEntity
  8
ASSEMBLY_OUTLINES_TOP
100
AcDbPolyline
 90
        2
 70
         0
 43
0.03
 10
29.000009
 20
1.962641
 10
28.999999
 20
1.962641
  0
LWPOLYLINE
  5
44C
100
AcDbEntity
  8
ASSEMBLY_OUTLINES_TOP
100
AcDbPolyline
 90
        2
 70
         0
 43
0.03
 10
29.000009
 20
2.052641
 10
28.999999
 20
2.052641
  0
LWPOLYLINE
  5
44D
100
AcDbEntity
  8
ASSEMBLY_OUTLINES_TOP
100
AcDbPolyline
 90
        2
 70
         0
 43
0.03
 10
29.000009
 20
2.142641
 10
28.999999
 20
2.142641
  0
LWPOLYLINE
  5
44E
100
AcDbEntity
  8
ASSEMBLY_OUTLINES_TOP
100
AcDbPolyline
 90
        2
 70
         0
 43
0.03
 10
29.000009
 20
2.232641
 10
28.999999
 20
2.232641
  0
LWPOLYLINE
  5
44F
100
AcDbEntity
  8
ASSEMBLY_OUTLINES_TOP
100
AcDbPolyline
 90
        2
 70
         0
 43
0.03
 10
29.000009
 20
2.322641
 10
28.999999
 20
2.322641
  0
LWPOLYLINE
  5
450
100
AcDbEntity
  8
ASSEMBLY_OUTLINES_TOP
100
AcDbPolyline
 90
        2
 70
         0
 43
0.03
 10
29.000009
 20
2.412641
 10
28.999999
 20
2.412641
  0
LWPOLYLINE
  5
451
100
AcDbEntity
  8
ASSEMBLY_OUTLINES_TOP
100
AcDbPolyline
 90
        2
 70
         0
 43
0.03
 10
29.000009
 20
2.502641
 10
28.999999
 20
2.502641
  0
LWPOLYLINE
  5
452
100
AcDbEntity
  8
ASSEMBLY_OUTLINES_TOP
100
AcDbPolyline
 90
        2
 70
         0
 43
0.03
 10
29.000009
 20
2.592641
 10
28.999999
 20
2.592641
  0
LWPOLYLINE
  5
453
100
AcDbEntity
  8
ASSEMBLY_OUTLINES_TOP
100
AcDbPolyline
 90
        2
 70
         0
 43
0.03
 10
29.000009
 20
2.682641
 10
28.999999
 20
2.682641
  0
LWPOLYLINE
  5
454
100
AcDbEntity
  8
ASSEMBLY_OUTLINES_TOP
100
AcDbPolyline
 90
        2
 70
         0
 43
0.03
 10
29.000009
 20
2.772641
 10
28.999999
 20
2.772641
  0
LWPOLYLINE
  5
455
100
AcDbEntity
  8
ASSEMBLY_OUTLINES_TOP
100
AcDbPolyline
 90
        2
 70
         0
 43
0.03
 10
29.000009
 20
2.862641
 10
28.999999
 20
2.862641
  0
LWPOLYLINE
  5
456
100
AcDbEntity
  8
ASSEMBLY_OUTLINES_TOP
100
AcDbPolyline
 90
        2
 70
         0
 43
0.03
 10
29.000009
 20
2.952641
 10
28.999999
 20
2.952641
  0
LWPOLYLINE
  5
457
100
AcDbEntity
  8
ASSEMBLY_OUTLINES_TOP
100
AcDbPolyline
 90
        2
 70
         0
 43
0.03
 10
29.000009
 20
3.042641
 10
28.999999
 20
3.042641
  0
LWPOLYLINE
  5
458
100
AcDbEntity
  8
ASSEMBLY_OUTLINES_TOP
100
AcDbPolyline
 90
        2
 70
         0
 43
0.03
 10
29.000009
 20
3.132641
 10
28.999999
 20
3.132641
  0
LWPOLYLINE
  5
459
100
AcDbEntity
  8
ASSEMBLY_OUTLINES_TOP
100
AcDbPolyline
 90
        2
 70
         0
 43
0.03
 10
29.000009
 20
3.222641
 10
28.999999
 20
3.222641
  0
LWPOLYLINE
  5
45A
100
AcDbEntity
  8
ASSEMBLY_OUTLINES_TOP
100
AcDbPolyline
 90
        2
 70
         0
 43
0.03
 10
29.000009
 20
3.312641
 10
28.999999
 20
3.312641
  0
LWPOLYLINE
  5
45B
100
AcDbEntity
  8
ASSEMBLY_OUTLINES_TOP
100
AcDbPolyline
 90
        2
 70
         0
 43
0.03
 10
29.000009
 20
3.402641
 10
28.999999
 20
3.402641
  0
LWPOLYLINE
  5
45C
100
AcDbEntity
  8
ASSEMBLY_OUTLINES_TOP
100
AcDbPolyline
 90
        2
 70
         0
 43
0.03
 10
29.000009
 20
3.492641
 10
28.999999
 20
3.492641
  0
LWPOLYLINE
  5
45D
100
AcDbEntity
  8
ASSEMBLY_OUTLINES_TOP
100
AcDbPolyline
 90
        2
 70
         0
 43
0.03
 10
29.000009
 20
3.582641
 10
28.999999
 20
3.582641
  0
LWPOLYLINE
  5
45E
100
AcDbEntity
  8
ASSEMBLY_OUTLINES_TOP
100
AcDbPolyline
 90
        2
 70
         0
 43
0.03
 10
29.000009
 20
3.672641
 10
28.999999
 20
3.672641
  0
LWPOLYLINE
  5
45F
100
AcDbEntity
  8
ASSEMBLY_OUTLINES_TOP
100
AcDbPolyline
 90
        2
 70
         0
 43
0.03
 10
29.000009
 20
3.762641
 10
28.999999
 20
3.762641
  0
LWPOLYLINE
  5
460
100
AcDbEntity
  8
ASSEMBLY_OUTLINES_TOP
100
AcDbPolyline
 90
        2
 70
         0
 43
0.03
 10
29.000009
 20
3.852641
 10
28.999999
 20
3.852641
  0
LWPOLYLINE
  5
461
100
AcDbEntity
  8
ASSEMBLY_OUTLINES_TOP
100
AcDbPolyline
 90
        2
 70
         0
 43
0.03
 10
29.000009
 20
3.942641
 10
28.999999
 20
3.942641
  0
LWPOLYLINE
  5
462
100
AcDbEntity
  8
ASSEMBLY_OUTLINES_TOP
100
AcDbPolyline
 90
        2
 70
         0
 43
0.03
 10
29.000009
 20
4.032641
 10
28.999999
 20
4.032641
  0
LWPOLYLINE
  5
463
100
AcDbEntity
  8
ASSEMBLY_OUTLINES_TOP
100
AcDbPolyline
 90
        2
 70
         0
 43
0.03
 10
29.000009
 20
4.122641
 10
28.999999
 20
4.122641
  0
LWPOLYLINE
  5
464
100
AcDbEntity
  8
ASSEMBLY_OUTLINES_TOP
100
AcDbPolyline
 90
        2
 70
         0
 43
0.03
 10
29.000009
 20
4.212641
 10
28.999999
 20
4.212641
  0
LWPOLYLINE
  5
465
100
AcDbEntity
  8
ASSEMBLY_OUTLINES_TOP
100
AcDbPolyline
 90
        2
 70
         0
 43
0.03
 10
29.000009
 20
4.302641
 10
28.999999
 20
4.302641
  0
LWPOLYLINE
  5
466
100
AcDbEntity
  8
ASSEMBLY_OUTLINES_TOP
100
AcDbPolyline
 90
        2
 70
         0
 43
0.03
 10
29.000009
 20
4.392641
 10
28.999999
 20
4.392641
  0
LWPOLYLINE
  5
467
100
AcDbEntity
  8
ASSEMBLY_OUTLINES_TOP
100
AcDbPolyline
 90
        2
 70
         0
 43
0.03
 10
29.000009
 20
4.482641
 10
28.999999
 20
4.482641
  0
LWPOLYLINE
  5
468
100
AcDbEntity
  8
ASSEMBLY_OUTLINES_TOP
100
AcDbPolyline
 90
        2
 70
         0
 43
0.03
 10
29.000009
 20
4.572641
 10
28.999999
 20
4.572641
  0
LWPOLYLINE
  5
469
100
AcDbEntity
  8
ASSEMBLY_OUTLINES_TOP
100
AcDbPolyline
 90
        2
 70
         0
 43
0.03
 10
29.000009
 20
4.662641
 10
28.999999
 20
4.662641
  0
LWPOLYLINE
  5
46A
100
AcDbEntity
  8
ASSEMBLY_OUTLINES_TOP
100
AcDbPolyline
 90
        2
 70
         0
 43
0.03
 10
29.000009
 20
4.752641
 10
28.999999
 20
4.752641
  0
LWPOLYLINE
  5
46B
100
AcDbEntity
  8
ASSEMBLY_OUTLINES_TOP
100
AcDbPolyline
 90
        2
 70
         0
 43
0.03
 10
29.000009
 20
4.842641
 10
28.999999
 20
4.842641
  0
LWPOLYLINE
  5
46C
100
AcDbEntity
  8
ASSEMBLY_OUTLINES_TOP
100
AcDbPolyline
 90
        2
 70
         0
 43
0.03
 10
29.000009
 20
4.932641
 10
28.999999
 20
4.932641
  0
LWPOLYLINE
  5
46D
100
AcDbEntity
  8
ASSEMBLY_OUTLINES_TOP
100
AcDbPolyline
 90
        2
 70
         0
 43
0.03
 10
29.000009
 20
5.022641
 10
28.999999
 20
5.022641
  0
LWPOLYLINE
  5
46E
100
AcDbEntity
  8
ASSEMBLY_OUTLINES_TOP
100
AcDbPolyline
 90
        2
 70
         0
 43
0.03
 10
29.000009
 20
5.112641
 10
28.999999
 20
5.112641
  0
LWPOLYLINE
  5
46F
100
AcDbEntity
  8
ASSEMBLY_OUTLINES_TOP
100
AcDbPolyline
 90
        2
 70
         0
 43
0.03
 10
29.000009
 20
5.202641
 10
28.999999
 20
5.202641
  0
LWPOLYLINE
  5
470
100
AcDbEntity
  8
ASSEMBLY_OUTLINES_TOP
100
AcDbPolyline
 90
        2
 70
         0
 43
0.03
 10
29.000009
 20
5.292641
 10
28.999999
 20
5.292641
  0
LWPOLYLINE
  5
471
100
AcDbEntity
  8
ASSEMBLY_OUTLINES_TOP
100
AcDbPolyline
 90
        2
 70
         0
 43
0.03
 10
29.000009
 20
5.382641
 10
28.999999
 20
5.382641
  0
LWPOLYLINE
  5
472
100
AcDbEntity
  8
ASSEMBLY_OUTLINES_TOP
100
AcDbPolyline
 90
        2
 70
         0
 43
0.03
 10
29.000009
 20
5.472641
 10
28.999999
 20
5.472641
  0
LWPOLYLINE
  5
473
100
AcDbEntity
  8
ASSEMBLY_OUTLINES_TOP
100
AcDbPolyline
 90
        2
 70
         0
 43
0.03
 10
29.000009
 20
5.562641
 10
28.999999
 20
5.562641
  0
LWPOLYLINE
  5
474
100
AcDbEntity
  8
ASSEMBLY_OUTLINES_TOP
100
AcDbPolyline
 90
        2
 70
         0
 43
0.03
 10
29.000009
 20
5.652641
 10
28.999999
 20
5.652641
  0
LWPOLYLINE
  5
475
100
AcDbEntity
  8
ASSEMBLY_OUTLINES_TOP
100
AcDbPolyline
 90
        2
 70
         0
 43
0.03
 10
29.000009
 20
5.742641
 10
28.999999
 20
5.742641
  0
LWPOLYLINE
  5
476
100
AcDbEntity
  8
ASSEMBLY_OUTLINES_TOP
100
AcDbPolyline
 90
        2
 70
         0
 43
0.03
 10
29.000009
 20
5.832641
 10
28.999999
 20
5.832641
  0
LWPOLYLINE
  5
477
100
AcDbEntity
  8
ASSEMBLY_OUTLINES_TOP
100
AcDbPolyline
 90
        2
 70
         0
 43
0.03
 10
29.000009
 20
5.922641
 10
28.999999
 20
5.922641
  0
LWPOLYLINE
  5
478
100
AcDbEntity
  8
ASSEMBLY_OUTLINES_TOP
100
AcDbPolyline
 90
        2
 70
         0
 43
0.03
 10
29.000009
 20
6.012641
 10
28.999999
 20
6.012641
  0
LWPOLYLINE
  5
479
100
AcDbEntity
  8
ASSEMBLY_OUTLINES_TOP
100
AcDbPolyline
 90
        2
 70
         0
 43
0.03
 10
29.000009
 20
6.102641
 10
28.999999
 20
6.102641
  0
LWPOLYLINE
  5
47A
100
AcDbEntity
  8
ASSEMBLY_OUTLINES_TOP
100
AcDbPolyline
 90
        2
 70
         0
 43
0.03
 10
29.000009
 20
6.192641
 10
28.999999
 20
6.192641
  0
LWPOLYLINE
  5
47B
100
AcDbEntity
  8
ASSEMBLY_OUTLINES_TOP
100
AcDbPolyline
 90
        2
 70
         0
 43
0.03
 10
29.000009
 20
6.282641
 10
28.999999
 20
6.282641
  0
LWPOLYLINE
  5
47C
100
AcDbEntity
  8
ASSEMBLY_OUTLINES_TOP
100
AcDbPolyline
 90
        2
 70
         0
 43
0.03
 10
29.000009
 20
6.372641
 10
28.999999
 20
6.372641
  0
LWPOLYLINE
  5
47D
100
AcDbEntity
  8
ASSEMBLY_OUTLINES_TOP
100
AcDbPolyline
 90
        2
 70
         0
 43
0.03
 10
29.000009
 20
6.462641
 10
28.999999
 20
6.462641
  0
LWPOLYLINE
  5
47E
100
AcDbEntity
  8
ASSEMBLY_OUTLINES_TOP
100
AcDbPolyline
 90
        2
 70
         0
 43
0.03
 10
29.000009
 20
6.552641
 10
28.999999
 20
6.552641
  0
LWPOLYLINE
  5
47F
100
AcDbEntity
  8
ASSEMBLY_OUTLINES_TOP
100
AcDbPolyline
 90
        2
 70
         0
 43
0.03
 10
29.000009
 20
6.642641
 10
28.999999
 20
6.642641
  0
LWPOLYLINE
  5
480
100
AcDbEntity
  8
ASSEMBLY_OUTLINES_TOP
100
AcDbPolyline
 90
        2
 70
         0
 43
0.03
 10
29.000009
 20
6.732641
 10
28.999999
 20
6.732641
  0
LWPOLYLINE
  5
481
100
AcDbEntity
  8
ASSEMBLY_OUTLINES_TOP
100
AcDbPolyline
 90
        2
 70
         0
 43
0.03
 10
29.000009
 20
6.822641
 10
28.999999
 20
6.822641
  0
LWPOLYLINE
  5
482
100
AcDbEntity
  8
ASSEMBLY_OUTLINES_TOP
100
AcDbPolyline
 90
        2
 70
         0
 43
0.03
 10
29.000009
 20
6.912641
 10
28.999999
 20
6.912641
  0
LWPOLYLINE
  5
483
100
AcDbEntity
  8
ASSEMBLY_OUTLINES_TOP
100
AcDbPolyline
 90
        2
 70
         0
 43
0.03
 10
29.000009
 20
7.002641
 10
28.999999
 20
7.002641
  0
LWPOLYLINE
  5
484
100
AcDbEntity
  8
ASSEMBLY_OUTLINES_TOP
100
AcDbPolyline
 90
        2
 70
         0
 43
0.03
 10
29.000009
 20
7.092641
 10
28.999999
 20
7.092641
  0
LWPOLYLINE
  5
485
100
AcDbEntity
  8
ASSEMBLY_OUTLINES_TOP
100
AcDbPolyline
 90
        2
 70
         0
 43
0.03
 10
29.000009
 20
7.182641
 10
28.999999
 20
7.182641
  0
LWPOLYLINE
  5
486
100
AcDbEntity
  8
ASSEMBLY_OUTLINES_TOP
100
AcDbPolyline
 90
        2
 70
         0
 43
0.03
 10
29.000009
 20
7.272641
 10
28.999999
 20
7.272641
  0
LWPOLYLINE
  5
487
100
AcDbEntity
  8
ASSEMBLY_OUTLINES_TOP
100
AcDbPolyline
 90
        2
 70
         0
 43
0.03
 10
29.000009
 20
7.362641
 10
28.999999
 20
7.362641
  0
LWPOLYLINE
  5
488
100
AcDbEntity
  8
ASSEMBLY_OUTLINES_TOP
100
AcDbPolyline
 90
        2
 70
         0
 43
0.03
 10
29.000009
 20
7.452641
 10
28.999999
 20
7.452641
  0
LWPOLYLINE
  5
489
100
AcDbEntity
  8
ASSEMBLY_OUTLINES_TOP
100
AcDbPolyline
 90
        2
 70
         0
 43
0.03
 10
29.000009
 20
7.542641
 10
28.999999
 20
7.542641
  0
LWPOLYLINE
  5
48A
100
AcDbEntity
  8
ASSEMBLY_OUTLINES_TOP
100
AcDbPolyline
 90
        2
 70
         0
 43
0.03
 10
29.000009
 20
7.632641
 10
28.999999
 20
7.632641
  0
LWPOLYLINE
  5
48B
100
AcDbEntity
  8
ASSEMBLY_OUTLINES_TOP
100
AcDbPolyline
 90
        2
 70
         0
 43
0.03
 10
29.000009
 20
7.722641
 10
28.999999
 20
7.722641
  0
LWPOLYLINE
  5
48C
100
AcDbEntity
  8
ASSEMBLY_OUTLINES_TOP
100
AcDbPolyline
 90
        2
 70
         0
 43
0.03
 10
29.000009
 20
7.812641
 10
28.999999
 20
7.812641
  0
LWPOLYLINE
  5
48D
100
AcDbEntity
  8
ASSEMBLY_OUTLINES_TOP
100
AcDbPolyline
 90
        2
 70
         0
 43
0.03
 10
29.000009
 20
7.902641
 10
28.999999
 20
7.902641
  0
LWPOLYLINE
  5
48E
100
AcDbEntity
  8
ASSEMBLY_OUTLINES_TOP
100
AcDbPolyline
 90
        2
 70
         0
 43
0.03
 10
29.000009
 20
7.992641
 10
28.999999
 20
7.992641
  0
LWPOLYLINE
  5
48F
100
AcDbEntity
  8
ASSEMBLY_OUTLINES_TOP
100
AcDbPolyline
 90
        2
 70
         0
 43
0.03
 10
29.000009
 20
8.082641
 10
28.999999
 20
8.082641
  0
LWPOLYLINE
  5
490
100
AcDbEntity
  8
ASSEMBLY_OUTLINES_TOP
100
AcDbPolyline
 90
        2
 70
         0
 43
0.03
 10
29.000009
 20
8.172641
 10
28.999999
 20
8.172641
  0
LWPOLYLINE
  5
491
100
AcDbEntity
  8
ASSEMBLY_OUTLINES_TOP
100
AcDbPolyline
 90
        2
 70
         0
 43
0.03
 10
29.000009
 20
8.262641
 10
28.999999
 20
8.262641
  0
LWPOLYLINE
  5
492
100
AcDbEntity
  8
ASSEMBLY_OUTLINES_TOP
100
AcDbPolyline
 90
        2
 70
         0
 43
0.03
 10
29.000009
 20
8.352641
 10
28.999999
 20
8.352641
  0
LWPOLYLINE
  5
493
100
AcDbEntity
  8
ASSEMBLY_OUTLINES_TOP
100
AcDbPolyline
 90
        2
 70
         0
 43
0.03
 10
29.000009
 20
8.442641
 10
28.999999
 20
8.442641
  0
LWPOLYLINE
  5
494
100
AcDbEntity
  8
ASSEMBLY_OUTLINES_TOP
100
AcDbPolyline
 90
        2
 70
         0
 43
0.03
 10
29.000009
 20
8.532641
 10
28.999999
 20
8.532641
  0
LWPOLYLINE
  5
495
100
AcDbEntity
  8
ASSEMBLY_OUTLINES_TOP
100
AcDbPolyline
 90
        2
 70
         0
 43
0.03
 10
29.000009
 20
8.622641
 10
28.999999
 20
8.622641
  0
LWPOLYLINE
  5
496
100
AcDbEntity
  8
ASSEMBLY_OUTLINES_TOP
100
AcDbPolyline
 90
        2
 70
         0
 43
0.03
 10
29.000009
 20
8.712641
 10
28.999999
 20
8.712641
  0
LWPOLYLINE
  5
497
100
AcDbEntity
  8
ASSEMBLY_OUTLINES_TOP
100
AcDbPolyline
 90
        2
 70
         0
 43
0.03
 10
29.000009
 20
8.802641
 10
28.999999
 20
8.802641
  0
LWPOLYLINE
  5
498
100
AcDbEntity
  8
ASSEMBLY_OUTLINES_TOP
100
AcDbPolyline
 90
        2
 70
         0
 43
0.03
 10
29.000009
 20
8.892641
 10
28.999999
 20
8.892641
  0
LWPOLYLINE
  5
499
100
AcDbEntity
  8
ASSEMBLY_OUTLINES_TOP
100
AcDbPolyline
 90
        2
 70
         0
 43
0.03
 10
29.000009
 20
8.982641
 10
28.999999
 20
8.982641
  0
LWPOLYLINE
  5
49A
100
AcDbEntity
  8
ASSEMBLY_OUTLINES_TOP
100
AcDbPolyline
 90
        2
 70
         0
 43
0.03
 10
29.000009
 20
9.072641
 10
28.999999
 20
9.072641
  0
LWPOLYLINE
  5
49B
100
AcDbEntity
  8
ASSEMBLY_OUTLINES_TOP
100
AcDbPolyline
 90
        2
 70
         0
 43
0.03
 10
29.000009
 20
9.162641
 10
28.999999
 20
9.162641
  0
LWPOLYLINE
  5
49C
100
AcDbEntity
  8
ASSEMBLY_OUTLINES_TOP
100
AcDbPolyline
 90
        2
 70
         0
 43
0.03
 10
29.000009
 20
9.252641
 10
28.999999
 20
9.252641
  0
LWPOLYLINE
  5
49D
100
AcDbEntity
  8
ASSEMBLY_OUTLINES_TOP
100
AcDbPolyline
 90
        2
 70
         0
 43
0.03
 10
29.000009
 20
9.342641
 10
28.999999
 20
9.342641
  0
LWPOLYLINE
  5
49E
100
AcDbEntity
  8
ASSEMBLY_OUTLINES_TOP
100
AcDbPolyline
 90
        2
 70
         0
 43
0.03
 10
29.000009
 20
9.432641
 10
28.999999
 20
9.432641
  0
LWPOLYLINE
  5
49F
100
AcDbEntity
  8
ASSEMBLY_OUTLINES_TOP
100
AcDbPolyline
 90
        2
 70
         0
 43
0.03
 10
29.000009
 20
9.522641
 10
28.999999
 20
9.522641
  0
LWPOLYLINE
  5
4A0
100
AcDbEntity
  8
ASSEMBLY_OUTLINES_TOP
100
AcDbPolyline
 90
        2
 70
         0
 43
0.03
 10
29.000009
 20
9.612641
 10
28.999999
 20
9.612641
  0
LWPOLYLINE
  5
4A1
100
AcDbEntity
  8
ASSEMBLY_OUTLINES_TOP
100
AcDbPolyline
 90
        2
 70
         0
 43
0.03
 10
29.000009
 20
9.702641
 10
28.999999
 20
9.702641
  0
LWPOLYLINE
  5
4A2
100
AcDbEntity
  8
ASSEMBLY_OUTLINES_TOP
100
AcDbPolyline
 90
        2
 70
         0
 43
0.03
 10
29.000009
 20
9.792641
 10
28.999999
 20
9.792641
  0
LWPOLYLINE
  5
4A3
100
AcDbEntity
  8
ASSEMBLY_OUTLINES_TOP
100
AcDbPolyline
 90
        2
 70
         0
 43
0.03
 10
29.000009
 20
9.882641
 10
28.999999
 20
9.882641
  0
LWPOLYLINE
  5
4A4
100
AcDbEntity
  8
ASSEMBLY_OUTLINES_TOP
100
AcDbPolyline
 90
        2
 70
         0
 43
0.03
 10
29.000009
 20
9.972641
 10
28.999999
 20
9.972641
  0
LWPOLYLINE
  5
4A5
100
AcDbEntity
  8
ASSEMBLY_OUTLINES_TOP
100
AcDbPolyline
 90
        2
 70
         0
 43
0.03
 10
29.000009
 20
10.062641
 10
28.999999
 20
10.062641
  0
LWPOLYLINE
  5
4A6
100
AcDbEntity
  8
ASSEMBLY_OUTLINES_TOP
100
AcDbPolyline
 90
        2
 70
         0
 43
0.03
 10
29.000009
 20
10.152641
 10
28.999999
 20
10.152641
  0
LWPOLYLINE
  5
4A7
100
AcDbEntity
  8
ASSEMBLY_OUTLINES_TOP
100
AcDbPolyline
 90
        2
 70
         0
 43
0.03
 10
29.000009
 20
10.242641
 10
28.999999
 20
10.242641
  0
LWPOLYLINE
  5
4A8
100
AcDbEntity
  8
ASSEMBLY_OUTLINES_TOP
100
AcDbPolyline
 90
        2
 70
         0
 43
0.03
 10
29.000009
 20
10.332641
 10
28.999999
 20
10.332641
  0
LWPOLYLINE
  5
4A9
100
AcDbEntity
  8
ASSEMBLY_OUTLINES_TOP
100
AcDbPolyline
 90
        2
 70
         0
 43
0.03
 10
29.000009
 20
10.422641
 10
28.999999
 20
10.422641
  0
LWPOLYLINE
  5
4AA
100
AcDbEntity
  8
ASSEMBLY_OUTLINES_TOP
100
AcDbPolyline
 90
        2
 70
         0
 43
0.03
 10
29.000009
 20
10.512641
 10
28.999999
 20
10.512641
  0
LWPOLYLINE
  5
4AB
100
AcDbEntity
  8
ASSEMBLY_OUTLINES_TOP
100
AcDbPolyline
 90
        2
 70
         0
 43
0.03
 10
29.000009
 20
10.602641
 10
28.999999
 20
10.602641
  0
LWPOLYLINE
  5
4AC
100
AcDbEntity
  8
ASSEMBLY_OUTLINES_TOP
100
AcDbPolyline
 90
        2
 70
         0
 43
0.03
 10
29.000009
 20
10.692641
 10
28.999999
 20
10.692641
  0
LWPOLYLINE
  5
4AD
100
AcDbEntity
  8
ASSEMBLY_OUTLINES_TOP
100
AcDbPolyline
 90
        2
 70
         0
 43
0.03
 10
29.000009
 20
10.782641
 10
28.999999
 20
10.782641
  0
LWPOLYLINE
  5
4AE
100
AcDbEntity
  8
ASSEMBLY_OUTLINES_TOP
100
AcDbPolyline
 90
        2
 70
         0
 43
0.03
 10
29.000009
 20
10.872641
 10
28.999999
 20
10.872641
  0
LWPOLYLINE
  5
4AF
100
AcDbEntity
  8
ASSEMBLY_OUTLINES_TOP
100
AcDbPolyline
 90
        2
 70
         0
 43
0.03
 10
29.000009
 20
10.962641
 10
28.999999
 20
10.962641
  0
LWPOLYLINE
  5
4B0
100
AcDbEntity
  8
ASSEMBLY_OUTLINES_TOP
100
AcDbPolyline
 90
        2
 70
         0
 43
0.03
 10
29.000009
 20
11.052641
 10
28.999999
 20
11.052641
  0
LWPOLYLINE
  5
4B1
100
AcDbEntity
  8
ASSEMBLY_OUTLINES_TOP
100
AcDbPolyline
 90
        2
 70
         0
 43
0.03
 10
29.000009
 20
11.142641
 10
28.999999
 20
11.142641
  0
LWPOLYLINE
  5
4B2
100
AcDbEntity
  8
ASSEMBLY_OUTLINES_TOP
100
AcDbPolyline
 90
        2
 70
         0
 43
0.03
 10
29.000009
 20
11.232641
 10
28.999999
 20
11.232641
  0
LWPOLYLINE
  5
4B3
100
AcDbEntity
  8
ASSEMBLY_OUTLINES_TOP
100
AcDbPolyline
 90
        2
 70
         0
 43
0.03
 10
29.000009
 20
11.322641
 10
28.999999
 20
11.322641
  0
LWPOLYLINE
  5
4B4
100
AcDbEntity
  8
ASSEMBLY_OUTLINES_TOP
100
AcDbPolyline
 90
        2
 70
         0
 43
0.03
 10
29.000009
 20
11.412641
 10
28.999999
 20
11.412641
  0
LWPOLYLINE
  5
4B5
100
AcDbEntity
  8
ASSEMBLY_OUTLINES_TOP
100
AcDbPolyline
 90
        2
 70
         0
 43
0.03
 10
29.000009
 20
11.502641
 10
28.999999
 20
11.502641
  0
LWPOLYLINE
  5
4B6
100
AcDbEntity
  8
ASSEMBLY_OUTLINES_TOP
100
AcDbPolyline
 90
        2
 70
         0
 43
0.03
 10
29.000009
 20
11.592641
 10
28.999999
 20
11.592641
  0
LWPOLYLINE
  5
4B7
100
AcDbEntity
  8
ASSEMBLY_OUTLINES_TOP
100
AcDbPolyline
 90
        2
 70
         0
 43
0.03
 10
29.000009
 20
11.682641
 10
28.999999
 20
11.682641
  0
LWPOLYLINE
  5
4B8
100
AcDbEntity
  8
ASSEMBLY_OUTLINES_TOP
100
AcDbPolyline
 90
        2
 70
         0
 43
0.03
 10
29.000009
 20
11.772641
 10
28.999999
 20
11.772641
  0
LWPOLYLINE
  5
4B9
100
AcDbEntity
  8
ASSEMBLY_OUTLINES_TOP
100
AcDbPolyline
 90
        2
 70
         0
 43
0.03
 10
29.000009
 20
11.862641
 10
28.999999
 20
11.862641
  0
LWPOLYLINE
  5
4BA
100
AcDbEntity
  8
ASSEMBLY_OUTLINES_TOP
100
AcDbPolyline
 90
        2
 70
         0
 43
0.03
 10
29.000009
 20
11.952641
 10
28.999999
 20
11.952641
  0
LWPOLYLINE
  5
4BB
100
AcDbEntity
  8
ASSEMBLY_OUTLINES_TOP
100
AcDbPolyline
 90
        2
 70
         0
 43
0.03
 10
29.000009
 20
12.042641
 10
28.999999
 20
12.042641
  0
LWPOLYLINE
  5
4BC
100
AcDbEntity
  8
ASSEMBLY_OUTLINES_TOP
100
AcDbPolyline
 90
        2
 70
         0
 43
0.03
 10
29.000009
 20
12.132641
 10
28.999999
 20
12.132641
  0
LWPOLYLINE
  5
4BD
100
AcDbEntity
  8
ASSEMBLY_OUTLINES_TOP
100
AcDbPolyline
 90
        2
 70
         0
 43
0.03
 10
29.000009
 20
12.222641
 10
28.999999
 20
12.222641
  0
LWPOLYLINE
  5
4BE
100
AcDbEntity
  8
ASSEMBLY_OUTLINES_TOP
100
AcDbPolyline
 90
        2
 70
         0
 43
0.03
 10
29.000009
 20
12.312641
 10
28.999999
 20
12.312641
  0
LWPOLYLINE
  5
4BF
100
AcDbEntity
  8
ASSEMBLY_OUTLINES_TOP
100
AcDbPolyline
 90
        2
 70
         0
 43
0.03
 10
29.000009
 20
12.402641
 10
28.999999
 20
12.402641
  0
LWPOLYLINE
  5
4C0
100
AcDbEntity
  8
ASSEMBLY_OUTLINES_TOP
100
AcDbPolyline
 90
        2
 70
         0
 43
0.03
 10
29.000009
 20
12.492641
 10
28.999999
 20
12.492641
  0
LWPOLYLINE
  5
4C1
100
AcDbEntity
  8
ASSEMBLY_OUTLINES_TOP
100
AcDbPolyline
 90
        2
 70
         0
 43
0.03
 10
29.000009
 20
12.582641
 10
28.999999
 20
12.582641
  0
LWPOLYLINE
  5
4C2
100
AcDbEntity
  8
ASSEMBLY_OUTLINES_TOP
100
AcDbPolyline
 90
        2
 70
         0
 43
0.03
 10
29.000009
 20
12.672641
 10
28.999999
 20
12.672641
  0
LWPOLYLINE
  5
4C3
100
AcDbEntity
  8
ASSEMBLY_OUTLINES_TOP
100
AcDbPolyline
 90
        2
 70
         0
 43
0.03
 10
29.000009
 20
12.762641
 10
28.999999
 20
12.762641
  0
LWPOLYLINE
  5
4C4
100
AcDbEntity
  8
ASSEMBLY_OUTLINES_TOP
100
AcDbPolyline
 90
        2
 70
         0
 43
0.03
 10
29.000009
 20
12.852641
 10
28.999999
 20
12.852641
  0
LWPOLYLINE
  5
4C5
100
AcDbEntity
  8
ASSEMBLY_OUTLINES_TOP
100
AcDbPolyline
 90
        2
 70
         0
 43
0.03
 10
29.000009
 20
12.942641
 10
28.999999
 20
12.942641
  0
LWPOLYLINE
  5
4C6
100
AcDbEntity
  8
ASSEMBLY_OUTLINES_TOP
100
AcDbPolyline
 90
        2
 70
         0
 43
0.03
 10
29.000009
 20
13.032641
 10
28.999999
 20
13.032641
  0
LWPOLYLINE
  5
4C7
100
AcDbEntity
  8
ASSEMBLY_OUTLINES_TOP
100
AcDbPolyline
 90
        2
 70
         0
 43
0.03
 10
29.000009
 20
13.122641
 10
28.999999
 20
13.122641
  0
LWPOLYLINE
  5
4C8
100
AcDbEntity
  8
ASSEMBLY_OUTLINES_TOP
100
AcDbPolyline
 90
        2
 70
         0
 43
0.03
 10
29.000009
 20
13.212641
 10
28.999999
 20
13.212641
  0
LWPOLYLINE
  5
4C9
100
AcDbEntity
  8
ASSEMBLY_OUTLINES_TOP
100
AcDbPolyline
 90
        2
 70
         0
 43
0.03
 10
29.000009
 20
13.302641
 10
28.999999
 20
13.302641
  0
LWPOLYLINE
  5
4CA
100
AcDbEntity
  8
ASSEMBLY_OUTLINES_TOP
100
AcDbPolyline
 90
        2
 70
         0
 43
0.03
 10
29.000009
 20
13.392641
 10
28.999999
 20
13.392641
  0
LWPOLYLINE
  5
4CB
100
AcDbEntity
  8
ASSEMBLY_OUTLINES_TOP
100
AcDbPolyline
 90
        2
 70
         0
 43
0.03
 10
29.000009
 20
13.482641
 10
28.999999
 20
13.482641
  0
LWPOLYLINE
  5
4CC
100
AcDbEntity
  8
ASSEMBLY_OUTLINES_TOP
100
AcDbPolyline
 90
        2
 70
         0
 43
0.03
 10
29.000009
 20
13.572641
 10
28.999999
 20
13.572641
  0
LWPOLYLINE
  5
4CD
100
AcDbEntity
  8
ASSEMBLY_OUTLINES_TOP
100
AcDbPolyline
 90
        2
 70
         0
 43
0.03
 10
29.000009
 20
13.662641
 10
28.999999
 20
13.662641
  0
LWPOLYLINE
  5
4CE
100
AcDbEntity
  8
ASSEMBLY_OUTLINES_TOP
100
AcDbPolyline
 90
        2
 70
         0
 43
0.03
 10
29.000009
 20
13.752641
 10
28.999999
 20
13.752641
  0
LWPOLYLINE
  5
4CF
100
AcDbEntity
  8
ASSEMBLY_OUTLINES_TOP
100
AcDbPolyline
 90
        2
 70
         0
 43
0.03
 10
29.000009
 20
13.842641
 10
28.999999
 20
13.842641
  0
LWPOLYLINE
  5
4D0
100
AcDbEntity
  8
ASSEMBLY_OUTLINES_TOP
100
AcDbPolyline
 90
        2
 70
         0
 43
0.03
 10
29.000009
 20
13.932641
 10
28.999999
 20
13.932641
  0
LWPOLYLINE
  5
4D1
100
AcDbEntity
  8
ASSEMBLY_OUTLINES_TOP
100
AcDbPolyline
 90
        2
 70
         0
 43
0.03
 10
29.000009
 20
14.022641
 10
28.999999
 20
14.022641
  0
LWPOLYLINE
  5
4D2
100
AcDbEntity
  8
ASSEMBLY_OUTLINES_TOP
100
AcDbPolyline
 90
        2
 70
         0
 43
0.03
 10
29.000009
 20
14.112641
 10
28.999999
 20
14.112641
  0
LWPOLYLINE
  5
4D3
100
AcDbEntity
  8
ASSEMBLY_OUTLINES_TOP
100
AcDbPolyline
 90
        2
 70
         0
 43
0.03
 10
29.000009
 20
14.202641
 10
28.999999
 20
14.202641
  0
LWPOLYLINE
  5
4D4
100
AcDbEntity
  8
ASSEMBLY_OUTLINES_TOP
100
AcDbPolyline
 90
        2
 70
         0
 43
0.03
 10
29.000009
 20
14.292641
 10
28.999999
 20
14.292641
  0
LWPOLYLINE
  5
4D5
100
AcDbEntity
  8
ASSEMBLY_OUTLINES_TOP
100
AcDbPolyline
 90
        2
 70
         0
 43
0.03
 10
29.000009
 20
14.382641
 10
28.999999
 20
14.382641
  0
LWPOLYLINE
  5
4D6
100
AcDbEntity
  8
ASSEMBLY_OUTLINES_TOP
100
AcDbPolyline
 90
        2
 70
         0
 43
0.03
 10
29.000009
 20
14.472641
 10
28.999999
 20
14.472641
  0
LWPOLYLINE
  5
4D7
100
AcDbEntity
  8
ASSEMBLY_OUTLINES_TOP
100
AcDbPolyline
 90
        2
 70
         0
 43
0.03
 10
29.000009
 20
14.562641
 10
28.999999
 20
14.562641
  0
LWPOLYLINE
  5
4D8
100
AcDbEntity
  8
ASSEMBLY_OUTLINES_TOP
100
AcDbPolyline
 90
        2
 70
         0
 43
0.03
 10
29.000009
 20
14.652641
 10
28.999999
 20
14.652641
  0
LWPOLYLINE
  5
4D9
100
AcDbEntity
  8
ASSEMBLY_OUTLINES_TOP
100
AcDbPolyline
 90
        2
 70
         0
 43
0.03
 10
29.000009
 20
14.742641
 10
28.999999
 20
14.742641
  0
LWPOLYLINE
  5
4DA
100
AcDbEntity
  8
ASSEMBLY_OUTLINES_TOP
100
AcDbPolyline
 90
        2
 70
         0
 43
0.03
 10
29.000009
 20
14.832641
 10
28.999999
 20
14.832641
  0
LWPOLYLINE
  5
4DB
100
AcDbEntity
  8
ASSEMBLY_OUTLINES_TOP
100
AcDbPolyline
 90
        2
 70
         0
 43
0.03
 10
29.000009
 20
14.922641
 10
28.999999
 20
14.922641
  0
LWPOLYLINE
  5
4DC
100
AcDbEntity
  8
ASSEMBLY_OUTLINES_TOP
100
AcDbPolyline
 90
        2
 70
         0
 43
0.03
 10
29.000009
 20
15.012641
 10
28.999999
 20
15.012641
  0
LWPOLYLINE
  5
4DD
100
AcDbEntity
  8
ASSEMBLY_OUTLINES_TOP
100
AcDbPolyline
 90
        2
 70
         0
 43
0.03
 10
29.000009
 20
15.102641
 10
28.999999
 20
15.102641
  0
LWPOLYLINE
  5
4DE
100
AcDbEntity
  8
ASSEMBLY_OUTLINES_TOP
100
AcDbPolyline
 90
        2
 70
         0
 43
0.03
 10
29.000009
 20
15.192641
 10
28.999999
 20
15.192641
  0
LWPOLYLINE
  5
4DF
100
AcDbEntity
  8
ASSEMBLY_OUTLINES_TOP
100
AcDbPolyline
 90
        2
 70
         0
 43
0.03
 10
29.000009
 20
15.282641
 10
28.999999
 20
15.282641
  0
LWPOLYLINE
  5
4E0
100
AcDbEntity
  8
ASSEMBLY_OUTLINES_TOP
100
AcDbPolyline
 90
        2
 70
         0
 43
0.03
 10
29.000009
 20
15.372641
 10
28.999999
 20
15.372641
  0
LWPOLYLINE
  5
4E1
100
AcDbEntity
  8
ASSEMBLY_OUTLINES_TOP
100
AcDbPolyline
 90
        2
 70
         0
 43
0.03
 10
29.000009
 20
15.462641
 10
28.999999
 20
15.462641
  0
LWPOLYLINE
  5
4E2
100
AcDbEntity
  8
ASSEMBLY_OUTLINES_TOP
100
AcDbPolyline
 90
        2
 70
         0
 43
0.03
 10
29.000009
 20
15.552641
 10
28.999999
 20
15.552641
  0
LWPOLYLINE
  5
4E3
100
AcDbEntity
  8
ASSEMBLY_OUTLINES_TOP
100
AcDbPolyline
 90
        2
 70
         0
 43
0.03
 10
29.000009
 20
15.642641
 10
28.999999
 20
15.642641
  0
LWPOLYLINE
  5
4E4
100
AcDbEntity
  8
ASSEMBLY_OUTLINES_TOP
100
AcDbPolyline
 90
        2
 70
         0
 43
0.03
 10
29.000009
 20
15.732641
 10
28.999999
 20
15.732641
  0
LWPOLYLINE
  5
4E5
100
AcDbEntity
  8
ASSEMBLY_OUTLINES_TOP
100
AcDbPolyline
 90
        2
 70
         0
 43
0.03
 10
29.000009
 20
15.822641
 10
28.999999
 20
15.822641
  0
LWPOLYLINE
  5
4E6
100
AcDbEntity
  8
ASSEMBLY_OUTLINES_TOP
100
AcDbPolyline
 90
        2
 70
         0
 43
0.03
 10
29.000009
 20
15.912641
 10
28.999999
 20
15.912641
  0
LWPOLYLINE
  5
4E7
100
AcDbEntity
  8
ASSEMBLY_OUTLINES_TOP
100
AcDbPolyline
 90
        2
 70
         0
 43
0.03
 10
29.000009
 20
16.002641
 10
28.999999
 20
16.002641
  0
LWPOLYLINE
  5
4E8
100
AcDbEntity
  8
ASSEMBLY_OUTLINES_TOP
100
AcDbPolyline
 90
        2
 70
         0
 43
0.03
 10
29.000009
 20
16.092641
 10
28.999999
 20
16.092641
  0
LWPOLYLINE
  5
4E9
100
AcDbEntity
  8
ASSEMBLY_OUTLINES_TOP
100
AcDbPolyline
 90
        2
 70
         0
 43
0.03
 10
29.000009
 20
16.182641
 10
28.999999
 20
16.182641
  0
LWPOLYLINE
  5
4EA
100
AcDbEntity
  8
ASSEMBLY_OUTLINES_TOP
100
AcDbPolyline
 90
        2
 70
         0
 43
0.03
 10
29.000009
 20
16.272641
 10
28.999999
 20
16.272641
  0
LWPOLYLINE
  5
4EB
100
AcDbEntity
  8
ASSEMBLY_OUTLINES_TOP
100
AcDbPolyline
 90
        2
 70
         0
 43
0.03
 10
29.000009
 20
16.362641
 10
28.999999
 20
16.362641
  0
LWPOLYLINE
  5
4EC
100
AcDbEntity
  8
ASSEMBLY_OUTLINES_TOP
100
AcDbPolyline
 90
        2
 70
         0
 43
0.03
 10
29.000009
 20
16.452641
 10
28.999999
 20
16.452641
  0
LWPOLYLINE
  5
4ED
100
AcDbEntity
  8
ASSEMBLY_OUTLINES_TOP
100
AcDbPolyline
 90
        2
 70
         0
 43
0.03
 10
29.000009
 20
16.542641
 10
28.999999
 20
16.542641
  0
LWPOLYLINE
  5
4EE
100
AcDbEntity
  8
ASSEMBLY_OUTLINES_TOP
100
AcDbPolyline
 90
        2
 70
         0
 43
0.03
 10
29.000009
 20
16.632641
 10
28.999999
 20
16.632641
  0
LWPOLYLINE
  5
4EF
100
AcDbEntity
  8
ASSEMBLY_OUTLINES_TOP
100
AcDbPolyline
 90
        2
 70
         0
 43
0.03
 10
29.000009
 20
16.722641
 10
28.999999
 20
16.722641
  0
LWPOLYLINE
  5
4F0
100
AcDbEntity
  8
ASSEMBLY_OUTLINES_TOP
100
AcDbPolyline
 90
        2
 70
         0
 43
0.03
 10
29.000009
 20
16.812641
 10
28.999999
 20
16.812641
  0
LWPOLYLINE
  5
4F1
100
AcDbEntity
  8
ASSEMBLY_OUTLINES_TOP
100
AcDbPolyline
 90
        2
 70
         0
 43
0.03
 10
29.000009
 20
16.902641
 10
28.999999
 20
16.902641
  0
LWPOLYLINE
  5
4F2
100
AcDbEntity
  8
ASSEMBLY_OUTLINES_TOP
100
AcDbPolyline
 90
        2
 70
         0
 43
0.03
 10
29.000009
 20
16.992641
 10
28.999999
 20
16.992641
  0
LWPOLYLINE
  5
4F3
100
AcDbEntity
  8
ASSEMBLY_OUTLINES_TOP
100
AcDbPolyline
 90
        2
 70
         0
 43
0.03
 10
29.000009
 20
17.082641
 10
28.999999
 20
17.082641
  0
LWPOLYLINE
  5
4F4
100
AcDbEntity
  8
ASSEMBLY_OUTLINES_TOP
100
AcDbPolyline
 90
        2
 70
         0
 43
0.03
 10
29.000009
 20
17.172641
 10
28.999999
 20
17.172641
  0
LWPOLYLINE
  5
4F5
100
AcDbEntity
  8
ASSEMBLY_OUTLINES_TOP
100
AcDbPolyline
 90
        2
 70
         0
 43
0.03
 10
29.000009
 20
17.262641
 10
28.999999
 20
17.262641
  0
LWPOLYLINE
  5
4F6
100
AcDbEntity
  8
ASSEMBLY_OUTLINES_TOP
100
AcDbPolyline
 90
        2
 70
         0
 43
0.03
 10
29.000009
 20
17.352641
 10
28.999999
 20
17.352641
  0
LWPOLYLINE
  5
4F7
100
AcDbEntity
  8
ASSEMBLY_OUTLINES_TOP
100
AcDbPolyline
 90
        2
 70
         0
 43
0.03
 10
29.000009
 20
17.442641
 10
28.999999
 20
17.442641
  0
LWPOLYLINE
  5
4F8
100
AcDbEntity
  8
ASSEMBLY_OUTLINES_TOP
100
AcDbPolyline
 90
        2
 70
         0
 43
0.03
 10
29.000009
 20
17.532641
 10
28.999999
 20
17.532641
  0
LWPOLYLINE
  5
4F9
100
AcDbEntity
  8
ASSEMBLY_OUTLINES_TOP
100
AcDbPolyline
 90
        2
 70
         0
 43
0.03
 10
29.000009
 20
17.622641
 10
28.999999
 20
17.622641
  0
LWPOLYLINE
  5
4FA
100
AcDbEntity
  8
ASSEMBLY_OUTLINES_TOP
100
AcDbPolyline
 90
        2
 70
         0
 43
0.03
 10
29.000009
 20
17.712641
 10
28.999999
 20
17.712641
  0
LWPOLYLINE
  5
4FB
100
AcDbEntity
  8
ASSEMBLY_OUTLINES_TOP
100
AcDbPolyline
 90
        2
 70
         0
 43
0.03
 10
29.000009
 20
17.802641
 10
28.999999
 20
17.802641
  0
LWPOLYLINE
  5
4FC
100
AcDbEntity
  8
ASSEMBLY_OUTLINES_TOP
100
AcDbPolyline
 90
        2
 70
         0
 43
0.03
 10
29.000009
 20
17.892641
 10
28.999999
 20
17.892641
  0
LWPOLYLINE
  5
4FD
100
AcDbEntity
  8
ASSEMBLY_OUTLINES_TOP
100
AcDbPolyline
 90
        2
 70
         0
 43
0.03
 10
29.000009
 20
17.982641
 10
28.999999
 20
17.982641
  0
LWPOLYLINE
  5
4FE
100
AcDbEntity
  8
ASSEMBLY_OUTLINES_TOP
100
AcDbPolyline
 90
        2
 70
         0
 43
0.03
 10
29.000009
 20
18.072641
 10
28.999999
 20
18.072641
  0
LWPOLYLINE
  5
4FF
100
AcDbEntity
  8
ASSEMBLY_OUTLINES_TOP
100
AcDbPolyline
 90
        2
 70
         0
 43
0.03
 10
29.000009
 20
18.162641
 10
28.999999
 20
18.162641
  0
LWPOLYLINE
  5
500
100
AcDbEntity
  8
ASSEMBLY_OUTLINES_TOP
100
AcDbPolyline
 90
        2
 70
         0
 43
0.03
 10
29.000009
 20
18.252641
 10
28.999999
 20
18.252641
  0
LWPOLYLINE
  5
501
100
AcDbEntity
  8
ASSEMBLY_OUTLINES_TOP
100
AcDbPolyline
 90
        2
 70
         0
 43
0.03
 10
29.000009
 20
18.342641
 10
28.999999
 20
18.342641
  0
LWPOLYLINE
  5
502
100
AcDbEntity
  8
ASSEMBLY_OUTLINES_TOP
100
AcDbPolyline
 90
        2
 70
         0
 43
0.03
 10
29.000009
 20
18.432641
 10
28.999999
 20
18.432641
  0
LWPOLYLINE
  5
503
100
AcDbEntity
  8
ASSEMBLY_OUTLINES_TOP
100
AcDbPolyline
 90
        2
 70
         0
 43
0.03
 10
29.000009
 20
18.522641
 10
28.999999
 20
18.522641
  0
LWPOLYLINE
  5
504
100
AcDbEntity
  8
ASSEMBLY_OUTLINES_TOP
100
AcDbPolyline
 90
        2
 70
         0
 43
0.03
 10
29.000009
 20
18.612641
 10
28.999999
 20
18.612641
  0
LWPOLYLINE
  5
505
100
AcDbEntity
  8
ASSEMBLY_OUTLINES_TOP
100
AcDbPolyline
 90
        2
 70
         0
 43
0.03
 10
29.000009
 20
18.702641
 10
28.999999
 20
18.702641
  0
LWPOLYLINE
  5
506
100
AcDbEntity
  8
ASSEMBLY_OUTLINES_TOP
100
AcDbPolyline
 90
        2
 70
         0
 43
0.03
 10
29.000009
 20
18.792641
 10
28.999999
 20
18.792641
  0
LWPOLYLINE
  5
507
100
AcDbEntity
  8
ASSEMBLY_OUTLINES_TOP
100
AcDbPolyline
 90
        2
 70
         0
 43
0.03
 10
29.000009
 20
18.882641
 10
28.999999
 20
18.882641
  0
LWPOLYLINE
  5
508
100
AcDbEntity
  8
ASSEMBLY_OUTLINES_TOP
100
AcDbPolyline
 90
        2
 70
         0
 43
0.03
 10
29.000009
 20
18.972641
 10
28.999999
 20
18.972641
  0
LWPOLYLINE
  5
509
100
AcDbEntity
  8
ASSEMBLY_OUTLINES_TOP
100
AcDbPolyline
 90
        2
 70
         0
 43
0.03
 10
29.000009
 20
19.062641
 10
28.999999
 20
19.062641
  0
LWPOLYLINE
  5
50A
100
AcDbEntity
  8
ASSEMBLY_OUTLINES_TOP
100
AcDbPolyline
 90
        2
 70
         0
 43
0.03
 10
29.000009
 20
19.152641
 10
28.999999
 20
19.152641
  0
LWPOLYLINE
  5
50B
100
AcDbEntity
  8
ASSEMBLY_OUTLINES_TOP
100
AcDbPolyline
 90
        2
 70
         0
 43
0.03
 10
29.000009
 20
19.242641
 10
28.999999
 20
19.242641
  0
LWPOLYLINE
  5
50C
100
AcDbEntity
  8
ASSEMBLY_OUTLINES_TOP
100
AcDbPolyline
 90
        2
 70
         0
 43
0.03
 10
29.000009
 20
19.332641
 10
28.999999
 20
19.332641
  0
LWPOLYLINE
  5
50D
100
AcDbEntity
  8
ASSEMBLY_OUTLINES_TOP
100
AcDbPolyline
 90
        2
 70
         0
 43
0.03
 10
29.000009
 20
19.422641
 10
28.999999
 20
19.422641
  0
LWPOLYLINE
  5
50E
100
AcDbEntity
  8
ASSEMBLY_OUTLINES_TOP
100
AcDbPolyline
 90
        2
 70
         0
 43
0.03
 10
29.000009
 20
19.512641
 10
28.999999
 20
19.512641
  0
LWPOLYLINE
  5
50F
100
AcDbEntity
  8
ASSEMBLY_OUTLINES_TOP
100
AcDbPolyline
 90
        2
 70
         0
 43
0.03
 10
29.000009
 20
19.602641
 10
28.999999
 20
19.602641
  0
LWPOLYLINE
  5
510
100
AcDbEntity
  8
ASSEMBLY_OUTLINES_TOP
100
AcDbPolyline
 90
        2
 70
         0
 43
0.03
 10
29.000009
 20
19.692641
 10
28.999999
 20
19.692641
  0
LWPOLYLINE
  5
511
100
AcDbEntity
  8
ASSEMBLY_OUTLINES_TOP
100
AcDbPolyline
 90
        2
 70
         0
 43
0.03
 10
29.000009
 20
19.782641
 10
28.999999
 20
19.782641
  0
LWPOLYLINE
  5
512
100
AcDbEntity
  8
ASSEMBLY_OUTLINES_TOP
100
AcDbPolyline
 90
        2
 70
         0
 43
0.03
 10
29.000009
 20
19.872641
 10
28.999999
 20
19.872641
  0
LWPOLYLINE
  5
513
100
AcDbEntity
  8
ASSEMBLY_OUTLINES_TOP
100
AcDbPolyline
 90
        2
 70
         0
 43
0.03
 10
29.000009
 20
19.962641
 10
28.999999
 20
19.962641
  0
LWPOLYLINE
  5
514
100
AcDbEntity
  8
ASSEMBLY_OUTLINES_TOP
100
AcDbPolyline
 90
        2
 70
         0
 43
0.03
 10
29.000009
 20
20.052641
 10
28.999999
 20
20.052641
  0
LWPOLYLINE
  5
515
100
AcDbEntity
  8
ASSEMBLY_OUTLINES_TOP
100
AcDbPolyline
 90
        2
 70
         0
 43
0.03
 10
29.000009
 20
20.142641
 10
28.999999
 20
20.142641
  0
LWPOLYLINE
  5
516
100
AcDbEntity
  8
ASSEMBLY_OUTLINES_TOP
100
AcDbPolyline
 90
        2
 70
         0
 43
0.03
 10
29.000009
 20
20.232641
 10
28.999999
 20
20.232641
  0
LWPOLYLINE
  5
517
100
AcDbEntity
  8
ASSEMBLY_OUTLINES_TOP
100
AcDbPolyline
 90
        2
 70
         0
 43
0.03
 10
29.000009
 20
20.322641
 10
28.999999
 20
20.322641
  0
LWPOLYLINE
  5
518
100
AcDbEntity
  8
ASSEMBLY_OUTLINES_TOP
100
AcDbPolyline
 90
        2
 70
         0
 43
0.03
 10
29.000009
 20
20.412641
 10
28.999999
 20
20.412641
  0
LWPOLYLINE
  5
519
100
AcDbEntity
  8
ASSEMBLY_OUTLINES_TOP
100
AcDbPolyline
 90
        2
 70
         0
 43
0.03
 10
29.000009
 20
20.502641
 10
28.999999
 20
20.502641
  0
LWPOLYLINE
  5
51A
100
AcDbEntity
  8
ASSEMBLY_OUTLINES_TOP
100
AcDbPolyline
 90
        2
 70
         0
 43
0.03
 10
29.000009
 20
20.592641
 10
28.999999
 20
20.592641
  0
LWPOLYLINE
  5
51B
100
AcDbEntity
  8
ASSEMBLY_OUTLINES_TOP
100
AcDbPolyline
 90
        2
 70
         0
 43
0.03
 10
29.000009
 20
20.682641
 10
28.999999
 20
20.682641
  0
LWPOLYLINE
  5
51C
100
AcDbEntity
  8
ASSEMBLY_OUTLINES_TOP
100
AcDbPolyline
 90
        2
 70
         0
 43
0.03
 10
29.000009
 20
20.772641
 10
28.999999
 20
20.772641
  0
LWPOLYLINE
  5
51D
100
AcDbEntity
  8
ASSEMBLY_OUTLINES_TOP
100
AcDbPolyline
 90
        2
 70
         0
 43
0.03
 10
29.000009
 20
20.862641
 10
28.999999
 20
20.862641
  0
LWPOLYLINE
  5
51E
100
AcDbEntity
  8
ASSEMBLY_OUTLINES_TOP
100
AcDbPolyline
 90
        2
 70
         0
 43
0.03
 10
29.000009
 20
20.952641
 10
28.999999
 20
20.952641
  0
LWPOLYLINE
  5
51F
100
AcDbEntity
  8
ASSEMBLY_OUTLINES_TOP
100
AcDbPolyline
 90
        2
 70
         0
 43
0.03
 10
29.000009
 20
21.042641
 10
28.999999
 20
21.042641
  0
LWPOLYLINE
  5
520
100
AcDbEntity
  8
ASSEMBLY_OUTLINES_TOP
100
AcDbPolyline
 90
        2
 70
         0
 43
0.03
 10
29.000009
 20
21.132641
 10
28.999999
 20
21.132641
  0
LWPOLYLINE
  5
521
100
AcDbEntity
  8
ASSEMBLY_OUTLINES_TOP
100
AcDbPolyline
 90
        2
 70
         0
 43
0.03
 10
29.000009
 20
21.222641
 10
28.999999
 20
21.222641
  0
LWPOLYLINE
  5
522
100
AcDbEntity
  8
ASSEMBLY_OUTLINES_TOP
100
AcDbPolyline
 90
        2
 70
         0
 43
0.03
 10
29.000009
 20
21.257359
 10
28.999999
 20
21.257359
  0
LWPOLYLINE
  5
523
100
AcDbEntity
  8
ASSEMBLY_OUTLINES_TOP
100
AcDbPolyline
 90
        2
 70
         0
 43
0.03
 10
29.000009
 20
21.257359
 10
28.999999
 20
21.257359
  0
LWPOLYLINE
  5
524
100
AcDbEntity
  8
ASSEMBLY_OUTLINES_TOP
100
AcDbPolyline
 90
        2
 70
         0
 43
0.03
 10
28.998659
 20
21.347345
 10
28.998649
 20
21.347345
  0
LWPOLYLINE
  5
525
100
AcDbEntity
  8
ASSEMBLY_OUTLINES_TOP
100
AcDbPolyline
 90
        2
 70
         0
 43
0.03
 10
28.998659
 20
21.347345
 10
28.998649
 20
21.347345
  0
LWPOLYLINE
  5
526
100
AcDbEntity
  8
ASSEMBLY_OUTLINES_TOP
100
AcDbPolyline
 90
        2
 70
         0
 43
0.03
 10
28.99461
 20
21.437251
 10
28.9946
 20
21.437251
  0
LWPOLYLINE
  5
527
100
AcDbEntity
  8
ASSEMBLY_OUTLINES_TOP
100
AcDbPolyline
 90
        2
 70
         0
 43
0.03
 10
28.99461
 20
21.437251
 10
28.9946
 20
21.437251
  0
LWPOLYLINE
  5
528
100
AcDbEntity
  8
ASSEMBLY_OUTLINES_TOP
100
AcDbPolyline
 90
        2
 70
         0
 43
0.03
 10
28.987867
 20
21.526994
 10
28.987857
 20
21.526994
  0
LWPOLYLINE
  5
529
100
AcDbEntity
  8
ASSEMBLY_OUTLINES_TOP
100
AcDbPolyline
 90
        2
 70
         0
 43
0.03
 10
28.987867
 20
21.526994
 10
28.987857
 20
21.526994
  0
LWPOLYLINE
  5
52A
100
AcDbEntity
  8
ASSEMBLY_OUTLINES_TOP
100
AcDbPolyline
 90
        2
 70
         0
 43
0.03
 10
28.978434
 20
21.616495
 10
28.978424
 20
21.616495
  0
LWPOLYLINE
  5
52B
100
AcDbEntity
  8
ASSEMBLY_OUTLINES_TOP
100
AcDbPolyline
 90
        2
 70
         0
 43
0.03
 10
28.978434
 20
21.616495
 10
28.978424
 20
21.616495
  0
LWPOLYLINE
  5
52C
100
AcDbEntity
  8
ASSEMBLY_OUTLINES_TOP
100
AcDbPolyline
 90
        2
 70
         0
 43
0.03
 10
28.966322
 20
21.705673
 10
28.966312
 20
21.705673
  0
LWPOLYLINE
  5
52D
100
AcDbEntity
  8
ASSEMBLY_OUTLINES_TOP
100
AcDbPolyline
 90
        2
 70
         0
 43
0.03
 10
28.966322
 20
21.705673
 10
28.966312
 20
21.705673
  0
LWPOLYLINE
  5
52E
100
AcDbEntity
  8
ASSEMBLY_OUTLINES_TOP
100
AcDbPolyline
 90
        2
 70
         0
 43
0.03
 10
28.95154
 20
21.794447
 10
28.95153
 20
21.794447
  0
LWPOLYLINE
  5
52F
100
AcDbEntity
  8
ASSEMBLY_OUTLINES_TOP
100
AcDbPolyline
 90
        2
 70
         0
 43
0.03
 10
28.95154
 20
21.794447
 10
28.95153
 20
21.794447
  0
LWPOLYLINE
  5
530
100
AcDbEntity
  8
ASSEMBLY_OUTLINES_TOP
100
AcDbPolyline
 90
        2
 70
         0
 43
0.03
 10
28.934101
 20
21.882738
 10
28.934091
 20
21.882738
  0
LWPOLYLINE
  5
531
100
AcDbEntity
  8
ASSEMBLY_OUTLINES_TOP
100
AcDbPolyline
 90
        2
 70
         0
 43
0.03
 10
28.934101
 20
21.882738
 10
28.934091
 20
21.882738
  0
LWPOLYLINE
  5
532
100
AcDbEntity
  8
ASSEMBLY_OUTLINES_TOP
100
AcDbPolyline
 90
        2
 70
         0
 43
0.03
 10
28.914022
 20
21.970466
 10
28.914012
 20
21.970466
  0
LWPOLYLINE
  5
533
100
AcDbEntity
  8
ASSEMBLY_OUTLINES_TOP
100
AcDbPolyline
 90
        2
 70
         0
 43
0.03
 10
28.914022
 20
21.970466
 10
28.914012
 20
21.970466
  0
LWPOLYLINE
  5
534
100
AcDbEntity
  8
ASSEMBLY_OUTLINES_TOP
100
AcDbPolyline
 90
        2
 70
         0
 43
0.03
 10
28.891321
 20
22.057553
 10
28.891311
 20
22.057553
  0
LWPOLYLINE
  5
535
100
AcDbEntity
  8
ASSEMBLY_OUTLINES_TOP
100
AcDbPolyline
 90
        2
 70
         0
 43
0.03
 10
28.891321
 20
22.057553
 10
28.891311
 20
22.057553
  0
LWPOLYLINE
  5
536
100
AcDbEntity
  8
ASSEMBLY_OUTLINES_TOP
100
AcDbPolyline
 90
        2
 70
         0
 43
0.03
 10
28.866018
 20
22.143919
 10
28.866008
 20
22.143919
  0
LWPOLYLINE
  5
537
100
AcDbEntity
  8
ASSEMBLY_OUTLINES_TOP
100
AcDbPolyline
 90
        2
 70
         0
 43
0.03
 10
28.866018
 20
22.143919
 10
28.866008
 20
22.143919
  0
LWPOLYLINE
  5
538
100
AcDbEntity
  8
ASSEMBLY_OUTLINES_TOP
100
AcDbPolyline
 90
        2
 70
         0
 43
0.03
 10
28.838136
 20
22.229488
 10
28.838126
 20
22.229488
  0
LWPOLYLINE
  5
539
100
AcDbEntity
  8
ASSEMBLY_OUTLINES_TOP
100
AcDbPolyline
 90
        2
 70
         0
 43
0.03
 10
28.838136
 20
22.229488
 10
28.838126
 20
22.229488
  0
LWPOLYLINE
  5
53A
100
AcDbEntity
  8
ASSEMBLY_OUTLINES_TOP
100
AcDbPolyline
 90
        2
 70
         0
 43
0.03
 10
28.807699
 20
22.314181
 10
28.807689
 20
22.314181
  0
LWPOLYLINE
  5
53B
100
AcDbEntity
  8
ASSEMBLY_OUTLINES_TOP
100
AcDbPolyline
 90
        2
 70
         0
 43
0.03
 10
28.807699
 20
22.314181
 10
28.807689
 20
22.314181
  0
LWPOLYLINE
  5
53C
100
AcDbEntity
  8
ASSEMBLY_OUTLINES_TOP
100
AcDbPolyline
 90
        2
 70
         0
 43
0.03
 10
28.774736
 20
22.397924
 10
28.774726
 20
22.397924
  0
LWPOLYLINE
  5
53D
100
AcDbEntity
  8
ASSEMBLY_OUTLINES_TOP
100
AcDbPolyline
 90
        2
 70
         0
 43
0.03
 10
28.774736
 20
22.397924
 10
28.774726
 20
22.397924
  0
LWPOLYLINE
  5
53E
100
AcDbEntity
  8
ASSEMBLY_OUTLINES_TOP
100
AcDbPolyline
 90
        2
 70
         0
 43
0.03
 10
28.739275
 20
22.48064
 10
28.739265
 20
22.48064
  0
LWPOLYLINE
  5
53F
100
AcDbEntity
  8
ASSEMBLY_OUTLINES_TOP
100
AcDbPolyline
 90
        2
 70
         0
 43
0.03
 10
28.739275
 20
22.48064
 10
28.739265
 20
22.48064
  0
LWPOLYLINE
  5
540
100
AcDbEntity
  8
ASSEMBLY_OUTLINES_TOP
100
AcDbPolyline
 90
        2
 70
         0
 43
0.03
 10
28.70135
 20
22.562255
 10
28.70134
 20
22.562255
  0
LWPOLYLINE
  5
541
100
AcDbEntity
  8
ASSEMBLY_OUTLINES_TOP
100
AcDbPolyline
 90
        2
 70
         0
 43
0.03
 10
28.70135
 20
22.562255
 10
28.70134
 20
22.562255
  0
LWPOLYLINE
  5
542
100
AcDbEntity
  8
ASSEMBLY_OUTLINES_TOP
100
AcDbPolyline
 90
        2
 70
         0
 43
0.03
 10
28.660993
 20
22.642696
 10
28.660983
 20
22.642696
  0
LWPOLYLINE
  5
543
100
AcDbEntity
  8
ASSEMBLY_OUTLINES_TOP
100
AcDbPolyline
 90
        2
 70
         0
 43
0.03
 10
28.660993
 20
22.642696
 10
28.660983
 20
22.642696
  0
LWPOLYLINE
  5
544
100
AcDbEntity
  8
ASSEMBLY_OUTLINES_TOP
100
AcDbPolyline
 90
        2
 70
         0
 43
0.03
 10
28.618242
 20
22.72189
 10
28.618232
 20
22.72189
  0
LWPOLYLINE
  5
545
100
AcDbEntity
  8
ASSEMBLY_OUTLINES_TOP
100
AcDbPolyline
 90
        2
 70
         0
 43
0.03
 10
28.618242
 20
22.72189
 10
28.618232
 20
22.72189
  0
LWPOLYLINE
  5
546
100
AcDbEntity
  8
ASSEMBLY_OUTLINES_TOP
100
AcDbPolyline
 90
        2
 70
         0
 43
0.03
 10
28.573135
 20
22.799766
 10
28.573125
 20
22.799766
  0
LWPOLYLINE
  5
547
100
AcDbEntity
  8
ASSEMBLY_OUTLINES_TOP
100
AcDbPolyline
 90
        2
 70
         0
 43
0.03
 10
28.573135
 20
22.799766
 10
28.573125
 20
22.799766
  0
LWPOLYLINE
  5
548
100
AcDbEntity
  8
ASSEMBLY_OUTLINES_TOP
100
AcDbPolyline
 90
        2
 70
         0
 43
0.03
 10
28.525711
 20
22.876255
 10
28.525701
 20
22.876255
  0
LWPOLYLINE
  5
549
100
AcDbEntity
  8
ASSEMBLY_OUTLINES_TOP
100
AcDbPolyline
 90
        2
 70
         0
 43
0.03
 10
28.525711
 20
22.876255
 10
28.525701
 20
22.876255
  0
LWPOLYLINE
  5
54A
100
AcDbEntity
  8
ASSEMBLY_OUTLINES_TOP
100
AcDbPolyline
 90
        2
 70
         0
 43
0.03
 10
28.476015
 20
22.951286
 10
28.476005
 20
22.951286
  0
LWPOLYLINE
  5
54B
100
AcDbEntity
  8
ASSEMBLY_OUTLINES_TOP
100
AcDbPolyline
 90
        2
 70
         0
 43
0.03
 10
28.476015
 20
22.951286
 10
28.476005
 20
22.951286
  0
LWPOLYLINE
  5
54C
100
AcDbEntity
  8
ASSEMBLY_OUTLINES_TOP
100
AcDbPolyline
 90
        2
 70
         0
 43
0.03
 10
28.424091
 20
23.024793
 10
28.424081
 20
23.024793
  0
LWPOLYLINE
  5
54D
100
AcDbEntity
  8
ASSEMBLY_OUTLINES_TOP
100
AcDbPolyline
 90
        2
 70
         0
 43
0.03
 10
28.424091
 20
23.024793
 10
28.424081
 20
23.024793
  0
LWPOLYLINE
  5
54E
100
AcDbEntity
  8
ASSEMBLY_OUTLINES_TOP
100
AcDbPolyline
 90
        2
 70
         0
 43
0.03
 10
28.369985
 20
23.096709
 10
28.369975
 20
23.096709
  0
LWPOLYLINE
  5
54F
100
AcDbEntity
  8
ASSEMBLY_OUTLINES_TOP
100
AcDbPolyline
 90
        2
 70
         0
 43
0.03
 10
28.369985
 20
23.096709
 10
28.369975
 20
23.096709
  0
LWPOLYLINE
  5
550
100
AcDbEntity
  8
ASSEMBLY_OUTLINES_TOP
100
AcDbPolyline
 90
        2
 70
         0
 43
0.03
 10
28.313747
 20
23.16697
 10
28.313737
 20
23.16697
  0
LWPOLYLINE
  5
551
100
AcDbEntity
  8
ASSEMBLY_OUTLINES_TOP
100
AcDbPolyline
 90
        2
 70
         0
 43
0.03
 10
28.313747
 20
23.16697
 10
28.313737
 20
23.16697
  0
LWPOLYLINE
  5
552
100
AcDbEntity
  8
ASSEMBLY_OUTLINES_TOP
100
AcDbPolyline
 90
        2
 70
         0
 43
0.03
 10
28.255426
 20
23.235513
 10
28.255416
 20
23.235513
  0
LWPOLYLINE
  5
553
100
AcDbEntity
  8
ASSEMBLY_OUTLINES_TOP
100
AcDbPolyline
 90
        2
 70
         0
 43
0.03
 10
28.255426
 20
23.235513
 10
28.255416
 20
23.235513
  0
LWPOLYLINE
  5
554
100
AcDbEntity
  8
ASSEMBLY_OUTLINES_TOP
100
AcDbPolyline
 90
        2
 70
         0
 43
0.03
 10
28.195075
 20
23.302275
 10
28.195065
 20
23.302275
  0
LWPOLYLINE
  5
555
100
AcDbEntity
  8
ASSEMBLY_OUTLINES_TOP
100
AcDbPolyline
 90
        2
 70
         0
 43
0.03
 10
28.195075
 20
23.302275
 10
28.195065
 20
23.302275
  0
LWPOLYLINE
  5
556
100
AcDbEntity
  8
ASSEMBLY_OUTLINES_TOP
100
AcDbPolyline
 90
        2
 70
         0
 43
0.03
 10
28.132749
 20
23.367197
 10
28.132739
 20
23.367197
  0
LWPOLYLINE
  5
557
100
AcDbEntity
  8
ASSEMBLY_OUTLINES_TOP
100
AcDbPolyline
 90
        2
 70
         0
 43
0.03
 10
28.132749
 20
23.367197
 10
28.132739
 20
23.367197
  0
LWPOLYLINE
  5
558
100
AcDbEntity
  8
ASSEMBLY_OUTLINES_TOP
100
AcDbPolyline
 90
        2
 70
         0
 43
0.03
 10
21.878688
 20
29.62132
 10
21.878678
 20
29.62132
  0
LWPOLYLINE
  5
559
100
AcDbEntity
  8
ASSEMBLY_OUTLINES_TOP
100
AcDbPolyline
 90
        2
 70
         0
 43
0.03
 10
21.942327
 20
29.557681
 10
21.942317
 20
29.557681
  0
LWPOLYLINE
  5
55A
100
AcDbEntity
  8
ASSEMBLY_OUTLINES_TOP
100
AcDbPolyline
 90
        2
 70
         0
 43
0.03
 10
22.005967
 20
29.494041
 10
22.005957
 20
29.494041
  0
LWPOLYLINE
  5
55B
100
AcDbEntity
  8
ASSEMBLY_OUTLINES_TOP
100
AcDbPolyline
 90
        2
 70
         0
 43
0.03
 10
22.069606
 20
29.430402
 10
22.069596
 20
29.430402
  0
LWPOLYLINE
  5
55C
100
AcDbEntity
  8
ASSEMBLY_OUTLINES_TOP
100
AcDbPolyline
 90
        2
 70
         0
 43
0.03
 10
22.133246
 20
29.366762
 10
22.133236
 20
29.366762
  0
LWPOLYLINE
  5
55D
100
AcDbEntity
  8
ASSEMBLY_OUTLINES_TOP
100
AcDbPolyline
 90
        2
 70
         0
 43
0.03
 10
22.196886
 20
29.303122
 10
22.196876
 20
29.303122
  0
LWPOLYLINE
  5
55E
100
AcDbEntity
  8
ASSEMBLY_OUTLINES_TOP
100
AcDbPolyline
 90
        2
 70
         0
 43
0.03
 10
22.260525
 20
29.239483
 10
22.260515
 20
29.239483
  0
LWPOLYLINE
  5
55F
100
AcDbEntity
  8
ASSEMBLY_OUTLINES_TOP
100
AcDbPolyline
 90
        2
 70
         0
 43
0.03
 10
22.324165
 20
29.175843
 10
22.324155
 20
29.175843
  0
LWPOLYLINE
  5
560
100
AcDbEntity
  8
ASSEMBLY_OUTLINES_TOP
100
AcDbPolyline
 90
        2
 70
         0
 43
0.03
 10
22.387804
 20
29.112204
 10
22.387794
 20
29.112204
  0
LWPOLYLINE
  5
561
100
AcDbEntity
  8
ASSEMBLY_OUTLINES_TOP
100
AcDbPolyline
 90
        2
 70
         0
 43
0.03
 10
22.451444
 20
29.048564
 10
22.451434
 20
29.048564
  0
LWPOLYLINE
  5
562
100
AcDbEntity
  8
ASSEMBLY_OUTLINES_TOP
100
AcDbPolyline
 90
        2
 70
         0
 43
0.03
 10
22.515084
 20
28.984924
 10
22.515074
 20
28.984924
  0
LWPOLYLINE
  5
563
100
AcDbEntity
  8
ASSEMBLY_OUTLINES_TOP
100
AcDbPolyline
 90
        2
 70
         0
 43
0.03
 10
22.578723
 20
28.921285
 10
22.578713
 20
28.921285
  0
LWPOLYLINE
  5
564
100
AcDbEntity
  8
ASSEMBLY_OUTLINES_TOP
100
AcDbPolyline
 90
        2
 70
         0
 43
0.03
 10
22.642363
 20
28.857645
 10
22.642353
 20
28.857645
  0
LWPOLYLINE
  5
565
100
AcDbEntity
  8
ASSEMBLY_OUTLINES_TOP
100
AcDbPolyline
 90
        2
 70
         0
 43
0.03
 10
22.706003
 20
28.794006
 10
22.705993
 20
28.794006
  0
LWPOLYLINE
  5
566
100
AcDbEntity
  8
ASSEMBLY_OUTLINES_TOP
100
AcDbPolyline
 90
        2
 70
         0
 43
0.03
 10
22.769642
 20
28.730366
 10
22.769632
 20
28.730366
  0
LWPOLYLINE
  5
567
100
AcDbEntity
  8
ASSEMBLY_OUTLINES_TOP
100
AcDbPolyline
 90
        2
 70
         0
 43
0.03
 10
22.833282
 20
28.666726
 10
22.833272
 20
28.666726
  0
LWPOLYLINE
  5
568
100
AcDbEntity
  8
ASSEMBLY_OUTLINES_TOP
100
AcDbPolyline
 90
        2
 70
         0
 43
0.03
 10
22.896921
 20
28.603087
 10
22.896911
 20
28.603087
  0
LWPOLYLINE
  5
569
100
AcDbEntity
  8
ASSEMBLY_OUTLINES_TOP
100
AcDbPolyline
 90
        2
 70
         0
 43
0.03
 10
22.960561
 20
28.539447
 10
22.960551
 20
28.539447
  0
LWPOLYLINE
  5
56A
100
AcDbEntity
  8
ASSEMBLY_OUTLINES_TOP
100
AcDbPolyline
 90
        2
 70
         0
 43
0.03
 10
23.024201
 20
28.475808
 10
23.024191
 20
28.475808
  0
LWPOLYLINE
  5
56B
100
AcDbEntity
  8
ASSEMBLY_OUTLINES_TOP
100
AcDbPolyline
 90
        2
 70
         0
 43
0.03
 10
23.08784
 20
28.412168
 10
23.08783
 20
28.412168
  0
LWPOLYLINE
  5
56C
100
AcDbEntity
  8
ASSEMBLY_OUTLINES_TOP
100
AcDbPolyline
 90
        2
 70
         0
 43
0.03
 10
23.15148
 20
28.348528
 10
23.15147
 20
28.348528
  0
LWPOLYLINE
  5
56D
100
AcDbEntity
  8
ASSEMBLY_OUTLINES_TOP
100
AcDbPolyline
 90
        2
 70
         0
 43
0.03
 10
23.215119
 20
28.284889
 10
23.215109
 20
28.284889
  0
LWPOLYLINE
  5
56E
100
AcDbEntity
  8
ASSEMBLY_OUTLINES_TOP
100
AcDbPolyline
 90
        2
 70
         0
 43
0.03
 10
23.278759
 20
28.221249
 10
23.278749
 20
28.221249
  0
LWPOLYLINE
  5
56F
100
AcDbEntity
  8
ASSEMBLY_OUTLINES_TOP
100
AcDbPolyline
 90
        2
 70
         0
 43
0.03
 10
23.342399
 20
28.15761
 10
23.342389
 20
28.15761
  0
LWPOLYLINE
  5
570
100
AcDbEntity
  8
ASSEMBLY_OUTLINES_TOP
100
AcDbPolyline
 90
        2
 70
         0
 43
0.03
 10
23.406038
 20
28.09397
 10
23.406028
 20
28.09397
  0
LWPOLYLINE
  5
571
100
AcDbEntity
  8
ASSEMBLY_OUTLINES_TOP
100
AcDbPolyline
 90
        2
 70
         0
 43
0.03
 10
23.469678
 20
28.03033
 10
23.469668
 20
28.03033
  0
LWPOLYLINE
  5
572
100
AcDbEntity
  8
ASSEMBLY_OUTLINES_TOP
100
AcDbPolyline
 90
        2
 70
         0
 43
0.03
 10
23.533318
 20
27.966691
 10
23.533308
 20
27.966691
  0
LWPOLYLINE
  5
573
100
AcDbEntity
  8
ASSEMBLY_OUTLINES_TOP
100
AcDbPolyline
 90
        2
 70
         0
 43
0.03
 10
23.596957
 20
27.903051
 10
23.596947
 20
27.903051
  0
LWPOLYLINE
  5
574
100
AcDbEntity
  8
ASSEMBLY_OUTLINES_TOP
100
AcDbPolyline
 90
        2
 70
         0
 43
0.03
 10
23.660597
 20
27.839412
 10
23.660587
 20
27.839412
  0
LWPOLYLINE
  5
575
100
AcDbEntity
  8
ASSEMBLY_OUTLINES_TOP
100
AcDbPolyline
 90
        2
 70
         0
 43
0.03
 10
23.724236
 20
27.775772
 10
23.724226
 20
27.775772
  0
LWPOLYLINE
  5
576
100
AcDbEntity
  8
ASSEMBLY_OUTLINES_TOP
100
AcDbPolyline
 90
        2
 70
         0
 43
0.03
 10
23.787876
 20
27.712132
 10
23.787866
 20
27.712132
  0
LWPOLYLINE
  5
577
100
AcDbEntity
  8
ASSEMBLY_OUTLINES_TOP
100
AcDbPolyline
 90
        2
 70
         0
 43
0.03
 10
23.851516
 20
27.648493
 10
23.851506
 20
27.648493
  0
LWPOLYLINE
  5
578
100
AcDbEntity
  8
ASSEMBLY_OUTLINES_TOP
100
AcDbPolyline
 90
        2
 70
         0
 43
0.03
 10
23.915155
 20
27.584853
 10
23.915145
 20
27.584853
  0
LWPOLYLINE
  5
579
100
AcDbEntity
  8
ASSEMBLY_OUTLINES_TOP
100
AcDbPolyline
 90
        2
 70
         0
 43
0.03
 10
23.978795
 20
27.521214
 10
23.978785
 20
27.521214
  0
LWPOLYLINE
  5
57A
100
AcDbEntity
  8
ASSEMBLY_OUTLINES_TOP
100
AcDbPolyline
 90
        2
 70
         0
 43
0.03
 10
24.042434
 20
27.457574
 10
24.042424
 20
27.457574
  0
LWPOLYLINE
  5
57B
100
AcDbEntity
  8
ASSEMBLY_OUTLINES_TOP
100
AcDbPolyline
 90
        2
 70
         0
 43
0.03
 10
24.106074
 20
27.393934
 10
24.106064
 20
27.393934
  0
LWPOLYLINE
  5
57C
100
AcDbEntity
  8
ASSEMBLY_OUTLINES_TOP
100
AcDbPolyline
 90
        2
 70
         0
 43
0.03
 10
24.169714
 20
27.330295
 10
24.169704
 20
27.330295
  0
LWPOLYLINE
  5
57D
100
AcDbEntity
  8
ASSEMBLY_OUTLINES_TOP
100
AcDbPolyline
 90
        2
 70
         0
 43
0.03
 10
24.233353
 20
27.266655
 10
24.233343
 20
27.266655
  0
LWPOLYLINE
  5
57E
100
AcDbEntity
  8
ASSEMBLY_OUTLINES_TOP
100
AcDbPolyline
 90
        2
 70
         0
 43
0.03
 10
24.296993
 20
27.203016
 10
24.296983
 20
27.203016
  0
LWPOLYLINE
  5
57F
100
AcDbEntity
  8
ASSEMBLY_OUTLINES_TOP
100
AcDbPolyline
 90
        2
 70
         0
 43
0.03
 10
24.360633
 20
27.139376
 10
24.360623
 20
27.139376
  0
LWPOLYLINE
  5
580
100
AcDbEntity
  8
ASSEMBLY_OUTLINES_TOP
100
AcDbPolyline
 90
        2
 70
         0
 43
0.03
 10
24.424272
 20
27.075736
 10
24.424262
 20
27.075736
  0
LWPOLYLINE
  5
581
100
AcDbEntity
  8
ASSEMBLY_OUTLINES_TOP
100
AcDbPolyline
 90
        2
 70
         0
 43
0.03
 10
24.487912
 20
27.012097
 10
24.487902
 20
27.012097
  0
LWPOLYLINE
  5
582
100
AcDbEntity
  8
ASSEMBLY_OUTLINES_TOP
100
AcDbPolyline
 90
        2
 70
         0
 43
0.03
 10
24.551551
 20
26.948457
 10
24.551541
 20
26.948457
  0
LWPOLYLINE
  5
583
100
AcDbEntity
  8
ASSEMBLY_OUTLINES_TOP
100
AcDbPolyline
 90
        2
 70
         0
 43
0.03
 10
24.615191
 20
26.884817
 10
24.615181
 20
26.884817
  0
LWPOLYLINE
  5
584
100
AcDbEntity
  8
ASSEMBLY_OUTLINES_TOP
100
AcDbPolyline
 90
        2
 70
         0
 43
0.03
 10
24.678831
 20
26.821178
 10
24.678821
 20
26.821178
  0
LWPOLYLINE
  5
585
100
AcDbEntity
  8
ASSEMBLY_OUTLINES_TOP
100
AcDbPolyline
 90
        2
 70
         0
 43
0.03
 10
24.74247
 20
26.757538
 10
24.74246
 20
26.757538
  0
LWPOLYLINE
  5
586
100
AcDbEntity
  8
ASSEMBLY_OUTLINES_TOP
100
AcDbPolyline
 90
        2
 70
         0
 43
0.03
 10
24.80611
 20
26.693899
 10
24.8061
 20
26.693899
  0
LWPOLYLINE
  5
587
100
AcDbEntity
  8
ASSEMBLY_OUTLINES_TOP
100
AcDbPolyline
 90
        2
 70
         0
 43
0.03
 10
24.869749
 20
26.630259
 10
24.869739
 20
26.630259
  0
LWPOLYLINE
  5
588
100
AcDbEntity
  8
ASSEMBLY_OUTLINES_TOP
100
AcDbPolyline
 90
        2
 70
         0
 43
0.03
 10
24.933389
 20
26.566619
 10
24.933379
 20
26.566619
  0
LWPOLYLINE
  5
589
100
AcDbEntity
  8
ASSEMBLY_OUTLINES_TOP
100
AcDbPolyline
 90
        2
 70
         0
 43
0.03
 10
24.997029
 20
26.50298
 10
24.997019
 20
26.50298
  0
LWPOLYLINE
  5
58A
100
AcDbEntity
  8
ASSEMBLY_OUTLINES_TOP
100
AcDbPolyline
 90
        2
 70
         0
 43
0.03
 10
25.060668
 20
26.43934
 10
25.060658
 20
26.43934
  0
LWPOLYLINE
  5
58B
100
AcDbEntity
  8
ASSEMBLY_OUTLINES_TOP
100
AcDbPolyline
 90
        2
 70
         0
 43
0.03
 10
25.124308
 20
26.375701
 10
25.124298
 20
26.375701
  0
LWPOLYLINE
  5
58C
100
AcDbEntity
  8
ASSEMBLY_OUTLINES_TOP
100
AcDbPolyline
 90
        2
 70
         0
 43
0.03
 10
25.187948
 20
26.312061
 10
25.187938
 20
26.312061
  0
LWPOLYLINE
  5
58D
100
AcDbEntity
  8
ASSEMBLY_OUTLINES_TOP
100
AcDbPolyline
 90
        2
 70
         0
 43
0.03
 10
25.251587
 20
26.248421
 10
25.251577
 20
26.248421
  0
LWPOLYLINE
  5
58E
100
AcDbEntity
  8
ASSEMBLY_OUTLINES_TOP
100
AcDbPolyline
 90
        2
 70
         0
 43
0.03
 10
25.315227
 20
26.184782
 10
25.315217
 20
26.184782
  0
LWPOLYLINE
  5
58F
100
AcDbEntity
  8
ASSEMBLY_OUTLINES_TOP
100
AcDbPolyline
 90
        2
 70
         0
 43
0.03
 10
25.378866
 20
26.121142
 10
25.378856
 20
26.121142
  0
LWPOLYLINE
  5
590
100
AcDbEntity
  8
ASSEMBLY_OUTLINES_TOP
100
AcDbPolyline
 90
        2
 70
         0
 43
0.03
 10
25.442506
 20
26.057503
 10
25.442496
 20
26.057503
  0
LWPOLYLINE
  5
591
100
AcDbEntity
  8
ASSEMBLY_OUTLINES_TOP
100
AcDbPolyline
 90
        2
 70
         0
 43
0.03
 10
25.506146
 20
25.993863
 10
25.506136
 20
25.993863
  0
LWPOLYLINE
  5
592
100
AcDbEntity
  8
ASSEMBLY_OUTLINES_TOP
100
AcDbPolyline
 90
        2
 70
         0
 43
0.03
 10
25.569785
 20
25.930223
 10
25.569775
 20
25.930223
  0
LWPOLYLINE
  5
593
100
AcDbEntity
  8
ASSEMBLY_OUTLINES_TOP
100
AcDbPolyline
 90
        2
 70
         0
 43
0.03
 10
25.633425
 20
25.866584
 10
25.633415
 20
25.866584
  0
LWPOLYLINE
  5
594
100
AcDbEntity
  8
ASSEMBLY_OUTLINES_TOP
100
AcDbPolyline
 90
        2
 70
         0
 43
0.03
 10
25.697064
 20
25.802944
 10
25.697054
 20
25.802944
  0
LWPOLYLINE
  5
595
100
AcDbEntity
  8
ASSEMBLY_OUTLINES_TOP
100
AcDbPolyline
 90
        2
 70
         0
 43
0.03
 10
25.760704
 20
25.739305
 10
25.760694
 20
25.739305
  0
LWPOLYLINE
  5
596
100
AcDbEntity
  8
ASSEMBLY_OUTLINES_TOP
100
AcDbPolyline
 90
        2
 70
         0
 43
0.03
 10
25.824344
 20
25.675665
 10
25.824334
 20
25.675665
  0
LWPOLYLINE
  5
597
100
AcDbEntity
  8
ASSEMBLY_OUTLINES_TOP
100
AcDbPolyline
 90
        2
 70
         0
 43
0.03
 10
25.887983
 20
25.612025
 10
25.887973
 20
25.612025
  0
LWPOLYLINE
  5
598
100
AcDbEntity
  8
ASSEMBLY_OUTLINES_TOP
100
AcDbPolyline
 90
        2
 70
         0
 43
0.03
 10
25.951623
 20
25.548386
 10
25.951613
 20
25.548386
  0
LWPOLYLINE
  5
599
100
AcDbEntity
  8
ASSEMBLY_OUTLINES_TOP
100
AcDbPolyline
 90
        2
 70
         0
 43
0.03
 10
26.015263
 20
25.484746
 10
26.015253
 20
25.484746
  0
LWPOLYLINE
  5
59A
100
AcDbEntity
  8
ASSEMBLY_OUTLINES_TOP
100
AcDbPolyline
 90
        2
 70
         0
 43
0.03
 10
26.078902
 20
25.421107
 10
26.078892
 20
25.421107
  0
LWPOLYLINE
  5
59B
100
AcDbEntity
  8
ASSEMBLY_OUTLINES_TOP
100
AcDbPolyline
 90
        2
 70
         0
 43
0.03
 10
26.142542
 20
25.357467
 10
26.142532
 20
25.357467
  0
LWPOLYLINE
  5
59C
100
AcDbEntity
  8
ASSEMBLY_OUTLINES_TOP
100
AcDbPolyline
 90
        2
 70
         0
 43
0.03
 10
26.206181
 20
25.293827
 10
26.206171
 20
25.293827
  0
LWPOLYLINE
  5
59D
100
AcDbEntity
  8
ASSEMBLY_OUTLINES_TOP
100
AcDbPolyline
 90
        2
 70
         0
 43
0.03
 10
26.269821
 20
25.230188
 10
26.269811
 20
25.230188
  0
LWPOLYLINE
  5
59E
100
AcDbEntity
  8
ASSEMBLY_OUTLINES_TOP
100
AcDbPolyline
 90
        2
 70
         0
 43
0.03
 10
26.333461
 20
25.166548
 10
26.333451
 20
25.166548
  0
LWPOLYLINE
  5
59F
100
AcDbEntity
  8
ASSEMBLY_OUTLINES_TOP
100
AcDbPolyline
 90
        2
 70
         0
 43
0.03
 10
26.3971
 20
25.102909
 10
26.39709
 20
25.102909
  0
LWPOLYLINE
  5
5A0
100
AcDbEntity
  8
ASSEMBLY_OUTLINES_TOP
100
AcDbPolyline
 90
        2
 70
         0
 43
0.03
 10
26.46074
 20
25.039269
 10
26.46073
 20
25.039269
  0
LWPOLYLINE
  5
5A1
100
AcDbEntity
  8
ASSEMBLY_OUTLINES_TOP
100
AcDbPolyline
 90
        2
 70
         0
 43
0.03
 10
26.524379
 20
24.975629
 10
26.524369
 20
24.975629
  0
LWPOLYLINE
  5
5A2
100
AcDbEntity
  8
ASSEMBLY_OUTLINES_TOP
100
AcDbPolyline
 90
        2
 70
         0
 43
0.03
 10
26.588019
 20
24.91199
 10
26.588009
 20
24.91199
  0
LWPOLYLINE
  5
5A3
100
AcDbEntity
  8
ASSEMBLY_OUTLINES_TOP
100
AcDbPolyline
 90
        2
 70
         0
 43
0.03
 10
26.651659
 20
24.84835
 10
26.651649
 20
24.84835
  0
LWPOLYLINE
  5
5A4
100
AcDbEntity
  8
ASSEMBLY_OUTLINES_TOP
100
AcDbPolyline
 90
        2
 70
         0
 43
0.03
 10
26.715298
 20
24.784711
 10
26.715288
 20
24.784711
  0
LWPOLYLINE
  5
5A5
100
AcDbEntity
  8
ASSEMBLY_OUTLINES_TOP
100
AcDbPolyline
 90
        2
 70
         0
 43
0.03
 10
26.778938
 20
24.721071
 10
26.778928
 20
24.721071
  0
LWPOLYLINE
  5
5A6
100
AcDbEntity
  8
ASSEMBLY_OUTLINES_TOP
100
AcDbPolyline
 90
        2
 70
         0
 43
0.03
 10
26.842578
 20
24.657431
 10
26.842568
 20
24.657431
  0
LWPOLYLINE
  5
5A7
100
AcDbEntity
  8
ASSEMBLY_OUTLINES_TOP
100
AcDbPolyline
 90
        2
 70
         0
 43
0.03
 10
26.906217
 20
24.593792
 10
26.906207
 20
24.593792
  0
LWPOLYLINE
  5
5A8
100
AcDbEntity
  8
ASSEMBLY_OUTLINES_TOP
100
AcDbPolyline
 90
        2
 70
         0
 43
0.03
 10
26.969857
 20
24.530152
 10
26.969847
 20
24.530152
  0
LWPOLYLINE
  5
5A9
100
AcDbEntity
  8
ASSEMBLY_OUTLINES_TOP
100
AcDbPolyline
 90
        2
 70
         0
 43
0.03
 10
27.033496
 20
24.466512
 10
27.033486
 20
24.466512
  0
LWPOLYLINE
  5
5AA
100
AcDbEntity
  8
ASSEMBLY_OUTLINES_TOP
100
AcDbPolyline
 90
        2
 70
         0
 43
0.03
 10
27.097136
 20
24.402873
 10
27.097126
 20
24.402873
  0
LWPOLYLINE
  5
5AB
100
AcDbEntity
  8
ASSEMBLY_OUTLINES_TOP
100
AcDbPolyline
 90
        2
 70
         0
 43
0.03
 10
27.160776
 20
24.339233
 10
27.160766
 20
24.339233
  0
LWPOLYLINE
  5
5AC
100
AcDbEntity
  8
ASSEMBLY_OUTLINES_TOP
100
AcDbPolyline
 90
        2
 70
         0
 43
0.03
 10
27.224415
 20
24.275594
 10
27.224405
 20
24.275594
  0
LWPOLYLINE
  5
5AD
100
AcDbEntity
  8
ASSEMBLY_OUTLINES_TOP
100
AcDbPolyline
 90
        2
 70
         0
 43
0.03
 10
27.288055
 20
24.211954
 10
27.288045
 20
24.211954
  0
LWPOLYLINE
  5
5AE
100
AcDbEntity
  8
ASSEMBLY_OUTLINES_TOP
100
AcDbPolyline
 90
        2
 70
         0
 43
0.03
 10
27.351694
 20
24.148314
 10
27.351684
 20
24.148314
  0
LWPOLYLINE
  5
5AF
100
AcDbEntity
  8
ASSEMBLY_OUTLINES_TOP
100
AcDbPolyline
 90
        2
 70
         0
 43
0.03
 10
27.415334
 20
24.084675
 10
27.415324
 20
24.084675
  0
LWPOLYLINE
  5
5B0
100
AcDbEntity
  8
ASSEMBLY_OUTLINES_TOP
100
AcDbPolyline
 90
        2
 70
         0
 43
0.03
 10
27.478974
 20
24.021035
 10
27.478964
 20
24.021035
  0
LWPOLYLINE
  5
5B1
100
AcDbEntity
  8
ASSEMBLY_OUTLINES_TOP
100
AcDbPolyline
 90
        2
 70
         0
 43
0.03
 10
27.542613
 20
23.957396
 10
27.542603
 20
23.957396
  0
LWPOLYLINE
  5
5B2
100
AcDbEntity
  8
ASSEMBLY_OUTLINES_TOP
100
AcDbPolyline
 90
        2
 70
         0
 43
0.03
 10
27.606253
 20
23.893756
 10
27.606243
 20
23.893756
  0
LWPOLYLINE
  5
5B3
100
AcDbEntity
  8
ASSEMBLY_OUTLINES_TOP
100
AcDbPolyline
 90
        2
 70
         0
 43
0.03
 10
27.669893
 20
23.830116
 10
27.669883
 20
23.830116
  0
LWPOLYLINE
  5
5B4
100
AcDbEntity
  8
ASSEMBLY_OUTLINES_TOP
100
AcDbPolyline
 90
        2
 70
         0
 43
0.03
 10
27.733532
 20
23.766477
 10
27.733522
 20
23.766477
  0
LWPOLYLINE
  5
5B5
100
AcDbEntity
  8
ASSEMBLY_OUTLINES_TOP
100
AcDbPolyline
 90
        2
 70
         0
 43
0.03
 10
27.797172
 20
23.702837
 10
27.797162
 20
23.702837
  0
LWPOLYLINE
  5
5B6
100
AcDbEntity
  8
ASSEMBLY_OUTLINES_TOP
100
AcDbPolyline
 90
        2
 70
         0
 43
0.03
 10
27.860811
 20
23.639198
 10
27.860801
 20
23.639198
  0
LWPOLYLINE
  5
5B7
100
AcDbEntity
  8
ASSEMBLY_OUTLINES_TOP
100
AcDbPolyline
 90
        2
 70
         0
 43
0.03
 10
27.924451
 20
23.575558
 10
27.924441
 20
23.575558
  0
LWPOLYLINE
  5
5B8
100
AcDbEntity
  8
ASSEMBLY_OUTLINES_TOP
100
AcDbPolyline
 90
        2
 70
         0
 43
0.03
 10
27.988091
 20
23.511918
 10
27.988081
 20
23.511918
  0
LWPOLYLINE
  5
5B9
100
AcDbEntity
  8
ASSEMBLY_OUTLINES_TOP
100
AcDbPolyline
 90
        2
 70
         0
 43
0.03
 10
28.05173
 20
23.448279
 10
28.05172
 20
23.448279
  0
LWPOLYLINE
  5
5BA
100
AcDbEntity
  8
ASSEMBLY_OUTLINES_TOP
100
AcDbPolyline
 90
        2
 70
         0
 43
0.03
 10
28.11537
 20
23.384639
 10
28.11536
 20
23.384639
  0
LWPOLYLINE
  5
5BB
100
AcDbEntity
  8
ASSEMBLY_OUTLINES_TOP
100
AcDbPolyline
 90
        2
 70
         0
 43
0.03
 10
21.878688
 20
29.62132
 10
21.878678
 20
29.62132
  0
LWPOLYLINE
  5
5BC
100
AcDbEntity
  8
ASSEMBLY_OUTLINES_TOP
100
AcDbPolyline
 90
        2
 70
         0
 43
0.03
 10
21.878688
 20
29.62132
 10
21.878678
 20
29.62132
  0
LWPOLYLINE
  5
5BD
100
AcDbEntity
  8
ASSEMBLY_OUTLINES_TOP
100
AcDbPolyline
 90
        2
 70
         0
 43
0.03
 10
21.814103
 20
29.683995
 10
21.814093
 20
29.683995
  0
LWPOLYLINE
  5
5BE
100
AcDbEntity
  8
ASSEMBLY_OUTLINES_TOP
100
AcDbPolyline
 90
        2
 70
         0
 43
0.03
 10
21.814103
 20
29.683995
 10
21.814093
 20
29.683995
  0
LWPOLYLINE
  5
5BF
100
AcDbEntity
  8
ASSEMBLY_OUTLINES_TOP
100
AcDbPolyline
 90
        2
 70
         0
 43
0.03
 10
21.747668
 20
29.744705
 10
21.747658
 20
29.744705
  0
LWPOLYLINE
  5
5C0
100
AcDbEntity
  8
ASSEMBLY_OUTLINES_TOP
100
AcDbPolyline
 90
        2
 70
         0
 43
0.03
 10
21.747668
 20
29.744705
 10
21.747658
 20
29.744705
  0
LWPOLYLINE
  5
5C1
100
AcDbEntity
  8
ASSEMBLY_OUTLINES_TOP
100
AcDbPolyline
 90
        2
 70
         0
 43
0.03
 10
21.679441
 20
29.803395
 10
21.679431
 20
29.803395
  0
LWPOLYLINE
  5
5C2
100
AcDbEntity
  8
ASSEMBLY_OUTLINES_TOP
100
AcDbPolyline
 90
        2
 70
         0
 43
0.03
 10
21.679441
 20
29.803395
 10
21.679431
 20
29.803395
  0
LWPOLYLINE
  5
5C3
100
AcDbEntity
  8
ASSEMBLY_OUTLINES_TOP
100
AcDbPolyline
 90
        2
 70
         0
 43
0.03
 10
21.609485
 20
29.860013
 10
21.609475
 20
29.860013
  0
LWPOLYLINE
  5
5C4
100
AcDbEntity
  8
ASSEMBLY_OUTLINES_TOP
100
AcDbPolyline
 90
        2
 70
         0
 43
0.03
 10
21.609485
 20
29.860013
 10
21.609475
 20
29.860013
  0
LWPOLYLINE
  5
5C5
100
AcDbEntity
  8
ASSEMBLY_OUTLINES_TOP
100
AcDbPolyline
 90
        2
 70
         0
 43
0.03
 10
21.537862
 20
29.914506
 10
21.537852
 20
29.914506
  0
LWPOLYLINE
  5
5C6
100
AcDbEntity
  8
ASSEMBLY_OUTLINES_TOP
100
AcDbPolyline
 90
        2
 70
         0
 43
0.03
 10
21.537862
 20
29.914506
 10
21.537852
 20
29.914506
  0
LWPOLYLINE
  5
5C7
100
AcDbEntity
  8
ASSEMBLY_OUTLINES_TOP
100
AcDbPolyline
 90
        2
 70
         0
 43
0.03
 10
21.464636
 20
29.966826
 10
21.464626
 20
29.966826
  0
LWPOLYLINE
  5
5C8
100
AcDbEntity
  8
ASSEMBLY_OUTLINES_TOP
100
AcDbPolyline
 90
        2
 70
         0
 43
0.03
 10
21.464636
 20
29.966826
 10
21.464626
 20
29.966826
  0
LWPOLYLINE
  5
5C9
100
AcDbEntity
  8
ASSEMBLY_OUTLINES_TOP
100
AcDbPolyline
 90
        2
 70
         0
 43
0.03
 10
21.389874
 20
30.016927
 10
21.389864
 20
30.016927
  0
LWPOLYLINE
  5
5CA
100
AcDbEntity
  8
ASSEMBLY_OUTLINES_TOP
100
AcDbPolyline
 90
        2
 70
         0
 43
0.03
 10
21.389874
 20
30.016927
 10
21.389864
 20
30.016927
  0
LWPOLYLINE
  5
5CB
100
AcDbEntity
  8
ASSEMBLY_OUTLINES_TOP
100
AcDbPolyline
 90
        2
 70
         0
 43
0.03
 10
21.313643
 20
30.064762
 10
21.313633
 20
30.064762
  0
LWPOLYLINE
  5
5CC
100
AcDbEntity
  8
ASSEMBLY_OUTLINES_TOP
100
AcDbPolyline
 90
        2
 70
         0
 43
0.03
 10
21.313643
 20
30.064762
 10
21.313633
 20
30.064762
  0
LWPOLYLINE
  5
5CD
100
AcDbEntity
  8
ASSEMBLY_OUTLINES_TOP
100
AcDbPolyline
 90
        2
 70
         0
 43
0.03
 10
21.236011
 20
30.110289
 10
21.236001
 20
30.110289
  0
LWPOLYLINE
  5
5CE
100
AcDbEntity
  8
ASSEMBLY_OUTLINES_TOP
100
AcDbPolyline
 90
        2
 70
         0
 43
0.03
 10
21.236011
 20
30.110289
 10
21.236001
 20
30.110289
  0
LWPOLYLINE
  5
5CF
100
AcDbEntity
  8
ASSEMBLY_OUTLINES_TOP
100
AcDbPolyline
 90
        2
 70
         0
 43
0.03
 10
21.157049
 20
30.153467
 10
21.157039
 20
30.153467
  0
LWPOLYLINE
  5
5D0
100
AcDbEntity
  8
ASSEMBLY_OUTLINES_TOP
100
AcDbPolyline
 90
        2
 70
         0
 43
0.03
 10
21.157049
 20
30.153467
 10
21.157039
 20
30.153467
  0
LWPOLYLINE
  5
5D1
100
AcDbEntity
  8
ASSEMBLY_OUTLINES_TOP
100
AcDbPolyline
 90
        2
 70
         0
 43
0.03
 10
21.076827
 20
30.194257
 10
21.076817
 20
30.194257
  0
LWPOLYLINE
  5
5D2
100
AcDbEntity
  8
ASSEMBLY_OUTLINES_TOP
100
AcDbPolyline
 90
        2
 70
         0
 43
0.03
 10
21.076827
 20
30.194257
 10
21.076817
 20
30.194257
  0
LWPOLYLINE
  5
5D3
100
AcDbEntity
  8
ASSEMBLY_OUTLINES_TOP
100
AcDbPolyline
 90
        2
 70
         0
 43
0.03
 10
20.995418
 20
30.232623
 10
20.995408
 20
30.232623
  0
LWPOLYLINE
  5
5D4
100
AcDbEntity
  8
ASSEMBLY_OUTLINES_TOP
100
AcDbPolyline
 90
        2
 70
         0
 43
0.03
 10
20.995418
 20
30.232623
 10
20.995408
 20
30.232623
  0
LWPOLYLINE
  5
5D5
100
AcDbEntity
  8
ASSEMBLY_OUTLINES_TOP
100
AcDbPolyline
 90
        2
 70
         0
 43
0.03
 10
20.912894
 20
30.268529
 10
20.912884
 20
30.268529
  0
LWPOLYLINE
  5
5D6
100
AcDbEntity
  8
ASSEMBLY_OUTLINES_TOP
100
AcDbPolyline
 90
        2
 70
         0
 43
0.03
 10
20.912894
 20
30.268529
 10
20.912884
 20
30.268529
  0
LWPOLYLINE
  5
5D7
100
AcDbEntity
  8
ASSEMBLY_OUTLINES_TOP
100
AcDbPolyline
 90
        2
 70
         0
 43
0.03
 10
20.829331
 20
30.301944
 10
20.829321
 20
30.301944
  0
LWPOLYLINE
  5
5D8
100
AcDbEntity
  8
ASSEMBLY_OUTLINES_TOP
100
AcDbPolyline
 90
        2
 70
         0
 43
0.03
 10
20.829331
 20
30.301944
 10
20.829321
 20
30.301944
  0
LWPOLYLINE
  5
5D9
100
AcDbEntity
  8
ASSEMBLY_OUTLINES_TOP
100
AcDbPolyline
 90
        2
 70
         0
 43
0.03
 10
20.744803
 20
30.332837
 10
20.744793
 20
30.332837
  0
LWPOLYLINE
  5
5DA
100
AcDbEntity
  8
ASSEMBLY_OUTLINES_TOP
100
AcDbPolyline
 90
        2
 70
         0
 43
0.03
 10
20.744803
 20
30.332837
 10
20.744793
 20
30.332837
  0
LWPOLYLINE
  5
5DB
100
AcDbEntity
  8
ASSEMBLY_OUTLINES_TOP
100
AcDbPolyline
 90
        2
 70
         0
 43
0.03
 10
20.659386
 20
30.361181
 10
20.659376
 20
30.361181
  0
LWPOLYLINE
  5
5DC
100
AcDbEntity
  8
ASSEMBLY_OUTLINES_TOP
100
AcDbPolyline
 90
        2
 70
         0
 43
0.03
 10
20.659386
 20
30.361181
 10
20.659376
 20
30.361181
  0
LWPOLYLINE
  5
5DD
100
AcDbEntity
  8
ASSEMBLY_OUTLINES_TOP
100
AcDbPolyline
 90
        2
 70
         0
 43
0.03
 10
20.573158
 20
30.386951
 10
20.573148
 20
30.386951
  0
LWPOLYLINE
  5
5DE
100
AcDbEntity
  8
ASSEMBLY_OUTLINES_TOP
100
AcDbPolyline
 90
        2
 70
         0
 43
0.03
 10
20.573158
 20
30.386951
 10
20.573148
 20
30.386951
  0
LWPOLYLINE
  5
5DF
100
AcDbEntity
  8
ASSEMBLY_OUTLINES_TOP
100
AcDbPolyline
 90
        2
 70
         0
 43
0.03
 10
20.486195
 20
30.410122
 10
20.486185
 20
30.410122
  0
LWPOLYLINE
  5
5E0
100
AcDbEntity
  8
ASSEMBLY_OUTLINES_TOP
100
AcDbPolyline
 90
        2
 70
         0
 43
0.03
 10
20.486195
 20
30.410122
 10
20.486185
 20
30.410122
  0
LWPOLYLINE
  5
5E1
100
AcDbEntity
  8
ASSEMBLY_OUTLINES_TOP
100
AcDbPolyline
 90
        2
 70
         0
 43
0.03
 10
20.398577
 20
30.430674
 10
20.398567
 20
30.430674
  0
LWPOLYLINE
  5
5E2
100
AcDbEntity
  8
ASSEMBLY_OUTLINES_TOP
100
AcDbPolyline
 90
        2
 70
         0
 43
0.03
 10
20.398577
 20
30.430674
 10
20.398567
 20
30.430674
  0
LWPOLYLINE
  5
5E3
100
AcDbEntity
  8
ASSEMBLY_OUTLINES_TOP
100
AcDbPolyline
 90
        2
 70
         0
 43
0.03
 10
20.310381
 20
30.448588
 10
20.310371
 20
30.448588
  0
LWPOLYLINE
  5
5E4
100
AcDbEntity
  8
ASSEMBLY_OUTLINES_TOP
100
AcDbPolyline
 90
        2
 70
         0
 43
0.03
 10
20.310381
 20
30.448588
 10
20.310371
 20
30.448588
  0
LWPOLYLINE
  5
5E5
100
AcDbEntity
  8
ASSEMBLY_OUTLINES_TOP
100
AcDbPolyline
 90
        2
 70
         0
 43
0.03
 10
20.221688
 20
30.463849
 10
20.221678
 20
30.463849
  0
LWPOLYLINE
  5
5E6
100
AcDbEntity
  8
ASSEMBLY_OUTLINES_TOP
100
AcDbPolyline
 90
        2
 70
         0
 43
0.03
 10
20.221688
 20
30.463849
 10
20.221678
 20
30.463849
  0
LWPOLYLINE
  5
5E7
100
AcDbEntity
  8
ASSEMBLY_OUTLINES_TOP
100
AcDbPolyline
 90
        2
 70
         0
 43
0.03
 10
20.132577
 20
30.476443
 10
20.132567
 20
30.476443
  0
LWPOLYLINE
  5
5E8
100
AcDbEntity
  8
ASSEMBLY_OUTLINES_TOP
100
AcDbPolyline
 90
        2
 70
         0
 43
0.03
 10
20.132577
 20
30.476443
 10
20.132567
 20
30.476443
  0
LWPOLYLINE
  5
5E9
100
AcDbEntity
  8
ASSEMBLY_OUTLINES_TOP
100
AcDbPolyline
 90
        2
 70
         0
 43
0.03
 10
20.043128
 20
30.486359
 10
20.043118
 20
30.486359
  0
LWPOLYLINE
  5
5EA
100
AcDbEntity
  8
ASSEMBLY_OUTLINES_TOP
100
AcDbPolyline
 90
        2
 70
         0
 43
0.03
 10
20.043128
 20
30.486359
 10
20.043118
 20
30.486359
  0
LWPOLYLINE
  5
5EB
100
AcDbEntity
  8
ASSEMBLY_OUTLINES_TOP
100
AcDbPolyline
 90
        2
 70
         0
 43
0.03
 10
19.953422
 20
30.493586
 10
19.953412
 20
30.493586
  0
LWPOLYLINE
  5
5EC
100
AcDbEntity
  8
ASSEMBLY_OUTLINES_TOP
100
AcDbPolyline
 90
        2
 70
         0
 43
0.03
 10
19.953422
 20
30.493586
 10
19.953412
 20
30.493586
  0
LWPOLYLINE
  5
5ED
100
AcDbEntity
  8
ASSEMBLY_OUTLINES_TOP
100
AcDbPolyline
 90
        2
 70
         0
 43
0.03
 10
19.86354
 20
30.49812
 10
19.86353
 20
30.49812
  0
LWPOLYLINE
  5
5EE
100
AcDbEntity
  8
ASSEMBLY_OUTLINES_TOP
100
AcDbPolyline
 90
        2
 70
         0
 43
0.03
 10
19.86354
 20
30.49812
 10
19.86353
 20
30.49812
  0
LWPOLYLINE
  5
5EF
100
AcDbEntity
  8
ASSEMBLY_OUTLINES_TOP
100
AcDbPolyline
 90
        2
 70
         0
 43
0.03
 10
19.773562
 20
30.499956
 10
19.773552
 20
30.499956
  0
LWPOLYLINE
  5
5F0
100
AcDbEntity
  8
ASSEMBLY_OUTLINES_TOP
100
AcDbPolyline
 90
        2
 70
         0
 43
0.03
 10
19.773562
 20
30.499956
 10
19.773552
 20
30.499956
  0
LWPOLYLINE
  5
5F1
100
AcDbEntity
  8
ASSEMBLY_OUTLINES_TOP
100
AcDbPolyline
 90
        2
 70
         0
 43
0.03
 10
-19.75735
 20
30.5
 10
-19.75736
 20
30.5
  0
LWPOLYLINE
  5
5F2
100
AcDbEntity
  8
ASSEMBLY_OUTLINES_TOP
100
AcDbPolyline
 90
        2
 70
         0
 43
0.03
 10
-19.66735
 20
30.5
 10
-19.66736
 20
30.5
  0
LWPOLYLINE
  5
5F3
100
AcDbEntity
  8
ASSEMBLY_OUTLINES_TOP
100
AcDbPolyline
 90
        2
 70
         0
 43
0.03
 10
-19.57735
 20
30.5
 10
-19.57736
 20
30.5
  0
LWPOLYLINE
  5
5F4
100
AcDbEntity
  8
ASSEMBLY_OUTLINES_TOP
100
AcDbPolyline
 90
        2
 70
         0
 43
0.03
 10
-19.48735
 20
30.5
 10
-19.48736
 20
30.5
  0
LWPOLYLINE
  5
5F5
100
AcDbEntity
  8
ASSEMBLY_OUTLINES_TOP
100
AcDbPolyline
 90
        2
 70
         0
 43
0.03
 10
-19.39735
 20
30.5
 10
-19.39736
 20
30.5
  0
LWPOLYLINE
  5
5F6
100
AcDbEntity
  8
ASSEMBLY_OUTLINES_TOP
100
AcDbPolyline
 90
        2
 70
         0
 43
0.03
 10
-19.30735
 20
30.5
 10
-19.30736
 20
30.5
  0
LWPOLYLINE
  5
5F7
100
AcDbEntity
  8
ASSEMBLY_OUTLINES_TOP
100
AcDbPolyline
 90
        2
 70
         0
 43
0.03
 10
-19.21735
 20
30.5
 10
-19.21736
 20
30.5
  0
LWPOLYLINE
  5
5F8
100
AcDbEntity
  8
ASSEMBLY_OUTLINES_TOP
100
AcDbPolyline
 90
        2
 70
         0
 43
0.03
 10
-19.12735
 20
30.5
 10
-19.12736
 20
30.5
  0
LWPOLYLINE
  5
5F9
100
AcDbEntity
  8
ASSEMBLY_OUTLINES_TOP
100
AcDbPolyline
 90
        2
 70
         0
 43
0.03
 10
-19.03735
 20
30.5
 10
-19.03736
 20
30.5
  0
LWPOLYLINE
  5
5FA
100
AcDbEntity
  8
ASSEMBLY_OUTLINES_TOP
100
AcDbPolyline
 90
        2
 70
         0
 43
0.03
 10
-18.94735
 20
30.5
 10
-18.94736
 20
30.5
  0
LWPOLYLINE
  5
5FB
100
AcDbEntity
  8
ASSEMBLY_OUTLINES_TOP
100
AcDbPolyline
 90
        2
 70
         0
 43
0.03
 10
-18.85735
 20
30.5
 10
-18.85736
 20
30.5
  0
LWPOLYLINE
  5
5FC
100
AcDbEntity
  8
ASSEMBLY_OUTLINES_TOP
100
AcDbPolyline
 90
        2
 70
         0
 43
0.03
 10
-18.76735
 20
30.5
 10
-18.76736
 20
30.5
  0
LWPOLYLINE
  5
5FD
100
AcDbEntity
  8
ASSEMBLY_OUTLINES_TOP
100
AcDbPolyline
 90
        2
 70
         0
 43
0.03
 10
-18.67735
 20
30.5
 10
-18.67736
 20
30.5
  0
LWPOLYLINE
  5
5FE
100
AcDbEntity
  8
ASSEMBLY_OUTLINES_TOP
100
AcDbPolyline
 90
        2
 70
         0
 43
0.03
 10
-18.58735
 20
30.5
 10
-18.58736
 20
30.5
  0
LWPOLYLINE
  5
5FF
100
AcDbEntity
  8
ASSEMBLY_OUTLINES_TOP
100
AcDbPolyline
 90
        2
 70
         0
 43
0.03
 10
-18.49735
 20
30.5
 10
-18.49736
 20
30.5
  0
LWPOLYLINE
  5
600
100
AcDbEntity
  8
ASSEMBLY_OUTLINES_TOP
100
AcDbPolyline
 90
        2
 70
         0
 43
0.03
 10
-18.40735
 20
30.5
 10
-18.40736
 20
30.5
  0
LWPOLYLINE
  5
601
100
AcDbEntity
  8
ASSEMBLY_OUTLINES_TOP
100
AcDbPolyline
 90
        2
 70
         0
 43
0.03
 10
-18.31735
 20
30.5
 10
-18.31736
 20
30.5
  0
LWPOLYLINE
  5
602
100
AcDbEntity
  8
ASSEMBLY_OUTLINES_TOP
100
AcDbPolyline
 90
        2
 70
         0
 43
0.03
 10
-18.22735
 20
30.5
 10
-18.22736
 20
30.5
  0
LWPOLYLINE
  5
603
100
AcDbEntity
  8
ASSEMBLY_OUTLINES_TOP
100
AcDbPolyline
 90
        2
 70
         0
 43
0.03
 10
-18.13735
 20
30.5
 10
-18.13736
 20
30.5
  0
LWPOLYLINE
  5
604
100
AcDbEntity
  8
ASSEMBLY_OUTLINES_TOP
100
AcDbPolyline
 90
        2
 70
         0
 43
0.03
 10
-18.04735
 20
30.5
 10
-18.04736
 20
30.5
  0
LWPOLYLINE
  5
605
100
AcDbEntity
  8
ASSEMBLY_OUTLINES_TOP
100
AcDbPolyline
 90
        2
 70
         0
 43
0.03
 10
-17.95735
 20
30.5
 10
-17.95736
 20
30.5
  0
LWPOLYLINE
  5
606
100
AcDbEntity
  8
ASSEMBLY_OUTLINES_TOP
100
AcDbPolyline
 90
        2
 70
         0
 43
0.03
 10
-17.86735
 20
30.5
 10
-17.86736
 20
30.5
  0
LWPOLYLINE
  5
607
100
AcDbEntity
  8
ASSEMBLY_OUTLINES_TOP
100
AcDbPolyline
 90
        2
 70
         0
 43
0.03
 10
-17.77735
 20
30.5
 10
-17.77736
 20
30.5
  0
LWPOLYLINE
  5
608
100
AcDbEntity
  8
ASSEMBLY_OUTLINES_TOP
100
AcDbPolyline
 90
        2
 70
         0
 43
0.03
 10
-17.68735
 20
30.5
 10
-17.68736
 20
30.5
  0
LWPOLYLINE
  5
609
100
AcDbEntity
  8
ASSEMBLY_OUTLINES_TOP
100
AcDbPolyline
 90
        2
 70
         0
 43
0.03
 10
-17.59735
 20
30.5
 10
-17.59736
 20
30.5
  0
LWPOLYLINE
  5
60A
100
AcDbEntity
  8
ASSEMBLY_OUTLINES_TOP
100
AcDbPolyline
 90
        2
 70
         0
 43
0.03
 10
-17.50735
 20
30.5
 10
-17.50736
 20
30.5
  0
LWPOLYLINE
  5
60B
100
AcDbEntity
  8
ASSEMBLY_OUTLINES_TOP
100
AcDbPolyline
 90
        2
 70
         0
 43
0.03
 10
-17.41735
 20
30.5
 10
-17.41736
 20
30.5
  0
LWPOLYLINE
  5
60C
100
AcDbEntity
  8
ASSEMBLY_OUTLINES_TOP
100
AcDbPolyline
 90
        2
 70
         0
 43
0.03
 10
-17.32735
 20
30.5
 10
-17.32736
 20
30.5
  0
LWPOLYLINE
  5
60D
100
AcDbEntity
  8
ASSEMBLY_OUTLINES_TOP
100
AcDbPolyline
 90
        2
 70
         0
 43
0.03
 10
-17.23735
 20
30.5
 10
-17.23736
 20
30.5
  0
LWPOLYLINE
  5
60E
100
AcDbEntity
  8
ASSEMBLY_OUTLINES_TOP
100
AcDbPolyline
 90
        2
 70
         0
 43
0.03
 10
-17.14735
 20
30.5
 10
-17.14736
 20
30.5
  0
LWPOLYLINE
  5
60F
100
AcDbEntity
  8
ASSEMBLY_OUTLINES_TOP
100
AcDbPolyline
 90
        2
 70
         0
 43
0.03
 10
-17.05735
 20
30.5
 10
-17.05736
 20
30.5
  0
LWPOLYLINE
  5
610
100
AcDbEntity
  8
ASSEMBLY_OUTLINES_TOP
100
AcDbPolyline
 90
        2
 70
         0
 43
0.03
 10
-16.96735
 20
30.5
 10
-16.96736
 20
30.5
  0
LWPOLYLINE
  5
611
100
AcDbEntity
  8
ASSEMBLY_OUTLINES_TOP
100
AcDbPolyline
 90
        2
 70
         0
 43
0.03
 10
-16.87735
 20
30.5
 10
-16.87736
 20
30.5
  0
LWPOLYLINE
  5
612
100
AcDbEntity
  8
ASSEMBLY_OUTLINES_TOP
100
AcDbPolyline
 90
        2
 70
         0
 43
0.03
 10
-16.78735
 20
30.5
 10
-16.78736
 20
30.5
  0
LWPOLYLINE
  5
613
100
AcDbEntity
  8
ASSEMBLY_OUTLINES_TOP
100
AcDbPolyline
 90
        2
 70
         0
 43
0.03
 10
-16.69735
 20
30.5
 10
-16.69736
 20
30.5
  0
LWPOLYLINE
  5
614
100
AcDbEntity
  8
ASSEMBLY_OUTLINES_TOP
100
AcDbPolyline
 90
        2
 70
         0
 43
0.03
 10
-16.60735
 20
30.5
 10
-16.60736
 20
30.5
  0
LWPOLYLINE
  5
615
100
AcDbEntity
  8
ASSEMBLY_OUTLINES_TOP
100
AcDbPolyline
 90
        2
 70
         0
 43
0.03
 10
-16.51735
 20
30.5
 10
-16.51736
 20
30.5
  0
LWPOLYLINE
  5
616
100
AcDbEntity
  8
ASSEMBLY_OUTLINES_TOP
100
AcDbPolyline
 90
        2
 70
         0
 43
0.03
 10
-16.42735
 20
30.5
 10
-16.42736
 20
30.5
  0
LWPOLYLINE
  5
617
100
AcDbEntity
  8
ASSEMBLY_OUTLINES_TOP
100
AcDbPolyline
 90
        2
 70
         0
 43
0.03
 10
-16.33735
 20
30.5
 10
-16.33736
 20
30.5
  0
LWPOLYLINE
  5
618
100
AcDbEntity
  8
ASSEMBLY_OUTLINES_TOP
100
AcDbPolyline
 90
        2
 70
         0
 43
0.03
 10
-16.24735
 20
30.5
 10
-16.24736
 20
30.5
  0
LWPOLYLINE
  5
619
100
AcDbEntity
  8
ASSEMBLY_OUTLINES_TOP
100
AcDbPolyline
 90
        2
 70
         0
 43
0.03
 10
-16.15735
 20
30.5
 10
-16.15736
 20
30.5
  0
LWPOLYLINE
  5
61A
100
AcDbEntity
  8
ASSEMBLY_OUTLINES_TOP
100
AcDbPolyline
 90
        2
 70
         0
 43
0.03
 10
-16.06735
 20
30.5
 10
-16.06736
 20
30.5
  0
LWPOLYLINE
  5
61B
100
AcDbEntity
  8
ASSEMBLY_OUTLINES_TOP
100
AcDbPolyline
 90
        2
 70
         0
 43
0.03
 10
-15.97735
 20
30.5
 10
-15.97736
 20
30.5
  0
LWPOLYLINE
  5
61C
100
AcDbEntity
  8
ASSEMBLY_OUTLINES_TOP
100
AcDbPolyline
 90
        2
 70
         0
 43
0.03
 10
-15.88735
 20
30.5
 10
-15.88736
 20
30.5
  0
LWPOLYLINE
  5
61D
100
AcDbEntity
  8
ASSEMBLY_OUTLINES_TOP
100
AcDbPolyline
 90
        2
 70
         0
 43
0.03
 10
-15.79735
 20
30.5
 10
-15.79736
 20
30.5
  0
LWPOLYLINE
  5
61E
100
AcDbEntity
  8
ASSEMBLY_OUTLINES_TOP
100
AcDbPolyline
 90
        2
 70
         0
 43
0.03
 10
-15.70735
 20
30.5
 10
-15.70736
 20
30.5
  0
LWPOLYLINE
  5
61F
100
AcDbEntity
  8
ASSEMBLY_OUTLINES_TOP
100
AcDbPolyline
 90
        2
 70
         0
 43
0.03
 10
-15.61735
 20
30.5
 10
-15.61736
 20
30.5
  0
LWPOLYLINE
  5
620
100
AcDbEntity
  8
ASSEMBLY_OUTLINES_TOP
100
AcDbPolyline
 90
        2
 70
         0
 43
0.03
 10
-15.52735
 20
30.5
 10
-15.52736
 20
30.5
  0
LWPOLYLINE
  5
621
100
AcDbEntity
  8
ASSEMBLY_OUTLINES_TOP
100
AcDbPolyline
 90
        2
 70
         0
 43
0.03
 10
-15.43735
 20
30.5
 10
-15.43736
 20
30.5
  0
LWPOLYLINE
  5
622
100
AcDbEntity
  8
ASSEMBLY_OUTLINES_TOP
100
AcDbPolyline
 90
        2
 70
         0
 43
0.03
 10
-15.34735
 20
30.5
 10
-15.34736
 20
30.5
  0
LWPOLYLINE
  5
623
100
AcDbEntity
  8
ASSEMBLY_OUTLINES_TOP
100
AcDbPolyline
 90
        2
 70
         0
 43
0.03
 10
-15.25735
 20
30.5
 10
-15.25736
 20
30.5
  0
LWPOLYLINE
  5
624
100
AcDbEntity
  8
ASSEMBLY_OUTLINES_TOP
100
AcDbPolyline
 90
        2
 70
         0
 43
0.03
 10
-15.16735
 20
30.5
 10
-15.16736
 20
30.5
  0
LWPOLYLINE
  5
625
100
AcDbEntity
  8
ASSEMBLY_OUTLINES_TOP
100
AcDbPolyline
 90
        2
 70
         0
 43
0.03
 10
-15.07735
 20
30.5
 10
-15.07736
 20
30.5
  0
LWPOLYLINE
  5
626
100
AcDbEntity
  8
ASSEMBLY_OUTLINES_TOP
100
AcDbPolyline
 90
        2
 70
         0
 43
0.03
 10
-14.98735
 20
30.5
 10
-14.98736
 20
30.5
  0
LWPOLYLINE
  5
627
100
AcDbEntity
  8
ASSEMBLY_OUTLINES_TOP
100
AcDbPolyline
 90
        2
 70
         0
 43
0.03
 10
-14.89735
 20
30.5
 10
-14.89736
 20
30.5
  0
LWPOLYLINE
  5
628
100
AcDbEntity
  8
ASSEMBLY_OUTLINES_TOP
100
AcDbPolyline
 90
        2
 70
         0
 43
0.03
 10
-14.80735
 20
30.5
 10
-14.80736
 20
30.5
  0
LWPOLYLINE
  5
629
100
AcDbEntity
  8
ASSEMBLY_OUTLINES_TOP
100
AcDbPolyline
 90
        2
 70
         0
 43
0.03
 10
-14.71735
 20
30.5
 10
-14.71736
 20
30.5
  0
LWPOLYLINE
  5
62A
100
AcDbEntity
  8
ASSEMBLY_OUTLINES_TOP
100
AcDbPolyline
 90
        2
 70
         0
 43
0.03
 10
-14.62735
 20
30.5
 10
-14.62736
 20
30.5
  0
LWPOLYLINE
  5
62B
100
AcDbEntity
  8
ASSEMBLY_OUTLINES_TOP
100
AcDbPolyline
 90
        2
 70
         0
 43
0.03
 10
-14.53735
 20
30.5
 10
-14.53736
 20
30.5
  0
LWPOLYLINE
  5
62C
100
AcDbEntity
  8
ASSEMBLY_OUTLINES_TOP
100
AcDbPolyline
 90
        2
 70
         0
 43
0.03
 10
-14.44735
 20
30.5
 10
-14.44736
 20
30.5
  0
LWPOLYLINE
  5
62D
100
AcDbEntity
  8
ASSEMBLY_OUTLINES_TOP
100
AcDbPolyline
 90
        2
 70
         0
 43
0.03
 10
-14.35735
 20
30.5
 10
-14.35736
 20
30.5
  0
LWPOLYLINE
  5
62E
100
AcDbEntity
  8
ASSEMBLY_OUTLINES_TOP
100
AcDbPolyline
 90
        2
 70
         0
 43
0.03
 10
-14.26735
 20
30.5
 10
-14.26736
 20
30.5
  0
LWPOLYLINE
  5
62F
100
AcDbEntity
  8
ASSEMBLY_OUTLINES_TOP
100
AcDbPolyline
 90
        2
 70
         0
 43
0.03
 10
-14.17735
 20
30.5
 10
-14.17736
 20
30.5
  0
LWPOLYLINE
  5
630
100
AcDbEntity
  8
ASSEMBLY_OUTLINES_TOP
100
AcDbPolyline
 90
        2
 70
         0
 43
0.03
 10
-14.08735
 20
30.5
 10
-14.08736
 20
30.5
  0
LWPOLYLINE
  5
631
100
AcDbEntity
  8
ASSEMBLY_OUTLINES_TOP
100
AcDbPolyline
 90
        2
 70
         0
 43
0.03
 10
-13.99735
 20
30.5
 10
-13.99736
 20
30.5
  0
LWPOLYLINE
  5
632
100
AcDbEntity
  8
ASSEMBLY_OUTLINES_TOP
100
AcDbPolyline
 90
        2
 70
         0
 43
0.03
 10
-13.90735
 20
30.5
 10
-13.90736
 20
30.5
  0
LWPOLYLINE
  5
633
100
AcDbEntity
  8
ASSEMBLY_OUTLINES_TOP
100
AcDbPolyline
 90
        2
 70
         0
 43
0.03
 10
-13.81735
 20
30.5
 10
-13.81736
 20
30.5
  0
LWPOLYLINE
  5
634
100
AcDbEntity
  8
ASSEMBLY_OUTLINES_TOP
100
AcDbPolyline
 90
        2
 70
         0
 43
0.03
 10
-13.72735
 20
30.5
 10
-13.72736
 20
30.5
  0
LWPOLYLINE
  5
635
100
AcDbEntity
  8
ASSEMBLY_OUTLINES_TOP
100
AcDbPolyline
 90
        2
 70
         0
 43
0.03
 10
-13.63735
 20
30.5
 10
-13.63736
 20
30.5
  0
LWPOLYLINE
  5
636
100
AcDbEntity
  8
ASSEMBLY_OUTLINES_TOP
100
AcDbPolyline
 90
        2
 70
         0
 43
0.03
 10
-13.54735
 20
30.5
 10
-13.54736
 20
30.5
  0
LWPOLYLINE
  5
637
100
AcDbEntity
  8
ASSEMBLY_OUTLINES_TOP
100
AcDbPolyline
 90
        2
 70
         0
 43
0.03
 10
-13.45735
 20
30.5
 10
-13.45736
 20
30.5
  0
LWPOLYLINE
  5
638
100
AcDbEntity
  8
ASSEMBLY_OUTLINES_TOP
100
AcDbPolyline
 90
        2
 70
         0
 43
0.03
 10
-13.36735
 20
30.5
 10
-13.36736
 20
30.5
  0
LWPOLYLINE
  5
639
100
AcDbEntity
  8
ASSEMBLY_OUTLINES_TOP
100
AcDbPolyline
 90
        2
 70
         0
 43
0.03
 10
-13.27735
 20
30.5
 10
-13.27736
 20
30.5
  0
LWPOLYLINE
  5
63A
100
AcDbEntity
  8
ASSEMBLY_OUTLINES_TOP
100
AcDbPolyline
 90
        2
 70
         0
 43
0.03
 10
-13.18735
 20
30.5
 10
-13.18736
 20
30.5
  0
LWPOLYLINE
  5
63B
100
AcDbEntity
  8
ASSEMBLY_OUTLINES_TOP
100
AcDbPolyline
 90
        2
 70
         0
 43
0.03
 10
-13.09735
 20
30.5
 10
-13.09736
 20
30.5
  0
LWPOLYLINE
  5
63C
100
AcDbEntity
  8
ASSEMBLY_OUTLINES_TOP
100
AcDbPolyline
 90
        2
 70
         0
 43
0.03
 10
-13.00735
 20
30.5
 10
-13.00736
 20
30.5
  0
LWPOLYLINE
  5
63D
100
AcDbEntity
  8
ASSEMBLY_OUTLINES_TOP
100
AcDbPolyline
 90
        2
 70
         0
 43
0.03
 10
-12.91735
 20
30.5
 10
-12.91736
 20
30.5
  0
LWPOLYLINE
  5
63E
100
AcDbEntity
  8
ASSEMBLY_OUTLINES_TOP
100
AcDbPolyline
 90
        2
 70
         0
 43
0.03
 10
-12.82735
 20
30.5
 10
-12.82736
 20
30.5
  0
LWPOLYLINE
  5
63F
100
AcDbEntity
  8
ASSEMBLY_OUTLINES_TOP
100
AcDbPolyline
 90
        2
 70
         0
 43
0.03
 10
-12.73735
 20
30.5
 10
-12.73736
 20
30.5
  0
LWPOLYLINE
  5
640
100
AcDbEntity
  8
ASSEMBLY_OUTLINES_TOP
100
AcDbPolyline
 90
        2
 70
         0
 43
0.03
 10
-12.64735
 20
30.5
 10
-12.64736
 20
30.5
  0
LWPOLYLINE
  5
641
100
AcDbEntity
  8
ASSEMBLY_OUTLINES_TOP
100
AcDbPolyline
 90
        2
 70
         0
 43
0.03
 10
-12.55735
 20
30.5
 10
-12.55736
 20
30.5
  0
LWPOLYLINE
  5
642
100
AcDbEntity
  8
ASSEMBLY_OUTLINES_TOP
100
AcDbPolyline
 90
        2
 70
         0
 43
0.03
 10
-12.46735
 20
30.5
 10
-12.46736
 20
30.5
  0
LWPOLYLINE
  5
643
100
AcDbEntity
  8
ASSEMBLY_OUTLINES_TOP
100
AcDbPolyline
 90
        2
 70
         0
 43
0.03
 10
-12.37735
 20
30.5
 10
-12.37736
 20
30.5
  0
LWPOLYLINE
  5
644
100
AcDbEntity
  8
ASSEMBLY_OUTLINES_TOP
100
AcDbPolyline
 90
        2
 70
         0
 43
0.03
 10
-12.28735
 20
30.5
 10
-12.28736
 20
30.5
  0
LWPOLYLINE
  5
645
100
AcDbEntity
  8
ASSEMBLY_OUTLINES_TOP
100
AcDbPolyline
 90
        2
 70
         0
 43
0.03
 10
-12.19735
 20
30.5
 10
-12.19736
 20
30.5
  0
LWPOLYLINE
  5
646
100
AcDbEntity
  8
ASSEMBLY_OUTLINES_TOP
100
AcDbPolyline
 90
        2
 70
         0
 43
0.03
 10
-12.10735
 20
30.5
 10
-12.10736
 20
30.5
  0
LWPOLYLINE
  5
647
100
AcDbEntity
  8
ASSEMBLY_OUTLINES_TOP
100
AcDbPolyline
 90
        2
 70
         0
 43
0.03
 10
-12.01735
 20
30.5
 10
-12.01736
 20
30.5
  0
LWPOLYLINE
  5
648
100
AcDbEntity
  8
ASSEMBLY_OUTLINES_TOP
100
AcDbPolyline
 90
        2
 70
         0
 43
0.03
 10
-11.92735
 20
30.5
 10
-11.92736
 20
30.5
  0
LWPOLYLINE
  5
649
100
AcDbEntity
  8
ASSEMBLY_OUTLINES_TOP
100
AcDbPolyline
 90
        2
 70
         0
 43
0.03
 10
-11.83735
 20
30.5
 10
-11.83736
 20
30.5
  0
LWPOLYLINE
  5
64A
100
AcDbEntity
  8
ASSEMBLY_OUTLINES_TOP
100
AcDbPolyline
 90
        2
 70
         0
 43
0.03
 10
-11.74735
 20
30.5
 10
-11.74736
 20
30.5
  0
LWPOLYLINE
  5
64B
100
AcDbEntity
  8
ASSEMBLY_OUTLINES_TOP
100
AcDbPolyline
 90
        2
 70
         0
 43
0.03
 10
-11.65735
 20
30.5
 10
-11.65736
 20
30.5
  0
LWPOLYLINE
  5
64C
100
AcDbEntity
  8
ASSEMBLY_OUTLINES_TOP
100
AcDbPolyline
 90
        2
 70
         0
 43
0.03
 10
-11.56735
 20
30.5
 10
-11.56736
 20
30.5
  0
LWPOLYLINE
  5
64D
100
AcDbEntity
  8
ASSEMBLY_OUTLINES_TOP
100
AcDbPolyline
 90
        2
 70
         0
 43
0.03
 10
-11.47735
 20
30.5
 10
-11.47736
 20
30.5
  0
LWPOLYLINE
  5
64E
100
AcDbEntity
  8
ASSEMBLY_OUTLINES_TOP
100
AcDbPolyline
 90
        2
 70
         0
 43
0.03
 10
-11.38735
 20
30.5
 10
-11.38736
 20
30.5
  0
LWPOLYLINE
  5
64F
100
AcDbEntity
  8
ASSEMBLY_OUTLINES_TOP
100
AcDbPolyline
 90
        2
 70
         0
 43
0.03
 10
-11.29735
 20
30.5
 10
-11.29736
 20
30.5
  0
LWPOLYLINE
  5
650
100
AcDbEntity
  8
ASSEMBLY_OUTLINES_TOP
100
AcDbPolyline
 90
        2
 70
         0
 43
0.03
 10
-11.20735
 20
30.5
 10
-11.20736
 20
30.5
  0
LWPOLYLINE
  5
651
100
AcDbEntity
  8
ASSEMBLY_OUTLINES_TOP
100
AcDbPolyline
 90
        2
 70
         0
 43
0.03
 10
-11.11735
 20
30.5
 10
-11.11736
 20
30.5
  0
LWPOLYLINE
  5
652
100
AcDbEntity
  8
ASSEMBLY_OUTLINES_TOP
100
AcDbPolyline
 90
        2
 70
         0
 43
0.03
 10
-11.02735
 20
30.5
 10
-11.02736
 20
30.5
  0
LWPOLYLINE
  5
653
100
AcDbEntity
  8
ASSEMBLY_OUTLINES_TOP
100
AcDbPolyline
 90
        2
 70
         0
 43
0.03
 10
-10.93735
 20
30.5
 10
-10.93736
 20
30.5
  0
LWPOLYLINE
  5
654
100
AcDbEntity
  8
ASSEMBLY_OUTLINES_TOP
100
AcDbPolyline
 90
        2
 70
         0
 43
0.03
 10
-10.84735
 20
30.5
 10
-10.84736
 20
30.5
  0
LWPOLYLINE
  5
655
100
AcDbEntity
  8
ASSEMBLY_OUTLINES_TOP
100
AcDbPolyline
 90
        2
 70
         0
 43
0.03
 10
-10.75735
 20
30.5
 10
-10.75736
 20
30.5
  0
LWPOLYLINE
  5
656
100
AcDbEntity
  8
ASSEMBLY_OUTLINES_TOP
100
AcDbPolyline
 90
        2
 70
         0
 43
0.03
 10
-10.66735
 20
30.5
 10
-10.66736
 20
30.5
  0
LWPOLYLINE
  5
657
100
AcDbEntity
  8
ASSEMBLY_OUTLINES_TOP
100
AcDbPolyline
 90
        2
 70
         0
 43
0.03
 10
-10.57735
 20
30.5
 10
-10.57736
 20
30.5
  0
LWPOLYLINE
  5
658
100
AcDbEntity
  8
ASSEMBLY_OUTLINES_TOP
100
AcDbPolyline
 90
        2
 70
         0
 43
0.03
 10
-10.48735
 20
30.5
 10
-10.48736
 20
30.5
  0
LWPOLYLINE
  5
659
100
AcDbEntity
  8
ASSEMBLY_OUTLINES_TOP
100
AcDbPolyline
 90
        2
 70
         0
 43
0.03
 10
-10.39735
 20
30.5
 10
-10.39736
 20
30.5
  0
LWPOLYLINE
  5
65A
100
AcDbEntity
  8
ASSEMBLY_OUTLINES_TOP
100
AcDbPolyline
 90
        2
 70
         0
 43
0.03
 10
-10.30735
 20
30.5
 10
-10.30736
 20
30.5
  0
LWPOLYLINE
  5
65B
100
AcDbEntity
  8
ASSEMBLY_OUTLINES_TOP
100
AcDbPolyline
 90
        2
 70
         0
 43
0.03
 10
-10.21735
 20
30.5
 10
-10.21736
 20
30.5
  0
LWPOLYLINE
  5
65C
100
AcDbEntity
  8
ASSEMBLY_OUTLINES_TOP
100
AcDbPolyline
 90
        2
 70
         0
 43
0.03
 10
-10.12735
 20
30.5
 10
-10.12736
 20
30.5
  0
LWPOLYLINE
  5
65D
100
AcDbEntity
  8
ASSEMBLY_OUTLINES_TOP
100
AcDbPolyline
 90
        2
 70
         0
 43
0.03
 10
-10.03735
 20
30.5
 10
-10.03736
 20
30.5
  0
LWPOLYLINE
  5
65E
100
AcDbEntity
  8
ASSEMBLY_OUTLINES_TOP
100
AcDbPolyline
 90
        2
 70
         0
 43
0.03
 10
-9.94735
 20
30.5
 10
-9.94736
 20
30.5
  0
LWPOLYLINE
  5
65F
100
AcDbEntity
  8
ASSEMBLY_OUTLINES_TOP
100
AcDbPolyline
 90
        2
 70
         0
 43
0.03
 10
-9.85735
 20
30.5
 10
-9.85736
 20
30.5
  0
LWPOLYLINE
  5
660
100
AcDbEntity
  8
ASSEMBLY_OUTLINES_TOP
100
AcDbPolyline
 90
        2
 70
         0
 43
0.03
 10
-9.76735
 20
30.5
 10
-9.76736
 20
30.5
  0
LWPOLYLINE
  5
661
100
AcDbEntity
  8
ASSEMBLY_OUTLINES_TOP
100
AcDbPolyline
 90
        2
 70
         0
 43
0.03
 10
-9.67735
 20
30.5
 10
-9.67736
 20
30.5
  0
LWPOLYLINE
  5
662
100
AcDbEntity
  8
ASSEMBLY_OUTLINES_TOP
100
AcDbPolyline
 90
        2
 70
         0
 43
0.03
 10
-9.58735
 20
30.5
 10
-9.58736
 20
30.5
  0
LWPOLYLINE
  5
663
100
AcDbEntity
  8
ASSEMBLY_OUTLINES_TOP
100
AcDbPolyline
 90
        2
 70
         0
 43
0.03
 10
-9.49735
 20
30.5
 10
-9.49736
 20
30.5
  0
LWPOLYLINE
  5
664
100
AcDbEntity
  8
ASSEMBLY_OUTLINES_TOP
100
AcDbPolyline
 90
        2
 70
         0
 43
0.03
 10
-9.40735
 20
30.5
 10
-9.40736
 20
30.5
  0
LWPOLYLINE
  5
665
100
AcDbEntity
  8
ASSEMBLY_OUTLINES_TOP
100
AcDbPolyline
 90
        2
 70
         0
 43
0.03
 10
-9.31735
 20
30.5
 10
-9.31736
 20
30.5
  0
LWPOLYLINE
  5
666
100
AcDbEntity
  8
ASSEMBLY_OUTLINES_TOP
100
AcDbPolyline
 90
        2
 70
         0
 43
0.03
 10
-9.22735
 20
30.5
 10
-9.22736
 20
30.5
  0
LWPOLYLINE
  5
667
100
AcDbEntity
  8
ASSEMBLY_OUTLINES_TOP
100
AcDbPolyline
 90
        2
 70
         0
 43
0.03
 10
-9.13735
 20
30.5
 10
-9.13736
 20
30.5
  0
LWPOLYLINE
  5
668
100
AcDbEntity
  8
ASSEMBLY_OUTLINES_TOP
100
AcDbPolyline
 90
        2
 70
         0
 43
0.03
 10
-9.04735
 20
30.5
 10
-9.04736
 20
30.5
  0
LWPOLYLINE
  5
669
100
AcDbEntity
  8
ASSEMBLY_OUTLINES_TOP
100
AcDbPolyline
 90
        2
 70
         0
 43
0.03
 10
-8.95735
 20
30.5
 10
-8.95736
 20
30.5
  0
LWPOLYLINE
  5
66A
100
AcDbEntity
  8
ASSEMBLY_OUTLINES_TOP
100
AcDbPolyline
 90
        2
 70
         0
 43
0.03
 10
-8.86735
 20
30.5
 10
-8.86736
 20
30.5
  0
LWPOLYLINE
  5
66B
100
AcDbEntity
  8
ASSEMBLY_OUTLINES_TOP
100
AcDbPolyline
 90
        2
 70
         0
 43
0.03
 10
-8.77735
 20
30.5
 10
-8.77736
 20
30.5
  0
LWPOLYLINE
  5
66C
100
AcDbEntity
  8
ASSEMBLY_OUTLINES_TOP
100
AcDbPolyline
 90
        2
 70
         0
 43
0.03
 10
-8.68735
 20
30.5
 10
-8.68736
 20
30.5
  0
LWPOLYLINE
  5
66D
100
AcDbEntity
  8
ASSEMBLY_OUTLINES_TOP
100
AcDbPolyline
 90
        2
 70
         0
 43
0.03
 10
-8.59735
 20
30.5
 10
-8.59736
 20
30.5
  0
LWPOLYLINE
  5
66E
100
AcDbEntity
  8
ASSEMBLY_OUTLINES_TOP
100
AcDbPolyline
 90
        2
 70
         0
 43
0.03
 10
-8.50735
 20
30.5
 10
-8.50736
 20
30.5
  0
LWPOLYLINE
  5
66F
100
AcDbEntity
  8
ASSEMBLY_OUTLINES_TOP
100
AcDbPolyline
 90
        2
 70
         0
 43
0.03
 10
-8.41735
 20
30.5
 10
-8.41736
 20
30.5
  0
LWPOLYLINE
  5
670
100
AcDbEntity
  8
ASSEMBLY_OUTLINES_TOP
100
AcDbPolyline
 90
        2
 70
         0
 43
0.03
 10
-8.32735
 20
30.5
 10
-8.32736
 20
30.5
  0
LWPOLYLINE
  5
671
100
AcDbEntity
  8
ASSEMBLY_OUTLINES_TOP
100
AcDbPolyline
 90
        2
 70
         0
 43
0.03
 10
-8.23735
 20
30.5
 10
-8.23736
 20
30.5
  0
LWPOLYLINE
  5
672
100
AcDbEntity
  8
ASSEMBLY_OUTLINES_TOP
100
AcDbPolyline
 90
        2
 70
         0
 43
0.03
 10
-8.14735
 20
30.5
 10
-8.14736
 20
30.5
  0
LWPOLYLINE
  5
673
100
AcDbEntity
  8
ASSEMBLY_OUTLINES_TOP
100
AcDbPolyline
 90
        2
 70
         0
 43
0.03
 10
-8.05735
 20
30.5
 10
-8.05736
 20
30.5
  0
LWPOLYLINE
  5
674
100
AcDbEntity
  8
ASSEMBLY_OUTLINES_TOP
100
AcDbPolyline
 90
        2
 70
         0
 43
0.03
 10
-7.96735
 20
30.5
 10
-7.96736
 20
30.5
  0
LWPOLYLINE
  5
675
100
AcDbEntity
  8
ASSEMBLY_OUTLINES_TOP
100
AcDbPolyline
 90
        2
 70
         0
 43
0.03
 10
-7.87735
 20
30.5
 10
-7.87736
 20
30.5
  0
LWPOLYLINE
  5
676
100
AcDbEntity
  8
ASSEMBLY_OUTLINES_TOP
100
AcDbPolyline
 90
        2
 70
         0
 43
0.03
 10
-7.78735
 20
30.5
 10
-7.78736
 20
30.5
  0
LWPOLYLINE
  5
677
100
AcDbEntity
  8
ASSEMBLY_OUTLINES_TOP
100
AcDbPolyline
 90
        2
 70
         0
 43
0.03
 10
-7.69735
 20
30.5
 10
-7.69736
 20
30.5
  0
LWPOLYLINE
  5
678
100
AcDbEntity
  8
ASSEMBLY_OUTLINES_TOP
100
AcDbPolyline
 90
        2
 70
         0
 43
0.03
 10
-7.60735
 20
30.5
 10
-7.60736
 20
30.5
  0
LWPOLYLINE
  5
679
100
AcDbEntity
  8
ASSEMBLY_OUTLINES_TOP
100
AcDbPolyline
 90
        2
 70
         0
 43
0.03
 10
-7.51735
 20
30.5
 10
-7.51736
 20
30.5
  0
LWPOLYLINE
  5
67A
100
AcDbEntity
  8
ASSEMBLY_OUTLINES_TOP
100
AcDbPolyline
 90
        2
 70
         0
 43
0.03
 10
-7.42735
 20
30.5
 10
-7.42736
 20
30.5
  0
LWPOLYLINE
  5
67B
100
AcDbEntity
  8
ASSEMBLY_OUTLINES_TOP
100
AcDbPolyline
 90
        2
 70
         0
 43
0.03
 10
-7.33735
 20
30.5
 10
-7.33736
 20
30.5
  0
LWPOLYLINE
  5
67C
100
AcDbEntity
  8
ASSEMBLY_OUTLINES_TOP
100
AcDbPolyline
 90
        2
 70
         0
 43
0.03
 10
-7.24735
 20
30.5
 10
-7.24736
 20
30.5
  0
LWPOLYLINE
  5
67D
100
AcDbEntity
  8
ASSEMBLY_OUTLINES_TOP
100
AcDbPolyline
 90
        2
 70
         0
 43
0.03
 10
-7.15735
 20
30.5
 10
-7.15736
 20
30.5
  0
LWPOLYLINE
  5
67E
100
AcDbEntity
  8
ASSEMBLY_OUTLINES_TOP
100
AcDbPolyline
 90
        2
 70
         0
 43
0.03
 10
-7.06735
 20
30.5
 10
-7.06736
 20
30.5
  0
LWPOLYLINE
  5
67F
100
AcDbEntity
  8
ASSEMBLY_OUTLINES_TOP
100
AcDbPolyline
 90
        2
 70
         0
 43
0.03
 10
-6.97735
 20
30.5
 10
-6.97736
 20
30.5
  0
LWPOLYLINE
  5
680
100
AcDbEntity
  8
ASSEMBLY_OUTLINES_TOP
100
AcDbPolyline
 90
        2
 70
         0
 43
0.03
 10
-6.88735
 20
30.5
 10
-6.88736
 20
30.5
  0
LWPOLYLINE
  5
681
100
AcDbEntity
  8
ASSEMBLY_OUTLINES_TOP
100
AcDbPolyline
 90
        2
 70
         0
 43
0.03
 10
-6.79735
 20
30.5
 10
-6.79736
 20
30.5
  0
LWPOLYLINE
  5
682
100
AcDbEntity
  8
ASSEMBLY_OUTLINES_TOP
100
AcDbPolyline
 90
        2
 70
         0
 43
0.03
 10
-6.70735
 20
30.5
 10
-6.70736
 20
30.5
  0
LWPOLYLINE
  5
683
100
AcDbEntity
  8
ASSEMBLY_OUTLINES_TOP
100
AcDbPolyline
 90
        2
 70
         0
 43
0.03
 10
-6.61735
 20
30.5
 10
-6.61736
 20
30.5
  0
LWPOLYLINE
  5
684
100
AcDbEntity
  8
ASSEMBLY_OUTLINES_TOP
100
AcDbPolyline
 90
        2
 70
         0
 43
0.03
 10
-6.52735
 20
30.5
 10
-6.52736
 20
30.5
  0
LWPOLYLINE
  5
685
100
AcDbEntity
  8
ASSEMBLY_OUTLINES_TOP
100
AcDbPolyline
 90
        2
 70
         0
 43
0.03
 10
-6.43735
 20
30.5
 10
-6.43736
 20
30.5
  0
LWPOLYLINE
  5
686
100
AcDbEntity
  8
ASSEMBLY_OUTLINES_TOP
100
AcDbPolyline
 90
        2
 70
         0
 43
0.03
 10
-6.34735
 20
30.5
 10
-6.34736
 20
30.5
  0
LWPOLYLINE
  5
687
100
AcDbEntity
  8
ASSEMBLY_OUTLINES_TOP
100
AcDbPolyline
 90
        2
 70
         0
 43
0.03
 10
-6.25735
 20
30.5
 10
-6.25736
 20
30.5
  0
LWPOLYLINE
  5
688
100
AcDbEntity
  8
ASSEMBLY_OUTLINES_TOP
100
AcDbPolyline
 90
        2
 70
         0
 43
0.03
 10
-6.16735
 20
30.5
 10
-6.16736
 20
30.5
  0
LWPOLYLINE
  5
689
100
AcDbEntity
  8
ASSEMBLY_OUTLINES_TOP
100
AcDbPolyline
 90
        2
 70
         0
 43
0.03
 10
-6.07735
 20
30.5
 10
-6.07736
 20
30.5
  0
LWPOLYLINE
  5
68A
100
AcDbEntity
  8
ASSEMBLY_OUTLINES_TOP
100
AcDbPolyline
 90
        2
 70
         0
 43
0.03
 10
-5.98735
 20
30.5
 10
-5.98736
 20
30.5
  0
LWPOLYLINE
  5
68B
100
AcDbEntity
  8
ASSEMBLY_OUTLINES_TOP
100
AcDbPolyline
 90
        2
 70
         0
 43
0.03
 10
-5.89735
 20
30.5
 10
-5.89736
 20
30.5
  0
LWPOLYLINE
  5
68C
100
AcDbEntity
  8
ASSEMBLY_OUTLINES_TOP
100
AcDbPolyline
 90
        2
 70
         0
 43
0.03
 10
-5.80735
 20
30.5
 10
-5.80736
 20
30.5
  0
LWPOLYLINE
  5
68D
100
AcDbEntity
  8
ASSEMBLY_OUTLINES_TOP
100
AcDbPolyline
 90
        2
 70
         0
 43
0.03
 10
-5.71735
 20
30.5
 10
-5.71736
 20
30.5
  0
LWPOLYLINE
  5
68E
100
AcDbEntity
  8
ASSEMBLY_OUTLINES_TOP
100
AcDbPolyline
 90
        2
 70
         0
 43
0.03
 10
-5.62735
 20
30.5
 10
-5.62736
 20
30.5
  0
LWPOLYLINE
  5
68F
100
AcDbEntity
  8
ASSEMBLY_OUTLINES_TOP
100
AcDbPolyline
 90
        2
 70
         0
 43
0.03
 10
-5.53735
 20
30.5
 10
-5.53736
 20
30.5
  0
LWPOLYLINE
  5
690
100
AcDbEntity
  8
ASSEMBLY_OUTLINES_TOP
100
AcDbPolyline
 90
        2
 70
         0
 43
0.03
 10
-5.44735
 20
30.5
 10
-5.44736
 20
30.5
  0
LWPOLYLINE
  5
691
100
AcDbEntity
  8
ASSEMBLY_OUTLINES_TOP
100
AcDbPolyline
 90
        2
 70
         0
 43
0.03
 10
-5.35735
 20
30.5
 10
-5.35736
 20
30.5
  0
LWPOLYLINE
  5
692
100
AcDbEntity
  8
ASSEMBLY_OUTLINES_TOP
100
AcDbPolyline
 90
        2
 70
         0
 43
0.03
 10
-5.26735
 20
30.5
 10
-5.26736
 20
30.5
  0
LWPOLYLINE
  5
693
100
AcDbEntity
  8
ASSEMBLY_OUTLINES_TOP
100
AcDbPolyline
 90
        2
 70
         0
 43
0.03
 10
-5.17735
 20
30.5
 10
-5.17736
 20
30.5
  0
LWPOLYLINE
  5
694
100
AcDbEntity
  8
ASSEMBLY_OUTLINES_TOP
100
AcDbPolyline
 90
        2
 70
         0
 43
0.03
 10
-5.08735
 20
30.5
 10
-5.08736
 20
30.5
  0
LWPOLYLINE
  5
695
100
AcDbEntity
  8
ASSEMBLY_OUTLINES_TOP
100
AcDbPolyline
 90
        2
 70
         0
 43
0.03
 10
-4.99735
 20
30.5
 10
-4.99736
 20
30.5
  0
LWPOLYLINE
  5
696
100
AcDbEntity
  8
ASSEMBLY_OUTLINES_TOP
100
AcDbPolyline
 90
        2
 70
         0
 43
0.03
 10
-4.90735
 20
30.5
 10
-4.90736
 20
30.5
  0
LWPOLYLINE
  5
697
100
AcDbEntity
  8
ASSEMBLY_OUTLINES_TOP
100
AcDbPolyline
 90
        2
 70
         0
 43
0.03
 10
-4.81735
 20
30.5
 10
-4.81736
 20
30.5
  0
LWPOLYLINE
  5
698
100
AcDbEntity
  8
ASSEMBLY_OUTLINES_TOP
100
AcDbPolyline
 90
        2
 70
         0
 43
0.03
 10
-4.72735
 20
30.5
 10
-4.72736
 20
30.5
  0
LWPOLYLINE
  5
699
100
AcDbEntity
  8
ASSEMBLY_OUTLINES_TOP
100
AcDbPolyline
 90
        2
 70
         0
 43
0.03
 10
-4.63735
 20
30.5
 10
-4.63736
 20
30.5
  0
LWPOLYLINE
  5
69A
100
AcDbEntity
  8
ASSEMBLY_OUTLINES_TOP
100
AcDbPolyline
 90
        2
 70
         0
 43
0.03
 10
-4.54735
 20
30.5
 10
-4.54736
 20
30.5
  0
LWPOLYLINE
  5
69B
100
AcDbEntity
  8
ASSEMBLY_OUTLINES_TOP
100
AcDbPolyline
 90
        2
 70
         0
 43
0.03
 10
-4.45735
 20
30.5
 10
-4.45736
 20
30.5
  0
LWPOLYLINE
  5
69C
100
AcDbEntity
  8
ASSEMBLY_OUTLINES_TOP
100
AcDbPolyline
 90
        2
 70
         0
 43
0.03
 10
-4.36735
 20
30.5
 10
-4.36736
 20
30.5
  0
LWPOLYLINE
  5
69D
100
AcDbEntity
  8
ASSEMBLY_OUTLINES_TOP
100
AcDbPolyline
 90
        2
 70
         0
 43
0.03
 10
-4.27735
 20
30.5
 10
-4.27736
 20
30.5
  0
LWPOLYLINE
  5
69E
100
AcDbEntity
  8
ASSEMBLY_OUTLINES_TOP
100
AcDbPolyline
 90
        2
 70
         0
 43
0.03
 10
-4.18735
 20
30.5
 10
-4.18736
 20
30.5
  0
LWPOLYLINE
  5
69F
100
AcDbEntity
  8
ASSEMBLY_OUTLINES_TOP
100
AcDbPolyline
 90
        2
 70
         0
 43
0.03
 10
-4.09735
 20
30.5
 10
-4.09736
 20
30.5
  0
LWPOLYLINE
  5
6A0
100
AcDbEntity
  8
ASSEMBLY_OUTLINES_TOP
100
AcDbPolyline
 90
        2
 70
         0
 43
0.03
 10
-4.00735
 20
30.5
 10
-4.00736
 20
30.5
  0
LWPOLYLINE
  5
6A1
100
AcDbEntity
  8
ASSEMBLY_OUTLINES_TOP
100
AcDbPolyline
 90
        2
 70
         0
 43
0.03
 10
-3.91735
 20
30.5
 10
-3.91736
 20
30.5
  0
LWPOLYLINE
  5
6A2
100
AcDbEntity
  8
ASSEMBLY_OUTLINES_TOP
100
AcDbPolyline
 90
        2
 70
         0
 43
0.03
 10
-3.82735
 20
30.5
 10
-3.82736
 20
30.5
  0
LWPOLYLINE
  5
6A3
100
AcDbEntity
  8
ASSEMBLY_OUTLINES_TOP
100
AcDbPolyline
 90
        2
 70
         0
 43
0.03
 10
-3.73735
 20
30.5
 10
-3.73736
 20
30.5
  0
LWPOLYLINE
  5
6A4
100
AcDbEntity
  8
ASSEMBLY_OUTLINES_TOP
100
AcDbPolyline
 90
        2
 70
         0
 43
0.03
 10
-3.64735
 20
30.5
 10
-3.64736
 20
30.5
  0
LWPOLYLINE
  5
6A5
100
AcDbEntity
  8
ASSEMBLY_OUTLINES_TOP
100
AcDbPolyline
 90
        2
 70
         0
 43
0.03
 10
-3.55735
 20
30.5
 10
-3.55736
 20
30.5
  0
LWPOLYLINE
  5
6A6
100
AcDbEntity
  8
ASSEMBLY_OUTLINES_TOP
100
AcDbPolyline
 90
        2
 70
         0
 43
0.03
 10
-3.46735
 20
30.5
 10
-3.46736
 20
30.5
  0
LWPOLYLINE
  5
6A7
100
AcDbEntity
  8
ASSEMBLY_OUTLINES_TOP
100
AcDbPolyline
 90
        2
 70
         0
 43
0.03
 10
-3.37735
 20
30.5
 10
-3.37736
 20
30.5
  0
LWPOLYLINE
  5
6A8
100
AcDbEntity
  8
ASSEMBLY_OUTLINES_TOP
100
AcDbPolyline
 90
        2
 70
         0
 43
0.03
 10
-3.28735
 20
30.5
 10
-3.28736
 20
30.5
  0
LWPOLYLINE
  5
6A9
100
AcDbEntity
  8
ASSEMBLY_OUTLINES_TOP
100
AcDbPolyline
 90
        2
 70
         0
 43
0.03
 10
-3.19735
 20
30.5
 10
-3.19736
 20
30.5
  0
LWPOLYLINE
  5
6AA
100
AcDbEntity
  8
ASSEMBLY_OUTLINES_TOP
100
AcDbPolyline
 90
        2
 70
         0
 43
0.03
 10
-3.10735
 20
30.5
 10
-3.10736
 20
30.5
  0
LWPOLYLINE
  5
6AB
100
AcDbEntity
  8
ASSEMBLY_OUTLINES_TOP
100
AcDbPolyline
 90
        2
 70
         0
 43
0.03
 10
-3.01735
 20
30.5
 10
-3.01736
 20
30.5
  0
LWPOLYLINE
  5
6AC
100
AcDbEntity
  8
ASSEMBLY_OUTLINES_TOP
100
AcDbPolyline
 90
        2
 70
         0
 43
0.03
 10
-2.92735
 20
30.5
 10
-2.92736
 20
30.5
  0
LWPOLYLINE
  5
6AD
100
AcDbEntity
  8
ASSEMBLY_OUTLINES_TOP
100
AcDbPolyline
 90
        2
 70
         0
 43
0.03
 10
-2.83735
 20
30.5
 10
-2.83736
 20
30.5
  0
LWPOLYLINE
  5
6AE
100
AcDbEntity
  8
ASSEMBLY_OUTLINES_TOP
100
AcDbPolyline
 90
        2
 70
         0
 43
0.03
 10
-2.74735
 20
30.5
 10
-2.74736
 20
30.5
  0
LWPOLYLINE
  5
6AF
100
AcDbEntity
  8
ASSEMBLY_OUTLINES_TOP
100
AcDbPolyline
 90
        2
 70
         0
 43
0.03
 10
-2.65735
 20
30.5
 10
-2.65736
 20
30.5
  0
LWPOLYLINE
  5
6B0
100
AcDbEntity
  8
ASSEMBLY_OUTLINES_TOP
100
AcDbPolyline
 90
        2
 70
         0
 43
0.03
 10
-2.56735
 20
30.5
 10
-2.56736
 20
30.5
  0
LWPOLYLINE
  5
6B1
100
AcDbEntity
  8
ASSEMBLY_OUTLINES_TOP
100
AcDbPolyline
 90
        2
 70
         0
 43
0.03
 10
-2.47735
 20
30.5
 10
-2.47736
 20
30.5
  0
LWPOLYLINE
  5
6B2
100
AcDbEntity
  8
ASSEMBLY_OUTLINES_TOP
100
AcDbPolyline
 90
        2
 70
         0
 43
0.03
 10
-2.38735
 20
30.5
 10
-2.38736
 20
30.5
  0
LWPOLYLINE
  5
6B3
100
AcDbEntity
  8
ASSEMBLY_OUTLINES_TOP
100
AcDbPolyline
 90
        2
 70
         0
 43
0.03
 10
-2.29735
 20
30.5
 10
-2.29736
 20
30.5
  0
LWPOLYLINE
  5
6B4
100
AcDbEntity
  8
ASSEMBLY_OUTLINES_TOP
100
AcDbPolyline
 90
        2
 70
         0
 43
0.03
 10
-2.20735
 20
30.5
 10
-2.20736
 20
30.5
  0
LWPOLYLINE
  5
6B5
100
AcDbEntity
  8
ASSEMBLY_OUTLINES_TOP
100
AcDbPolyline
 90
        2
 70
         0
 43
0.03
 10
-2.11735
 20
30.5
 10
-2.11736
 20
30.5
  0
LWPOLYLINE
  5
6B6
100
AcDbEntity
  8
ASSEMBLY_OUTLINES_TOP
100
AcDbPolyline
 90
        2
 70
         0
 43
0.03
 10
-2.02735
 20
30.5
 10
-2.02736
 20
30.5
  0
LWPOLYLINE
  5
6B7
100
AcDbEntity
  8
ASSEMBLY_OUTLINES_TOP
100
AcDbPolyline
 90
        2
 70
         0
 43
0.03
 10
-1.93735
 20
30.5
 10
-1.93736
 20
30.5
  0
LWPOLYLINE
  5
6B8
100
AcDbEntity
  8
ASSEMBLY_OUTLINES_TOP
100
AcDbPolyline
 90
        2
 70
         0
 43
0.03
 10
-1.84735
 20
30.5
 10
-1.84736
 20
30.5
  0
LWPOLYLINE
  5
6B9
100
AcDbEntity
  8
ASSEMBLY_OUTLINES_TOP
100
AcDbPolyline
 90
        2
 70
         0
 43
0.03
 10
-1.75735
 20
30.5
 10
-1.75736
 20
30.5
  0
LWPOLYLINE
  5
6BA
100
AcDbEntity
  8
ASSEMBLY_OUTLINES_TOP
100
AcDbPolyline
 90
        2
 70
         0
 43
0.03
 10
-1.66735
 20
30.5
 10
-1.66736
 20
30.5
  0
LWPOLYLINE
  5
6BB
100
AcDbEntity
  8
ASSEMBLY_OUTLINES_TOP
100
AcDbPolyline
 90
        2
 70
         0
 43
0.03
 10
-1.57735
 20
30.5
 10
-1.57736
 20
30.5
  0
LWPOLYLINE
  5
6BC
100
AcDbEntity
  8
ASSEMBLY_OUTLINES_TOP
100
AcDbPolyline
 90
        2
 70
         0
 43
0.03
 10
-1.48735
 20
30.5
 10
-1.48736
 20
30.5
  0
LWPOLYLINE
  5
6BD
100
AcDbEntity
  8
ASSEMBLY_OUTLINES_TOP
100
AcDbPolyline
 90
        2
 70
         0
 43
0.03
 10
-1.39735
 20
30.5
 10
-1.39736
 20
30.5
  0
LWPOLYLINE
  5
6BE
100
AcDbEntity
  8
ASSEMBLY_OUTLINES_TOP
100
AcDbPolyline
 90
        2
 70
         0
 43
0.03
 10
-1.30735
 20
30.5
 10
-1.30736
 20
30.5
  0
LWPOLYLINE
  5
6BF
100
AcDbEntity
  8
ASSEMBLY_OUTLINES_TOP
100
AcDbPolyline
 90
        2
 70
         0
 43
0.03
 10
-1.21735
 20
30.5
 10
-1.21736
 20
30.5
  0
LWPOLYLINE
  5
6C0
100
AcDbEntity
  8
ASSEMBLY_OUTLINES_TOP
100
AcDbPolyline
 90
        2
 70
         0
 43
0.03
 10
-1.12735
 20
30.5
 10
-1.12736
 20
30.5
  0
LWPOLYLINE
  5
6C1
100
AcDbEntity
  8
ASSEMBLY_OUTLINES_TOP
100
AcDbPolyline
 90
        2
 70
         0
 43
0.03
 10
-1.03735
 20
30.5
 10
-1.03736
 20
30.5
  0
LWPOLYLINE
  5
6C2
100
AcDbEntity
  8
ASSEMBLY_OUTLINES_TOP
100
AcDbPolyline
 90
        2
 70
         0
 43
0.03
 10
-0.94735
 20
30.5
 10
-0.94736
 20
30.5
  0
LWPOLYLINE
  5
6C3
100
AcDbEntity
  8
ASSEMBLY_OUTLINES_TOP
100
AcDbPolyline
 90
        2
 70
         0
 43
0.03
 10
-0.85735
 20
30.5
 10
-0.85736
 20
30.5
  0
LWPOLYLINE
  5
6C4
100
AcDbEntity
  8
ASSEMBLY_OUTLINES_TOP
100
AcDbPolyline
 90
        2
 70
         0
 43
0.03
 10
-0.76735
 20
30.5
 10
-0.76736
 20
30.5
  0
LWPOLYLINE
  5
6C5
100
AcDbEntity
  8
ASSEMBLY_OUTLINES_TOP
100
AcDbPolyline
 90
        2
 70
         0
 43
0.03
 10
-0.67735
 20
30.5
 10
-0.67736
 20
30.5
  0
LWPOLYLINE
  5
6C6
100
AcDbEntity
  8
ASSEMBLY_OUTLINES_TOP
100
AcDbPolyline
 90
        2
 70
         0
 43
0.03
 10
-0.58735
 20
30.5
 10
-0.58736
 20
30.5
  0
LWPOLYLINE
  5
6C7
100
AcDbEntity
  8
ASSEMBLY_OUTLINES_TOP
100
AcDbPolyline
 90
        2
 70
         0
 43
0.03
 10
-0.49735
 20
30.5
 10
-0.49736
 20
30.5
  0
LWPOLYLINE
  5
6C8
100
AcDbEntity
  8
ASSEMBLY_OUTLINES_TOP
100
AcDbPolyline
 90
        2
 70
         0
 43
0.03
 10
-0.40735
 20
30.5
 10
-0.40736
 20
30.5
  0
LWPOLYLINE
  5
6C9
100
AcDbEntity
  8
ASSEMBLY_OUTLINES_TOP
100
AcDbPolyline
 90
        2
 70
         0
 43
0.03
 10
-0.31735
 20
30.5
 10
-0.31736
 20
30.5
  0
LWPOLYLINE
  5
6CA
100
AcDbEntity
  8
ASSEMBLY_OUTLINES_TOP
100
AcDbPolyline
 90
        2
 70
         0
 43
0.03
 10
-0.22735
 20
30.5
 10
-0.22736
 20
30.5
  0
LWPOLYLINE
  5
6CB
100
AcDbEntity
  8
ASSEMBLY_OUTLINES_TOP
100
AcDbPolyline
 90
        2
 70
         0
 43
0.03
 10
-0.13735
 20
30.5
 10
-0.13736
 20
30.5
  0
LWPOLYLINE
  5
6CC
100
AcDbEntity
  8
ASSEMBLY_OUTLINES_TOP
100
AcDbPolyline
 90
        2
 70
         0
 43
0.03
 10
-0.04735
 20
30.5
 10
-0.04736
 20
30.5
  0
LWPOLYLINE
  5
6CD
100
AcDbEntity
  8
ASSEMBLY_OUTLINES_TOP
100
AcDbPolyline
 90
        2
 70
         0
 43
0.03
 10
0.04265
 20
30.5
 10
0.04264
 20
30.5
  0
LWPOLYLINE
  5
6CE
100
AcDbEntity
  8
ASSEMBLY_OUTLINES_TOP
100
AcDbPolyline
 90
        2
 70
         0
 43
0.03
 10
0.13265
 20
30.5
 10
0.13264
 20
30.5
  0
LWPOLYLINE
  5
6CF
100
AcDbEntity
  8
ASSEMBLY_OUTLINES_TOP
100
AcDbPolyline
 90
        2
 70
         0
 43
0.03
 10
0.22265
 20
30.5
 10
0.22264
 20
30.5
  0
LWPOLYLINE
  5
6D0
100
AcDbEntity
  8
ASSEMBLY_OUTLINES_TOP
100
AcDbPolyline
 90
        2
 70
         0
 43
0.03
 10
0.31265
 20
30.5
 10
0.31264
 20
30.5
  0
LWPOLYLINE
  5
6D1
100
AcDbEntity
  8
ASSEMBLY_OUTLINES_TOP
100
AcDbPolyline
 90
        2
 70
         0
 43
0.03
 10
0.40265
 20
30.5
 10
0.40264
 20
30.5
  0
LWPOLYLINE
  5
6D2
100
AcDbEntity
  8
ASSEMBLY_OUTLINES_TOP
100
AcDbPolyline
 90
        2
 70
         0
 43
0.03
 10
0.49265
 20
30.5
 10
0.49264
 20
30.5
  0
LWPOLYLINE
  5
6D3
100
AcDbEntity
  8
ASSEMBLY_OUTLINES_TOP
100
AcDbPolyline
 90
        2
 70
         0
 43
0.03
 10
0.58265
 20
30.5
 10
0.58264
 20
30.5
  0
LWPOLYLINE
  5
6D4
100
AcDbEntity
  8
ASSEMBLY_OUTLINES_TOP
100
AcDbPolyline
 90
        2
 70
         0
 43
0.03
 10
0.67265
 20
30.5
 10
0.67264
 20
30.5
  0
LWPOLYLINE
  5
6D5
100
AcDbEntity
  8
ASSEMBLY_OUTLINES_TOP
100
AcDbPolyline
 90
        2
 70
         0
 43
0.03
 10
0.76265
 20
30.5
 10
0.76264
 20
30.5
  0
LWPOLYLINE
  5
6D6
100
AcDbEntity
  8
ASSEMBLY_OUTLINES_TOP
100
AcDbPolyline
 90
        2
 70
         0
 43
0.03
 10
0.85265
 20
30.5
 10
0.85264
 20
30.5
  0
LWPOLYLINE
  5
6D7
100
AcDbEntity
  8
ASSEMBLY_OUTLINES_TOP
100
AcDbPolyline
 90
        2
 70
         0
 43
0.03
 10
0.94265
 20
30.5
 10
0.94264
 20
30.5
  0
LWPOLYLINE
  5
6D8
100
AcDbEntity
  8
ASSEMBLY_OUTLINES_TOP
100
AcDbPolyline
 90
        2
 70
         0
 43
0.03
 10
1.03265
 20
30.5
 10
1.03264
 20
30.5
  0
LWPOLYLINE
  5
6D9
100
AcDbEntity
  8
ASSEMBLY_OUTLINES_TOP
100
AcDbPolyline
 90
        2
 70
         0
 43
0.03
 10
1.12265
 20
30.5
 10
1.12264
 20
30.5
  0
LWPOLYLINE
  5
6DA
100
AcDbEntity
  8
ASSEMBLY_OUTLINES_TOP
100
AcDbPolyline
 90
        2
 70
         0
 43
0.03
 10
1.21265
 20
30.5
 10
1.21264
 20
30.5
  0
LWPOLYLINE
  5
6DB
100
AcDbEntity
  8
ASSEMBLY_OUTLINES_TOP
100
AcDbPolyline
 90
        2
 70
         0
 43
0.03
 10
1.30265
 20
30.5
 10
1.30264
 20
30.5
  0
LWPOLYLINE
  5
6DC
100
AcDbEntity
  8
ASSEMBLY_OUTLINES_TOP
100
AcDbPolyline
 90
        2
 70
         0
 43
0.03
 10
1.39265
 20
30.5
 10
1.39264
 20
30.5
  0
LWPOLYLINE
  5
6DD
100
AcDbEntity
  8
ASSEMBLY_OUTLINES_TOP
100
AcDbPolyline
 90
        2
 70
         0
 43
0.03
 10
1.48265
 20
30.5
 10
1.48264
 20
30.5
  0
LWPOLYLINE
  5
6DE
100
AcDbEntity
  8
ASSEMBLY_OUTLINES_TOP
100
AcDbPolyline
 90
        2
 70
         0
 43
0.03
 10
1.57265
 20
30.5
 10
1.57264
 20
30.5
  0
LWPOLYLINE
  5
6DF
100
AcDbEntity
  8
ASSEMBLY_OUTLINES_TOP
100
AcDbPolyline
 90
        2
 70
         0
 43
0.03
 10
1.66265
 20
30.5
 10
1.66264
 20
30.5
  0
LWPOLYLINE
  5
6E0
100
AcDbEntity
  8
ASSEMBLY_OUTLINES_TOP
100
AcDbPolyline
 90
        2
 70
         0
 43
0.03
 10
1.75265
 20
30.5
 10
1.75264
 20
30.5
  0
LWPOLYLINE
  5
6E1
100
AcDbEntity
  8
ASSEMBLY_OUTLINES_TOP
100
AcDbPolyline
 90
        2
 70
         0
 43
0.03
 10
1.84265
 20
30.5
 10
1.84264
 20
30.5
  0
LWPOLYLINE
  5
6E2
100
AcDbEntity
  8
ASSEMBLY_OUTLINES_TOP
100
AcDbPolyline
 90
        2
 70
         0
 43
0.03
 10
1.93265
 20
30.5
 10
1.93264
 20
30.5
  0
LWPOLYLINE
  5
6E3
100
AcDbEntity
  8
ASSEMBLY_OUTLINES_TOP
100
AcDbPolyline
 90
        2
 70
         0
 43
0.03
 10
2.02265
 20
30.5
 10
2.02264
 20
30.5
  0
LWPOLYLINE
  5
6E4
100
AcDbEntity
  8
ASSEMBLY_OUTLINES_TOP
100
AcDbPolyline
 90
        2
 70
         0
 43
0.03
 10
2.11265
 20
30.5
 10
2.11264
 20
30.5
  0
LWPOLYLINE
  5
6E5
100
AcDbEntity
  8
ASSEMBLY_OUTLINES_TOP
100
AcDbPolyline
 90
        2
 70
         0
 43
0.03
 10
2.20265
 20
30.5
 10
2.20264
 20
30.5
  0
LWPOLYLINE
  5
6E6
100
AcDbEntity
  8
ASSEMBLY_OUTLINES_TOP
100
AcDbPolyline
 90
        2
 70
         0
 43
0.03
 10
2.29265
 20
30.5
 10
2.29264
 20
30.5
  0
LWPOLYLINE
  5
6E7
100
AcDbEntity
  8
ASSEMBLY_OUTLINES_TOP
100
AcDbPolyline
 90
        2
 70
         0
 43
0.03
 10
2.38265
 20
30.5
 10
2.38264
 20
30.5
  0
LWPOLYLINE
  5
6E8
100
AcDbEntity
  8
ASSEMBLY_OUTLINES_TOP
100
AcDbPolyline
 90
        2
 70
         0
 43
0.03
 10
2.47265
 20
30.5
 10
2.47264
 20
30.5
  0
LWPOLYLINE
  5
6E9
100
AcDbEntity
  8
ASSEMBLY_OUTLINES_TOP
100
AcDbPolyline
 90
        2
 70
         0
 43
0.03
 10
2.56265
 20
30.5
 10
2.56264
 20
30.5
  0
LWPOLYLINE
  5
6EA
100
AcDbEntity
  8
ASSEMBLY_OUTLINES_TOP
100
AcDbPolyline
 90
        2
 70
         0
 43
0.03
 10
2.65265
 20
30.5
 10
2.65264
 20
30.5
  0
LWPOLYLINE
  5
6EB
100
AcDbEntity
  8
ASSEMBLY_OUTLINES_TOP
100
AcDbPolyline
 90
        2
 70
         0
 43
0.03
 10
2.74265
 20
30.5
 10
2.74264
 20
30.5
  0
LWPOLYLINE
  5
6EC
100
AcDbEntity
  8
ASSEMBLY_OUTLINES_TOP
100
AcDbPolyline
 90
        2
 70
         0
 43
0.03
 10
2.83265
 20
30.5
 10
2.83264
 20
30.5
  0
LWPOLYLINE
  5
6ED
100
AcDbEntity
  8
ASSEMBLY_OUTLINES_TOP
100
AcDbPolyline
 90
        2
 70
         0
 43
0.03
 10
2.92265
 20
30.5
 10
2.92264
 20
30.5
  0
LWPOLYLINE
  5
6EE
100
AcDbEntity
  8
ASSEMBLY_OUTLINES_TOP
100
AcDbPolyline
 90
        2
 70
         0
 43
0.03
 10
3.01265
 20
30.5
 10
3.01264
 20
30.5
  0
LWPOLYLINE
  5
6EF
100
AcDbEntity
  8
ASSEMBLY_OUTLINES_TOP
100
AcDbPolyline
 90
        2
 70
         0
 43
0.03
 10
3.10265
 20
30.5
 10
3.10264
 20
30.5
  0
LWPOLYLINE
  5
6F0
100
AcDbEntity
  8
ASSEMBLY_OUTLINES_TOP
100
AcDbPolyline
 90
        2
 70
         0
 43
0.03
 10
3.19265
 20
30.5
 10
3.19264
 20
30.5
  0
LWPOLYLINE
  5
6F1
100
AcDbEntity
  8
ASSEMBLY_OUTLINES_TOP
100
AcDbPolyline
 90
        2
 70
         0
 43
0.03
 10
3.28265
 20
30.5
 10
3.28264
 20
30.5
  0
LWPOLYLINE
  5
6F2
100
AcDbEntity
  8
ASSEMBLY_OUTLINES_TOP
100
AcDbPolyline
 90
        2
 70
         0
 43
0.03
 10
3.37265
 20
30.5
 10
3.37264
 20
30.5
  0
LWPOLYLINE
  5
6F3
100
AcDbEntity
  8
ASSEMBLY_OUTLINES_TOP
100
AcDbPolyline
 90
        2
 70
         0
 43
0.03
 10
3.46265
 20
30.5
 10
3.46264
 20
30.5
  0
LWPOLYLINE
  5
6F4
100
AcDbEntity
  8
ASSEMBLY_OUTLINES_TOP
100
AcDbPolyline
 90
        2
 70
         0
 43
0.03
 10
3.55265
 20
30.5
 10
3.55264
 20
30.5
  0
LWPOLYLINE
  5
6F5
100
AcDbEntity
  8
ASSEMBLY_OUTLINES_TOP
100
AcDbPolyline
 90
        2
 70
         0
 43
0.03
 10
3.64265
 20
30.5
 10
3.64264
 20
30.5
  0
LWPOLYLINE
  5
6F6
100
AcDbEntity
  8
ASSEMBLY_OUTLINES_TOP
100
AcDbPolyline
 90
        2
 70
         0
 43
0.03
 10
3.73265
 20
30.5
 10
3.73264
 20
30.5
  0
LWPOLYLINE
  5
6F7
100
AcDbEntity
  8
ASSEMBLY_OUTLINES_TOP
100
AcDbPolyline
 90
        2
 70
         0
 43
0.03
 10
3.82265
 20
30.5
 10
3.82264
 20
30.5
  0
LWPOLYLINE
  5
6F8
100
AcDbEntity
  8
ASSEMBLY_OUTLINES_TOP
100
AcDbPolyline
 90
        2
 70
         0
 43
0.03
 10
3.91265
 20
30.5
 10
3.91264
 20
30.5
  0
LWPOLYLINE
  5
6F9
100
AcDbEntity
  8
ASSEMBLY_OUTLINES_TOP
100
AcDbPolyline
 90
        2
 70
         0
 43
0.03
 10
4.00265
 20
30.5
 10
4.00264
 20
30.5
  0
LWPOLYLINE
  5
6FA
100
AcDbEntity
  8
ASSEMBLY_OUTLINES_TOP
100
AcDbPolyline
 90
        2
 70
         0
 43
0.03
 10
4.09265
 20
30.5
 10
4.09264
 20
30.5
  0
LWPOLYLINE
  5
6FB
100
AcDbEntity
  8
ASSEMBLY_OUTLINES_TOP
100
AcDbPolyline
 90
        2
 70
         0
 43
0.03
 10
4.18265
 20
30.5
 10
4.18264
 20
30.5
  0
LWPOLYLINE
  5
6FC
100
AcDbEntity
  8
ASSEMBLY_OUTLINES_TOP
100
AcDbPolyline
 90
        2
 70
         0
 43
0.03
 10
4.27265
 20
30.5
 10
4.27264
 20
30.5
  0
LWPOLYLINE
  5
6FD
100
AcDbEntity
  8
ASSEMBLY_OUTLINES_TOP
100
AcDbPolyline
 90
        2
 70
         0
 43
0.03
 10
4.36265
 20
30.5
 10
4.36264
 20
30.5
  0
LWPOLYLINE
  5
6FE
100
AcDbEntity
  8
ASSEMBLY_OUTLINES_TOP
100
AcDbPolyline
 90
        2
 70
         0
 43
0.03
 10
4.45265
 20
30.5
 10
4.45264
 20
30.5
  0
LWPOLYLINE
  5
6FF
100
AcDbEntity
  8
ASSEMBLY_OUTLINES_TOP
100
AcDbPolyline
 90
        2
 70
         0
 43
0.03
 10
4.54265
 20
30.5
 10
4.54264
 20
30.5
  0
LWPOLYLINE
  5
700
100
AcDbEntity
  8
ASSEMBLY_OUTLINES_TOP
100
AcDbPolyline
 90
        2
 70
         0
 43
0.03
 10
4.63265
 20
30.5
 10
4.63264
 20
30.5
  0
LWPOLYLINE
  5
701
100
AcDbEntity
  8
ASSEMBLY_OUTLINES_TOP
100
AcDbPolyline
 90
        2
 70
         0
 43
0.03
 10
4.72265
 20
30.5
 10
4.72264
 20
30.5
  0
LWPOLYLINE
  5
702
100
AcDbEntity
  8
ASSEMBLY_OUTLINES_TOP
100
AcDbPolyline
 90
        2
 70
         0
 43
0.03
 10
4.81265
 20
30.5
 10
4.81264
 20
30.5
  0
LWPOLYLINE
  5
703
100
AcDbEntity
  8
ASSEMBLY_OUTLINES_TOP
100
AcDbPolyline
 90
        2
 70
         0
 43
0.03
 10
4.90265
 20
30.5
 10
4.90264
 20
30.5
  0
LWPOLYLINE
  5
704
100
AcDbEntity
  8
ASSEMBLY_OUTLINES_TOP
100
AcDbPolyline
 90
        2
 70
         0
 43
0.03
 10
4.99265
 20
30.5
 10
4.99264
 20
30.5
  0
LWPOLYLINE
  5
705
100
AcDbEntity
  8
ASSEMBLY_OUTLINES_TOP
100
AcDbPolyline
 90
        2
 70
         0
 43
0.03
 10
5.08265
 20
30.5
 10
5.08264
 20
30.5
  0
LWPOLYLINE
  5
706
100
AcDbEntity
  8
ASSEMBLY_OUTLINES_TOP
100
AcDbPolyline
 90
        2
 70
         0
 43
0.03
 10
5.17265
 20
30.5
 10
5.17264
 20
30.5
  0
LWPOLYLINE
  5
707
100
AcDbEntity
  8
ASSEMBLY_OUTLINES_TOP
100
AcDbPolyline
 90
        2
 70
         0
 43
0.03
 10
5.26265
 20
30.5
 10
5.26264
 20
30.5
  0
LWPOLYLINE
  5
708
100
AcDbEntity
  8
ASSEMBLY_OUTLINES_TOP
100
AcDbPolyline
 90
        2
 70
         0
 43
0.03
 10
5.35265
 20
30.5
 10
5.35264
 20
30.5
  0
LWPOLYLINE
  5
709
100
AcDbEntity
  8
ASSEMBLY_OUTLINES_TOP
100
AcDbPolyline
 90
        2
 70
         0
 43
0.03
 10
5.44265
 20
30.5
 10
5.44264
 20
30.5
  0
LWPOLYLINE
  5
70A
100
AcDbEntity
  8
ASSEMBLY_OUTLINES_TOP
100
AcDbPolyline
 90
        2
 70
         0
 43
0.03
 10
5.53265
 20
30.5
 10
5.53264
 20
30.5
  0
LWPOLYLINE
  5
70B
100
AcDbEntity
  8
ASSEMBLY_OUTLINES_TOP
100
AcDbPolyline
 90
        2
 70
         0
 43
0.03
 10
5.62265
 20
30.5
 10
5.62264
 20
30.5
  0
LWPOLYLINE
  5
70C
100
AcDbEntity
  8
ASSEMBLY_OUTLINES_TOP
100
AcDbPolyline
 90
        2
 70
         0
 43
0.03
 10
5.71265
 20
30.5
 10
5.71264
 20
30.5
  0
LWPOLYLINE
  5
70D
100
AcDbEntity
  8
ASSEMBLY_OUTLINES_TOP
100
AcDbPolyline
 90
        2
 70
         0
 43
0.03
 10
5.80265
 20
30.5
 10
5.80264
 20
30.5
  0
LWPOLYLINE
  5
70E
100
AcDbEntity
  8
ASSEMBLY_OUTLINES_TOP
100
AcDbPolyline
 90
        2
 70
         0
 43
0.03
 10
5.89265
 20
30.5
 10
5.89264
 20
30.5
  0
LWPOLYLINE
  5
70F
100
AcDbEntity
  8
ASSEMBLY_OUTLINES_TOP
100
AcDbPolyline
 90
        2
 70
         0
 43
0.03
 10
5.98265
 20
30.5
 10
5.98264
 20
30.5
  0
LWPOLYLINE
  5
710
100
AcDbEntity
  8
ASSEMBLY_OUTLINES_TOP
100
AcDbPolyline
 90
        2
 70
         0
 43
0.03
 10
6.07265
 20
30.5
 10
6.07264
 20
30.5
  0
LWPOLYLINE
  5
711
100
AcDbEntity
  8
ASSEMBLY_OUTLINES_TOP
100
AcDbPolyline
 90
        2
 70
         0
 43
0.03
 10
6.16265
 20
30.5
 10
6.16264
 20
30.5
  0
LWPOLYLINE
  5
712
100
AcDbEntity
  8
ASSEMBLY_OUTLINES_TOP
100
AcDbPolyline
 90
        2
 70
         0
 43
0.03
 10
6.25265
 20
30.5
 10
6.25264
 20
30.5
  0
LWPOLYLINE
  5
713
100
AcDbEntity
  8
ASSEMBLY_OUTLINES_TOP
100
AcDbPolyline
 90
        2
 70
         0
 43
0.03
 10
6.34265
 20
30.5
 10
6.34264
 20
30.5
  0
LWPOLYLINE
  5
714
100
AcDbEntity
  8
ASSEMBLY_OUTLINES_TOP
100
AcDbPolyline
 90
        2
 70
         0
 43
0.03
 10
6.43265
 20
30.5
 10
6.43264
 20
30.5
  0
LWPOLYLINE
  5
715
100
AcDbEntity
  8
ASSEMBLY_OUTLINES_TOP
100
AcDbPolyline
 90
        2
 70
         0
 43
0.03
 10
6.52265
 20
30.5
 10
6.52264
 20
30.5
  0
LWPOLYLINE
  5
716
100
AcDbEntity
  8
ASSEMBLY_OUTLINES_TOP
100
AcDbPolyline
 90
        2
 70
         0
 43
0.03
 10
6.61265
 20
30.5
 10
6.61264
 20
30.5
  0
LWPOLYLINE
  5
717
100
AcDbEntity
  8
ASSEMBLY_OUTLINES_TOP
100
AcDbPolyline
 90
        2
 70
         0
 43
0.03
 10
6.70265
 20
30.5
 10
6.70264
 20
30.5
  0
LWPOLYLINE
  5
718
100
AcDbEntity
  8
ASSEMBLY_OUTLINES_TOP
100
AcDbPolyline
 90
        2
 70
         0
 43
0.03
 10
6.79265
 20
30.5
 10
6.79264
 20
30.5
  0
LWPOLYLINE
  5
719
100
AcDbEntity
  8
ASSEMBLY_OUTLINES_TOP
100
AcDbPolyline
 90
        2
 70
         0
 43
0.03
 10
6.88265
 20
30.5
 10
6.88264
 20
30.5
  0
LWPOLYLINE
  5
71A
100
AcDbEntity
  8
ASSEMBLY_OUTLINES_TOP
100
AcDbPolyline
 90
        2
 70
         0
 43
0.03
 10
6.97265
 20
30.5
 10
6.97264
 20
30.5
  0
LWPOLYLINE
  5
71B
100
AcDbEntity
  8
ASSEMBLY_OUTLINES_TOP
100
AcDbPolyline
 90
        2
 70
         0
 43
0.03
 10
7.06265
 20
30.5
 10
7.06264
 20
30.5
  0
LWPOLYLINE
  5
71C
100
AcDbEntity
  8
ASSEMBLY_OUTLINES_TOP
100
AcDbPolyline
 90
        2
 70
         0
 43
0.03
 10
7.15265
 20
30.5
 10
7.15264
 20
30.5
  0
LWPOLYLINE
  5
71D
100
AcDbEntity
  8
ASSEMBLY_OUTLINES_TOP
100
AcDbPolyline
 90
        2
 70
         0
 43
0.03
 10
7.24265
 20
30.5
 10
7.24264
 20
30.5
  0
LWPOLYLINE
  5
71E
100
AcDbEntity
  8
ASSEMBLY_OUTLINES_TOP
100
AcDbPolyline
 90
        2
 70
         0
 43
0.03
 10
7.33265
 20
30.5
 10
7.33264
 20
30.5
  0
LWPOLYLINE
  5
71F
100
AcDbEntity
  8
ASSEMBLY_OUTLINES_TOP
100
AcDbPolyline
 90
        2
 70
         0
 43
0.03
 10
7.42265
 20
30.5
 10
7.42264
 20
30.5
  0
LWPOLYLINE
  5
720
100
AcDbEntity
  8
ASSEMBLY_OUTLINES_TOP
100
AcDbPolyline
 90
        2
 70
         0
 43
0.03
 10
7.51265
 20
30.5
 10
7.51264
 20
30.5
  0
LWPOLYLINE
  5
721
100
AcDbEntity
  8
ASSEMBLY_OUTLINES_TOP
100
AcDbPolyline
 90
        2
 70
         0
 43
0.03
 10
7.60265
 20
30.5
 10
7.60264
 20
30.5
  0
LWPOLYLINE
  5
722
100
AcDbEntity
  8
ASSEMBLY_OUTLINES_TOP
100
AcDbPolyline
 90
        2
 70
         0
 43
0.03
 10
7.69265
 20
30.5
 10
7.69264
 20
30.5
  0
LWPOLYLINE
  5
723
100
AcDbEntity
  8
ASSEMBLY_OUTLINES_TOP
100
AcDbPolyline
 90
        2
 70
         0
 43
0.03
 10
7.78265
 20
30.5
 10
7.78264
 20
30.5
  0
LWPOLYLINE
  5
724
100
AcDbEntity
  8
ASSEMBLY_OUTLINES_TOP
100
AcDbPolyline
 90
        2
 70
         0
 43
0.03
 10
7.87265
 20
30.5
 10
7.87264
 20
30.5
  0
LWPOLYLINE
  5
725
100
AcDbEntity
  8
ASSEMBLY_OUTLINES_TOP
100
AcDbPolyline
 90
        2
 70
         0
 43
0.03
 10
7.96265
 20
30.5
 10
7.96264
 20
30.5
  0
LWPOLYLINE
  5
726
100
AcDbEntity
  8
ASSEMBLY_OUTLINES_TOP
100
AcDbPolyline
 90
        2
 70
         0
 43
0.03
 10
8.05265
 20
30.5
 10
8.05264
 20
30.5
  0
LWPOLYLINE
  5
727
100
AcDbEntity
  8
ASSEMBLY_OUTLINES_TOP
100
AcDbPolyline
 90
        2
 70
         0
 43
0.03
 10
8.14265
 20
30.5
 10
8.14264
 20
30.5
  0
LWPOLYLINE
  5
728
100
AcDbEntity
  8
ASSEMBLY_OUTLINES_TOP
100
AcDbPolyline
 90
        2
 70
         0
 43
0.03
 10
8.23265
 20
30.5
 10
8.23264
 20
30.5
  0
LWPOLYLINE
  5
729
100
AcDbEntity
  8
ASSEMBLY_OUTLINES_TOP
100
AcDbPolyline
 90
        2
 70
         0
 43
0.03
 10
8.32265
 20
30.5
 10
8.32264
 20
30.5
  0
LWPOLYLINE
  5
72A
100
AcDbEntity
  8
ASSEMBLY_OUTLINES_TOP
100
AcDbPolyline
 90
        2
 70
         0
 43
0.03
 10
8.41265
 20
30.5
 10
8.41264
 20
30.5
  0
LWPOLYLINE
  5
72B
100
AcDbEntity
  8
ASSEMBLY_OUTLINES_TOP
100
AcDbPolyline
 90
        2
 70
         0
 43
0.03
 10
8.50265
 20
30.5
 10
8.50264
 20
30.5
  0
LWPOLYLINE
  5
72C
100
AcDbEntity
  8
ASSEMBLY_OUTLINES_TOP
100
AcDbPolyline
 90
        2
 70
         0
 43
0.03
 10
8.59265
 20
30.5
 10
8.59264
 20
30.5
  0
LWPOLYLINE
  5
72D
100
AcDbEntity
  8
ASSEMBLY_OUTLINES_TOP
100
AcDbPolyline
 90
        2
 70
         0
 43
0.03
 10
8.68265
 20
30.5
 10
8.68264
 20
30.5
  0
LWPOLYLINE
  5
72E
100
AcDbEntity
  8
ASSEMBLY_OUTLINES_TOP
100
AcDbPolyline
 90
        2
 70
         0
 43
0.03
 10
8.77265
 20
30.5
 10
8.77264
 20
30.5
  0
LWPOLYLINE
  5
72F
100
AcDbEntity
  8
ASSEMBLY_OUTLINES_TOP
100
AcDbPolyline
 90
        2
 70
         0
 43
0.03
 10
8.86265
 20
30.5
 10
8.86264
 20
30.5
  0
LWPOLYLINE
  5
730
100
AcDbEntity
  8
ASSEMBLY_OUTLINES_TOP
100
AcDbPolyline
 90
        2
 70
         0
 43
0.03
 10
8.95265
 20
30.5
 10
8.95264
 20
30.5
  0
LWPOLYLINE
  5
731
100
AcDbEntity
  8
ASSEMBLY_OUTLINES_TOP
100
AcDbPolyline
 90
        2
 70
         0
 43
0.03
 10
9.04265
 20
30.5
 10
9.04264
 20
30.5
  0
LWPOLYLINE
  5
732
100
AcDbEntity
  8
ASSEMBLY_OUTLINES_TOP
100
AcDbPolyline
 90
        2
 70
         0
 43
0.03
 10
9.13265
 20
30.5
 10
9.13264
 20
30.5
  0
LWPOLYLINE
  5
733
100
AcDbEntity
  8
ASSEMBLY_OUTLINES_TOP
100
AcDbPolyline
 90
        2
 70
         0
 43
0.03
 10
9.22265
 20
30.5
 10
9.22264
 20
30.5
  0
LWPOLYLINE
  5
734
100
AcDbEntity
  8
ASSEMBLY_OUTLINES_TOP
100
AcDbPolyline
 90
        2
 70
         0
 43
0.03
 10
9.31265
 20
30.5
 10
9.31264
 20
30.5
  0
LWPOLYLINE
  5
735
100
AcDbEntity
  8
ASSEMBLY_OUTLINES_TOP
100
AcDbPolyline
 90
        2
 70
         0
 43
0.03
 10
9.40265
 20
30.5
 10
9.40264
 20
30.5
  0
LWPOLYLINE
  5
736
100
AcDbEntity
  8
ASSEMBLY_OUTLINES_TOP
100
AcDbPolyline
 90
        2
 70
         0
 43
0.03
 10
9.49265
 20
30.5
 10
9.49264
 20
30.5
  0
LWPOLYLINE
  5
737
100
AcDbEntity
  8
ASSEMBLY_OUTLINES_TOP
100
AcDbPolyline
 90
        2
 70
         0
 43
0.03
 10
9.58265
 20
30.5
 10
9.58264
 20
30.5
  0
LWPOLYLINE
  5
738
100
AcDbEntity
  8
ASSEMBLY_OUTLINES_TOP
100
AcDbPolyline
 90
        2
 70
         0
 43
0.03
 10
9.67265
 20
30.5
 10
9.67264
 20
30.5
  0
LWPOLYLINE
  5
739
100
AcDbEntity
  8
ASSEMBLY_OUTLINES_TOP
100
AcDbPolyline
 90
        2
 70
         0
 43
0.03
 10
9.76265
 20
30.5
 10
9.76264
 20
30.5
  0
LWPOLYLINE
  5
73A
100
AcDbEntity
  8
ASSEMBLY_OUTLINES_TOP
100
AcDbPolyline
 90
        2
 70
         0
 43
0.03
 10
9.85265
 20
30.5
 10
9.85264
 20
30.5
  0
LWPOLYLINE
  5
73B
100
AcDbEntity
  8
ASSEMBLY_OUTLINES_TOP
100
AcDbPolyline
 90
        2
 70
         0
 43
0.03
 10
9.94265
 20
30.5
 10
9.94264
 20
30.5
  0
LWPOLYLINE
  5
73C
100
AcDbEntity
  8
ASSEMBLY_OUTLINES_TOP
100
AcDbPolyline
 90
        2
 70
         0
 43
0.03
 10
10.03265
 20
30.5
 10
10.03264
 20
30.5
  0
LWPOLYLINE
  5
73D
100
AcDbEntity
  8
ASSEMBLY_OUTLINES_TOP
100
AcDbPolyline
 90
        2
 70
         0
 43
0.03
 10
10.12265
 20
30.5
 10
10.12264
 20
30.5
  0
LWPOLYLINE
  5
73E
100
AcDbEntity
  8
ASSEMBLY_OUTLINES_TOP
100
AcDbPolyline
 90
        2
 70
         0
 43
0.03
 10
10.21265
 20
30.5
 10
10.21264
 20
30.5
  0
LWPOLYLINE
  5
73F
100
AcDbEntity
  8
ASSEMBLY_OUTLINES_TOP
100
AcDbPolyline
 90
        2
 70
         0
 43
0.03
 10
10.30265
 20
30.5
 10
10.30264
 20
30.5
  0
LWPOLYLINE
  5
740
100
AcDbEntity
  8
ASSEMBLY_OUTLINES_TOP
100
AcDbPolyline
 90
        2
 70
         0
 43
0.03
 10
10.39265
 20
30.5
 10
10.39264
 20
30.5
  0
LWPOLYLINE
  5
741
100
AcDbEntity
  8
ASSEMBLY_OUTLINES_TOP
100
AcDbPolyline
 90
        2
 70
         0
 43
0.03
 10
10.48265
 20
30.5
 10
10.48264
 20
30.5
  0
LWPOLYLINE
  5
742
100
AcDbEntity
  8
ASSEMBLY_OUTLINES_TOP
100
AcDbPolyline
 90
        2
 70
         0
 43
0.03
 10
10.57265
 20
30.5
 10
10.57264
 20
30.5
  0
LWPOLYLINE
  5
743
100
AcDbEntity
  8
ASSEMBLY_OUTLINES_TOP
100
AcDbPolyline
 90
        2
 70
         0
 43
0.03
 10
10.66265
 20
30.5
 10
10.66264
 20
30.5
  0
LWPOLYLINE
  5
744
100
AcDbEntity
  8
ASSEMBLY_OUTLINES_TOP
100
AcDbPolyline
 90
        2
 70
         0
 43
0.03
 10
10.75265
 20
30.5
 10
10.75264
 20
30.5
  0
LWPOLYLINE
  5
745
100
AcDbEntity
  8
ASSEMBLY_OUTLINES_TOP
100
AcDbPolyline
 90
        2
 70
         0
 43
0.03
 10
10.84265
 20
30.5
 10
10.84264
 20
30.5
  0
LWPOLYLINE
  5
746
100
AcDbEntity
  8
ASSEMBLY_OUTLINES_TOP
100
AcDbPolyline
 90
        2
 70
         0
 43
0.03
 10
10.93265
 20
30.5
 10
10.93264
 20
30.5
  0
LWPOLYLINE
  5
747
100
AcDbEntity
  8
ASSEMBLY_OUTLINES_TOP
100
AcDbPolyline
 90
        2
 70
         0
 43
0.03
 10
11.02265
 20
30.5
 10
11.02264
 20
30.5
  0
LWPOLYLINE
  5
748
100
AcDbEntity
  8
ASSEMBLY_OUTLINES_TOP
100
AcDbPolyline
 90
        2
 70
         0
 43
0.03
 10
11.11265
 20
30.5
 10
11.11264
 20
30.5
  0
LWPOLYLINE
  5
749
100
AcDbEntity
  8
ASSEMBLY_OUTLINES_TOP
100
AcDbPolyline
 90
        2
 70
         0
 43
0.03
 10
11.20265
 20
30.5
 10
11.20264
 20
30.5
  0
LWPOLYLINE
  5
74A
100
AcDbEntity
  8
ASSEMBLY_OUTLINES_TOP
100
AcDbPolyline
 90
        2
 70
         0
 43
0.03
 10
11.29265
 20
30.5
 10
11.29264
 20
30.5
  0
LWPOLYLINE
  5
74B
100
AcDbEntity
  8
ASSEMBLY_OUTLINES_TOP
100
AcDbPolyline
 90
        2
 70
         0
 43
0.03
 10
11.38265
 20
30.5
 10
11.38264
 20
30.5
  0
LWPOLYLINE
  5
74C
100
AcDbEntity
  8
ASSEMBLY_OUTLINES_TOP
100
AcDbPolyline
 90
        2
 70
         0
 43
0.03
 10
11.47265
 20
30.5
 10
11.47264
 20
30.5
  0
LWPOLYLINE
  5
74D
100
AcDbEntity
  8
ASSEMBLY_OUTLINES_TOP
100
AcDbPolyline
 90
        2
 70
         0
 43
0.03
 10
11.56265
 20
30.5
 10
11.56264
 20
30.5
  0
LWPOLYLINE
  5
74E
100
AcDbEntity
  8
ASSEMBLY_OUTLINES_TOP
100
AcDbPolyline
 90
        2
 70
         0
 43
0.03
 10
11.65265
 20
30.5
 10
11.65264
 20
30.5
  0
LWPOLYLINE
  5
74F
100
AcDbEntity
  8
ASSEMBLY_OUTLINES_TOP
100
AcDbPolyline
 90
        2
 70
         0
 43
0.03
 10
11.74265
 20
30.5
 10
11.74264
 20
30.5
  0
LWPOLYLINE
  5
750
100
AcDbEntity
  8
ASSEMBLY_OUTLINES_TOP
100
AcDbPolyline
 90
        2
 70
         0
 43
0.03
 10
11.83265
 20
30.5
 10
11.83264
 20
30.5
  0
LWPOLYLINE
  5
751
100
AcDbEntity
  8
ASSEMBLY_OUTLINES_TOP
100
AcDbPolyline
 90
        2
 70
         0
 43
0.03
 10
11.92265
 20
30.5
 10
11.92264
 20
30.5
  0
LWPOLYLINE
  5
752
100
AcDbEntity
  8
ASSEMBLY_OUTLINES_TOP
100
AcDbPolyline
 90
        2
 70
         0
 43
0.03
 10
12.01265
 20
30.5
 10
12.01264
 20
30.5
  0
LWPOLYLINE
  5
753
100
AcDbEntity
  8
ASSEMBLY_OUTLINES_TOP
100
AcDbPolyline
 90
        2
 70
         0
 43
0.03
 10
12.10265
 20
30.5
 10
12.10264
 20
30.5
  0
LWPOLYLINE
  5
754
100
AcDbEntity
  8
ASSEMBLY_OUTLINES_TOP
100
AcDbPolyline
 90
        2
 70
         0
 43
0.03
 10
12.19265
 20
30.5
 10
12.19264
 20
30.5
  0
LWPOLYLINE
  5
755
100
AcDbEntity
  8
ASSEMBLY_OUTLINES_TOP
100
AcDbPolyline
 90
        2
 70
         0
 43
0.03
 10
12.28265
 20
30.5
 10
12.28264
 20
30.5
  0
LWPOLYLINE
  5
756
100
AcDbEntity
  8
ASSEMBLY_OUTLINES_TOP
100
AcDbPolyline
 90
        2
 70
         0
 43
0.03
 10
12.37265
 20
30.5
 10
12.37264
 20
30.5
  0
LWPOLYLINE
  5
757
100
AcDbEntity
  8
ASSEMBLY_OUTLINES_TOP
100
AcDbPolyline
 90
        2
 70
         0
 43
0.03
 10
12.46265
 20
30.5
 10
12.46264
 20
30.5
  0
LWPOLYLINE
  5
758
100
AcDbEntity
  8
ASSEMBLY_OUTLINES_TOP
100
AcDbPolyline
 90
        2
 70
         0
 43
0.03
 10
12.55265
 20
30.5
 10
12.55264
 20
30.5
  0
LWPOLYLINE
  5
759
100
AcDbEntity
  8
ASSEMBLY_OUTLINES_TOP
100
AcDbPolyline
 90
        2
 70
         0
 43
0.03
 10
12.64265
 20
30.5
 10
12.64264
 20
30.5
  0
LWPOLYLINE
  5
75A
100
AcDbEntity
  8
ASSEMBLY_OUTLINES_TOP
100
AcDbPolyline
 90
        2
 70
         0
 43
0.03
 10
12.73265
 20
30.5
 10
12.73264
 20
30.5
  0
LWPOLYLINE
  5
75B
100
AcDbEntity
  8
ASSEMBLY_OUTLINES_TOP
100
AcDbPolyline
 90
        2
 70
         0
 43
0.03
 10
12.82265
 20
30.5
 10
12.82264
 20
30.5
  0
LWPOLYLINE
  5
75C
100
AcDbEntity
  8
ASSEMBLY_OUTLINES_TOP
100
AcDbPolyline
 90
        2
 70
         0
 43
0.03
 10
12.91265
 20
30.5
 10
12.91264
 20
30.5
  0
LWPOLYLINE
  5
75D
100
AcDbEntity
  8
ASSEMBLY_OUTLINES_TOP
100
AcDbPolyline
 90
        2
 70
         0
 43
0.03
 10
13.00265
 20
30.5
 10
13.00264
 20
30.5
  0
LWPOLYLINE
  5
75E
100
AcDbEntity
  8
ASSEMBLY_OUTLINES_TOP
100
AcDbPolyline
 90
        2
 70
         0
 43
0.03
 10
13.09265
 20
30.5
 10
13.09264
 20
30.5
  0
LWPOLYLINE
  5
75F
100
AcDbEntity
  8
ASSEMBLY_OUTLINES_TOP
100
AcDbPolyline
 90
        2
 70
         0
 43
0.03
 10
13.18265
 20
30.5
 10
13.18264
 20
30.5
  0
LWPOLYLINE
  5
760
100
AcDbEntity
  8
ASSEMBLY_OUTLINES_TOP
100
AcDbPolyline
 90
        2
 70
         0
 43
0.03
 10
13.27265
 20
30.5
 10
13.27264
 20
30.5
  0
LWPOLYLINE
  5
761
100
AcDbEntity
  8
ASSEMBLY_OUTLINES_TOP
100
AcDbPolyline
 90
        2
 70
         0
 43
0.03
 10
13.36265
 20
30.5
 10
13.36264
 20
30.5
  0
LWPOLYLINE
  5
762
100
AcDbEntity
  8
ASSEMBLY_OUTLINES_TOP
100
AcDbPolyline
 90
        2
 70
         0
 43
0.03
 10
13.45265
 20
30.5
 10
13.45264
 20
30.5
  0
LWPOLYLINE
  5
763
100
AcDbEntity
  8
ASSEMBLY_OUTLINES_TOP
100
AcDbPolyline
 90
        2
 70
         0
 43
0.03
 10
13.54265
 20
30.5
 10
13.54264
 20
30.5
  0
LWPOLYLINE
  5
764
100
AcDbEntity
  8
ASSEMBLY_OUTLINES_TOP
100
AcDbPolyline
 90
        2
 70
         0
 43
0.03
 10
13.63265
 20
30.5
 10
13.63264
 20
30.5
  0
LWPOLYLINE
  5
765
100
AcDbEntity
  8
ASSEMBLY_OUTLINES_TOP
100
AcDbPolyline
 90
        2
 70
         0
 43
0.03
 10
13.72265
 20
30.5
 10
13.72264
 20
30.5
  0
LWPOLYLINE
  5
766
100
AcDbEntity
  8
ASSEMBLY_OUTLINES_TOP
100
AcDbPolyline
 90
        2
 70
         0
 43
0.03
 10
13.81265
 20
30.5
 10
13.81264
 20
30.5
  0
LWPOLYLINE
  5
767
100
AcDbEntity
  8
ASSEMBLY_OUTLINES_TOP
100
AcDbPolyline
 90
        2
 70
         0
 43
0.03
 10
13.90265
 20
30.5
 10
13.90264
 20
30.5
  0
LWPOLYLINE
  5
768
100
AcDbEntity
  8
ASSEMBLY_OUTLINES_TOP
100
AcDbPolyline
 90
        2
 70
         0
 43
0.03
 10
13.99265
 20
30.5
 10
13.99264
 20
30.5
  0
LWPOLYLINE
  5
769
100
AcDbEntity
  8
ASSEMBLY_OUTLINES_TOP
100
AcDbPolyline
 90
        2
 70
         0
 43
0.03
 10
14.08265
 20
30.5
 10
14.08264
 20
30.5
  0
LWPOLYLINE
  5
76A
100
AcDbEntity
  8
ASSEMBLY_OUTLINES_TOP
100
AcDbPolyline
 90
        2
 70
         0
 43
0.03
 10
14.17265
 20
30.5
 10
14.17264
 20
30.5
  0
LWPOLYLINE
  5
76B
100
AcDbEntity
  8
ASSEMBLY_OUTLINES_TOP
100
AcDbPolyline
 90
        2
 70
         0
 43
0.03
 10
14.26265
 20
30.5
 10
14.26264
 20
30.5
  0
LWPOLYLINE
  5
76C
100
AcDbEntity
  8
ASSEMBLY_OUTLINES_TOP
100
AcDbPolyline
 90
        2
 70
         0
 43
0.03
 10
14.35265
 20
30.5
 10
14.35264
 20
30.5
  0
LWPOLYLINE
  5
76D
100
AcDbEntity
  8
ASSEMBLY_OUTLINES_TOP
100
AcDbPolyline
 90
        2
 70
         0
 43
0.03
 10
14.44265
 20
30.5
 10
14.44264
 20
30.5
  0
LWPOLYLINE
  5
76E
100
AcDbEntity
  8
ASSEMBLY_OUTLINES_TOP
100
AcDbPolyline
 90
        2
 70
         0
 43
0.03
 10
14.53265
 20
30.5
 10
14.53264
 20
30.5
  0
LWPOLYLINE
  5
76F
100
AcDbEntity
  8
ASSEMBLY_OUTLINES_TOP
100
AcDbPolyline
 90
        2
 70
         0
 43
0.03
 10
14.62265
 20
30.5
 10
14.62264
 20
30.5
  0
LWPOLYLINE
  5
770
100
AcDbEntity
  8
ASSEMBLY_OUTLINES_TOP
100
AcDbPolyline
 90
        2
 70
         0
 43
0.03
 10
14.71265
 20
30.5
 10
14.71264
 20
30.5
  0
LWPOLYLINE
  5
771
100
AcDbEntity
  8
ASSEMBLY_OUTLINES_TOP
100
AcDbPolyline
 90
        2
 70
         0
 43
0.03
 10
14.80265
 20
30.5
 10
14.80264
 20
30.5
  0
LWPOLYLINE
  5
772
100
AcDbEntity
  8
ASSEMBLY_OUTLINES_TOP
100
AcDbPolyline
 90
        2
 70
         0
 43
0.03
 10
14.89265
 20
30.5
 10
14.89264
 20
30.5
  0
LWPOLYLINE
  5
773
100
AcDbEntity
  8
ASSEMBLY_OUTLINES_TOP
100
AcDbPolyline
 90
        2
 70
         0
 43
0.03
 10
14.98265
 20
30.5
 10
14.98264
 20
30.5
  0
LWPOLYLINE
  5
774
100
AcDbEntity
  8
ASSEMBLY_OUTLINES_TOP
100
AcDbPolyline
 90
        2
 70
         0
 43
0.03
 10
15.07265
 20
30.5
 10
15.07264
 20
30.5
  0
LWPOLYLINE
  5
775
100
AcDbEntity
  8
ASSEMBLY_OUTLINES_TOP
100
AcDbPolyline
 90
        2
 70
         0
 43
0.03
 10
15.16265
 20
30.5
 10
15.16264
 20
30.5
  0
LWPOLYLINE
  5
776
100
AcDbEntity
  8
ASSEMBLY_OUTLINES_TOP
100
AcDbPolyline
 90
        2
 70
         0
 43
0.03
 10
15.25265
 20
30.5
 10
15.25264
 20
30.5
  0
LWPOLYLINE
  5
777
100
AcDbEntity
  8
ASSEMBLY_OUTLINES_TOP
100
AcDbPolyline
 90
        2
 70
         0
 43
0.03
 10
15.34265
 20
30.5
 10
15.34264
 20
30.5
  0
LWPOLYLINE
  5
778
100
AcDbEntity
  8
ASSEMBLY_OUTLINES_TOP
100
AcDbPolyline
 90
        2
 70
         0
 43
0.03
 10
15.43265
 20
30.5
 10
15.43264
 20
30.5
  0
LWPOLYLINE
  5
779
100
AcDbEntity
  8
ASSEMBLY_OUTLINES_TOP
100
AcDbPolyline
 90
        2
 70
         0
 43
0.03
 10
15.52265
 20
30.5
 10
15.52264
 20
30.5
  0
LWPOLYLINE
  5
77A
100
AcDbEntity
  8
ASSEMBLY_OUTLINES_TOP
100
AcDbPolyline
 90
        2
 70
         0
 43
0.03
 10
15.61265
 20
30.5
 10
15.61264
 20
30.5
  0
LWPOLYLINE
  5
77B
100
AcDbEntity
  8
ASSEMBLY_OUTLINES_TOP
100
AcDbPolyline
 90
        2
 70
         0
 43
0.03
 10
15.70265
 20
30.5
 10
15.70264
 20
30.5
  0
LWPOLYLINE
  5
77C
100
AcDbEntity
  8
ASSEMBLY_OUTLINES_TOP
100
AcDbPolyline
 90
        2
 70
         0
 43
0.03
 10
15.79265
 20
30.5
 10
15.79264
 20
30.5
  0
LWPOLYLINE
  5
77D
100
AcDbEntity
  8
ASSEMBLY_OUTLINES_TOP
100
AcDbPolyline
 90
        2
 70
         0
 43
0.03
 10
15.88265
 20
30.5
 10
15.88264
 20
30.5
  0
LWPOLYLINE
  5
77E
100
AcDbEntity
  8
ASSEMBLY_OUTLINES_TOP
100
AcDbPolyline
 90
        2
 70
         0
 43
0.03
 10
15.97265
 20
30.5
 10
15.97264
 20
30.5
  0
LWPOLYLINE
  5
77F
100
AcDbEntity
  8
ASSEMBLY_OUTLINES_TOP
100
AcDbPolyline
 90
        2
 70
         0
 43
0.03
 10
16.06265
 20
30.5
 10
16.06264
 20
30.5
  0
LWPOLYLINE
  5
780
100
AcDbEntity
  8
ASSEMBLY_OUTLINES_TOP
100
AcDbPolyline
 90
        2
 70
         0
 43
0.03
 10
16.15265
 20
30.5
 10
16.15264
 20
30.5
  0
LWPOLYLINE
  5
781
100
AcDbEntity
  8
ASSEMBLY_OUTLINES_TOP
100
AcDbPolyline
 90
        2
 70
         0
 43
0.03
 10
16.24265
 20
30.5
 10
16.24264
 20
30.5
  0
LWPOLYLINE
  5
782
100
AcDbEntity
  8
ASSEMBLY_OUTLINES_TOP
100
AcDbPolyline
 90
        2
 70
         0
 43
0.03
 10
16.33265
 20
30.5
 10
16.33264
 20
30.5
  0
LWPOLYLINE
  5
783
100
AcDbEntity
  8
ASSEMBLY_OUTLINES_TOP
100
AcDbPolyline
 90
        2
 70
         0
 43
0.03
 10
16.42265
 20
30.5
 10
16.42264
 20
30.5
  0
LWPOLYLINE
  5
784
100
AcDbEntity
  8
ASSEMBLY_OUTLINES_TOP
100
AcDbPolyline
 90
        2
 70
         0
 43
0.03
 10
16.51265
 20
30.5
 10
16.51264
 20
30.5
  0
LWPOLYLINE
  5
785
100
AcDbEntity
  8
ASSEMBLY_OUTLINES_TOP
100
AcDbPolyline
 90
        2
 70
         0
 43
0.03
 10
16.60265
 20
30.5
 10
16.60264
 20
30.5
  0
LWPOLYLINE
  5
786
100
AcDbEntity
  8
ASSEMBLY_OUTLINES_TOP
100
AcDbPolyline
 90
        2
 70
         0
 43
0.03
 10
16.69265
 20
30.5
 10
16.69264
 20
30.5
  0
LWPOLYLINE
  5
787
100
AcDbEntity
  8
ASSEMBLY_OUTLINES_TOP
100
AcDbPolyline
 90
        2
 70
         0
 43
0.03
 10
16.78265
 20
30.5
 10
16.78264
 20
30.5
  0
LWPOLYLINE
  5
788
100
AcDbEntity
  8
ASSEMBLY_OUTLINES_TOP
100
AcDbPolyline
 90
        2
 70
         0
 43
0.03
 10
16.87265
 20
30.5
 10
16.87264
 20
30.5
  0
LWPOLYLINE
  5
789
100
AcDbEntity
  8
ASSEMBLY_OUTLINES_TOP
100
AcDbPolyline
 90
        2
 70
         0
 43
0.03
 10
16.96265
 20
30.5
 10
16.96264
 20
30.5
  0
LWPOLYLINE
  5
78A
100
AcDbEntity
  8
ASSEMBLY_OUTLINES_TOP
100
AcDbPolyline
 90
        2
 70
         0
 43
0.03
 10
17.05265
 20
30.5
 10
17.05264
 20
30.5
  0
LWPOLYLINE
  5
78B
100
AcDbEntity
  8
ASSEMBLY_OUTLINES_TOP
100
AcDbPolyline
 90
        2
 70
         0
 43
0.03
 10
17.14265
 20
30.5
 10
17.14264
 20
30.5
  0
LWPOLYLINE
  5
78C
100
AcDbEntity
  8
ASSEMBLY_OUTLINES_TOP
100
AcDbPolyline
 90
        2
 70
         0
 43
0.03
 10
17.23265
 20
30.5
 10
17.23264
 20
30.5
  0
LWPOLYLINE
  5
78D
100
AcDbEntity
  8
ASSEMBLY_OUTLINES_TOP
100
AcDbPolyline
 90
        2
 70
         0
 43
0.03
 10
17.32265
 20
30.5
 10
17.32264
 20
30.5
  0
LWPOLYLINE
  5
78E
100
AcDbEntity
  8
ASSEMBLY_OUTLINES_TOP
100
AcDbPolyline
 90
        2
 70
         0
 43
0.03
 10
17.41265
 20
30.5
 10
17.41264
 20
30.5
  0
LWPOLYLINE
  5
78F
100
AcDbEntity
  8
ASSEMBLY_OUTLINES_TOP
100
AcDbPolyline
 90
        2
 70
         0
 43
0.03
 10
17.50265
 20
30.5
 10
17.50264
 20
30.5
  0
LWPOLYLINE
  5
790
100
AcDbEntity
  8
ASSEMBLY_OUTLINES_TOP
100
AcDbPolyline
 90
        2
 70
         0
 43
0.03
 10
17.59265
 20
30.5
 10
17.59264
 20
30.5
  0
LWPOLYLINE
  5
791
100
AcDbEntity
  8
ASSEMBLY_OUTLINES_TOP
100
AcDbPolyline
 90
        2
 70
         0
 43
0.03
 10
17.68265
 20
30.5
 10
17.68264
 20
30.5
  0
LWPOLYLINE
  5
792
100
AcDbEntity
  8
ASSEMBLY_OUTLINES_TOP
100
AcDbPolyline
 90
        2
 70
         0
 43
0.03
 10
17.77265
 20
30.5
 10
17.77264
 20
30.5
  0
LWPOLYLINE
  5
793
100
AcDbEntity
  8
ASSEMBLY_OUTLINES_TOP
100
AcDbPolyline
 90
        2
 70
         0
 43
0.03
 10
17.86265
 20
30.5
 10
17.86264
 20
30.5
  0
LWPOLYLINE
  5
794
100
AcDbEntity
  8
ASSEMBLY_OUTLINES_TOP
100
AcDbPolyline
 90
        2
 70
         0
 43
0.03
 10
17.95265
 20
30.5
 10
17.95264
 20
30.5
  0
LWPOLYLINE
  5
795
100
AcDbEntity
  8
ASSEMBLY_OUTLINES_TOP
100
AcDbPolyline
 90
        2
 70
         0
 43
0.03
 10
18.04265
 20
30.5
 10
18.04264
 20
30.5
  0
LWPOLYLINE
  5
796
100
AcDbEntity
  8
ASSEMBLY_OUTLINES_TOP
100
AcDbPolyline
 90
        2
 70
         0
 43
0.03
 10
18.13265
 20
30.5
 10
18.13264
 20
30.5
  0
LWPOLYLINE
  5
797
100
AcDbEntity
  8
ASSEMBLY_OUTLINES_TOP
100
AcDbPolyline
 90
        2
 70
         0
 43
0.03
 10
18.22265
 20
30.5
 10
18.22264
 20
30.5
  0
LWPOLYLINE
  5
798
100
AcDbEntity
  8
ASSEMBLY_OUTLINES_TOP
100
AcDbPolyline
 90
        2
 70
         0
 43
0.03
 10
18.31265
 20
30.5
 10
18.31264
 20
30.5
  0
LWPOLYLINE
  5
799
100
AcDbEntity
  8
ASSEMBLY_OUTLINES_TOP
100
AcDbPolyline
 90
        2
 70
         0
 43
0.03
 10
18.40265
 20
30.5
 10
18.40264
 20
30.5
  0
LWPOLYLINE
  5
79A
100
AcDbEntity
  8
ASSEMBLY_OUTLINES_TOP
100
AcDbPolyline
 90
        2
 70
         0
 43
0.03
 10
18.49265
 20
30.5
 10
18.49264
 20
30.5
  0
LWPOLYLINE
  5
79B
100
AcDbEntity
  8
ASSEMBLY_OUTLINES_TOP
100
AcDbPolyline
 90
        2
 70
         0
 43
0.03
 10
18.58265
 20
30.5
 10
18.58264
 20
30.5
  0
LWPOLYLINE
  5
79C
100
AcDbEntity
  8
ASSEMBLY_OUTLINES_TOP
100
AcDbPolyline
 90
        2
 70
         0
 43
0.03
 10
18.67265
 20
30.5
 10
18.67264
 20
30.5
  0
LWPOLYLINE
  5
79D
100
AcDbEntity
  8
ASSEMBLY_OUTLINES_TOP
100
AcDbPolyline
 90
        2
 70
         0
 43
0.03
 10
18.76265
 20
30.5
 10
18.76264
 20
30.5
  0
LWPOLYLINE
  5
79E
100
AcDbEntity
  8
ASSEMBLY_OUTLINES_TOP
100
AcDbPolyline
 90
        2
 70
         0
 43
0.03
 10
18.85265
 20
30.5
 10
18.85264
 20
30.5
  0
LWPOLYLINE
  5
79F
100
AcDbEntity
  8
ASSEMBLY_OUTLINES_TOP
100
AcDbPolyline
 90
        2
 70
         0
 43
0.03
 10
18.94265
 20
30.5
 10
18.94264
 20
30.5
  0
LWPOLYLINE
  5
7A0
100
AcDbEntity
  8
ASSEMBLY_OUTLINES_TOP
100
AcDbPolyline
 90
        2
 70
         0
 43
0.03
 10
19.03265
 20
30.5
 10
19.03264
 20
30.5
  0
LWPOLYLINE
  5
7A1
100
AcDbEntity
  8
ASSEMBLY_OUTLINES_TOP
100
AcDbPolyline
 90
        2
 70
         0
 43
0.03
 10
19.12265
 20
30.5
 10
19.12264
 20
30.5
  0
LWPOLYLINE
  5
7A2
100
AcDbEntity
  8
ASSEMBLY_OUTLINES_TOP
100
AcDbPolyline
 90
        2
 70
         0
 43
0.03
 10
19.21265
 20
30.5
 10
19.21264
 20
30.5
  0
LWPOLYLINE
  5
7A3
100
AcDbEntity
  8
ASSEMBLY_OUTLINES_TOP
100
AcDbPolyline
 90
        2
 70
         0
 43
0.03
 10
19.30265
 20
30.5
 10
19.30264
 20
30.5
  0
LWPOLYLINE
  5
7A4
100
AcDbEntity
  8
ASSEMBLY_OUTLINES_TOP
100
AcDbPolyline
 90
        2
 70
         0
 43
0.03
 10
19.39265
 20
30.5
 10
19.39264
 20
30.5
  0
LWPOLYLINE
  5
7A5
100
AcDbEntity
  8
ASSEMBLY_OUTLINES_TOP
100
AcDbPolyline
 90
        2
 70
         0
 43
0.03
 10
19.48265
 20
30.5
 10
19.48264
 20
30.5
  0
LWPOLYLINE
  5
7A6
100
AcDbEntity
  8
ASSEMBLY_OUTLINES_TOP
100
AcDbPolyline
 90
        2
 70
         0
 43
0.03
 10
19.57265
 20
30.5
 10
19.57264
 20
30.5
  0
LWPOLYLINE
  5
7A7
100
AcDbEntity
  8
ASSEMBLY_OUTLINES_TOP
100
AcDbPolyline
 90
        2
 70
         0
 43
0.03
 10
19.66265
 20
30.5
 10
19.66264
 20
30.5
  0
LWPOLYLINE
  5
7A8
100
AcDbEntity
  8
ASSEMBLY_OUTLINES_TOP
100
AcDbPolyline
 90
        2
 70
         0
 43
0.03
 10
19.75265
 20
30.5
 10
19.75264
 20
30.5
  0
LWPOLYLINE
  5
7A9
100
AcDbEntity
  8
ASSEMBLY_OUTLINES_TOP
100
AcDbPolyline
 90
        2
 70
         0
 43
0.03
 10
-19.75735
 20
30.5
 10
-19.75736
 20
30.5
  0
LWPOLYLINE
  5
7AA
100
AcDbEntity
  8
ASSEMBLY_OUTLINES_TOP
100
AcDbPolyline
 90
        2
 70
         0
 43
0.03
 10
-19.75735
 20
30.5
 10
-19.75736
 20
30.5
  0
LWPOLYLINE
  5
7AB
100
AcDbEntity
  8
ASSEMBLY_OUTLINES_TOP
100
AcDbPolyline
 90
        2
 70
         0
 43
0.03
 10
-19.847336
 20
30.49865
 10
-19.847346
 20
30.49865
  0
LWPOLYLINE
  5
7AC
100
AcDbEntity
  8
ASSEMBLY_OUTLINES_TOP
100
AcDbPolyline
 90
        2
 70
         0
 43
0.03
 10
-19.847336
 20
30.49865
 10
-19.847346
 20
30.49865
  0
LWPOLYLINE
  5
7AD
100
AcDbEntity
  8
ASSEMBLY_OUTLINES_TOP
100
AcDbPolyline
 90
        2
 70
         0
 43
0.03
 10
-19.937242
 20
30.494601
 10
-19.937252
 20
30.494601
  0
LWPOLYLINE
  5
7AE
100
AcDbEntity
  8
ASSEMBLY_OUTLINES_TOP
100
AcDbPolyline
 90
        2
 70
         0
 43
0.03
 10
-19.937242
 20
30.494601
 10
-19.937252
 20
30.494601
  0
LWPOLYLINE
  5
7AF
100
AcDbEntity
  8
ASSEMBLY_OUTLINES_TOP
100
AcDbPolyline
 90
        2
 70
         0
 43
0.03
 10
-20.026985
 20
30.487858
 10
-20.026995
 20
30.487858
  0
LWPOLYLINE
  5
7B0
100
AcDbEntity
  8
ASSEMBLY_OUTLINES_TOP
100
AcDbPolyline
 90
        2
 70
         0
 43
0.03
 10
-20.026985
 20
30.487858
 10
-20.026995
 20
30.487858
  0
LWPOLYLINE
  5
7B1
100
AcDbEntity
  8
ASSEMBLY_OUTLINES_TOP
100
AcDbPolyline
 90
        2
 70
         0
 43
0.03
 10
-20.116486
 20
30.478425
 10
-20.116496
 20
30.478425
  0
LWPOLYLINE
  5
7B2
100
AcDbEntity
  8
ASSEMBLY_OUTLINES_TOP
100
AcDbPolyline
 90
        2
 70
         0
 43
0.03
 10
-20.116486
 20
30.478425
 10
-20.116496
 20
30.478425
  0
LWPOLYLINE
  5
7B3
100
AcDbEntity
  8
ASSEMBLY_OUTLINES_TOP
100
AcDbPolyline
 90
        2
 70
         0
 43
0.03
 10
-20.205664
 20
30.466313
 10
-20.205674
 20
30.466313
  0
LWPOLYLINE
  5
7B4
100
AcDbEntity
  8
ASSEMBLY_OUTLINES_TOP
100
AcDbPolyline
 90
        2
 70
         0
 43
0.03
 10
-20.205664
 20
30.466313
 10
-20.205674
 20
30.466313
  0
LWPOLYLINE
  5
7B5
100
AcDbEntity
  8
ASSEMBLY_OUTLINES_TOP
100
AcDbPolyline
 90
        2
 70
         0
 43
0.03
 10
-20.294438
 20
30.451531
 10
-20.294448
 20
30.451531
  0
LWPOLYLINE
  5
7B6
100
AcDbEntity
  8
ASSEMBLY_OUTLINES_TOP
100
AcDbPolyline
 90
        2
 70
         0
 43
0.03
 10
-20.294438
 20
30.451531
 10
-20.294448
 20
30.451531
  0
LWPOLYLINE
  5
7B7
100
AcDbEntity
  8
ASSEMBLY_OUTLINES_TOP
100
AcDbPolyline
 90
        2
 70
         0
 43
0.03
 10
-20.382729
 20
30.434092
 10
-20.382739
 20
30.434092
  0
LWPOLYLINE
  5
7B8
100
AcDbEntity
  8
ASSEMBLY_OUTLINES_TOP
100
AcDbPolyline
 90
        2
 70
         0
 43
0.03
 10
-20.382729
 20
30.434092
 10
-20.382739
 20
30.434092
  0
LWPOLYLINE
  5
7B9
100
AcDbEntity
  8
ASSEMBLY_OUTLINES_TOP
100
AcDbPolyline
 90
        2
 70
         0
 43
0.03
 10
-20.470457
 20
30.414013
 10
-20.470467
 20
30.414013
  0
LWPOLYLINE
  5
7BA
100
AcDbEntity
  8
ASSEMBLY_OUTLINES_TOP
100
AcDbPolyline
 90
        2
 70
         0
 43
0.03
 10
-20.470457
 20
30.414013
 10
-20.470467
 20
30.414013
  0
LWPOLYLINE
  5
7BB
100
AcDbEntity
  8
ASSEMBLY_OUTLINES_TOP
100
AcDbPolyline
 90
        2
 70
         0
 43
0.03
 10
-20.557544
 20
30.391312
 10
-20.557554
 20
30.391312
  0
LWPOLYLINE
  5
7BC
100
AcDbEntity
  8
ASSEMBLY_OUTLINES_TOP
100
AcDbPolyline
 90
        2
 70
         0
 43
0.03
 10
-20.557544
 20
30.391312
 10
-20.557554
 20
30.391312
  0
LWPOLYLINE
  5
7BD
100
AcDbEntity
  8
ASSEMBLY_OUTLINES_TOP
100
AcDbPolyline
 90
        2
 70
         0
 43
0.03
 10
-20.64391
 20
30.366009
 10
-20.64392
 20
30.366009
  0
LWPOLYLINE
  5
7BE
100
AcDbEntity
  8
ASSEMBLY_OUTLINES_TOP
100
AcDbPolyline
 90
        2
 70
         0
 43
0.03
 10
-20.64391
 20
30.366009
 10
-20.64392
 20
30.366009
  0
LWPOLYLINE
  5
7BF
100
AcDbEntity
  8
ASSEMBLY_OUTLINES_TOP
100
AcDbPolyline
 90
        2
 70
         0
 43
0.03
 10
-20.729479
 20
30.338127
 10
-20.729489
 20
30.338127
  0
LWPOLYLINE
  5
7C0
100
AcDbEntity
  8
ASSEMBLY_OUTLINES_TOP
100
AcDbPolyline
 90
        2
 70
         0
 43
0.03
 10
-20.729479
 20
30.338127
 10
-20.729489
 20
30.338127
  0
LWPOLYLINE
  5
7C1
100
AcDbEntity
  8
ASSEMBLY_OUTLINES_TOP
100
AcDbPolyline
 90
        2
 70
         0
 43
0.03
 10
-20.814172
 20
30.30769
 10
-20.814182
 20
30.30769
  0
LWPOLYLINE
  5
7C2
100
AcDbEntity
  8
ASSEMBLY_OUTLINES_TOP
100
AcDbPolyline
 90
        2
 70
         0
 43
0.03
 10
-20.814172
 20
30.30769
 10
-20.814182
 20
30.30769
  0
LWPOLYLINE
  5
7C3
100
AcDbEntity
  8
ASSEMBLY_OUTLINES_TOP
100
AcDbPolyline
 90
        2
 70
         0
 43
0.03
 10
-20.897915
 20
30.274727
 10
-20.897925
 20
30.274727
  0
LWPOLYLINE
  5
7C4
100
AcDbEntity
  8
ASSEMBLY_OUTLINES_TOP
100
AcDbPolyline
 90
        2
 70
         0
 43
0.03
 10
-20.897915
 20
30.274727
 10
-20.897925
 20
30.274727
  0
LWPOLYLINE
  5
7C5
100
AcDbEntity
  8
ASSEMBLY_OUTLINES_TOP
100
AcDbPolyline
 90
        2
 70
         0
 43
0.03
 10
-20.980631
 20
30.239266
 10
-20.980641
 20
30.239266
  0
LWPOLYLINE
  5
7C6
100
AcDbEntity
  8
ASSEMBLY_OUTLINES_TOP
100
AcDbPolyline
 90
        2
 70
         0
 43
0.03
 10
-20.980631
 20
30.239266
 10
-20.980641
 20
30.239266
  0
LWPOLYLINE
  5
7C7
100
AcDbEntity
  8
ASSEMBLY_OUTLINES_TOP
100
AcDbPolyline
 90
        2
 70
         0
 43
0.03
 10
-21.062246
 20
30.201341
 10
-21.062256
 20
30.201341
  0
LWPOLYLINE
  5
7C8
100
AcDbEntity
  8
ASSEMBLY_OUTLINES_TOP
100
AcDbPolyline
 90
        2
 70
         0
 43
0.03
 10
-21.062246
 20
30.201341
 10
-21.062256
 20
30.201341
  0
LWPOLYLINE
  5
7C9
100
AcDbEntity
  8
ASSEMBLY_OUTLINES_TOP
100
AcDbPolyline
 90
        2
 70
         0
 43
0.03
 10
-21.142687
 20
30.160984
 10
-21.142697
 20
30.160984
  0
LWPOLYLINE
  5
7CA
100
AcDbEntity
  8
ASSEMBLY_OUTLINES_TOP
100
AcDbPolyline
 90
        2
 70
         0
 43
0.03
 10
-21.142687
 20
30.160984
 10
-21.142697
 20
30.160984
  0
LWPOLYLINE
  5
7CB
100
AcDbEntity
  8
ASSEMBLY_OUTLINES_TOP
100
AcDbPolyline
 90
        2
 70
         0
 43
0.03
 10
-21.221881
 20
30.118233
 10
-21.221891
 20
30.118233
  0
LWPOLYLINE
  5
7CC
100
AcDbEntity
  8
ASSEMBLY_OUTLINES_TOP
100
AcDbPolyline
 90
        2
 70
         0
 43
0.03
 10
-21.221881
 20
30.118233
 10
-21.221891
 20
30.118233
  0
LWPOLYLINE
  5
7CD
100
AcDbEntity
  8
ASSEMBLY_OUTLINES_TOP
100
AcDbPolyline
 90
        2
 70
         0
 43
0.03
 10
-21.299757
 20
30.073126
 10
-21.299767
 20
30.073126
  0
LWPOLYLINE
  5
7CE
100
AcDbEntity
  8
ASSEMBLY_OUTLINES_TOP
100
AcDbPolyline
 90
        2
 70
         0
 43
0.03
 10
-21.299757
 20
30.073126
 10
-21.299767
 20
30.073126
  0
LWPOLYLINE
  5
7CF
100
AcDbEntity
  8
ASSEMBLY_OUTLINES_TOP
100
AcDbPolyline
 90
        2
 70
         0
 43
0.03
 10
-21.376246
 20
30.025702
 10
-21.376256
 20
30.025702
  0
LWPOLYLINE
  5
7D0
100
AcDbEntity
  8
ASSEMBLY_OUTLINES_TOP
100
AcDbPolyline
 90
        2
 70
         0
 43
0.03
 10
-21.376246
 20
30.025702
 10
-21.376256
 20
30.025702
  0
LWPOLYLINE
  5
7D1
100
AcDbEntity
  8
ASSEMBLY_OUTLINES_TOP
100
AcDbPolyline
 90
        2
 70
         0
 43
0.03
 10
-21.451277
 20
29.976006
 10
-21.451287
 20
29.976006
  0
LWPOLYLINE
  5
7D2
100
AcDbEntity
  8
ASSEMBLY_OUTLINES_TOP
100
AcDbPolyline
 90
        2
 70
         0
 43
0.03
 10
-21.451277
 20
29.976006
 10
-21.451287
 20
29.976006
  0
LWPOLYLINE
  5
7D3
100
AcDbEntity
  8
ASSEMBLY_OUTLINES_TOP
100
AcDbPolyline
 90
        2
 70
         0
 43
0.03
 10
-21.524784
 20
29.924082
 10
-21.524794
 20
29.924082
  0
LWPOLYLINE
  5
7D4
100
AcDbEntity
  8
ASSEMBLY_OUTLINES_TOP
100
AcDbPolyline
 90
        2
 70
         0
 43
0.03
 10
-21.524784
 20
29.924082
 10
-21.524794
 20
29.924082
  0
LWPOLYLINE
  5
7D5
100
AcDbEntity
  8
ASSEMBLY_OUTLINES_TOP
100
AcDbPolyline
 90
        2
 70
         0
 43
0.03
 10
-21.5967
 20
29.869976
 10
-21.59671
 20
29.869976
  0
LWPOLYLINE
  5
7D6
100
AcDbEntity
  8
ASSEMBLY_OUTLINES_TOP
100
AcDbPolyline
 90
        2
 70
         0
 43
0.03
 10
-21.5967
 20
29.869976
 10
-21.59671
 20
29.869976
  0
LWPOLYLINE
  5
7D7
100
AcDbEntity
  8
ASSEMBLY_OUTLINES_TOP
100
AcDbPolyline
 90
        2
 70
         0
 43
0.03
 10
-21.666961
 20
29.813738
 10
-21.666971
 20
29.813738
  0
LWPOLYLINE
  5
7D8
100
AcDbEntity
  8
ASSEMBLY_OUTLINES_TOP
100
AcDbPolyline
 90
        2
 70
         0
 43
0.03
 10
-21.666961
 20
29.813738
 10
-21.666971
 20
29.813738
  0
LWPOLYLINE
  5
7D9
100
AcDbEntity
  8
ASSEMBLY_OUTLINES_TOP
100
AcDbPolyline
 90
        2
 70
         0
 43
0.03
 10
-21.735504
 20
29.755417
 10
-21.735514
 20
29.755417
  0
LWPOLYLINE
  5
7DA
100
AcDbEntity
  8
ASSEMBLY_OUTLINES_TOP
100
AcDbPolyline
 90
        2
 70
         0
 43
0.03
 10
-21.735504
 20
29.755417
 10
-21.735514
 20
29.755417
  0
LWPOLYLINE
  5
7DB
100
AcDbEntity
  8
ASSEMBLY_OUTLINES_TOP
100
AcDbPolyline
 90
        2
 70
         0
 43
0.03
 10
-21.802266
 20
29.695066
 10
-21.802276
 20
29.695066
  0
LWPOLYLINE
  5
7DC
100
AcDbEntity
  8
ASSEMBLY_OUTLINES_TOP
100
AcDbPolyline
 90
        2
 70
         0
 43
0.03
 10
-21.802266
 20
29.695066
 10
-21.802276
 20
29.695066
  0
LWPOLYLINE
  5
7DD
100
AcDbEntity
  8
ASSEMBLY_OUTLINES_TOP
100
AcDbPolyline
 90
        2
 70
         0
 43
0.03
 10
-21.867188
 20
29.63274
 10
-21.867198
 20
29.63274
  0
LWPOLYLINE
  5
7DE
100
AcDbEntity
  8
ASSEMBLY_OUTLINES_TOP
100
AcDbPolyline
 90
        2
 70
         0
 43
0.03
 10
-21.867188
 20
29.63274
 10
-21.867198
 20
29.63274
  0
LWPOLYLINE
  5
7DF
100
AcDbEntity
  8
ASSEMBLY_OUTLINES_TOP
100
AcDbPolyline
 90
        2
 70
         0
 43
0.03
 10
-28.121311
 20
23.37868
 10
-28.121321
 20
23.37868
  0
LWPOLYLINE
  5
7E0
100
AcDbEntity
  8
ASSEMBLY_OUTLINES_TOP
100
AcDbPolyline
 90
        2
 70
         0
 43
0.03
 10
-28.057672
 20
23.442319
 10
-28.057682
 20
23.442319
  0
LWPOLYLINE
  5
7E1
100
AcDbEntity
  8
ASSEMBLY_OUTLINES_TOP
100
AcDbPolyline
 90
        2
 70
         0
 43
0.03
 10
-27.994032
 20
23.505959
 10
-27.994042
 20
23.505959
  0
LWPOLYLINE
  5
7E2
100
AcDbEntity
  8
ASSEMBLY_OUTLINES_TOP
100
AcDbPolyline
 90
        2
 70
         0
 43
0.03
 10
-27.930393
 20
23.569598
 10
-27.930403
 20
23.569598
  0
LWPOLYLINE
  5
7E3
100
AcDbEntity
  8
ASSEMBLY_OUTLINES_TOP
100
AcDbPolyline
 90
        2
 70
         0
 43
0.03
 10
-27.866753
 20
23.633238
 10
-27.866763
 20
23.633238
  0
LWPOLYLINE
  5
7E4
100
AcDbEntity
  8
ASSEMBLY_OUTLINES_TOP
100
AcDbPolyline
 90
        2
 70
         0
 43
0.03
 10
-27.803113
 20
23.696878
 10
-27.803123
 20
23.696878
  0
LWPOLYLINE
  5
7E5
100
AcDbEntity
  8
ASSEMBLY_OUTLINES_TOP
100
AcDbPolyline
 90
        2
 70
         0
 43
0.03
 10
-27.739474
 20
23.760517
 10
-27.739484
 20
23.760517
  0
LWPOLYLINE
  5
7E6
100
AcDbEntity
  8
ASSEMBLY_OUTLINES_TOP
100
AcDbPolyline
 90
        2
 70
         0
 43
0.03
 10
-27.675834
 20
23.824157
 10
-27.675844
 20
23.824157
  0
LWPOLYLINE
  5
7E7
100
AcDbEntity
  8
ASSEMBLY_OUTLINES_TOP
100
AcDbPolyline
 90
        2
 70
         0
 43
0.03
 10
-27.612195
 20
23.887796
 10
-27.612205
 20
23.887796
  0
LWPOLYLINE
  5
7E8
100
AcDbEntity
  8
ASSEMBLY_OUTLINES_TOP
100
AcDbPolyline
 90
        2
 70
         0
 43
0.03
 10
-27.548555
 20
23.951436
 10
-27.548565
 20
23.951436
  0
LWPOLYLINE
  5
7E9
100
AcDbEntity
  8
ASSEMBLY_OUTLINES_TOP
100
AcDbPolyline
 90
        2
 70
         0
 43
0.03
 10
-27.484915
 20
24.015076
 10
-27.484925
 20
24.015076
  0
LWPOLYLINE
  5
7EA
100
AcDbEntity
  8
ASSEMBLY_OUTLINES_TOP
100
AcDbPolyline
 90
        2
 70
         0
 43
0.03
 10
-27.421276
 20
24.078715
 10
-27.421286
 20
24.078715
  0
LWPOLYLINE
  5
7EB
100
AcDbEntity
  8
ASSEMBLY_OUTLINES_TOP
100
AcDbPolyline
 90
        2
 70
         0
 43
0.03
 10
-27.357636
 20
24.142355
 10
-27.357646
 20
24.142355
  0
LWPOLYLINE
  5
7EC
100
AcDbEntity
  8
ASSEMBLY_OUTLINES_TOP
100
AcDbPolyline
 90
        2
 70
         0
 43
0.03
 10
-27.293997
 20
24.205994
 10
-27.294007
 20
24.205994
  0
LWPOLYLINE
  5
7ED
100
AcDbEntity
  8
ASSEMBLY_OUTLINES_TOP
100
AcDbPolyline
 90
        2
 70
         0
 43
0.03
 10
-27.230357
 20
24.269634
 10
-27.230367
 20
24.269634
  0
LWPOLYLINE
  5
7EE
100
AcDbEntity
  8
ASSEMBLY_OUTLINES_TOP
100
AcDbPolyline
 90
        2
 70
         0
 43
0.03
 10
-27.166717
 20
24.333274
 10
-27.166727
 20
24.333274
  0
LWPOLYLINE
  5
7EF
100
AcDbEntity
  8
ASSEMBLY_OUTLINES_TOP
100
AcDbPolyline
 90
        2
 70
         0
 43
0.03
 10
-27.103078
 20
24.396913
 10
-27.103088
 20
24.396913
  0
LWPOLYLINE
  5
7F0
100
AcDbEntity
  8
ASSEMBLY_OUTLINES_TOP
100
AcDbPolyline
 90
        2
 70
         0
 43
0.03
 10
-27.039438
 20
24.460553
 10
-27.039448
 20
24.460553
  0
LWPOLYLINE
  5
7F1
100
AcDbEntity
  8
ASSEMBLY_OUTLINES_TOP
100
AcDbPolyline
 90
        2
 70
         0
 43
0.03
 10
-26.975799
 20
24.524192
 10
-26.975809
 20
24.524192
  0
LWPOLYLINE
  5
7F2
100
AcDbEntity
  8
ASSEMBLY_OUTLINES_TOP
100
AcDbPolyline
 90
        2
 70
         0
 43
0.03
 10
-26.912159
 20
24.587832
 10
-26.912169
 20
24.587832
  0
LWPOLYLINE
  5
7F3
100
AcDbEntity
  8
ASSEMBLY_OUTLINES_TOP
100
AcDbPolyline
 90
        2
 70
         0
 43
0.03
 10
-26.848519
 20
24.651472
 10
-26.848529
 20
24.651472
  0
LWPOLYLINE
  5
7F4
100
AcDbEntity
  8
ASSEMBLY_OUTLINES_TOP
100
AcDbPolyline
 90
        2
 70
         0
 43
0.03
 10
-26.78488
 20
24.715111
 10
-26.78489
 20
24.715111
  0
LWPOLYLINE
  5
7F5
100
AcDbEntity
  8
ASSEMBLY_OUTLINES_TOP
100
AcDbPolyline
 90
        2
 70
         0
 43
0.03
 10
-26.72124
 20
24.778751
 10
-26.72125
 20
24.778751
  0
LWPOLYLINE
  5
7F6
100
AcDbEntity
  8
ASSEMBLY_OUTLINES_TOP
100
AcDbPolyline
 90
        2
 70
         0
 43
0.03
 10
-26.6576
 20
24.842391
 10
-26.65761
 20
24.842391
  0
LWPOLYLINE
  5
7F7
100
AcDbEntity
  8
ASSEMBLY_OUTLINES_TOP
100
AcDbPolyline
 90
        2
 70
         0
 43
0.03
 10
-26.593961
 20
24.90603
 10
-26.593971
 20
24.90603
  0
LWPOLYLINE
  5
7F8
100
AcDbEntity
  8
ASSEMBLY_OUTLINES_TOP
100
AcDbPolyline
 90
        2
 70
         0
 43
0.03
 10
-26.530321
 20
24.96967
 10
-26.530331
 20
24.96967
  0
LWPOLYLINE
  5
7F9
100
AcDbEntity
  8
ASSEMBLY_OUTLINES_TOP
100
AcDbPolyline
 90
        2
 70
         0
 43
0.03
 10
-26.466682
 20
25.033309
 10
-26.466692
 20
25.033309
  0
LWPOLYLINE
  5
7FA
100
AcDbEntity
  8
ASSEMBLY_OUTLINES_TOP
100
AcDbPolyline
 90
        2
 70
         0
 43
0.03
 10
-26.403042
 20
25.096949
 10
-26.403052
 20
25.096949
  0
LWPOLYLINE
  5
7FB
100
AcDbEntity
  8
ASSEMBLY_OUTLINES_TOP
100
AcDbPolyline
 90
        2
 70
         0
 43
0.03
 10
-26.339402
 20
25.160589
 10
-26.339412
 20
25.160589
  0
LWPOLYLINE
  5
7FC
100
AcDbEntity
  8
ASSEMBLY_OUTLINES_TOP
100
AcDbPolyline
 90
        2
 70
         0
 43
0.03
 10
-26.275763
 20
25.224228
 10
-26.275773
 20
25.224228
  0
LWPOLYLINE
  5
7FD
100
AcDbEntity
  8
ASSEMBLY_OUTLINES_TOP
100
AcDbPolyline
 90
        2
 70
         0
 43
0.03
 10
-26.212123
 20
25.287868
 10
-26.212133
 20
25.287868
  0
LWPOLYLINE
  5
7FE
100
AcDbEntity
  8
ASSEMBLY_OUTLINES_TOP
100
AcDbPolyline
 90
        2
 70
         0
 43
0.03
 10
-26.148484
 20
25.351507
 10
-26.148494
 20
25.351507
  0
LWPOLYLINE
  5
7FF
100
AcDbEntity
  8
ASSEMBLY_OUTLINES_TOP
100
AcDbPolyline
 90
        2
 70
         0
 43
0.03
 10
-26.084844
 20
25.415147
 10
-26.084854
 20
25.415147
  0
LWPOLYLINE
  5
800
100
AcDbEntity
  8
ASSEMBLY_OUTLINES_TOP
100
AcDbPolyline
 90
        2
 70
         0
 43
0.03
 10
-26.021204
 20
25.478787
 10
-26.021214
 20
25.478787
  0
LWPOLYLINE
  5
801
100
AcDbEntity
  8
ASSEMBLY_OUTLINES_TOP
100
AcDbPolyline
 90
        2
 70
         0
 43
0.03
 10
-25.957565
 20
25.542426
 10
-25.957575
 20
25.542426
  0
LWPOLYLINE
  5
802
100
AcDbEntity
  8
ASSEMBLY_OUTLINES_TOP
100
AcDbPolyline
 90
        2
 70
         0
 43
0.03
 10
-25.893925
 20
25.606066
 10
-25.893935
 20
25.606066
  0
LWPOLYLINE
  5
803
100
AcDbEntity
  8
ASSEMBLY_OUTLINES_TOP
100
AcDbPolyline
 90
        2
 70
         0
 43
0.03
 10
-25.830286
 20
25.669705
 10
-25.830296
 20
25.669705
  0
LWPOLYLINE
  5
804
100
AcDbEntity
  8
ASSEMBLY_OUTLINES_TOP
100
AcDbPolyline
 90
        2
 70
         0
 43
0.03
 10
-25.766646
 20
25.733345
 10
-25.766656
 20
25.733345
  0
LWPOLYLINE
  5
805
100
AcDbEntity
  8
ASSEMBLY_OUTLINES_TOP
100
AcDbPolyline
 90
        2
 70
         0
 43
0.03
 10
-25.703006
 20
25.796985
 10
-25.703016
 20
25.796985
  0
LWPOLYLINE
  5
806
100
AcDbEntity
  8
ASSEMBLY_OUTLINES_TOP
100
AcDbPolyline
 90
        2
 70
         0
 43
0.03
 10
-25.639367
 20
25.860624
 10
-25.639377
 20
25.860624
  0
LWPOLYLINE
  5
807
100
AcDbEntity
  8
ASSEMBLY_OUTLINES_TOP
100
AcDbPolyline
 90
        2
 70
         0
 43
0.03
 10
-25.575727
 20
25.924264
 10
-25.575737
 20
25.924264
  0
LWPOLYLINE
  5
808
100
AcDbEntity
  8
ASSEMBLY_OUTLINES_TOP
100
AcDbPolyline
 90
        2
 70
         0
 43
0.03
 10
-25.512087
 20
25.987904
 10
-25.512097
 20
25.987904
  0
LWPOLYLINE
  5
809
100
AcDbEntity
  8
ASSEMBLY_OUTLINES_TOP
100
AcDbPolyline
 90
        2
 70
         0
 43
0.03
 10
-25.448448
 20
26.051543
 10
-25.448458
 20
26.051543
  0
LWPOLYLINE
  5
80A
100
AcDbEntity
  8
ASSEMBLY_OUTLINES_TOP
100
AcDbPolyline
 90
        2
 70
         0
 43
0.03
 10
-25.384808
 20
26.115183
 10
-25.384818
 20
26.115183
  0
LWPOLYLINE
  5
80B
100
AcDbEntity
  8
ASSEMBLY_OUTLINES_TOP
100
AcDbPolyline
 90
        2
 70
         0
 43
0.03
 10
-25.321169
 20
26.178822
 10
-25.321179
 20
26.178822
  0
LWPOLYLINE
  5
80C
100
AcDbEntity
  8
ASSEMBLY_OUTLINES_TOP
100
AcDbPolyline
 90
        2
 70
         0
 43
0.03
 10
-25.257529
 20
26.242462
 10
-25.257539
 20
26.242462
  0
LWPOLYLINE
  5
80D
100
AcDbEntity
  8
ASSEMBLY_OUTLINES_TOP
100
AcDbPolyline
 90
        2
 70
         0
 43
0.03
 10
-25.193889
 20
26.306102
 10
-25.193899
 20
26.306102
  0
LWPOLYLINE
  5
80E
100
AcDbEntity
  8
ASSEMBLY_OUTLINES_TOP
100
AcDbPolyline
 90
        2
 70
         0
 43
0.03
 10
-25.13025
 20
26.369741
 10
-25.13026
 20
26.369741
  0
LWPOLYLINE
  5
80F
100
AcDbEntity
  8
ASSEMBLY_OUTLINES_TOP
100
AcDbPolyline
 90
        2
 70
         0
 43
0.03
 10
-25.06661
 20
26.433381
 10
-25.06662
 20
26.433381
  0
LWPOLYLINE
  5
810
100
AcDbEntity
  8
ASSEMBLY_OUTLINES_TOP
100
AcDbPolyline
 90
        2
 70
         0
 43
0.03
 10
-25.002971
 20
26.49702
 10
-25.002981
 20
26.49702
  0
LWPOLYLINE
  5
811
100
AcDbEntity
  8
ASSEMBLY_OUTLINES_TOP
100
AcDbPolyline
 90
        2
 70
         0
 43
0.03
 10
-24.939331
 20
26.56066
 10
-24.939341
 20
26.56066
  0
LWPOLYLINE
  5
812
100
AcDbEntity
  8
ASSEMBLY_OUTLINES_TOP
100
AcDbPolyline
 90
        2
 70
         0
 43
0.03
 10
-24.875691
 20
26.6243
 10
-24.875701
 20
26.6243
  0
LWPOLYLINE
  5
813
100
AcDbEntity
  8
ASSEMBLY_OUTLINES_TOP
100
AcDbPolyline
 90
        2
 70
         0
 43
0.03
 10
-24.812052
 20
26.687939
 10
-24.812062
 20
26.687939
  0
LWPOLYLINE
  5
814
100
AcDbEntity
  8
ASSEMBLY_OUTLINES_TOP
100
AcDbPolyline
 90
        2
 70
         0
 43
0.03
 10
-24.748412
 20
26.751579
 10
-24.748422
 20
26.751579
  0
LWPOLYLINE
  5
815
100
AcDbEntity
  8
ASSEMBLY_OUTLINES_TOP
100
AcDbPolyline
 90
        2
 70
         0
 43
0.03
 10
-24.684773
 20
26.815218
 10
-24.684783
 20
26.815218
  0
LWPOLYLINE
  5
816
100
AcDbEntity
  8
ASSEMBLY_OUTLINES_TOP
100
AcDbPolyline
 90
        2
 70
         0
 43
0.03
 10
-24.621133
 20
26.878858
 10
-24.621143
 20
26.878858
  0
LWPOLYLINE
  5
817
100
AcDbEntity
  8
ASSEMBLY_OUTLINES_TOP
100
AcDbPolyline
 90
        2
 70
         0
 43
0.03
 10
-24.557493
 20
26.942498
 10
-24.557503
 20
26.942498
  0
LWPOLYLINE
  5
818
100
AcDbEntity
  8
ASSEMBLY_OUTLINES_TOP
100
AcDbPolyline
 90
        2
 70
         0
 43
0.03
 10
-24.493854
 20
27.006137
 10
-24.493864
 20
27.006137
  0
LWPOLYLINE
  5
819
100
AcDbEntity
  8
ASSEMBLY_OUTLINES_TOP
100
AcDbPolyline
 90
        2
 70
         0
 43
0.03
 10
-24.430214
 20
27.069777
 10
-24.430224
 20
27.069777
  0
LWPOLYLINE
  5
81A
100
AcDbEntity
  8
ASSEMBLY_OUTLINES_TOP
100
AcDbPolyline
 90
        2
 70
         0
 43
0.03
 10
-24.366574
 20
27.133417
 10
-24.366584
 20
27.133417
  0
LWPOLYLINE
  5
81B
100
AcDbEntity
  8
ASSEMBLY_OUTLINES_TOP
100
AcDbPolyline
 90
        2
 70
         0
 43
0.03
 10
-24.302935
 20
27.197056
 10
-24.302945
 20
27.197056
  0
LWPOLYLINE
  5
81C
100
AcDbEntity
  8
ASSEMBLY_OUTLINES_TOP
100
AcDbPolyline
 90
        2
 70
         0
 43
0.03
 10
-24.239295
 20
27.260696
 10
-24.239305
 20
27.260696
  0
LWPOLYLINE
  5
81D
100
AcDbEntity
  8
ASSEMBLY_OUTLINES_TOP
100
AcDbPolyline
 90
        2
 70
         0
 43
0.03
 10
-24.175656
 20
27.324335
 10
-24.175666
 20
27.324335
  0
LWPOLYLINE
  5
81E
100
AcDbEntity
  8
ASSEMBLY_OUTLINES_TOP
100
AcDbPolyline
 90
        2
 70
         0
 43
0.03
 10
-24.112016
 20
27.387975
 10
-24.112026
 20
27.387975
  0
LWPOLYLINE
  5
81F
100
AcDbEntity
  8
ASSEMBLY_OUTLINES_TOP
100
AcDbPolyline
 90
        2
 70
         0
 43
0.03
 10
-24.048376
 20
27.451615
 10
-24.048386
 20
27.451615
  0
LWPOLYLINE
  5
820
100
AcDbEntity
  8
ASSEMBLY_OUTLINES_TOP
100
AcDbPolyline
 90
        2
 70
         0
 43
0.03
 10
-23.984737
 20
27.515254
 10
-23.984747
 20
27.515254
  0
LWPOLYLINE
  5
821
100
AcDbEntity
  8
ASSEMBLY_OUTLINES_TOP
100
AcDbPolyline
 90
        2
 70
         0
 43
0.03
 10
-23.921097
 20
27.578894
 10
-23.921107
 20
27.578894
  0
LWPOLYLINE
  5
822
100
AcDbEntity
  8
ASSEMBLY_OUTLINES_TOP
100
AcDbPolyline
 90
        2
 70
         0
 43
0.03
 10
-23.857458
 20
27.642533
 10
-23.857468
 20
27.642533
  0
LWPOLYLINE
  5
823
100
AcDbEntity
  8
ASSEMBLY_OUTLINES_TOP
100
AcDbPolyline
 90
        2
 70
         0
 43
0.03
 10
-23.793818
 20
27.706173
 10
-23.793828
 20
27.706173
  0
LWPOLYLINE
  5
824
100
AcDbEntity
  8
ASSEMBLY_OUTLINES_TOP
100
AcDbPolyline
 90
        2
 70
         0
 43
0.03
 10
-23.730178
 20
27.769813
 10
-23.730188
 20
27.769813
  0
LWPOLYLINE
  5
825
100
AcDbEntity
  8
ASSEMBLY_OUTLINES_TOP
100
AcDbPolyline
 90
        2
 70
         0
 43
0.03
 10
-23.666539
 20
27.833452
 10
-23.666549
 20
27.833452
  0
LWPOLYLINE
  5
826
100
AcDbEntity
  8
ASSEMBLY_OUTLINES_TOP
100
AcDbPolyline
 90
        2
 70
         0
 43
0.03
 10
-23.602899
 20
27.897092
 10
-23.602909
 20
27.897092
  0
LWPOLYLINE
  5
827
100
AcDbEntity
  8
ASSEMBLY_OUTLINES_TOP
100
AcDbPolyline
 90
        2
 70
         0
 43
0.03
 10
-23.53926
 20
27.960731
 10
-23.53927
 20
27.960731
  0
LWPOLYLINE
  5
828
100
AcDbEntity
  8
ASSEMBLY_OUTLINES_TOP
100
AcDbPolyline
 90
        2
 70
         0
 43
0.03
 10
-23.47562
 20
28.024371
 10
-23.47563
 20
28.024371
  0
LWPOLYLINE
  5
829
100
AcDbEntity
  8
ASSEMBLY_OUTLINES_TOP
100
AcDbPolyline
 90
        2
 70
         0
 43
0.03
 10
-23.41198
 20
28.088011
 10
-23.41199
 20
28.088011
  0
LWPOLYLINE
  5
82A
100
AcDbEntity
  8
ASSEMBLY_OUTLINES_TOP
100
AcDbPolyline
 90
        2
 70
         0
 43
0.03
 10
-23.348341
 20
28.15165
 10
-23.348351
 20
28.15165
  0
LWPOLYLINE
  5
82B
100
AcDbEntity
  8
ASSEMBLY_OUTLINES_TOP
100
AcDbPolyline
 90
        2
 70
         0
 43
0.03
 10
-23.284701
 20
28.21529
 10
-23.284711
 20
28.21529
  0
LWPOLYLINE
  5
82C
100
AcDbEntity
  8
ASSEMBLY_OUTLINES_TOP
100
AcDbPolyline
 90
        2
 70
         0
 43
0.03
 10
-23.221062
 20
28.278929
 10
-23.221072
 20
28.278929
  0
LWPOLYLINE
  5
82D
100
AcDbEntity
  8
ASSEMBLY_OUTLINES_TOP
100
AcDbPolyline
 90
        2
 70
         0
 43
0.03
 10
-23.157422
 20
28.342569
 10
-23.157432
 20
28.342569
  0
LWPOLYLINE
  5
82E
100
AcDbEntity
  8
ASSEMBLY_OUTLINES_TOP
100
AcDbPolyline
 90
        2
 70
         0
 43
0.03
 10
-23.093782
 20
28.406209
 10
-23.093792
 20
28.406209
  0
LWPOLYLINE
  5
82F
100
AcDbEntity
  8
ASSEMBLY_OUTLINES_TOP
100
AcDbPolyline
 90
        2
 70
         0
 43
0.03
 10
-23.030143
 20
28.469848
 10
-23.030153
 20
28.469848
  0
LWPOLYLINE
  5
830
100
AcDbEntity
  8
ASSEMBLY_OUTLINES_TOP
100
AcDbPolyline
 90
        2
 70
         0
 43
0.03
 10
-22.966503
 20
28.533488
 10
-22.966513
 20
28.533488
  0
LWPOLYLINE
  5
831
100
AcDbEntity
  8
ASSEMBLY_OUTLINES_TOP
100
AcDbPolyline
 90
        2
 70
         0
 43
0.03
 10
-22.902863
 20
28.597128
 10
-22.902873
 20
28.597128
  0
LWPOLYLINE
  5
832
100
AcDbEntity
  8
ASSEMBLY_OUTLINES_TOP
100
AcDbPolyline
 90
        2
 70
         0
 43
0.03
 10
-22.839224
 20
28.660767
 10
-22.839234
 20
28.660767
  0
LWPOLYLINE
  5
833
100
AcDbEntity
  8
ASSEMBLY_OUTLINES_TOP
100
AcDbPolyline
 90
        2
 70
         0
 43
0.03
 10
-22.775584
 20
28.724407
 10
-22.775594
 20
28.724407
  0
LWPOLYLINE
  5
834
100
AcDbEntity
  8
ASSEMBLY_OUTLINES_TOP
100
AcDbPolyline
 90
        2
 70
         0
 43
0.03
 10
-22.711945
 20
28.788046
 10
-22.711955
 20
28.788046
  0
LWPOLYLINE
  5
835
100
AcDbEntity
  8
ASSEMBLY_OUTLINES_TOP
100
AcDbPolyline
 90
        2
 70
         0
 43
0.03
 10
-22.648305
 20
28.851686
 10
-22.648315
 20
28.851686
  0
LWPOLYLINE
  5
836
100
AcDbEntity
  8
ASSEMBLY_OUTLINES_TOP
100
AcDbPolyline
 90
        2
 70
         0
 43
0.03
 10
-22.584665
 20
28.915326
 10
-22.584675
 20
28.915326
  0
LWPOLYLINE
  5
837
100
AcDbEntity
  8
ASSEMBLY_OUTLINES_TOP
100
AcDbPolyline
 90
        2
 70
         0
 43
0.03
 10
-22.521026
 20
28.978965
 10
-22.521036
 20
28.978965
  0
LWPOLYLINE
  5
838
100
AcDbEntity
  8
ASSEMBLY_OUTLINES_TOP
100
AcDbPolyline
 90
        2
 70
         0
 43
0.03
 10
-22.457386
 20
29.042605
 10
-22.457396
 20
29.042605
  0
LWPOLYLINE
  5
839
100
AcDbEntity
  8
ASSEMBLY_OUTLINES_TOP
100
AcDbPolyline
 90
        2
 70
         0
 43
0.03
 10
-22.393747
 20
29.106244
 10
-22.393757
 20
29.106244
  0
LWPOLYLINE
  5
83A
100
AcDbEntity
  8
ASSEMBLY_OUTLINES_TOP
100
AcDbPolyline
 90
        2
 70
         0
 43
0.03
 10
-22.330107
 20
29.169884
 10
-22.330117
 20
29.169884
  0
LWPOLYLINE
  5
83B
100
AcDbEntity
  8
ASSEMBLY_OUTLINES_TOP
100
AcDbPolyline
 90
        2
 70
         0
 43
0.03
 10
-22.266467
 20
29.233524
 10
-22.266477
 20
29.233524
  0
LWPOLYLINE
  5
83C
100
AcDbEntity
  8
ASSEMBLY_OUTLINES_TOP
100
AcDbPolyline
 90
        2
 70
         0
 43
0.03
 10
-22.202828
 20
29.297163
 10
-22.202838
 20
29.297163
  0
LWPOLYLINE
  5
83D
100
AcDbEntity
  8
ASSEMBLY_OUTLINES_TOP
100
AcDbPolyline
 90
        2
 70
         0
 43
0.03
 10
-22.139188
 20
29.360803
 10
-22.139198
 20
29.360803
  0
LWPOLYLINE
  5
83E
100
AcDbEntity
  8
ASSEMBLY_OUTLINES_TOP
100
AcDbPolyline
 90
        2
 70
         0
 43
0.03
 10
-22.075549
 20
29.424442
 10
-22.075559
 20
29.424442
  0
LWPOLYLINE
  5
83F
100
AcDbEntity
  8
ASSEMBLY_OUTLINES_TOP
100
AcDbPolyline
 90
        2
 70
         0
 43
0.03
 10
-22.011909
 20
29.488082
 10
-22.011919
 20
29.488082
  0
LWPOLYLINE
  5
840
100
AcDbEntity
  8
ASSEMBLY_OUTLINES_TOP
100
AcDbPolyline
 90
        2
 70
         0
 43
0.03
 10
-21.948269
 20
29.551722
 10
-21.948279
 20
29.551722
  0
LWPOLYLINE
  5
841
100
AcDbEntity
  8
ASSEMBLY_OUTLINES_TOP
100
AcDbPolyline
 90
        2
 70
         0
 43
0.03
 10
-21.88463
 20
29.615361
 10
-21.88464
 20
29.615361
  0
LWPOLYLINE
  5
842
100
AcDbEntity
  8
ASSEMBLY_OUTLINES_TOP
100
AcDbPolyline
 90
        2
 70
         0
 43
0.03
 10
-28.12131
 20
23.378679
 10
-28.12132
 20
23.378679
  0
LWPOLYLINE
  5
843
100
AcDbEntity
  8
ASSEMBLY_OUTLINES_TOP
100
AcDbPolyline
 90
        2
 70
         0
 43
0.03
 10
-28.12131
 20
23.378679
 10
-28.12132
 20
23.378679
  0
LWPOLYLINE
  5
844
100
AcDbEntity
  8
ASSEMBLY_OUTLINES_TOP
100
AcDbPolyline
 90
        2
 70
         0
 43
0.03
 10
-28.183986
 20
23.314095
 10
-28.183996
 20
23.314095
  0
LWPOLYLINE
  5
845
100
AcDbEntity
  8
ASSEMBLY_OUTLINES_TOP
100
AcDbPolyline
 90
        2
 70
         0
 43
0.03
 10
-28.183986
 20
23.314095
 10
-28.183996
 20
23.314095
  0
LWPOLYLINE
  5
846
100
AcDbEntity
  8
ASSEMBLY_OUTLINES_TOP
100
AcDbPolyline
 90
        2
 70
         0
 43
0.03
 10
-28.244696
 20
23.247659
 10
-28.244706
 20
23.247659
  0
LWPOLYLINE
  5
847
100
AcDbEntity
  8
ASSEMBLY_OUTLINES_TOP
100
AcDbPolyline
 90
        2
 70
         0
 43
0.03
 10
-28.244696
 20
23.247659
 10
-28.244706
 20
23.247659
  0
LWPOLYLINE
  5
848
100
AcDbEntity
  8
ASSEMBLY_OUTLINES_TOP
100
AcDbPolyline
 90
        2
 70
         0
 43
0.03
 10
-28.303386
 20
23.179433
 10
-28.303396
 20
23.179433
  0
LWPOLYLINE
  5
849
100
AcDbEntity
  8
ASSEMBLY_OUTLINES_TOP
100
AcDbPolyline
 90
        2
 70
         0
 43
0.03
 10
-28.303386
 20
23.179433
 10
-28.303396
 20
23.179433
  0
LWPOLYLINE
  5
84A
100
AcDbEntity
  8
ASSEMBLY_OUTLINES_TOP
100
AcDbPolyline
 90
        2
 70
         0
 43
0.03
 10
-28.360003
 20
23.109476
 10
-28.360013
 20
23.109476
  0
LWPOLYLINE
  5
84B
100
AcDbEntity
  8
ASSEMBLY_OUTLINES_TOP
100
AcDbPolyline
 90
        2
 70
         0
 43
0.03
 10
-28.360003
 20
23.109476
 10
-28.360013
 20
23.109476
  0
LWPOLYLINE
  5
84C
100
AcDbEntity
  8
ASSEMBLY_OUTLINES_TOP
100
AcDbPolyline
 90
        2
 70
         0
 43
0.03
 10
-28.414496
 20
23.037853
 10
-28.414506
 20
23.037853
  0
LWPOLYLINE
  5
84D
100
AcDbEntity
  8
ASSEMBLY_OUTLINES_TOP
100
AcDbPolyline
 90
        2
 70
         0
 43
0.03
 10
-28.414496
 20
23.037853
 10
-28.414506
 20
23.037853
  0
LWPOLYLINE
  5
84E
100
AcDbEntity
  8
ASSEMBLY_OUTLINES_TOP
100
AcDbPolyline
 90
        2
 70
         0
 43
0.03
 10
-28.466817
 20
22.964628
 10
-28.466827
 20
22.964628
  0
LWPOLYLINE
  5
84F
100
AcDbEntity
  8
ASSEMBLY_OUTLINES_TOP
100
AcDbPolyline
 90
        2
 70
         0
 43
0.03
 10
-28.466817
 20
22.964628
 10
-28.466827
 20
22.964628
  0
LWPOLYLINE
  5
850
100
AcDbEntity
  8
ASSEMBLY_OUTLINES_TOP
100
AcDbPolyline
 90
        2
 70
         0
 43
0.03
 10
-28.516917
 20
22.889866
 10
-28.516927
 20
22.889866
  0
LWPOLYLINE
  5
851
100
AcDbEntity
  8
ASSEMBLY_OUTLINES_TOP
100
AcDbPolyline
 90
        2
 70
         0
 43
0.03
 10
-28.516917
 20
22.889866
 10
-28.516927
 20
22.889866
  0
LWPOLYLINE
  5
852
100
AcDbEntity
  8
ASSEMBLY_OUTLINES_TOP
100
AcDbPolyline
 90
        2
 70
         0
 43
0.03
 10
-28.564753
 20
22.813635
 10
-28.564763
 20
22.813635
  0
LWPOLYLINE
  5
853
100
AcDbEntity
  8
ASSEMBLY_OUTLINES_TOP
100
AcDbPolyline
 90
        2
 70
         0
 43
0.03
 10
-28.564753
 20
22.813635
 10
-28.564763
 20
22.813635
  0
LWPOLYLINE
  5
854
100
AcDbEntity
  8
ASSEMBLY_OUTLINES_TOP
100
AcDbPolyline
 90
        2
 70
         0
 43
0.03
 10
-28.61028
 20
22.736003
 10
-28.61029
 20
22.736003
  0
LWPOLYLINE
  5
855
100
AcDbEntity
  8
ASSEMBLY_OUTLINES_TOP
100
AcDbPolyline
 90
        2
 70
         0
 43
0.03
 10
-28.61028
 20
22.736003
 10
-28.61029
 20
22.736003
  0
LWPOLYLINE
  5
856
100
AcDbEntity
  8
ASSEMBLY_OUTLINES_TOP
100
AcDbPolyline
 90
        2
 70
         0
 43
0.03
 10
-28.653458
 20
22.657041
 10
-28.653468
 20
22.657041
  0
LWPOLYLINE
  5
857
100
AcDbEntity
  8
ASSEMBLY_OUTLINES_TOP
100
AcDbPolyline
 90
        2
 70
         0
 43
0.03
 10
-28.653458
 20
22.657041
 10
-28.653468
 20
22.657041
  0
LWPOLYLINE
  5
858
100
AcDbEntity
  8
ASSEMBLY_OUTLINES_TOP
100
AcDbPolyline
 90
        2
 70
         0
 43
0.03
 10
-28.694248
 20
22.576819
 10
-28.694258
 20
22.576819
  0
LWPOLYLINE
  5
859
100
AcDbEntity
  8
ASSEMBLY_OUTLINES_TOP
100
AcDbPolyline
 90
        2
 70
         0
 43
0.03
 10
-28.694248
 20
22.576819
 10
-28.694258
 20
22.576819
  0
LWPOLYLINE
  5
85A
100
AcDbEntity
  8
ASSEMBLY_OUTLINES_TOP
100
AcDbPolyline
 90
        2
 70
         0
 43
0.03
 10
-28.732614
 20
22.49541
 10
-28.732624
 20
22.49541
  0
LWPOLYLINE
  5
85B
100
AcDbEntity
  8
ASSEMBLY_OUTLINES_TOP
100
AcDbPolyline
 90
        2
 70
         0
 43
0.03
 10
-28.732614
 20
22.49541
 10
-28.732624
 20
22.49541
  0
LWPOLYLINE
  5
85C
100
AcDbEntity
  8
ASSEMBLY_OUTLINES_TOP
100
AcDbPolyline
 90
        2
 70
         0
 43
0.03
 10
-28.76852
 20
22.412886
 10
-28.76853
 20
22.412886
  0
LWPOLYLINE
  5
85D
100
AcDbEntity
  8
ASSEMBLY_OUTLINES_TOP
100
AcDbPolyline
 90
        2
 70
         0
 43
0.03
 10
-28.76852
 20
22.412886
 10
-28.76853
 20
22.412886
  0
LWPOLYLINE
  5
85E
100
AcDbEntity
  8
ASSEMBLY_OUTLINES_TOP
100
AcDbPolyline
 90
        2
 70
         0
 43
0.03
 10
-28.801935
 20
22.329323
 10
-28.801945
 20
22.329323
  0
LWPOLYLINE
  5
85F
100
AcDbEntity
  8
ASSEMBLY_OUTLINES_TOP
100
AcDbPolyline
 90
        2
 70
         0
 43
0.03
 10
-28.801935
 20
22.329323
 10
-28.801945
 20
22.329323
  0
LWPOLYLINE
  5
860
100
AcDbEntity
  8
ASSEMBLY_OUTLINES_TOP
100
AcDbPolyline
 90
        2
 70
         0
 43
0.03
 10
-28.832828
 20
22.244795
 10
-28.832838
 20
22.244795
  0
LWPOLYLINE
  5
861
100
AcDbEntity
  8
ASSEMBLY_OUTLINES_TOP
100
AcDbPolyline
 90
        2
 70
         0
 43
0.03
 10
-28.832828
 20
22.244795
 10
-28.832838
 20
22.244795
  0
LWPOLYLINE
  5
862
100
AcDbEntity
  8
ASSEMBLY_OUTLINES_TOP
100
AcDbPolyline
 90
        2
 70
         0
 43
0.03
 10
-28.861172
 20
22.159378
 10
-28.861182
 20
22.159378
  0
LWPOLYLINE
  5
863
100
AcDbEntity
  8
ASSEMBLY_OUTLINES_TOP
100
AcDbPolyline
 90
        2
 70
         0
 43
0.03
 10
-28.861172
 20
22.159378
 10
-28.861182
 20
22.159378
  0
LWPOLYLINE
  5
864
100
AcDbEntity
  8
ASSEMBLY_OUTLINES_TOP
100
AcDbPolyline
 90
        2
 70
         0
 43
0.03
 10
-28.886941
 20
22.07315
 10
-28.886951
 20
22.07315
  0
LWPOLYLINE
  5
865
100
AcDbEntity
  8
ASSEMBLY_OUTLINES_TOP
100
AcDbPolyline
 90
        2
 70
         0
 43
0.03
 10
-28.886941
 20
22.07315
 10
-28.886951
 20
22.07315
  0
LWPOLYLINE
  5
866
100
AcDbEntity
  8
ASSEMBLY_OUTLINES_TOP
100
AcDbPolyline
 90
        2
 70
         0
 43
0.03
 10
-28.910112
 20
21.986187
 10
-28.910122
 20
21.986187
  0
LWPOLYLINE
  5
867
100
AcDbEntity
  8
ASSEMBLY_OUTLINES_TOP
100
AcDbPolyline
 90
        2
 70
         0
 43
0.03
 10
-28.910112
 20
21.986187
 10
-28.910122
 20
21.986187
  0
LWPOLYLINE
  5
868
100
AcDbEntity
  8
ASSEMBLY_OUTLINES_TOP
100
AcDbPolyline
 90
        2
 70
         0
 43
0.03
 10
-28.930664
 20
21.898568
 10
-28.930674
 20
21.898568
  0
LWPOLYLINE
  5
869
100
AcDbEntity
  8
ASSEMBLY_OUTLINES_TOP
100
AcDbPolyline
 90
        2
 70
         0
 43
0.03
 10
-28.930664
 20
21.898568
 10
-28.930674
 20
21.898568
  0
LWPOLYLINE
  5
86A
100
AcDbEntity
  8
ASSEMBLY_OUTLINES_TOP
100
AcDbPolyline
 90
        2
 70
         0
 43
0.03
 10
-28.948579
 20
21.810373
 10
-28.948589
 20
21.810373
  0
LWPOLYLINE
  5
86B
100
AcDbEntity
  8
ASSEMBLY_OUTLINES_TOP
100
AcDbPolyline
 90
        2
 70
         0
 43
0.03
 10
-28.948579
 20
21.810373
 10
-28.948589
 20
21.810373
  0
LWPOLYLINE
  5
86C
100
AcDbEntity
  8
ASSEMBLY_OUTLINES_TOP
100
AcDbPolyline
 90
        2
 70
         0
 43
0.03
 10
-28.96384
 20
21.72168
 10
-28.96385
 20
21.72168
  0
LWPOLYLINE
  5
86D
100
AcDbEntity
  8
ASSEMBLY_OUTLINES_TOP
100
AcDbPolyline
 90
        2
 70
         0
 43
0.03
 10
-28.96384
 20
21.72168
 10
-28.96385
 20
21.72168
  0
LWPOLYLINE
  5
86E
100
AcDbEntity
  8
ASSEMBLY_OUTLINES_TOP
100
AcDbPolyline
 90
        2
 70
         0
 43
0.03
 10
-28.976434
 20
21.632569
 10
-28.976444
 20
21.632569
  0
LWPOLYLINE
  5
86F
100
AcDbEntity
  8
ASSEMBLY_OUTLINES_TOP
100
AcDbPolyline
 90
        2
 70
         0
 43
0.03
 10
-28.976434
 20
21.632569
 10
-28.976444
 20
21.632569
  0
LWPOLYLINE
  5
870
100
AcDbEntity
  8
ASSEMBLY_OUTLINES_TOP
100
AcDbPolyline
 90
        2
 70
         0
 43
0.03
 10
-28.98635
 20
21.54312
 10
-28.98636
 20
21.54312
  0
LWPOLYLINE
  5
871
100
AcDbEntity
  8
ASSEMBLY_OUTLINES_TOP
100
AcDbPolyline
 90
        2
 70
         0
 43
0.03
 10
-28.98635
 20
21.54312
 10
-28.98636
 20
21.54312
  0
LWPOLYLINE
  5
872
100
AcDbEntity
  8
ASSEMBLY_OUTLINES_TOP
100
AcDbPolyline
 90
        2
 70
         0
 43
0.03
 10
-28.993577
 20
21.453414
 10
-28.993587
 20
21.453414
  0
LWPOLYLINE
  5
873
100
AcDbEntity
  8
ASSEMBLY_OUTLINES_TOP
100
AcDbPolyline
 90
        2
 70
         0
 43
0.03
 10
-28.993577
 20
21.453414
 10
-28.993587
 20
21.453414
  0
LWPOLYLINE
  5
874
100
AcDbEntity
  8
ASSEMBLY_OUTLINES_TOP
100
AcDbPolyline
 90
        2
 70
         0
 43
0.03
 10
-28.998111
 20
21.363532
 10
-28.998121
 20
21.363532
  0
LWPOLYLINE
  5
875
100
AcDbEntity
  8
ASSEMBLY_OUTLINES_TOP
100
AcDbPolyline
 90
        2
 70
         0
 43
0.03
 10
-28.998111
 20
21.363532
 10
-28.998121
 20
21.363532
  0
LWPOLYLINE
  5
876
100
AcDbEntity
  8
ASSEMBLY_OUTLINES_TOP
100
AcDbPolyline
 90
        2
 70
         0
 43
0.03
 10
-28.999947
 20
21.273554
 10
-28.999957
 20
21.273554
  0
LWPOLYLINE
  5
877
100
AcDbEntity
  8
ASSEMBLY_OUTLINES_TOP
100
AcDbPolyline
 90
        2
 70
         0
 43
0.03
 10
-28.999947
 20
21.273554
 10
-28.999957
 20
21.273554
  0
LWPOLYLINE
  5
878
100
AcDbEntity
  8
ASSEMBLY_OUTLINES_TOP
100
AcDbPolyline
 90
        2
 70
         0
 43
0.03
 10
-28.999991
 20
21.257359
 10
-29.000001
 20
21.257359
  0
LWPOLYLINE
  5
879
100
AcDbEntity
  8
ASSEMBLY_OUTLINES_TOP
100
AcDbPolyline
 90
        2
 70
         0
 43
0.03
 10
-28.999991
 20
21.167359
 10
-29.000001
 20
21.167359
  0
LWPOLYLINE
  5
87A
100
AcDbEntity
  8
ASSEMBLY_OUTLINES_TOP
100
AcDbPolyline
 90
        2
 70
         0
 43
0.03
 10
-28.999991
 20
21.077359
 10
-29.000001
 20
21.077359
  0
LWPOLYLINE
  5
87B
100
AcDbEntity
  8
ASSEMBLY_OUTLINES_TOP
100
AcDbPolyline
 90
        2
 70
         0
 43
0.03
 10
-28.999991
 20
20.987359
 10
-29.000001
 20
20.987359
  0
LWPOLYLINE
  5
87C
100
AcDbEntity
  8
ASSEMBLY_OUTLINES_TOP
100
AcDbPolyline
 90
        2
 70
         0
 43
0.03
 10
-28.999991
 20
20.897359
 10
-29.000001
 20
20.897359
  0
LWPOLYLINE
  5
87D
100
AcDbEntity
  8
ASSEMBLY_OUTLINES_TOP
100
AcDbPolyline
 90
        2
 70
         0
 43
0.03
 10
-28.999991
 20
20.807359
 10
-29.000001
 20
20.807359
  0
LWPOLYLINE
  5
87E
100
AcDbEntity
  8
ASSEMBLY_OUTLINES_TOP
100
AcDbPolyline
 90
        2
 70
         0
 43
0.03
 10
-28.999991
 20
20.717359
 10
-29.000001
 20
20.717359
  0
LWPOLYLINE
  5
87F
100
AcDbEntity
  8
ASSEMBLY_OUTLINES_TOP
100
AcDbPolyline
 90
        2
 70
         0
 43
0.03
 10
-28.999991
 20
20.627359
 10
-29.000001
 20
20.627359
  0
LWPOLYLINE
  5
880
100
AcDbEntity
  8
ASSEMBLY_OUTLINES_TOP
100
AcDbPolyline
 90
        2
 70
         0
 43
0.03
 10
-28.999991
 20
20.537359
 10
-29.000001
 20
20.537359
  0
LWPOLYLINE
  5
881
100
AcDbEntity
  8
ASSEMBLY_OUTLINES_TOP
100
AcDbPolyline
 90
        2
 70
         0
 43
0.03
 10
-28.999991
 20
20.447359
 10
-29.000001
 20
20.447359
  0
LWPOLYLINE
  5
882
100
AcDbEntity
  8
ASSEMBLY_OUTLINES_TOP
100
AcDbPolyline
 90
        2
 70
         0
 43
0.03
 10
-28.999991
 20
20.357359
 10
-29.000001
 20
20.357359
  0
LWPOLYLINE
  5
883
100
AcDbEntity
  8
ASSEMBLY_OUTLINES_TOP
100
AcDbPolyline
 90
        2
 70
         0
 43
0.03
 10
-28.999991
 20
20.267359
 10
-29.000001
 20
20.267359
  0
LWPOLYLINE
  5
884
100
AcDbEntity
  8
ASSEMBLY_OUTLINES_TOP
100
AcDbPolyline
 90
        2
 70
         0
 43
0.03
 10
-28.999991
 20
20.177359
 10
-29.000001
 20
20.177359
  0
LWPOLYLINE
  5
885
100
AcDbEntity
  8
ASSEMBLY_OUTLINES_TOP
100
AcDbPolyline
 90
        2
 70
         0
 43
0.03
 10
-28.999991
 20
20.087359
 10
-29.000001
 20
20.087359
  0
LWPOLYLINE
  5
886
100
AcDbEntity
  8
ASSEMBLY_OUTLINES_TOP
100
AcDbPolyline
 90
        2
 70
         0
 43
0.03
 10
-28.999991
 20
19.997359
 10
-29.000001
 20
19.997359
  0
LWPOLYLINE
  5
887
100
AcDbEntity
  8
ASSEMBLY_OUTLINES_TOP
100
AcDbPolyline
 90
        2
 70
         0
 43
0.03
 10
-28.999991
 20
19.907359
 10
-29.000001
 20
19.907359
  0
LWPOLYLINE
  5
888
100
AcDbEntity
  8
ASSEMBLY_OUTLINES_TOP
100
AcDbPolyline
 90
        2
 70
         0
 43
0.03
 10
-28.999991
 20
19.817359
 10
-29.000001
 20
19.817359
  0
LWPOLYLINE
  5
889
100
AcDbEntity
  8
ASSEMBLY_OUTLINES_TOP
100
AcDbPolyline
 90
        2
 70
         0
 43
0.03
 10
-28.999991
 20
19.727359
 10
-29.000001
 20
19.727359
  0
LWPOLYLINE
  5
88A
100
AcDbEntity
  8
ASSEMBLY_OUTLINES_TOP
100
AcDbPolyline
 90
        2
 70
         0
 43
0.03
 10
-28.999991
 20
19.637359
 10
-29.000001
 20
19.637359
  0
LWPOLYLINE
  5
88B
100
AcDbEntity
  8
ASSEMBLY_OUTLINES_TOP
100
AcDbPolyline
 90
        2
 70
         0
 43
0.03
 10
-28.999991
 20
19.547359
 10
-29.000001
 20
19.547359
  0
LWPOLYLINE
  5
88C
100
AcDbEntity
  8
ASSEMBLY_OUTLINES_TOP
100
AcDbPolyline
 90
        2
 70
         0
 43
0.03
 10
-28.999991
 20
19.457359
 10
-29.000001
 20
19.457359
  0
LWPOLYLINE
  5
88D
100
AcDbEntity
  8
ASSEMBLY_OUTLINES_TOP
100
AcDbPolyline
 90
        2
 70
         0
 43
0.03
 10
-28.999991
 20
19.367359
 10
-29.000001
 20
19.367359
  0
LWPOLYLINE
  5
88E
100
AcDbEntity
  8
ASSEMBLY_OUTLINES_TOP
100
AcDbPolyline
 90
        2
 70
         0
 43
0.03
 10
-28.999991
 20
19.277359
 10
-29.000001
 20
19.277359
  0
LWPOLYLINE
  5
88F
100
AcDbEntity
  8
ASSEMBLY_OUTLINES_TOP
100
AcDbPolyline
 90
        2
 70
         0
 43
0.03
 10
-28.999991
 20
19.187359
 10
-29.000001
 20
19.187359
  0
LWPOLYLINE
  5
890
100
AcDbEntity
  8
ASSEMBLY_OUTLINES_TOP
100
AcDbPolyline
 90
        2
 70
         0
 43
0.03
 10
-28.999991
 20
19.097359
 10
-29.000001
 20
19.097359
  0
LWPOLYLINE
  5
891
100
AcDbEntity
  8
ASSEMBLY_OUTLINES_TOP
100
AcDbPolyline
 90
        2
 70
         0
 43
0.03
 10
-28.999991
 20
19.007359
 10
-29.000001
 20
19.007359
  0
LWPOLYLINE
  5
892
100
AcDbEntity
  8
ASSEMBLY_OUTLINES_TOP
100
AcDbPolyline
 90
        2
 70
         0
 43
0.03
 10
-28.999991
 20
18.917359
 10
-29.000001
 20
18.917359
  0
LWPOLYLINE
  5
893
100
AcDbEntity
  8
ASSEMBLY_OUTLINES_TOP
100
AcDbPolyline
 90
        2
 70
         0
 43
0.03
 10
-28.999991
 20
18.827359
 10
-29.000001
 20
18.827359
  0
LWPOLYLINE
  5
894
100
AcDbEntity
  8
ASSEMBLY_OUTLINES_TOP
100
AcDbPolyline
 90
        2
 70
         0
 43
0.03
 10
-28.999991
 20
18.737359
 10
-29.000001
 20
18.737359
  0
LWPOLYLINE
  5
895
100
AcDbEntity
  8
ASSEMBLY_OUTLINES_TOP
100
AcDbPolyline
 90
        2
 70
         0
 43
0.03
 10
-28.999991
 20
18.647359
 10
-29.000001
 20
18.647359
  0
LWPOLYLINE
  5
896
100
AcDbEntity
  8
ASSEMBLY_OUTLINES_TOP
100
AcDbPolyline
 90
        2
 70
         0
 43
0.03
 10
-28.999991
 20
18.557359
 10
-29.000001
 20
18.557359
  0
LWPOLYLINE
  5
897
100
AcDbEntity
  8
ASSEMBLY_OUTLINES_TOP
100
AcDbPolyline
 90
        2
 70
         0
 43
0.03
 10
-28.999991
 20
18.467359
 10
-29.000001
 20
18.467359
  0
LWPOLYLINE
  5
898
100
AcDbEntity
  8
ASSEMBLY_OUTLINES_TOP
100
AcDbPolyline
 90
        2
 70
         0
 43
0.03
 10
-28.999991
 20
18.377359
 10
-29.000001
 20
18.377359
  0
LWPOLYLINE
  5
899
100
AcDbEntity
  8
ASSEMBLY_OUTLINES_TOP
100
AcDbPolyline
 90
        2
 70
         0
 43
0.03
 10
-28.999991
 20
18.287359
 10
-29.000001
 20
18.287359
  0
LWPOLYLINE
  5
89A
100
AcDbEntity
  8
ASSEMBLY_OUTLINES_TOP
100
AcDbPolyline
 90
        2
 70
         0
 43
0.03
 10
-28.999991
 20
18.197359
 10
-29.000001
 20
18.197359
  0
LWPOLYLINE
  5
89B
100
AcDbEntity
  8
ASSEMBLY_OUTLINES_TOP
100
AcDbPolyline
 90
        2
 70
         0
 43
0.03
 10
-28.999991
 20
18.107359
 10
-29.000001
 20
18.107359
  0
LWPOLYLINE
  5
89C
100
AcDbEntity
  8
ASSEMBLY_OUTLINES_TOP
100
AcDbPolyline
 90
        2
 70
         0
 43
0.03
 10
-28.999991
 20
18.017359
 10
-29.000001
 20
18.017359
  0
LWPOLYLINE
  5
89D
100
AcDbEntity
  8
ASSEMBLY_OUTLINES_TOP
100
AcDbPolyline
 90
        2
 70
         0
 43
0.03
 10
-28.999991
 20
17.927359
 10
-29.000001
 20
17.927359
  0
LWPOLYLINE
  5
89E
100
AcDbEntity
  8
ASSEMBLY_OUTLINES_TOP
100
AcDbPolyline
 90
        2
 70
         0
 43
0.03
 10
-28.999991
 20
17.837359
 10
-29.000001
 20
17.837359
  0
LWPOLYLINE
  5
89F
100
AcDbEntity
  8
ASSEMBLY_OUTLINES_TOP
100
AcDbPolyline
 90
        2
 70
         0
 43
0.03
 10
-28.999991
 20
17.747359
 10
-29.000001
 20
17.747359
  0
LWPOLYLINE
  5
8A0
100
AcDbEntity
  8
ASSEMBLY_OUTLINES_TOP
100
AcDbPolyline
 90
        2
 70
         0
 43
0.03
 10
-28.999991
 20
17.657359
 10
-29.000001
 20
17.657359
  0
LWPOLYLINE
  5
8A1
100
AcDbEntity
  8
ASSEMBLY_OUTLINES_TOP
100
AcDbPolyline
 90
        2
 70
         0
 43
0.03
 10
-28.999991
 20
17.567359
 10
-29.000001
 20
17.567359
  0
LWPOLYLINE
  5
8A2
100
AcDbEntity
  8
ASSEMBLY_OUTLINES_TOP
100
AcDbPolyline
 90
        2
 70
         0
 43
0.03
 10
-28.999991
 20
17.477359
 10
-29.000001
 20
17.477359
  0
LWPOLYLINE
  5
8A3
100
AcDbEntity
  8
ASSEMBLY_OUTLINES_TOP
100
AcDbPolyline
 90
        2
 70
         0
 43
0.03
 10
-28.999991
 20
17.387359
 10
-29.000001
 20
17.387359
  0
LWPOLYLINE
  5
8A4
100
AcDbEntity
  8
ASSEMBLY_OUTLINES_TOP
100
AcDbPolyline
 90
        2
 70
         0
 43
0.03
 10
-28.999991
 20
17.297359
 10
-29.000001
 20
17.297359
  0
LWPOLYLINE
  5
8A5
100
AcDbEntity
  8
ASSEMBLY_OUTLINES_TOP
100
AcDbPolyline
 90
        2
 70
         0
 43
0.03
 10
-28.999991
 20
17.207359
 10
-29.000001
 20
17.207359
  0
LWPOLYLINE
  5
8A6
100
AcDbEntity
  8
ASSEMBLY_OUTLINES_TOP
100
AcDbPolyline
 90
        2
 70
         0
 43
0.03
 10
-28.999991
 20
17.117359
 10
-29.000001
 20
17.117359
  0
LWPOLYLINE
  5
8A7
100
AcDbEntity
  8
ASSEMBLY_OUTLINES_TOP
100
AcDbPolyline
 90
        2
 70
         0
 43
0.03
 10
-28.999991
 20
17.027359
 10
-29.000001
 20
17.027359
  0
LWPOLYLINE
  5
8A8
100
AcDbEntity
  8
ASSEMBLY_OUTLINES_TOP
100
AcDbPolyline
 90
        2
 70
         0
 43
0.03
 10
-28.999991
 20
16.937359
 10
-29.000001
 20
16.937359
  0
LWPOLYLINE
  5
8A9
100
AcDbEntity
  8
ASSEMBLY_OUTLINES_TOP
100
AcDbPolyline
 90
        2
 70
         0
 43
0.03
 10
-28.999991
 20
16.847359
 10
-29.000001
 20
16.847359
  0
LWPOLYLINE
  5
8AA
100
AcDbEntity
  8
ASSEMBLY_OUTLINES_TOP
100
AcDbPolyline
 90
        2
 70
         0
 43
0.03
 10
-28.999991
 20
16.757359
 10
-29.000001
 20
16.757359
  0
LWPOLYLINE
  5
8AB
100
AcDbEntity
  8
ASSEMBLY_OUTLINES_TOP
100
AcDbPolyline
 90
        2
 70
         0
 43
0.03
 10
-28.999991
 20
16.667359
 10
-29.000001
 20
16.667359
  0
LWPOLYLINE
  5
8AC
100
AcDbEntity
  8
ASSEMBLY_OUTLINES_TOP
100
AcDbPolyline
 90
        2
 70
         0
 43
0.03
 10
-28.999991
 20
16.577359
 10
-29.000001
 20
16.577359
  0
LWPOLYLINE
  5
8AD
100
AcDbEntity
  8
ASSEMBLY_OUTLINES_TOP
100
AcDbPolyline
 90
        2
 70
         0
 43
0.03
 10
-28.999991
 20
16.487359
 10
-29.000001
 20
16.487359
  0
LWPOLYLINE
  5
8AE
100
AcDbEntity
  8
ASSEMBLY_OUTLINES_TOP
100
AcDbPolyline
 90
        2
 70
         0
 43
0.03
 10
-28.999991
 20
16.397359
 10
-29.000001
 20
16.397359
  0
LWPOLYLINE
  5
8AF
100
AcDbEntity
  8
ASSEMBLY_OUTLINES_TOP
100
AcDbPolyline
 90
        2
 70
         0
 43
0.03
 10
-28.999991
 20
16.307359
 10
-29.000001
 20
16.307359
  0
LWPOLYLINE
  5
8B0
100
AcDbEntity
  8
ASSEMBLY_OUTLINES_TOP
100
AcDbPolyline
 90
        2
 70
         0
 43
0.03
 10
-28.999991
 20
16.217359
 10
-29.000001
 20
16.217359
  0
LWPOLYLINE
  5
8B1
100
AcDbEntity
  8
ASSEMBLY_OUTLINES_TOP
100
AcDbPolyline
 90
        2
 70
         0
 43
0.03
 10
-28.999991
 20
16.127359
 10
-29.000001
 20
16.127359
  0
LWPOLYLINE
  5
8B2
100
AcDbEntity
  8
ASSEMBLY_OUTLINES_TOP
100
AcDbPolyline
 90
        2
 70
         0
 43
0.03
 10
-28.999991
 20
16.037359
 10
-29.000001
 20
16.037359
  0
LWPOLYLINE
  5
8B3
100
AcDbEntity
  8
ASSEMBLY_OUTLINES_TOP
100
AcDbPolyline
 90
        2
 70
         0
 43
0.03
 10
-28.999991
 20
15.947359
 10
-29.000001
 20
15.947359
  0
LWPOLYLINE
  5
8B4
100
AcDbEntity
  8
ASSEMBLY_OUTLINES_TOP
100
AcDbPolyline
 90
        2
 70
         0
 43
0.03
 10
-28.999991
 20
15.857359
 10
-29.000001
 20
15.857359
  0
LWPOLYLINE
  5
8B5
100
AcDbEntity
  8
ASSEMBLY_OUTLINES_TOP
100
AcDbPolyline
 90
        2
 70
         0
 43
0.03
 10
-28.999991
 20
15.767359
 10
-29.000001
 20
15.767359
  0
LWPOLYLINE
  5
8B6
100
AcDbEntity
  8
ASSEMBLY_OUTLINES_TOP
100
AcDbPolyline
 90
        2
 70
         0
 43
0.03
 10
-28.999991
 20
15.677359
 10
-29.000001
 20
15.677359
  0
LWPOLYLINE
  5
8B7
100
AcDbEntity
  8
ASSEMBLY_OUTLINES_TOP
100
AcDbPolyline
 90
        2
 70
         0
 43
0.03
 10
-28.999991
 20
15.587359
 10
-29.000001
 20
15.587359
  0
LWPOLYLINE
  5
8B8
100
AcDbEntity
  8
ASSEMBLY_OUTLINES_TOP
100
AcDbPolyline
 90
        2
 70
         0
 43
0.03
 10
-28.999991
 20
15.497359
 10
-29.000001
 20
15.497359
  0
LWPOLYLINE
  5
8B9
100
AcDbEntity
  8
ASSEMBLY_OUTLINES_TOP
100
AcDbPolyline
 90
        2
 70
         0
 43
0.03
 10
-28.999991
 20
15.407359
 10
-29.000001
 20
15.407359
  0
LWPOLYLINE
  5
8BA
100
AcDbEntity
  8
ASSEMBLY_OUTLINES_TOP
100
AcDbPolyline
 90
        2
 70
         0
 43
0.03
 10
-28.999991
 20
15.317359
 10
-29.000001
 20
15.317359
  0
LWPOLYLINE
  5
8BB
100
AcDbEntity
  8
ASSEMBLY_OUTLINES_TOP
100
AcDbPolyline
 90
        2
 70
         0
 43
0.03
 10
-28.999991
 20
15.227359
 10
-29.000001
 20
15.227359
  0
LWPOLYLINE
  5
8BC
100
AcDbEntity
  8
ASSEMBLY_OUTLINES_TOP
100
AcDbPolyline
 90
        2
 70
         0
 43
0.03
 10
-28.999991
 20
15.137359
 10
-29.000001
 20
15.137359
  0
LWPOLYLINE
  5
8BD
100
AcDbEntity
  8
ASSEMBLY_OUTLINES_TOP
100
AcDbPolyline
 90
        2
 70
         0
 43
0.03
 10
-28.999991
 20
15.047359
 10
-29.000001
 20
15.047359
  0
LWPOLYLINE
  5
8BE
100
AcDbEntity
  8
ASSEMBLY_OUTLINES_TOP
100
AcDbPolyline
 90
        2
 70
         0
 43
0.03
 10
-28.999991
 20
14.957359
 10
-29.000001
 20
14.957359
  0
LWPOLYLINE
  5
8BF
100
AcDbEntity
  8
ASSEMBLY_OUTLINES_TOP
100
AcDbPolyline
 90
        2
 70
         0
 43
0.03
 10
-28.999991
 20
14.867359
 10
-29.000001
 20
14.867359
  0
LWPOLYLINE
  5
8C0
100
AcDbEntity
  8
ASSEMBLY_OUTLINES_TOP
100
AcDbPolyline
 90
        2
 70
         0
 43
0.03
 10
-28.999991
 20
14.777359
 10
-29.000001
 20
14.777359
  0
LWPOLYLINE
  5
8C1
100
AcDbEntity
  8
ASSEMBLY_OUTLINES_TOP
100
AcDbPolyline
 90
        2
 70
         0
 43
0.03
 10
-28.999991
 20
14.687359
 10
-29.000001
 20
14.687359
  0
LWPOLYLINE
  5
8C2
100
AcDbEntity
  8
ASSEMBLY_OUTLINES_TOP
100
AcDbPolyline
 90
        2
 70
         0
 43
0.03
 10
-28.999991
 20
14.597359
 10
-29.000001
 20
14.597359
  0
LWPOLYLINE
  5
8C3
100
AcDbEntity
  8
ASSEMBLY_OUTLINES_TOP
100
AcDbPolyline
 90
        2
 70
         0
 43
0.03
 10
-28.999991
 20
14.507359
 10
-29.000001
 20
14.507359
  0
LWPOLYLINE
  5
8C4
100
AcDbEntity
  8
ASSEMBLY_OUTLINES_TOP
100
AcDbPolyline
 90
        2
 70
         0
 43
0.03
 10
-28.999991
 20
14.417359
 10
-29.000001
 20
14.417359
  0
LWPOLYLINE
  5
8C5
100
AcDbEntity
  8
ASSEMBLY_OUTLINES_TOP
100
AcDbPolyline
 90
        2
 70
         0
 43
0.03
 10
-28.999991
 20
14.327359
 10
-29.000001
 20
14.327359
  0
LWPOLYLINE
  5
8C6
100
AcDbEntity
  8
ASSEMBLY_OUTLINES_TOP
100
AcDbPolyline
 90
        2
 70
         0
 43
0.03
 10
-28.999991
 20
14.237359
 10
-29.000001
 20
14.237359
  0
LWPOLYLINE
  5
8C7
100
AcDbEntity
  8
ASSEMBLY_OUTLINES_TOP
100
AcDbPolyline
 90
        2
 70
         0
 43
0.03
 10
-28.999991
 20
14.147359
 10
-29.000001
 20
14.147359
  0
LWPOLYLINE
  5
8C8
100
AcDbEntity
  8
ASSEMBLY_OUTLINES_TOP
100
AcDbPolyline
 90
        2
 70
         0
 43
0.03
 10
-28.999991
 20
14.057359
 10
-29.000001
 20
14.057359
  0
LWPOLYLINE
  5
8C9
100
AcDbEntity
  8
ASSEMBLY_OUTLINES_TOP
100
AcDbPolyline
 90
        2
 70
         0
 43
0.03
 10
-28.999991
 20
13.967359
 10
-29.000001
 20
13.967359
  0
LWPOLYLINE
  5
8CA
100
AcDbEntity
  8
ASSEMBLY_OUTLINES_TOP
100
AcDbPolyline
 90
        2
 70
         0
 43
0.03
 10
-28.999991
 20
13.877359
 10
-29.000001
 20
13.877359
  0
LWPOLYLINE
  5
8CB
100
AcDbEntity
  8
ASSEMBLY_OUTLINES_TOP
100
AcDbPolyline
 90
        2
 70
         0
 43
0.03
 10
-28.999991
 20
13.787359
 10
-29.000001
 20
13.787359
  0
LWPOLYLINE
  5
8CC
100
AcDbEntity
  8
ASSEMBLY_OUTLINES_TOP
100
AcDbPolyline
 90
        2
 70
         0
 43
0.03
 10
-28.999991
 20
13.697359
 10
-29.000001
 20
13.697359
  0
LWPOLYLINE
  5
8CD
100
AcDbEntity
  8
ASSEMBLY_OUTLINES_TOP
100
AcDbPolyline
 90
        2
 70
         0
 43
0.03
 10
-28.999991
 20
13.607359
 10
-29.000001
 20
13.607359
  0
LWPOLYLINE
  5
8CE
100
AcDbEntity
  8
ASSEMBLY_OUTLINES_TOP
100
AcDbPolyline
 90
        2
 70
         0
 43
0.03
 10
-28.999991
 20
13.517359
 10
-29.000001
 20
13.517359
  0
LWPOLYLINE
  5
8CF
100
AcDbEntity
  8
ASSEMBLY_OUTLINES_TOP
100
AcDbPolyline
 90
        2
 70
         0
 43
0.03
 10
-28.999991
 20
13.427359
 10
-29.000001
 20
13.427359
  0
LWPOLYLINE
  5
8D0
100
AcDbEntity
  8
ASSEMBLY_OUTLINES_TOP
100
AcDbPolyline
 90
        2
 70
         0
 43
0.03
 10
-28.999991
 20
13.337359
 10
-29.000001
 20
13.337359
  0
LWPOLYLINE
  5
8D1
100
AcDbEntity
  8
ASSEMBLY_OUTLINES_TOP
100
AcDbPolyline
 90
        2
 70
         0
 43
0.03
 10
-28.999991
 20
13.247359
 10
-29.000001
 20
13.247359
  0
LWPOLYLINE
  5
8D2
100
AcDbEntity
  8
ASSEMBLY_OUTLINES_TOP
100
AcDbPolyline
 90
        2
 70
         0
 43
0.03
 10
-28.999991
 20
13.157359
 10
-29.000001
 20
13.157359
  0
LWPOLYLINE
  5
8D3
100
AcDbEntity
  8
ASSEMBLY_OUTLINES_TOP
100
AcDbPolyline
 90
        2
 70
         0
 43
0.03
 10
-28.999991
 20
13.067359
 10
-29.000001
 20
13.067359
  0
LWPOLYLINE
  5
8D4
100
AcDbEntity
  8
ASSEMBLY_OUTLINES_TOP
100
AcDbPolyline
 90
        2
 70
         0
 43
0.03
 10
-28.999991
 20
12.977359
 10
-29.000001
 20
12.977359
  0
LWPOLYLINE
  5
8D5
100
AcDbEntity
  8
ASSEMBLY_OUTLINES_TOP
100
AcDbPolyline
 90
        2
 70
         0
 43
0.03
 10
-28.999991
 20
12.887359
 10
-29.000001
 20
12.887359
  0
LWPOLYLINE
  5
8D6
100
AcDbEntity
  8
ASSEMBLY_OUTLINES_TOP
100
AcDbPolyline
 90
        2
 70
         0
 43
0.03
 10
-28.999991
 20
12.797359
 10
-29.000001
 20
12.797359
  0
LWPOLYLINE
  5
8D7
100
AcDbEntity
  8
ASSEMBLY_OUTLINES_TOP
100
AcDbPolyline
 90
        2
 70
         0
 43
0.03
 10
-28.999991
 20
12.707359
 10
-29.000001
 20
12.707359
  0
LWPOLYLINE
  5
8D8
100
AcDbEntity
  8
ASSEMBLY_OUTLINES_TOP
100
AcDbPolyline
 90
        2
 70
         0
 43
0.03
 10
-28.999991
 20
12.617359
 10
-29.000001
 20
12.617359
  0
LWPOLYLINE
  5
8D9
100
AcDbEntity
  8
ASSEMBLY_OUTLINES_TOP
100
AcDbPolyline
 90
        2
 70
         0
 43
0.03
 10
-28.999991
 20
12.527359
 10
-29.000001
 20
12.527359
  0
LWPOLYLINE
  5
8DA
100
AcDbEntity
  8
ASSEMBLY_OUTLINES_TOP
100
AcDbPolyline
 90
        2
 70
         0
 43
0.03
 10
-28.999991
 20
12.437359
 10
-29.000001
 20
12.437359
  0
LWPOLYLINE
  5
8DB
100
AcDbEntity
  8
ASSEMBLY_OUTLINES_TOP
100
AcDbPolyline
 90
        2
 70
         0
 43
0.03
 10
-28.999991
 20
12.347359
 10
-29.000001
 20
12.347359
  0
LWPOLYLINE
  5
8DC
100
AcDbEntity
  8
ASSEMBLY_OUTLINES_TOP
100
AcDbPolyline
 90
        2
 70
         0
 43
0.03
 10
-28.999991
 20
12.257359
 10
-29.000001
 20
12.257359
  0
LWPOLYLINE
  5
8DD
100
AcDbEntity
  8
ASSEMBLY_OUTLINES_TOP
100
AcDbPolyline
 90
        2
 70
         0
 43
0.03
 10
-28.999991
 20
12.167359
 10
-29.000001
 20
12.167359
  0
LWPOLYLINE
  5
8DE
100
AcDbEntity
  8
ASSEMBLY_OUTLINES_TOP
100
AcDbPolyline
 90
        2
 70
         0
 43
0.03
 10
-28.999991
 20
12.077359
 10
-29.000001
 20
12.077359
  0
LWPOLYLINE
  5
8DF
100
AcDbEntity
  8
ASSEMBLY_OUTLINES_TOP
100
AcDbPolyline
 90
        2
 70
         0
 43
0.03
 10
-28.999991
 20
11.987359
 10
-29.000001
 20
11.987359
  0
LWPOLYLINE
  5
8E0
100
AcDbEntity
  8
ASSEMBLY_OUTLINES_TOP
100
AcDbPolyline
 90
        2
 70
         0
 43
0.03
 10
-28.999991
 20
11.897359
 10
-29.000001
 20
11.897359
  0
LWPOLYLINE
  5
8E1
100
AcDbEntity
  8
ASSEMBLY_OUTLINES_TOP
100
AcDbPolyline
 90
        2
 70
         0
 43
0.03
 10
-28.999991
 20
11.807359
 10
-29.000001
 20
11.807359
  0
LWPOLYLINE
  5
8E2
100
AcDbEntity
  8
ASSEMBLY_OUTLINES_TOP
100
AcDbPolyline
 90
        2
 70
         0
 43
0.03
 10
-28.999991
 20
11.717359
 10
-29.000001
 20
11.717359
  0
LWPOLYLINE
  5
8E3
100
AcDbEntity
  8
ASSEMBLY_OUTLINES_TOP
100
AcDbPolyline
 90
        2
 70
         0
 43
0.03
 10
-28.999991
 20
11.627359
 10
-29.000001
 20
11.627359
  0
LWPOLYLINE
  5
8E4
100
AcDbEntity
  8
ASSEMBLY_OUTLINES_TOP
100
AcDbPolyline
 90
        2
 70
         0
 43
0.03
 10
-28.999991
 20
11.537359
 10
-29.000001
 20
11.537359
  0
LWPOLYLINE
  5
8E5
100
AcDbEntity
  8
ASSEMBLY_OUTLINES_TOP
100
AcDbPolyline
 90
        2
 70
         0
 43
0.03
 10
-28.999991
 20
11.447359
 10
-29.000001
 20
11.447359
  0
LWPOLYLINE
  5
8E6
100
AcDbEntity
  8
ASSEMBLY_OUTLINES_TOP
100
AcDbPolyline
 90
        2
 70
         0
 43
0.03
 10
-28.999991
 20
11.357359
 10
-29.000001
 20
11.357359
  0
LWPOLYLINE
  5
8E7
100
AcDbEntity
  8
ASSEMBLY_OUTLINES_TOP
100
AcDbPolyline
 90
        2
 70
         0
 43
0.03
 10
-28.999991
 20
11.267359
 10
-29.000001
 20
11.267359
  0
LWPOLYLINE
  5
8E8
100
AcDbEntity
  8
ASSEMBLY_OUTLINES_TOP
100
AcDbPolyline
 90
        2
 70
         0
 43
0.03
 10
-28.999991
 20
11.177359
 10
-29.000001
 20
11.177359
  0
LWPOLYLINE
  5
8E9
100
AcDbEntity
  8
ASSEMBLY_OUTLINES_TOP
100
AcDbPolyline
 90
        2
 70
         0
 43
0.03
 10
-28.999991
 20
11.087359
 10
-29.000001
 20
11.087359
  0
LWPOLYLINE
  5
8EA
100
AcDbEntity
  8
ASSEMBLY_OUTLINES_TOP
100
AcDbPolyline
 90
        2
 70
         0
 43
0.03
 10
-28.999991
 20
10.997359
 10
-29.000001
 20
10.997359
  0
LWPOLYLINE
  5
8EB
100
AcDbEntity
  8
ASSEMBLY_OUTLINES_TOP
100
AcDbPolyline
 90
        2
 70
         0
 43
0.03
 10
-28.999991
 20
10.907359
 10
-29.000001
 20
10.907359
  0
LWPOLYLINE
  5
8EC
100
AcDbEntity
  8
ASSEMBLY_OUTLINES_TOP
100
AcDbPolyline
 90
        2
 70
         0
 43
0.03
 10
-28.999991
 20
10.817359
 10
-29.000001
 20
10.817359
  0
LWPOLYLINE
  5
8ED
100
AcDbEntity
  8
ASSEMBLY_OUTLINES_TOP
100
AcDbPolyline
 90
        2
 70
         0
 43
0.03
 10
-28.999991
 20
10.727359
 10
-29.000001
 20
10.727359
  0
LWPOLYLINE
  5
8EE
100
AcDbEntity
  8
ASSEMBLY_OUTLINES_TOP
100
AcDbPolyline
 90
        2
 70
         0
 43
0.03
 10
-28.999991
 20
10.637359
 10
-29.000001
 20
10.637359
  0
LWPOLYLINE
  5
8EF
100
AcDbEntity
  8
ASSEMBLY_OUTLINES_TOP
100
AcDbPolyline
 90
        2
 70
         0
 43
0.03
 10
-28.999991
 20
10.547359
 10
-29.000001
 20
10.547359
  0
LWPOLYLINE
  5
8F0
100
AcDbEntity
  8
ASSEMBLY_OUTLINES_TOP
100
AcDbPolyline
 90
        2
 70
         0
 43
0.03
 10
-28.999991
 20
10.457359
 10
-29.000001
 20
10.457359
  0
LWPOLYLINE
  5
8F1
100
AcDbEntity
  8
ASSEMBLY_OUTLINES_TOP
100
AcDbPolyline
 90
        2
 70
         0
 43
0.03
 10
-28.999991
 20
10.367359
 10
-29.000001
 20
10.367359
  0
LWPOLYLINE
  5
8F2
100
AcDbEntity
  8
ASSEMBLY_OUTLINES_TOP
100
AcDbPolyline
 90
        2
 70
         0
 43
0.03
 10
-28.999991
 20
10.277359
 10
-29.000001
 20
10.277359
  0
LWPOLYLINE
  5
8F3
100
AcDbEntity
  8
ASSEMBLY_OUTLINES_TOP
100
AcDbPolyline
 90
        2
 70
         0
 43
0.03
 10
-28.999991
 20
10.187359
 10
-29.000001
 20
10.187359
  0
LWPOLYLINE
  5
8F4
100
AcDbEntity
  8
ASSEMBLY_OUTLINES_TOP
100
AcDbPolyline
 90
        2
 70
         0
 43
0.03
 10
-28.999991
 20
10.097359
 10
-29.000001
 20
10.097359
  0
LWPOLYLINE
  5
8F5
100
AcDbEntity
  8
ASSEMBLY_OUTLINES_TOP
100
AcDbPolyline
 90
        2
 70
         0
 43
0.03
 10
-28.999991
 20
10.007359
 10
-29.000001
 20
10.007359
  0
LWPOLYLINE
  5
8F6
100
AcDbEntity
  8
ASSEMBLY_OUTLINES_TOP
100
AcDbPolyline
 90
        2
 70
         0
 43
0.03
 10
-28.999991
 20
9.917359
 10
-29.000001
 20
9.917359
  0
LWPOLYLINE
  5
8F7
100
AcDbEntity
  8
ASSEMBLY_OUTLINES_TOP
100
AcDbPolyline
 90
        2
 70
         0
 43
0.03
 10
-28.999991
 20
9.827359
 10
-29.000001
 20
9.827359
  0
LWPOLYLINE
  5
8F8
100
AcDbEntity
  8
ASSEMBLY_OUTLINES_TOP
100
AcDbPolyline
 90
        2
 70
         0
 43
0.03
 10
-28.999991
 20
9.737359
 10
-29.000001
 20
9.737359
  0
LWPOLYLINE
  5
8F9
100
AcDbEntity
  8
ASSEMBLY_OUTLINES_TOP
100
AcDbPolyline
 90
        2
 70
         0
 43
0.03
 10
-28.999991
 20
9.647359
 10
-29.000001
 20
9.647359
  0
LWPOLYLINE
  5
8FA
100
AcDbEntity
  8
ASSEMBLY_OUTLINES_TOP
100
AcDbPolyline
 90
        2
 70
         0
 43
0.03
 10
-28.999991
 20
9.557359
 10
-29.000001
 20
9.557359
  0
LWPOLYLINE
  5
8FB
100
AcDbEntity
  8
ASSEMBLY_OUTLINES_TOP
100
AcDbPolyline
 90
        2
 70
         0
 43
0.03
 10
-28.999991
 20
9.467359
 10
-29.000001
 20
9.467359
  0
LWPOLYLINE
  5
8FC
100
AcDbEntity
  8
ASSEMBLY_OUTLINES_TOP
100
AcDbPolyline
 90
        2
 70
         0
 43
0.03
 10
-28.999991
 20
9.377359
 10
-29.000001
 20
9.377359
  0
LWPOLYLINE
  5
8FD
100
AcDbEntity
  8
ASSEMBLY_OUTLINES_TOP
100
AcDbPolyline
 90
        2
 70
         0
 43
0.03
 10
-28.999991
 20
9.287359
 10
-29.000001
 20
9.287359
  0
LWPOLYLINE
  5
8FE
100
AcDbEntity
  8
ASSEMBLY_OUTLINES_TOP
100
AcDbPolyline
 90
        2
 70
         0
 43
0.03
 10
-28.999991
 20
9.197359
 10
-29.000001
 20
9.197359
  0
LWPOLYLINE
  5
8FF
100
AcDbEntity
  8
ASSEMBLY_OUTLINES_TOP
100
AcDbPolyline
 90
        2
 70
         0
 43
0.03
 10
-28.999991
 20
9.107359
 10
-29.000001
 20
9.107359
  0
LWPOLYLINE
  5
900
100
AcDbEntity
  8
ASSEMBLY_OUTLINES_TOP
100
AcDbPolyline
 90
        2
 70
         0
 43
0.03
 10
-28.999991
 20
9.017359
 10
-29.000001
 20
9.017359
  0
LWPOLYLINE
  5
901
100
AcDbEntity
  8
ASSEMBLY_OUTLINES_TOP
100
AcDbPolyline
 90
        2
 70
         0
 43
0.03
 10
-28.999991
 20
8.927359
 10
-29.000001
 20
8.927359
  0
LWPOLYLINE
  5
902
100
AcDbEntity
  8
ASSEMBLY_OUTLINES_TOP
100
AcDbPolyline
 90
        2
 70
         0
 43
0.03
 10
-28.999991
 20
8.837359
 10
-29.000001
 20
8.837359
  0
LWPOLYLINE
  5
903
100
AcDbEntity
  8
ASSEMBLY_OUTLINES_TOP
100
AcDbPolyline
 90
        2
 70
         0
 43
0.03
 10
-28.999991
 20
8.747359
 10
-29.000001
 20
8.747359
  0
LWPOLYLINE
  5
904
100
AcDbEntity
  8
ASSEMBLY_OUTLINES_TOP
100
AcDbPolyline
 90
        2
 70
         0
 43
0.03
 10
-28.999991
 20
8.657359
 10
-29.000001
 20
8.657359
  0
LWPOLYLINE
  5
905
100
AcDbEntity
  8
ASSEMBLY_OUTLINES_TOP
100
AcDbPolyline
 90
        2
 70
         0
 43
0.03
 10
-28.999991
 20
8.567359
 10
-29.000001
 20
8.567359
  0
LWPOLYLINE
  5
906
100
AcDbEntity
  8
ASSEMBLY_OUTLINES_TOP
100
AcDbPolyline
 90
        2
 70
         0
 43
0.03
 10
-28.999991
 20
8.477359
 10
-29.000001
 20
8.477359
  0
LWPOLYLINE
  5
907
100
AcDbEntity
  8
ASSEMBLY_OUTLINES_TOP
100
AcDbPolyline
 90
        2
 70
         0
 43
0.03
 10
-28.999991
 20
8.387359
 10
-29.000001
 20
8.387359
  0
LWPOLYLINE
  5
908
100
AcDbEntity
  8
ASSEMBLY_OUTLINES_TOP
100
AcDbPolyline
 90
        2
 70
         0
 43
0.03
 10
-28.999991
 20
8.297359
 10
-29.000001
 20
8.297359
  0
LWPOLYLINE
  5
909
100
AcDbEntity
  8
ASSEMBLY_OUTLINES_TOP
100
AcDbPolyline
 90
        2
 70
         0
 43
0.03
 10
-28.999991
 20
8.207359
 10
-29.000001
 20
8.207359
  0
LWPOLYLINE
  5
90A
100
AcDbEntity
  8
ASSEMBLY_OUTLINES_TOP
100
AcDbPolyline
 90
        2
 70
         0
 43
0.03
 10
-28.999991
 20
8.117359
 10
-29.000001
 20
8.117359
  0
LWPOLYLINE
  5
90B
100
AcDbEntity
  8
ASSEMBLY_OUTLINES_TOP
100
AcDbPolyline
 90
        2
 70
         0
 43
0.03
 10
-28.999991
 20
8.027359
 10
-29.000001
 20
8.027359
  0
LWPOLYLINE
  5
90C
100
AcDbEntity
  8
ASSEMBLY_OUTLINES_TOP
100
AcDbPolyline
 90
        2
 70
         0
 43
0.03
 10
-28.999991
 20
7.937359
 10
-29.000001
 20
7.937359
  0
LWPOLYLINE
  5
90D
100
AcDbEntity
  8
ASSEMBLY_OUTLINES_TOP
100
AcDbPolyline
 90
        2
 70
         0
 43
0.03
 10
-28.999991
 20
7.847359
 10
-29.000001
 20
7.847359
  0
LWPOLYLINE
  5
90E
100
AcDbEntity
  8
ASSEMBLY_OUTLINES_TOP
100
AcDbPolyline
 90
        2
 70
         0
 43
0.03
 10
-28.999991
 20
7.757359
 10
-29.000001
 20
7.757359
  0
LWPOLYLINE
  5
90F
100
AcDbEntity
  8
ASSEMBLY_OUTLINES_TOP
100
AcDbPolyline
 90
        2
 70
         0
 43
0.03
 10
-28.999991
 20
7.667359
 10
-29.000001
 20
7.667359
  0
LWPOLYLINE
  5
910
100
AcDbEntity
  8
ASSEMBLY_OUTLINES_TOP
100
AcDbPolyline
 90
        2
 70
         0
 43
0.03
 10
-28.999991
 20
7.577359
 10
-29.000001
 20
7.577359
  0
LWPOLYLINE
  5
911
100
AcDbEntity
  8
ASSEMBLY_OUTLINES_TOP
100
AcDbPolyline
 90
        2
 70
         0
 43
0.03
 10
-28.999991
 20
7.487359
 10
-29.000001
 20
7.487359
  0
LWPOLYLINE
  5
912
100
AcDbEntity
  8
ASSEMBLY_OUTLINES_TOP
100
AcDbPolyline
 90
        2
 70
         0
 43
0.03
 10
-28.999991
 20
7.397359
 10
-29.000001
 20
7.397359
  0
LWPOLYLINE
  5
913
100
AcDbEntity
  8
ASSEMBLY_OUTLINES_TOP
100
AcDbPolyline
 90
        2
 70
         0
 43
0.03
 10
-28.999991
 20
7.307359
 10
-29.000001
 20
7.307359
  0
LWPOLYLINE
  5
914
100
AcDbEntity
  8
ASSEMBLY_OUTLINES_TOP
100
AcDbPolyline
 90
        2
 70
         0
 43
0.03
 10
-28.999991
 20
7.217359
 10
-29.000001
 20
7.217359
  0
LWPOLYLINE
  5
915
100
AcDbEntity
  8
ASSEMBLY_OUTLINES_TOP
100
AcDbPolyline
 90
        2
 70
         0
 43
0.03
 10
-28.999991
 20
7.127359
 10
-29.000001
 20
7.127359
  0
LWPOLYLINE
  5
916
100
AcDbEntity
  8
ASSEMBLY_OUTLINES_TOP
100
AcDbPolyline
 90
        2
 70
         0
 43
0.03
 10
-28.999991
 20
7.037359
 10
-29.000001
 20
7.037359
  0
LWPOLYLINE
  5
917
100
AcDbEntity
  8
ASSEMBLY_OUTLINES_TOP
100
AcDbPolyline
 90
        2
 70
         0
 43
0.03
 10
-28.999991
 20
6.947359
 10
-29.000001
 20
6.947359
  0
LWPOLYLINE
  5
918
100
AcDbEntity
  8
ASSEMBLY_OUTLINES_TOP
100
AcDbPolyline
 90
        2
 70
         0
 43
0.03
 10
-28.999991
 20
6.857359
 10
-29.000001
 20
6.857359
  0
LWPOLYLINE
  5
919
100
AcDbEntity
  8
ASSEMBLY_OUTLINES_TOP
100
AcDbPolyline
 90
        2
 70
         0
 43
0.03
 10
-28.999991
 20
6.767359
 10
-29.000001
 20
6.767359
  0
LWPOLYLINE
  5
91A
100
AcDbEntity
  8
ASSEMBLY_OUTLINES_TOP
100
AcDbPolyline
 90
        2
 70
         0
 43
0.03
 10
-28.999991
 20
6.677359
 10
-29.000001
 20
6.677359
  0
LWPOLYLINE
  5
91B
100
AcDbEntity
  8
ASSEMBLY_OUTLINES_TOP
100
AcDbPolyline
 90
        2
 70
         0
 43
0.03
 10
-28.999991
 20
6.587359
 10
-29.000001
 20
6.587359
  0
LWPOLYLINE
  5
91C
100
AcDbEntity
  8
ASSEMBLY_OUTLINES_TOP
100
AcDbPolyline
 90
        2
 70
         0
 43
0.03
 10
-28.999991
 20
6.497359
 10
-29.000001
 20
6.497359
  0
LWPOLYLINE
  5
91D
100
AcDbEntity
  8
ASSEMBLY_OUTLINES_TOP
100
AcDbPolyline
 90
        2
 70
         0
 43
0.03
 10
-28.999991
 20
6.407359
 10
-29.000001
 20
6.407359
  0
LWPOLYLINE
  5
91E
100
AcDbEntity
  8
ASSEMBLY_OUTLINES_TOP
100
AcDbPolyline
 90
        2
 70
         0
 43
0.03
 10
-28.999991
 20
6.317359
 10
-29.000001
 20
6.317359
  0
LWPOLYLINE
  5
91F
100
AcDbEntity
  8
ASSEMBLY_OUTLINES_TOP
100
AcDbPolyline
 90
        2
 70
         0
 43
0.03
 10
-28.999991
 20
6.227359
 10
-29.000001
 20
6.227359
  0
LWPOLYLINE
  5
920
100
AcDbEntity
  8
ASSEMBLY_OUTLINES_TOP
100
AcDbPolyline
 90
        2
 70
         0
 43
0.03
 10
-28.999991
 20
6.137359
 10
-29.000001
 20
6.137359
  0
LWPOLYLINE
  5
921
100
AcDbEntity
  8
ASSEMBLY_OUTLINES_TOP
100
AcDbPolyline
 90
        2
 70
         0
 43
0.03
 10
-28.999991
 20
6.047359
 10
-29.000001
 20
6.047359
  0
LWPOLYLINE
  5
922
100
AcDbEntity
  8
ASSEMBLY_OUTLINES_TOP
100
AcDbPolyline
 90
        2
 70
         0
 43
0.03
 10
-28.999991
 20
5.957359
 10
-29.000001
 20
5.957359
  0
LWPOLYLINE
  5
923
100
AcDbEntity
  8
ASSEMBLY_OUTLINES_TOP
100
AcDbPolyline
 90
        2
 70
         0
 43
0.03
 10
-28.999991
 20
5.867359
 10
-29.000001
 20
5.867359
  0
LWPOLYLINE
  5
924
100
AcDbEntity
  8
ASSEMBLY_OUTLINES_TOP
100
AcDbPolyline
 90
        2
 70
         0
 43
0.03
 10
-28.999991
 20
5.777359
 10
-29.000001
 20
5.777359
  0
LWPOLYLINE
  5
925
100
AcDbEntity
  8
ASSEMBLY_OUTLINES_TOP
100
AcDbPolyline
 90
        2
 70
         0
 43
0.03
 10
-28.999991
 20
5.687359
 10
-29.000001
 20
5.687359
  0
LWPOLYLINE
  5
926
100
AcDbEntity
  8
ASSEMBLY_OUTLINES_TOP
100
AcDbPolyline
 90
        2
 70
         0
 43
0.03
 10
-28.999991
 20
5.597359
 10
-29.000001
 20
5.597359
  0
LWPOLYLINE
  5
927
100
AcDbEntity
  8
ASSEMBLY_OUTLINES_TOP
100
AcDbPolyline
 90
        2
 70
         0
 43
0.03
 10
-28.999991
 20
5.507359
 10
-29.000001
 20
5.507359
  0
LWPOLYLINE
  5
928
100
AcDbEntity
  8
ASSEMBLY_OUTLINES_TOP
100
AcDbPolyline
 90
        2
 70
         0
 43
0.03
 10
-28.999991
 20
5.417359
 10
-29.000001
 20
5.417359
  0
LWPOLYLINE
  5
929
100
AcDbEntity
  8
ASSEMBLY_OUTLINES_TOP
100
AcDbPolyline
 90
        2
 70
         0
 43
0.03
 10
-28.999991
 20
5.327359
 10
-29.000001
 20
5.327359
  0
LWPOLYLINE
  5
92A
100
AcDbEntity
  8
ASSEMBLY_OUTLINES_TOP
100
AcDbPolyline
 90
        2
 70
         0
 43
0.03
 10
-28.999991
 20
5.237359
 10
-29.000001
 20
5.237359
  0
LWPOLYLINE
  5
92B
100
AcDbEntity
  8
ASSEMBLY_OUTLINES_TOP
100
AcDbPolyline
 90
        2
 70
         0
 43
0.03
 10
-28.999991
 20
5.147359
 10
-29.000001
 20
5.147359
  0
LWPOLYLINE
  5
92C
100
AcDbEntity
  8
ASSEMBLY_OUTLINES_TOP
100
AcDbPolyline
 90
        2
 70
         0
 43
0.03
 10
-28.999991
 20
5.057359
 10
-29.000001
 20
5.057359
  0
LWPOLYLINE
  5
92D
100
AcDbEntity
  8
ASSEMBLY_OUTLINES_TOP
100
AcDbPolyline
 90
        2
 70
         0
 43
0.03
 10
-28.999991
 20
4.967359
 10
-29.000001
 20
4.967359
  0
LWPOLYLINE
  5
92E
100
AcDbEntity
  8
ASSEMBLY_OUTLINES_TOP
100
AcDbPolyline
 90
        2
 70
         0
 43
0.03
 10
-28.999991
 20
4.877359
 10
-29.000001
 20
4.877359
  0
LWPOLYLINE
  5
92F
100
AcDbEntity
  8
ASSEMBLY_OUTLINES_TOP
100
AcDbPolyline
 90
        2
 70
         0
 43
0.03
 10
-28.999991
 20
4.787359
 10
-29.000001
 20
4.787359
  0
LWPOLYLINE
  5
930
100
AcDbEntity
  8
ASSEMBLY_OUTLINES_TOP
100
AcDbPolyline
 90
        2
 70
         0
 43
0.03
 10
-28.999991
 20
4.697359
 10
-29.000001
 20
4.697359
  0
LWPOLYLINE
  5
931
100
AcDbEntity
  8
ASSEMBLY_OUTLINES_TOP
100
AcDbPolyline
 90
        2
 70
         0
 43
0.03
 10
-28.999991
 20
4.607359
 10
-29.000001
 20
4.607359
  0
LWPOLYLINE
  5
932
100
AcDbEntity
  8
ASSEMBLY_OUTLINES_TOP
100
AcDbPolyline
 90
        2
 70
         0
 43
0.03
 10
-28.999991
 20
4.517359
 10
-29.000001
 20
4.517359
  0
LWPOLYLINE
  5
933
100
AcDbEntity
  8
ASSEMBLY_OUTLINES_TOP
100
AcDbPolyline
 90
        2
 70
         0
 43
0.03
 10
-28.999991
 20
4.427359
 10
-29.000001
 20
4.427359
  0
LWPOLYLINE
  5
934
100
AcDbEntity
  8
ASSEMBLY_OUTLINES_TOP
100
AcDbPolyline
 90
        2
 70
         0
 43
0.03
 10
-28.999991
 20
4.337359
 10
-29.000001
 20
4.337359
  0
LWPOLYLINE
  5
935
100
AcDbEntity
  8
ASSEMBLY_OUTLINES_TOP
100
AcDbPolyline
 90
        2
 70
         0
 43
0.03
 10
-28.999991
 20
4.247359
 10
-29.000001
 20
4.247359
  0
LWPOLYLINE
  5
936
100
AcDbEntity
  8
ASSEMBLY_OUTLINES_TOP
100
AcDbPolyline
 90
        2
 70
         0
 43
0.03
 10
-28.999991
 20
4.157359
 10
-29.000001
 20
4.157359
  0
LWPOLYLINE
  5
937
100
AcDbEntity
  8
ASSEMBLY_OUTLINES_TOP
100
AcDbPolyline
 90
        2
 70
         0
 43
0.03
 10
-28.999991
 20
4.067359
 10
-29.000001
 20
4.067359
  0
LWPOLYLINE
  5
938
100
AcDbEntity
  8
ASSEMBLY_OUTLINES_TOP
100
AcDbPolyline
 90
        2
 70
         0
 43
0.03
 10
-28.999991
 20
3.977359
 10
-29.000001
 20
3.977359
  0
LWPOLYLINE
  5
939
100
AcDbEntity
  8
ASSEMBLY_OUTLINES_TOP
100
AcDbPolyline
 90
        2
 70
         0
 43
0.03
 10
-28.999991
 20
3.887359
 10
-29.000001
 20
3.887359
  0
LWPOLYLINE
  5
93A
100
AcDbEntity
  8
ASSEMBLY_OUTLINES_TOP
100
AcDbPolyline
 90
        2
 70
         0
 43
0.03
 10
-28.999991
 20
3.797359
 10
-29.000001
 20
3.797359
  0
LWPOLYLINE
  5
93B
100
AcDbEntity
  8
ASSEMBLY_OUTLINES_TOP
100
AcDbPolyline
 90
        2
 70
         0
 43
0.03
 10
-28.999991
 20
3.707359
 10
-29.000001
 20
3.707359
  0
LWPOLYLINE
  5
93C
100
AcDbEntity
  8
ASSEMBLY_OUTLINES_TOP
100
AcDbPolyline
 90
        2
 70
         0
 43
0.03
 10
-28.999991
 20
3.617359
 10
-29.000001
 20
3.617359
  0
LWPOLYLINE
  5
93D
100
AcDbEntity
  8
ASSEMBLY_OUTLINES_TOP
100
AcDbPolyline
 90
        2
 70
         0
 43
0.03
 10
-28.999991
 20
3.527359
 10
-29.000001
 20
3.527359
  0
LWPOLYLINE
  5
93E
100
AcDbEntity
  8
ASSEMBLY_OUTLINES_TOP
100
AcDbPolyline
 90
        2
 70
         0
 43
0.03
 10
-28.999991
 20
3.437359
 10
-29.000001
 20
3.437359
  0
LWPOLYLINE
  5
93F
100
AcDbEntity
  8
ASSEMBLY_OUTLINES_TOP
100
AcDbPolyline
 90
        2
 70
         0
 43
0.03
 10
-28.999991
 20
3.347359
 10
-29.000001
 20
3.347359
  0
LWPOLYLINE
  5
940
100
AcDbEntity
  8
ASSEMBLY_OUTLINES_TOP
100
AcDbPolyline
 90
        2
 70
         0
 43
0.03
 10
-28.999991
 20
3.257359
 10
-29.000001
 20
3.257359
  0
LWPOLYLINE
  5
941
100
AcDbEntity
  8
ASSEMBLY_OUTLINES_TOP
100
AcDbPolyline
 90
        2
 70
         0
 43
0.03
 10
-28.999991
 20
3.167359
 10
-29.000001
 20
3.167359
  0
LWPOLYLINE
  5
942
100
AcDbEntity
  8
ASSEMBLY_OUTLINES_TOP
100
AcDbPolyline
 90
        2
 70
         0
 43
0.03
 10
-28.999991
 20
3.077359
 10
-29.000001
 20
3.077359
  0
LWPOLYLINE
  5
943
100
AcDbEntity
  8
ASSEMBLY_OUTLINES_TOP
100
AcDbPolyline
 90
        2
 70
         0
 43
0.03
 10
-28.999991
 20
2.987359
 10
-29.000001
 20
2.987359
  0
LWPOLYLINE
  5
944
100
AcDbEntity
  8
ASSEMBLY_OUTLINES_TOP
100
AcDbPolyline
 90
        2
 70
         0
 43
0.03
 10
-28.999991
 20
2.897359
 10
-29.000001
 20
2.897359
  0
LWPOLYLINE
  5
945
100
AcDbEntity
  8
ASSEMBLY_OUTLINES_TOP
100
AcDbPolyline
 90
        2
 70
         0
 43
0.03
 10
-28.999991
 20
2.807359
 10
-29.000001
 20
2.807359
  0
LWPOLYLINE
  5
946
100
AcDbEntity
  8
ASSEMBLY_OUTLINES_TOP
100
AcDbPolyline
 90
        2
 70
         0
 43
0.03
 10
-28.999991
 20
2.717359
 10
-29.000001
 20
2.717359
  0
LWPOLYLINE
  5
947
100
AcDbEntity
  8
ASSEMBLY_OUTLINES_TOP
100
AcDbPolyline
 90
        2
 70
         0
 43
0.03
 10
-28.999991
 20
2.627359
 10
-29.000001
 20
2.627359
  0
LWPOLYLINE
  5
948
100
AcDbEntity
  8
ASSEMBLY_OUTLINES_TOP
100
AcDbPolyline
 90
        2
 70
         0
 43
0.03
 10
-28.999991
 20
2.537359
 10
-29.000001
 20
2.537359
  0
LWPOLYLINE
  5
949
100
AcDbEntity
  8
ASSEMBLY_OUTLINES_TOP
100
AcDbPolyline
 90
        2
 70
         0
 43
0.03
 10
-28.999991
 20
2.447359
 10
-29.000001
 20
2.447359
  0
LWPOLYLINE
  5
94A
100
AcDbEntity
  8
ASSEMBLY_OUTLINES_TOP
100
AcDbPolyline
 90
        2
 70
         0
 43
0.03
 10
-28.999991
 20
2.357359
 10
-29.000001
 20
2.357359
  0
LWPOLYLINE
  5
94B
100
AcDbEntity
  8
ASSEMBLY_OUTLINES_TOP
100
AcDbPolyline
 90
        2
 70
         0
 43
0.03
 10
-28.999991
 20
2.267359
 10
-29.000001
 20
2.267359
  0
LWPOLYLINE
  5
94C
100
AcDbEntity
  8
ASSEMBLY_OUTLINES_TOP
100
AcDbPolyline
 90
        2
 70
         0
 43
0.03
 10
-28.999991
 20
2.177359
 10
-29.000001
 20
2.177359
  0
LWPOLYLINE
  5
94D
100
AcDbEntity
  8
ASSEMBLY_OUTLINES_TOP
100
AcDbPolyline
 90
        2
 70
         0
 43
0.03
 10
-28.999991
 20
2.087359
 10
-29.000001
 20
2.087359
  0
LWPOLYLINE
  5
94E
100
AcDbEntity
  8
ASSEMBLY_OUTLINES_TOP
100
AcDbPolyline
 90
        2
 70
         0
 43
0.03
 10
-28.999991
 20
1.997359
 10
-29.000001
 20
1.997359
  0
LWPOLYLINE
  5
94F
100
AcDbEntity
  8
ASSEMBLY_OUTLINES_TOP
100
AcDbPolyline
 90
        2
 70
         0
 43
0.03
 10
-28.999991
 20
1.907359
 10
-29.000001
 20
1.907359
  0
LWPOLYLINE
  5
950
100
AcDbEntity
  8
ASSEMBLY_OUTLINES_TOP
100
AcDbPolyline
 90
        2
 70
         0
 43
0.03
 10
-28.999991
 20
1.817359
 10
-29.000001
 20
1.817359
  0
LWPOLYLINE
  5
951
100
AcDbEntity
  8
ASSEMBLY_OUTLINES_TOP
100
AcDbPolyline
 90
        2
 70
         0
 43
0.03
 10
-28.999991
 20
1.727359
 10
-29.000001
 20
1.727359
  0
LWPOLYLINE
  5
952
100
AcDbEntity
  8
ASSEMBLY_OUTLINES_TOP
100
AcDbPolyline
 90
        2
 70
         0
 43
0.03
 10
-28.999991
 20
1.637359
 10
-29.000001
 20
1.637359
  0
LWPOLYLINE
  5
953
100
AcDbEntity
  8
ASSEMBLY_OUTLINES_TOP
100
AcDbPolyline
 90
        2
 70
         0
 43
0.03
 10
-28.999991
 20
1.547359
 10
-29.000001
 20
1.547359
  0
LWPOLYLINE
  5
954
100
AcDbEntity
  8
ASSEMBLY_OUTLINES_TOP
100
AcDbPolyline
 90
        2
 70
         0
 43
0.03
 10
-28.999991
 20
1.457359
 10
-29.000001
 20
1.457359
  0
LWPOLYLINE
  5
955
100
AcDbEntity
  8
ASSEMBLY_OUTLINES_TOP
100
AcDbPolyline
 90
        2
 70
         0
 43
0.03
 10
-28.999991
 20
1.367359
 10
-29.000001
 20
1.367359
  0
LWPOLYLINE
  5
956
100
AcDbEntity
  8
ASSEMBLY_OUTLINES_TOP
100
AcDbPolyline
 90
        2
 70
         0
 43
0.03
 10
-28.999991
 20
1.277359
 10
-29.000001
 20
1.277359
  0
LWPOLYLINE
  5
957
100
AcDbEntity
  8
ASSEMBLY_OUTLINES_TOP
100
AcDbPolyline
 90
        2
 70
         0
 43
0.03
 10
-28.999991
 20
1.187359
 10
-29.000001
 20
1.187359
  0
LWPOLYLINE
  5
958
100
AcDbEntity
  8
ASSEMBLY_OUTLINES_TOP
100
AcDbPolyline
 90
        2
 70
         0
 43
0.03
 10
-28.999991
 20
1.097359
 10
-29.000001
 20
1.097359
  0
LWPOLYLINE
  5
959
100
AcDbEntity
  8
ASSEMBLY_OUTLINES_TOP
100
AcDbPolyline
 90
        2
 70
         0
 43
0.03
 10
-28.999991
 20
1.007359
 10
-29.000001
 20
1.007359
  0
LWPOLYLINE
  5
95A
100
AcDbEntity
  8
ASSEMBLY_OUTLINES_TOP
100
AcDbPolyline
 90
        2
 70
         0
 43
0.03
 10
-28.999991
 20
0.917359
 10
-29.000001
 20
0.917359
  0
LWPOLYLINE
  5
95B
100
AcDbEntity
  8
ASSEMBLY_OUTLINES_TOP
100
AcDbPolyline
 90
        2
 70
         0
 43
0.03
 10
-28.999991
 20
0.827359
 10
-29.000001
 20
0.827359
  0
LWPOLYLINE
  5
95C
100
AcDbEntity
  8
ASSEMBLY_OUTLINES_TOP
100
AcDbPolyline
 90
        2
 70
         0
 43
0.03
 10
-28.999991
 20
0.737359
 10
-29.000001
 20
0.737359
  0
LWPOLYLINE
  5
95D
100
AcDbEntity
  8
ASSEMBLY_OUTLINES_TOP
100
AcDbPolyline
 90
        2
 70
         0
 43
0.03
 10
-28.999991
 20
0.647359
 10
-29.000001
 20
0.647359
  0
LWPOLYLINE
  5
95E
100
AcDbEntity
  8
ASSEMBLY_OUTLINES_TOP
100
AcDbPolyline
 90
        2
 70
         0
 43
0.03
 10
-28.999991
 20
0.557359
 10
-29.000001
 20
0.557359
  0
LWPOLYLINE
  5
95F
100
AcDbEntity
  8
ASSEMBLY_OUTLINES_TOP
100
AcDbPolyline
 90
        2
 70
         0
 43
0.03
 10
-28.999991
 20
0.467359
 10
-29.000001
 20
0.467359
  0
LWPOLYLINE
  5
960
100
AcDbEntity
  8
ASSEMBLY_OUTLINES_TOP
100
AcDbPolyline
 90
        2
 70
         0
 43
0.03
 10
-28.999991
 20
0.377359
 10
-29.000001
 20
0.377359
  0
LWPOLYLINE
  5
961
100
AcDbEntity
  8
ASSEMBLY_OUTLINES_TOP
100
AcDbPolyline
 90
        2
 70
         0
 43
0.03
 10
-28.999991
 20
0.287359
 10
-29.000001
 20
0.287359
  0
LWPOLYLINE
  5
962
100
AcDbEntity
  8
ASSEMBLY_OUTLINES_TOP
100
AcDbPolyline
 90
        2
 70
         0
 43
0.03
 10
-28.999991
 20
0.197359
 10
-29.000001
 20
0.197359
  0
LWPOLYLINE
  5
963
100
AcDbEntity
  8
ASSEMBLY_OUTLINES_TOP
100
AcDbPolyline
 90
        2
 70
         0
 43
0.03
 10
-28.999991
 20
0.107359
 10
-29.000001
 20
0.107359
  0
LWPOLYLINE
  5
964
100
AcDbEntity
  8
ASSEMBLY_OUTLINES_TOP
100
AcDbPolyline
 90
        2
 70
         0
 43
0.03
 10
-28.999991
 20
0.017359
 10
-29.000001
 20
0.017359
  0
LWPOLYLINE
  5
965
100
AcDbEntity
  8
ASSEMBLY_OUTLINES_TOP
100
AcDbPolyline
 90
        2
 70
         0
 43
0.03
 10
-28.999991
 20
-0.072641
 10
-29.000001
 20
-0.072641
  0
LWPOLYLINE
  5
966
100
AcDbEntity
  8
ASSEMBLY_OUTLINES_TOP
100
AcDbPolyline
 90
        2
 70
         0
 43
0.03
 10
-28.999991
 20
-0.162641
 10
-29.000001
 20
-0.162641
  0
LWPOLYLINE
  5
967
100
AcDbEntity
  8
ASSEMBLY_OUTLINES_TOP
100
AcDbPolyline
 90
        2
 70
         0
 43
0.03
 10
-28.999991
 20
-0.252641
 10
-29.000001
 20
-0.252641
  0
LWPOLYLINE
  5
968
100
AcDbEntity
  8
ASSEMBLY_OUTLINES_TOP
100
AcDbPolyline
 90
        2
 70
         0
 43
0.03
 10
-28.999991
 20
-0.342641
 10
-29.000001
 20
-0.342641
  0
LWPOLYLINE
  5
969
100
AcDbEntity
  8
ASSEMBLY_OUTLINES_TOP
100
AcDbPolyline
 90
        2
 70
         0
 43
0.03
 10
-28.999991
 20
-0.432641
 10
-29.000001
 20
-0.432641
  0
LWPOLYLINE
  5
96A
100
AcDbEntity
  8
ASSEMBLY_OUTLINES_TOP
100
AcDbPolyline
 90
        2
 70
         0
 43
0.03
 10
-28.999991
 20
-0.522641
 10
-29.000001
 20
-0.522641
  0
LWPOLYLINE
  5
96B
100
AcDbEntity
  8
ASSEMBLY_OUTLINES_TOP
100
AcDbPolyline
 90
        2
 70
         0
 43
0.03
 10
-28.999991
 20
-0.612641
 10
-29.000001
 20
-0.612641
  0
LWPOLYLINE
  5
96C
100
AcDbEntity
  8
ASSEMBLY_OUTLINES_TOP
100
AcDbPolyline
 90
        2
 70
         0
 43
0.03
 10
-28.999991
 20
-0.702641
 10
-29.000001
 20
-0.702641
  0
LWPOLYLINE
  5
96D
100
AcDbEntity
  8
ASSEMBLY_OUTLINES_TOP
100
AcDbPolyline
 90
        2
 70
         0
 43
0.03
 10
-28.999991
 20
-0.792641
 10
-29.000001
 20
-0.792641
  0
LWPOLYLINE
  5
96E
100
AcDbEntity
  8
ASSEMBLY_OUTLINES_TOP
100
AcDbPolyline
 90
        2
 70
         0
 43
0.03
 10
-28.999991
 20
-0.882641
 10
-29.000001
 20
-0.882641
  0
LWPOLYLINE
  5
96F
100
AcDbEntity
  8
ASSEMBLY_OUTLINES_TOP
100
AcDbPolyline
 90
        2
 70
         0
 43
0.03
 10
-28.999991
 20
-0.972641
 10
-29.000001
 20
-0.972641
  0
LWPOLYLINE
  5
970
100
AcDbEntity
  8
ASSEMBLY_OUTLINES_TOP
100
AcDbPolyline
 90
        2
 70
         0
 43
0.03
 10
-28.999991
 20
-1.062641
 10
-29.000001
 20
-1.062641
  0
LWPOLYLINE
  5
971
100
AcDbEntity
  8
ASSEMBLY_OUTLINES_TOP
100
AcDbPolyline
 90
        2
 70
         0
 43
0.03
 10
-28.999991
 20
-1.152641
 10
-29.000001
 20
-1.152641
  0
LWPOLYLINE
  5
972
100
AcDbEntity
  8
ASSEMBLY_OUTLINES_TOP
100
AcDbPolyline
 90
        2
 70
         0
 43
0.03
 10
-28.999991
 20
-1.242641
 10
-29.000001
 20
-1.242641
  0
LWPOLYLINE
  5
973
100
AcDbEntity
  8
ASSEMBLY_OUTLINES_TOP
100
AcDbPolyline
 90
        2
 70
         0
 43
0.03
 10
-28.999991
 20
-1.332641
 10
-29.000001
 20
-1.332641
  0
LWPOLYLINE
  5
974
100
AcDbEntity
  8
ASSEMBLY_OUTLINES_TOP
100
AcDbPolyline
 90
        2
 70
         0
 43
0.03
 10
-28.999991
 20
-1.422641
 10
-29.000001
 20
-1.422641
  0
LWPOLYLINE
  5
975
100
AcDbEntity
  8
ASSEMBLY_OUTLINES_TOP
100
AcDbPolyline
 90
        2
 70
         0
 43
0.03
 10
-28.999991
 20
-1.512641
 10
-29.000001
 20
-1.512641
  0
LWPOLYLINE
  5
976
100
AcDbEntity
  8
ASSEMBLY_OUTLINES_TOP
100
AcDbPolyline
 90
        2
 70
         0
 43
0.03
 10
-28.999991
 20
-1.602641
 10
-29.000001
 20
-1.602641
  0
LWPOLYLINE
  5
977
100
AcDbEntity
  8
ASSEMBLY_OUTLINES_TOP
100
AcDbPolyline
 90
        2
 70
         0
 43
0.03
 10
-28.999991
 20
-1.692641
 10
-29.000001
 20
-1.692641
  0
LWPOLYLINE
  5
978
100
AcDbEntity
  8
ASSEMBLY_OUTLINES_TOP
100
AcDbPolyline
 90
        2
 70
         0
 43
0.03
 10
-28.999991
 20
-1.782641
 10
-29.000001
 20
-1.782641
  0
LWPOLYLINE
  5
979
100
AcDbEntity
  8
ASSEMBLY_OUTLINES_TOP
100
AcDbPolyline
 90
        2
 70
         0
 43
0.03
 10
-28.999991
 20
-1.872641
 10
-29.000001
 20
-1.872641
  0
LWPOLYLINE
  5
97A
100
AcDbEntity
  8
ASSEMBLY_OUTLINES_TOP
100
AcDbPolyline
 90
        2
 70
         0
 43
0.03
 10
-28.999991
 20
-1.962641
 10
-29.000001
 20
-1.962641
  0
LWPOLYLINE
  5
97B
100
AcDbEntity
  8
ASSEMBLY_OUTLINES_TOP
100
AcDbPolyline
 90
        2
 70
         0
 43
0.03
 10
-28.999991
 20
-2.052641
 10
-29.000001
 20
-2.052641
  0
LWPOLYLINE
  5
97C
100
AcDbEntity
  8
ASSEMBLY_OUTLINES_TOP
100
AcDbPolyline
 90
        2
 70
         0
 43
0.03
 10
-28.999991
 20
-2.142641
 10
-29.000001
 20
-2.142641
  0
LWPOLYLINE
  5
97D
100
AcDbEntity
  8
ASSEMBLY_OUTLINES_TOP
100
AcDbPolyline
 90
        2
 70
         0
 43
0.03
 10
-28.999991
 20
-2.232641
 10
-29.000001
 20
-2.232641
  0
LWPOLYLINE
  5
97E
100
AcDbEntity
  8
ASSEMBLY_OUTLINES_TOP
100
AcDbPolyline
 90
        2
 70
         0
 43
0.03
 10
-28.999991
 20
-2.322641
 10
-29.000001
 20
-2.322641
  0
LWPOLYLINE
  5
97F
100
AcDbEntity
  8
ASSEMBLY_OUTLINES_TOP
100
AcDbPolyline
 90
        2
 70
         0
 43
0.03
 10
-28.999991
 20
-2.412641
 10
-29.000001
 20
-2.412641
  0
LWPOLYLINE
  5
980
100
AcDbEntity
  8
ASSEMBLY_OUTLINES_TOP
100
AcDbPolyline
 90
        2
 70
         0
 43
0.03
 10
-28.999991
 20
-2.502641
 10
-29.000001
 20
-2.502641
  0
LWPOLYLINE
  5
981
100
AcDbEntity
  8
ASSEMBLY_OUTLINES_TOP
100
AcDbPolyline
 90
        2
 70
         0
 43
0.03
 10
-28.999991
 20
-2.592641
 10
-29.000001
 20
-2.592641
  0
LWPOLYLINE
  5
982
100
AcDbEntity
  8
ASSEMBLY_OUTLINES_TOP
100
AcDbPolyline
 90
        2
 70
         0
 43
0.03
 10
-28.999991
 20
-2.682641
 10
-29.000001
 20
-2.682641
  0
LWPOLYLINE
  5
983
100
AcDbEntity
  8
ASSEMBLY_OUTLINES_TOP
100
AcDbPolyline
 90
        2
 70
         0
 43
0.03
 10
-28.999991
 20
-2.772641
 10
-29.000001
 20
-2.772641
  0
LWPOLYLINE
  5
984
100
AcDbEntity
  8
ASSEMBLY_OUTLINES_TOP
100
AcDbPolyline
 90
        2
 70
         0
 43
0.03
 10
-28.999991
 20
-2.862641
 10
-29.000001
 20
-2.862641
  0
LWPOLYLINE
  5
985
100
AcDbEntity
  8
ASSEMBLY_OUTLINES_TOP
100
AcDbPolyline
 90
        2
 70
         0
 43
0.03
 10
-28.999991
 20
-2.952641
 10
-29.000001
 20
-2.952641
  0
LWPOLYLINE
  5
986
100
AcDbEntity
  8
ASSEMBLY_OUTLINES_TOP
100
AcDbPolyline
 90
        2
 70
         0
 43
0.03
 10
-28.999991
 20
-3.042641
 10
-29.000001
 20
-3.042641
  0
LWPOLYLINE
  5
987
100
AcDbEntity
  8
ASSEMBLY_OUTLINES_TOP
100
AcDbPolyline
 90
        2
 70
         0
 43
0.03
 10
-28.999991
 20
-3.132641
 10
-29.000001
 20
-3.132641
  0
LWPOLYLINE
  5
988
100
AcDbEntity
  8
ASSEMBLY_OUTLINES_TOP
100
AcDbPolyline
 90
        2
 70
         0
 43
0.03
 10
-28.999991
 20
-3.222641
 10
-29.000001
 20
-3.222641
  0
LWPOLYLINE
  5
989
100
AcDbEntity
  8
ASSEMBLY_OUTLINES_TOP
100
AcDbPolyline
 90
        2
 70
         0
 43
0.03
 10
-28.999991
 20
-3.312641
 10
-29.000001
 20
-3.312641
  0
LWPOLYLINE
  5
98A
100
AcDbEntity
  8
ASSEMBLY_OUTLINES_TOP
100
AcDbPolyline
 90
        2
 70
         0
 43
0.03
 10
-28.999991
 20
-3.402641
 10
-29.000001
 20
-3.402641
  0
LWPOLYLINE
  5
98B
100
AcDbEntity
  8
ASSEMBLY_OUTLINES_TOP
100
AcDbPolyline
 90
        2
 70
         0
 43
0.03
 10
-28.999991
 20
-3.492641
 10
-29.000001
 20
-3.492641
  0
LWPOLYLINE
  5
98C
100
AcDbEntity
  8
ASSEMBLY_OUTLINES_TOP
100
AcDbPolyline
 90
        2
 70
         0
 43
0.03
 10
-28.999991
 20
-3.582641
 10
-29.000001
 20
-3.582641
  0
LWPOLYLINE
  5
98D
100
AcDbEntity
  8
ASSEMBLY_OUTLINES_TOP
100
AcDbPolyline
 90
        2
 70
         0
 43
0.03
 10
-28.999991
 20
-3.672641
 10
-29.000001
 20
-3.672641
  0
LWPOLYLINE
  5
98E
100
AcDbEntity
  8
ASSEMBLY_OUTLINES_TOP
100
AcDbPolyline
 90
        2
 70
         0
 43
0.03
 10
-28.999991
 20
-3.762641
 10
-29.000001
 20
-3.762641
  0
LWPOLYLINE
  5
98F
100
AcDbEntity
  8
ASSEMBLY_OUTLINES_TOP
100
AcDbPolyline
 90
        2
 70
         0
 43
0.03
 10
-28.999991
 20
-3.852641
 10
-29.000001
 20
-3.852641
  0
LWPOLYLINE
  5
990
100
AcDbEntity
  8
ASSEMBLY_OUTLINES_TOP
100
AcDbPolyline
 90
        2
 70
         0
 43
0.03
 10
-28.999991
 20
-3.942641
 10
-29.000001
 20
-3.942641
  0
LWPOLYLINE
  5
991
100
AcDbEntity
  8
ASSEMBLY_OUTLINES_TOP
100
AcDbPolyline
 90
        2
 70
         0
 43
0.03
 10
-28.999991
 20
-4.032641
 10
-29.000001
 20
-4.032641
  0
LWPOLYLINE
  5
992
100
AcDbEntity
  8
ASSEMBLY_OUTLINES_TOP
100
AcDbPolyline
 90
        2
 70
         0
 43
0.03
 10
-28.999991
 20
-4.122641
 10
-29.000001
 20
-4.122641
  0
LWPOLYLINE
  5
993
100
AcDbEntity
  8
ASSEMBLY_OUTLINES_TOP
100
AcDbPolyline
 90
        2
 70
         0
 43
0.03
 10
-28.999991
 20
-4.212641
 10
-29.000001
 20
-4.212641
  0
LWPOLYLINE
  5
994
100
AcDbEntity
  8
ASSEMBLY_OUTLINES_TOP
100
AcDbPolyline
 90
        2
 70
         0
 43
0.03
 10
-28.999991
 20
-4.302641
 10
-29.000001
 20
-4.302641
  0
LWPOLYLINE
  5
995
100
AcDbEntity
  8
ASSEMBLY_OUTLINES_TOP
100
AcDbPolyline
 90
        2
 70
         0
 43
0.03
 10
-28.999991
 20
-4.392641
 10
-29.000001
 20
-4.392641
  0
LWPOLYLINE
  5
996
100
AcDbEntity
  8
ASSEMBLY_OUTLINES_TOP
100
AcDbPolyline
 90
        2
 70
         0
 43
0.03
 10
-28.999991
 20
-4.482641
 10
-29.000001
 20
-4.482641
  0
LWPOLYLINE
  5
997
100
AcDbEntity
  8
ASSEMBLY_OUTLINES_TOP
100
AcDbPolyline
 90
        2
 70
         0
 43
0.03
 10
-28.999991
 20
-4.572641
 10
-29.000001
 20
-4.572641
  0
LWPOLYLINE
  5
998
100
AcDbEntity
  8
ASSEMBLY_OUTLINES_TOP
100
AcDbPolyline
 90
        2
 70
         0
 43
0.03
 10
-28.999991
 20
-4.662641
 10
-29.000001
 20
-4.662641
  0
LWPOLYLINE
  5
999
100
AcDbEntity
  8
ASSEMBLY_OUTLINES_TOP
100
AcDbPolyline
 90
        2
 70
         0
 43
0.03
 10
-28.999991
 20
-4.752641
 10
-29.000001
 20
-4.752641
  0
LWPOLYLINE
  5
99A
100
AcDbEntity
  8
ASSEMBLY_OUTLINES_TOP
100
AcDbPolyline
 90
        2
 70
         0
 43
0.03
 10
-28.999991
 20
-4.842641
 10
-29.000001
 20
-4.842641
  0
LWPOLYLINE
  5
99B
100
AcDbEntity
  8
ASSEMBLY_OUTLINES_TOP
100
AcDbPolyline
 90
        2
 70
         0
 43
0.03
 10
-28.999991
 20
-4.932641
 10
-29.000001
 20
-4.932641
  0
LWPOLYLINE
  5
99C
100
AcDbEntity
  8
ASSEMBLY_OUTLINES_TOP
100
AcDbPolyline
 90
        2
 70
         0
 43
0.03
 10
-28.999991
 20
-5.022641
 10
-29.000001
 20
-5.022641
  0
LWPOLYLINE
  5
99D
100
AcDbEntity
  8
ASSEMBLY_OUTLINES_TOP
100
AcDbPolyline
 90
        2
 70
         0
 43
0.03
 10
-28.999991
 20
-5.112641
 10
-29.000001
 20
-5.112641
  0
LWPOLYLINE
  5
99E
100
AcDbEntity
  8
ASSEMBLY_OUTLINES_TOP
100
AcDbPolyline
 90
        2
 70
         0
 43
0.03
 10
-28.999991
 20
-5.202641
 10
-29.000001
 20
-5.202641
  0
LWPOLYLINE
  5
99F
100
AcDbEntity
  8
ASSEMBLY_OUTLINES_TOP
100
AcDbPolyline
 90
        2
 70
         0
 43
0.03
 10
-28.999991
 20
-5.292641
 10
-29.000001
 20
-5.292641
  0
LWPOLYLINE
  5
9A0
100
AcDbEntity
  8
ASSEMBLY_OUTLINES_TOP
100
AcDbPolyline
 90
        2
 70
         0
 43
0.03
 10
-28.999991
 20
-5.382641
 10
-29.000001
 20
-5.382641
  0
LWPOLYLINE
  5
9A1
100
AcDbEntity
  8
ASSEMBLY_OUTLINES_TOP
100
AcDbPolyline
 90
        2
 70
         0
 43
0.03
 10
-28.999991
 20
-5.472641
 10
-29.000001
 20
-5.472641
  0
LWPOLYLINE
  5
9A2
100
AcDbEntity
  8
ASSEMBLY_OUTLINES_TOP
100
AcDbPolyline
 90
        2
 70
         0
 43
0.03
 10
-28.999991
 20
-5.562641
 10
-29.000001
 20
-5.562641
  0
LWPOLYLINE
  5
9A3
100
AcDbEntity
  8
ASSEMBLY_OUTLINES_TOP
100
AcDbPolyline
 90
        2
 70
         0
 43
0.03
 10
-28.999991
 20
-5.652641
 10
-29.000001
 20
-5.652641
  0
LWPOLYLINE
  5
9A4
100
AcDbEntity
  8
ASSEMBLY_OUTLINES_TOP
100
AcDbPolyline
 90
        2
 70
         0
 43
0.03
 10
-28.999991
 20
-5.742641
 10
-29.000001
 20
-5.742641
  0
LWPOLYLINE
  5
9A5
100
AcDbEntity
  8
ASSEMBLY_OUTLINES_TOP
100
AcDbPolyline
 90
        2
 70
         0
 43
0.03
 10
-28.999991
 20
-5.832641
 10
-29.000001
 20
-5.832641
  0
LWPOLYLINE
  5
9A6
100
AcDbEntity
  8
ASSEMBLY_OUTLINES_TOP
100
AcDbPolyline
 90
        2
 70
         0
 43
0.03
 10
-28.999991
 20
-5.922641
 10
-29.000001
 20
-5.922641
  0
LWPOLYLINE
  5
9A7
100
AcDbEntity
  8
ASSEMBLY_OUTLINES_TOP
100
AcDbPolyline
 90
        2
 70
         0
 43
0.03
 10
-28.999991
 20
-6.012641
 10
-29.000001
 20
-6.012641
  0
LWPOLYLINE
  5
9A8
100
AcDbEntity
  8
ASSEMBLY_OUTLINES_TOP
100
AcDbPolyline
 90
        2
 70
         0
 43
0.03
 10
-28.999991
 20
-6.102641
 10
-29.000001
 20
-6.102641
  0
LWPOLYLINE
  5
9A9
100
AcDbEntity
  8
ASSEMBLY_OUTLINES_TOP
100
AcDbPolyline
 90
        2
 70
         0
 43
0.03
 10
-28.999991
 20
-6.192641
 10
-29.000001
 20
-6.192641
  0
LWPOLYLINE
  5
9AA
100
AcDbEntity
  8
ASSEMBLY_OUTLINES_TOP
100
AcDbPolyline
 90
        2
 70
         0
 43
0.03
 10
-28.999991
 20
-6.282641
 10
-29.000001
 20
-6.282641
  0
LWPOLYLINE
  5
9AB
100
AcDbEntity
  8
ASSEMBLY_OUTLINES_TOP
100
AcDbPolyline
 90
        2
 70
         0
 43
0.03
 10
-28.999991
 20
-6.372641
 10
-29.000001
 20
-6.372641
  0
LWPOLYLINE
  5
9AC
100
AcDbEntity
  8
ASSEMBLY_OUTLINES_TOP
100
AcDbPolyline
 90
        2
 70
         0
 43
0.03
 10
-28.999991
 20
-6.462641
 10
-29.000001
 20
-6.462641
  0
LWPOLYLINE
  5
9AD
100
AcDbEntity
  8
ASSEMBLY_OUTLINES_TOP
100
AcDbPolyline
 90
        2
 70
         0
 43
0.03
 10
-28.999991
 20
-6.552641
 10
-29.000001
 20
-6.552641
  0
LWPOLYLINE
  5
9AE
100
AcDbEntity
  8
ASSEMBLY_OUTLINES_TOP
100
AcDbPolyline
 90
        2
 70
         0
 43
0.03
 10
-28.999991
 20
-6.642641
 10
-29.000001
 20
-6.642641
  0
LWPOLYLINE
  5
9AF
100
AcDbEntity
  8
ASSEMBLY_OUTLINES_TOP
100
AcDbPolyline
 90
        2
 70
         0
 43
0.03
 10
-28.999991
 20
-6.732641
 10
-29.000001
 20
-6.732641
  0
LWPOLYLINE
  5
9B0
100
AcDbEntity
  8
ASSEMBLY_OUTLINES_TOP
100
AcDbPolyline
 90
        2
 70
         0
 43
0.03
 10
-28.999991
 20
-6.822641
 10
-29.000001
 20
-6.822641
  0
LWPOLYLINE
  5
9B1
100
AcDbEntity
  8
ASSEMBLY_OUTLINES_TOP
100
AcDbPolyline
 90
        2
 70
         0
 43
0.03
 10
-28.999991
 20
-6.912641
 10
-29.000001
 20
-6.912641
  0
LWPOLYLINE
  5
9B2
100
AcDbEntity
  8
ASSEMBLY_OUTLINES_TOP
100
AcDbPolyline
 90
        2
 70
         0
 43
0.03
 10
-28.999991
 20
-7.002641
 10
-29.000001
 20
-7.002641
  0
LWPOLYLINE
  5
9B3
100
AcDbEntity
  8
ASSEMBLY_OUTLINES_TOP
100
AcDbPolyline
 90
        2
 70
         0
 43
0.03
 10
-28.999991
 20
-7.092641
 10
-29.000001
 20
-7.092641
  0
LWPOLYLINE
  5
9B4
100
AcDbEntity
  8
ASSEMBLY_OUTLINES_TOP
100
AcDbPolyline
 90
        2
 70
         0
 43
0.03
 10
-28.999991
 20
-7.182641
 10
-29.000001
 20
-7.182641
  0
LWPOLYLINE
  5
9B5
100
AcDbEntity
  8
ASSEMBLY_OUTLINES_TOP
100
AcDbPolyline
 90
        2
 70
         0
 43
0.03
 10
-28.999991
 20
-7.272641
 10
-29.000001
 20
-7.272641
  0
LWPOLYLINE
  5
9B6
100
AcDbEntity
  8
ASSEMBLY_OUTLINES_TOP
100
AcDbPolyline
 90
        2
 70
         0
 43
0.03
 10
-28.999991
 20
-7.362641
 10
-29.000001
 20
-7.362641
  0
LWPOLYLINE
  5
9B7
100
AcDbEntity
  8
ASSEMBLY_OUTLINES_TOP
100
AcDbPolyline
 90
        2
 70
         0
 43
0.03
 10
-28.999991
 20
-7.452641
 10
-29.000001
 20
-7.452641
  0
LWPOLYLINE
  5
9B8
100
AcDbEntity
  8
ASSEMBLY_OUTLINES_TOP
100
AcDbPolyline
 90
        2
 70
         0
 43
0.03
 10
-28.999991
 20
-7.542641
 10
-29.000001
 20
-7.542641
  0
LWPOLYLINE
  5
9B9
100
AcDbEntity
  8
ASSEMBLY_OUTLINES_TOP
100
AcDbPolyline
 90
        2
 70
         0
 43
0.03
 10
-28.999991
 20
-7.632641
 10
-29.000001
 20
-7.632641
  0
LWPOLYLINE
  5
9BA
100
AcDbEntity
  8
ASSEMBLY_OUTLINES_TOP
100
AcDbPolyline
 90
        2
 70
         0
 43
0.03
 10
-28.999991
 20
-7.722641
 10
-29.000001
 20
-7.722641
  0
LWPOLYLINE
  5
9BB
100
AcDbEntity
  8
ASSEMBLY_OUTLINES_TOP
100
AcDbPolyline
 90
        2
 70
         0
 43
0.03
 10
-28.999991
 20
-7.812641
 10
-29.000001
 20
-7.812641
  0
LWPOLYLINE
  5
9BC
100
AcDbEntity
  8
ASSEMBLY_OUTLINES_TOP
100
AcDbPolyline
 90
        2
 70
         0
 43
0.03
 10
-28.999991
 20
-7.902641
 10
-29.000001
 20
-7.902641
  0
LWPOLYLINE
  5
9BD
100
AcDbEntity
  8
ASSEMBLY_OUTLINES_TOP
100
AcDbPolyline
 90
        2
 70
         0
 43
0.03
 10
-28.999991
 20
-7.992641
 10
-29.000001
 20
-7.992641
  0
LWPOLYLINE
  5
9BE
100
AcDbEntity
  8
ASSEMBLY_OUTLINES_TOP
100
AcDbPolyline
 90
        2
 70
         0
 43
0.03
 10
-28.999991
 20
-8.082641
 10
-29.000001
 20
-8.082641
  0
LWPOLYLINE
  5
9BF
100
AcDbEntity
  8
ASSEMBLY_OUTLINES_TOP
100
AcDbPolyline
 90
        2
 70
         0
 43
0.03
 10
-28.999991
 20
-8.172641
 10
-29.000001
 20
-8.172641
  0
LWPOLYLINE
  5
9C0
100
AcDbEntity
  8
ASSEMBLY_OUTLINES_TOP
100
AcDbPolyline
 90
        2
 70
         0
 43
0.03
 10
-28.999991
 20
-8.262641
 10
-29.000001
 20
-8.262641
  0
LWPOLYLINE
  5
9C1
100
AcDbEntity
  8
ASSEMBLY_OUTLINES_TOP
100
AcDbPolyline
 90
        2
 70
         0
 43
0.03
 10
-28.999991
 20
-8.352641
 10
-29.000001
 20
-8.352641
  0
LWPOLYLINE
  5
9C2
100
AcDbEntity
  8
ASSEMBLY_OUTLINES_TOP
100
AcDbPolyline
 90
        2
 70
         0
 43
0.03
 10
-28.999991
 20
-8.442641
 10
-29.000001
 20
-8.442641
  0
LWPOLYLINE
  5
9C3
100
AcDbEntity
  8
ASSEMBLY_OUTLINES_TOP
100
AcDbPolyline
 90
        2
 70
         0
 43
0.03
 10
-28.999991
 20
-8.532641
 10
-29.000001
 20
-8.532641
  0
LWPOLYLINE
  5
9C4
100
AcDbEntity
  8
ASSEMBLY_OUTLINES_TOP
100
AcDbPolyline
 90
        2
 70
         0
 43
0.03
 10
-28.999991
 20
-8.622641
 10
-29.000001
 20
-8.622641
  0
LWPOLYLINE
  5
9C5
100
AcDbEntity
  8
ASSEMBLY_OUTLINES_TOP
100
AcDbPolyline
 90
        2
 70
         0
 43
0.03
 10
-28.999991
 20
-8.712641
 10
-29.000001
 20
-8.712641
  0
LWPOLYLINE
  5
9C6
100
AcDbEntity
  8
ASSEMBLY_OUTLINES_TOP
100
AcDbPolyline
 90
        2
 70
         0
 43
0.03
 10
-28.999991
 20
-8.802641
 10
-29.000001
 20
-8.802641
  0
LWPOLYLINE
  5
9C7
100
AcDbEntity
  8
ASSEMBLY_OUTLINES_TOP
100
AcDbPolyline
 90
        2
 70
         0
 43
0.03
 10
-28.999991
 20
-8.892641
 10
-29.000001
 20
-8.892641
  0
LWPOLYLINE
  5
9C8
100
AcDbEntity
  8
ASSEMBLY_OUTLINES_TOP
100
AcDbPolyline
 90
        2
 70
         0
 43
0.03
 10
-28.999991
 20
-8.982641
 10
-29.000001
 20
-8.982641
  0
LWPOLYLINE
  5
9C9
100
AcDbEntity
  8
ASSEMBLY_OUTLINES_TOP
100
AcDbPolyline
 90
        2
 70
         0
 43
0.03
 10
-28.999991
 20
-9.072641
 10
-29.000001
 20
-9.072641
  0
LWPOLYLINE
  5
9CA
100
AcDbEntity
  8
ASSEMBLY_OUTLINES_TOP
100
AcDbPolyline
 90
        2
 70
         0
 43
0.03
 10
-28.999991
 20
-9.162641
 10
-29.000001
 20
-9.162641
  0
LWPOLYLINE
  5
9CB
100
AcDbEntity
  8
ASSEMBLY_OUTLINES_TOP
100
AcDbPolyline
 90
        2
 70
         0
 43
0.03
 10
-28.999991
 20
-9.252641
 10
-29.000001
 20
-9.252641
  0
LWPOLYLINE
  5
9CC
100
AcDbEntity
  8
ASSEMBLY_OUTLINES_TOP
100
AcDbPolyline
 90
        2
 70
         0
 43
0.03
 10
-28.999991
 20
-9.342641
 10
-29.000001
 20
-9.342641
  0
LWPOLYLINE
  5
9CD
100
AcDbEntity
  8
ASSEMBLY_OUTLINES_TOP
100
AcDbPolyline
 90
        2
 70
         0
 43
0.03
 10
-28.999991
 20
-9.432641
 10
-29.000001
 20
-9.432641
  0
LWPOLYLINE
  5
9CE
100
AcDbEntity
  8
ASSEMBLY_OUTLINES_TOP
100
AcDbPolyline
 90
        2
 70
         0
 43
0.03
 10
-28.999991
 20
-9.522641
 10
-29.000001
 20
-9.522641
  0
LWPOLYLINE
  5
9CF
100
AcDbEntity
  8
ASSEMBLY_OUTLINES_TOP
100
AcDbPolyline
 90
        2
 70
         0
 43
0.03
 10
-28.999991
 20
-9.612641
 10
-29.000001
 20
-9.612641
  0
LWPOLYLINE
  5
9D0
100
AcDbEntity
  8
ASSEMBLY_OUTLINES_TOP
100
AcDbPolyline
 90
        2
 70
         0
 43
0.03
 10
-28.999991
 20
-9.702641
 10
-29.000001
 20
-9.702641
  0
LWPOLYLINE
  5
9D1
100
AcDbEntity
  8
ASSEMBLY_OUTLINES_TOP
100
AcDbPolyline
 90
        2
 70
         0
 43
0.03
 10
-28.999991
 20
-9.792641
 10
-29.000001
 20
-9.792641
  0
LWPOLYLINE
  5
9D2
100
AcDbEntity
  8
ASSEMBLY_OUTLINES_TOP
100
AcDbPolyline
 90
        2
 70
         0
 43
0.03
 10
-28.999991
 20
-9.882641
 10
-29.000001
 20
-9.882641
  0
LWPOLYLINE
  5
9D3
100
AcDbEntity
  8
ASSEMBLY_OUTLINES_TOP
100
AcDbPolyline
 90
        2
 70
         0
 43
0.03
 10
-28.999991
 20
-9.972641
 10
-29.000001
 20
-9.972641
  0
LWPOLYLINE
  5
9D4
100
AcDbEntity
  8
ASSEMBLY_OUTLINES_TOP
100
AcDbPolyline
 90
        2
 70
         0
 43
0.03
 10
-28.999991
 20
-10.062641
 10
-29.000001
 20
-10.062641
  0
LWPOLYLINE
  5
9D5
100
AcDbEntity
  8
ASSEMBLY_OUTLINES_TOP
100
AcDbPolyline
 90
        2
 70
         0
 43
0.03
 10
-28.999991
 20
-10.152641
 10
-29.000001
 20
-10.152641
  0
LWPOLYLINE
  5
9D6
100
AcDbEntity
  8
ASSEMBLY_OUTLINES_TOP
100
AcDbPolyline
 90
        2
 70
         0
 43
0.03
 10
-28.999991
 20
-10.242641
 10
-29.000001
 20
-10.242641
  0
LWPOLYLINE
  5
9D7
100
AcDbEntity
  8
ASSEMBLY_OUTLINES_TOP
100
AcDbPolyline
 90
        2
 70
         0
 43
0.03
 10
-28.999991
 20
-10.332641
 10
-29.000001
 20
-10.332641
  0
LWPOLYLINE
  5
9D8
100
AcDbEntity
  8
ASSEMBLY_OUTLINES_TOP
100
AcDbPolyline
 90
        2
 70
         0
 43
0.03
 10
-28.999991
 20
-10.422641
 10
-29.000001
 20
-10.422641
  0
LWPOLYLINE
  5
9D9
100
AcDbEntity
  8
ASSEMBLY_OUTLINES_TOP
100
AcDbPolyline
 90
        2
 70
         0
 43
0.03
 10
-28.999991
 20
-10.512641
 10
-29.000001
 20
-10.512641
  0
LWPOLYLINE
  5
9DA
100
AcDbEntity
  8
ASSEMBLY_OUTLINES_TOP
100
AcDbPolyline
 90
        2
 70
         0
 43
0.03
 10
-28.999991
 20
-10.602641
 10
-29.000001
 20
-10.602641
  0
LWPOLYLINE
  5
9DB
100
AcDbEntity
  8
ASSEMBLY_OUTLINES_TOP
100
AcDbPolyline
 90
        2
 70
         0
 43
0.03
 10
-28.999991
 20
-10.692641
 10
-29.000001
 20
-10.692641
  0
LWPOLYLINE
  5
9DC
100
AcDbEntity
  8
ASSEMBLY_OUTLINES_TOP
100
AcDbPolyline
 90
        2
 70
         0
 43
0.03
 10
-28.999991
 20
-10.782641
 10
-29.000001
 20
-10.782641
  0
LWPOLYLINE
  5
9DD
100
AcDbEntity
  8
ASSEMBLY_OUTLINES_TOP
100
AcDbPolyline
 90
        2
 70
         0
 43
0.03
 10
-28.999991
 20
-10.872641
 10
-29.000001
 20
-10.872641
  0
LWPOLYLINE
  5
9DE
100
AcDbEntity
  8
ASSEMBLY_OUTLINES_TOP
100
AcDbPolyline
 90
        2
 70
         0
 43
0.03
 10
-28.999991
 20
-10.962641
 10
-29.000001
 20
-10.962641
  0
LWPOLYLINE
  5
9DF
100
AcDbEntity
  8
ASSEMBLY_OUTLINES_TOP
100
AcDbPolyline
 90
        2
 70
         0
 43
0.03
 10
-28.999991
 20
-11.052641
 10
-29.000001
 20
-11.052641
  0
LWPOLYLINE
  5
9E0
100
AcDbEntity
  8
ASSEMBLY_OUTLINES_TOP
100
AcDbPolyline
 90
        2
 70
         0
 43
0.03
 10
-28.999991
 20
-11.142641
 10
-29.000001
 20
-11.142641
  0
LWPOLYLINE
  5
9E1
100
AcDbEntity
  8
ASSEMBLY_OUTLINES_TOP
100
AcDbPolyline
 90
        2
 70
         0
 43
0.03
 10
-28.999991
 20
-11.232641
 10
-29.000001
 20
-11.232641
  0
LWPOLYLINE
  5
9E2
100
AcDbEntity
  8
ASSEMBLY_OUTLINES_TOP
100
AcDbPolyline
 90
        2
 70
         0
 43
0.03
 10
-28.999991
 20
-11.322641
 10
-29.000001
 20
-11.322641
  0
LWPOLYLINE
  5
9E3
100
AcDbEntity
  8
ASSEMBLY_OUTLINES_TOP
100
AcDbPolyline
 90
        2
 70
         0
 43
0.03
 10
-28.999991
 20
-11.412641
 10
-29.000001
 20
-11.412641
  0
LWPOLYLINE
  5
9E4
100
AcDbEntity
  8
ASSEMBLY_OUTLINES_TOP
100
AcDbPolyline
 90
        2
 70
         0
 43
0.03
 10
-28.999991
 20
-11.502641
 10
-29.000001
 20
-11.502641
  0
LWPOLYLINE
  5
9E5
100
AcDbEntity
  8
ASSEMBLY_OUTLINES_TOP
100
AcDbPolyline
 90
        2
 70
         0
 43
0.03
 10
-28.999991
 20
-11.592641
 10
-29.000001
 20
-11.592641
  0
LWPOLYLINE
  5
9E6
100
AcDbEntity
  8
ASSEMBLY_OUTLINES_TOP
100
AcDbPolyline
 90
        2
 70
         0
 43
0.03
 10
-28.999991
 20
-11.682641
 10
-29.000001
 20
-11.682641
  0
LWPOLYLINE
  5
9E7
100
AcDbEntity
  8
ASSEMBLY_OUTLINES_TOP
100
AcDbPolyline
 90
        2
 70
         0
 43
0.03
 10
-28.999991
 20
-11.772641
 10
-29.000001
 20
-11.772641
  0
LWPOLYLINE
  5
9E8
100
AcDbEntity
  8
ASSEMBLY_OUTLINES_TOP
100
AcDbPolyline
 90
        2
 70
         0
 43
0.03
 10
-28.999991
 20
-11.862641
 10
-29.000001
 20
-11.862641
  0
LWPOLYLINE
  5
9E9
100
AcDbEntity
  8
ASSEMBLY_OUTLINES_TOP
100
AcDbPolyline
 90
        2
 70
         0
 43
0.03
 10
-28.999991
 20
-11.952641
 10
-29.000001
 20
-11.952641
  0
LWPOLYLINE
  5
9EA
100
AcDbEntity
  8
ASSEMBLY_OUTLINES_TOP
100
AcDbPolyline
 90
        2
 70
         0
 43
0.03
 10
-28.999991
 20
-12.042641
 10
-29.000001
 20
-12.042641
  0
LWPOLYLINE
  5
9EB
100
AcDbEntity
  8
ASSEMBLY_OUTLINES_TOP
100
AcDbPolyline
 90
        2
 70
         0
 43
0.03
 10
-28.999991
 20
-12.132641
 10
-29.000001
 20
-12.132641
  0
LWPOLYLINE
  5
9EC
100
AcDbEntity
  8
ASSEMBLY_OUTLINES_TOP
100
AcDbPolyline
 90
        2
 70
         0
 43
0.03
 10
-28.999991
 20
-12.222641
 10
-29.000001
 20
-12.222641
  0
LWPOLYLINE
  5
9ED
100
AcDbEntity
  8
ASSEMBLY_OUTLINES_TOP
100
AcDbPolyline
 90
        2
 70
         0
 43
0.03
 10
-28.999991
 20
-12.312641
 10
-29.000001
 20
-12.312641
  0
LWPOLYLINE
  5
9EE
100
AcDbEntity
  8
ASSEMBLY_OUTLINES_TOP
100
AcDbPolyline
 90
        2
 70
         0
 43
0.03
 10
-28.999991
 20
-12.402641
 10
-29.000001
 20
-12.402641
  0
LWPOLYLINE
  5
9EF
100
AcDbEntity
  8
ASSEMBLY_OUTLINES_TOP
100
AcDbPolyline
 90
        2
 70
         0
 43
0.03
 10
-28.999991
 20
-12.492641
 10
-29.000001
 20
-12.492641
  0
LWPOLYLINE
  5
9F0
100
AcDbEntity
  8
ASSEMBLY_OUTLINES_TOP
100
AcDbPolyline
 90
        2
 70
         0
 43
0.03
 10
-28.999991
 20
-12.582641
 10
-29.000001
 20
-12.582641
  0
LWPOLYLINE
  5
9F1
100
AcDbEntity
  8
ASSEMBLY_OUTLINES_TOP
100
AcDbPolyline
 90
        2
 70
         0
 43
0.03
 10
-28.999991
 20
-12.672641
 10
-29.000001
 20
-12.672641
  0
LWPOLYLINE
  5
9F2
100
AcDbEntity
  8
ASSEMBLY_OUTLINES_TOP
100
AcDbPolyline
 90
        2
 70
         0
 43
0.03
 10
-28.999991
 20
-12.762641
 10
-29.000001
 20
-12.762641
  0
LWPOLYLINE
  5
9F3
100
AcDbEntity
  8
ASSEMBLY_OUTLINES_TOP
100
AcDbPolyline
 90
        2
 70
         0
 43
0.03
 10
-28.999991
 20
-12.852641
 10
-29.000001
 20
-12.852641
  0
LWPOLYLINE
  5
9F4
100
AcDbEntity
  8
ASSEMBLY_OUTLINES_TOP
100
AcDbPolyline
 90
        2
 70
         0
 43
0.03
 10
-28.999991
 20
-12.942641
 10
-29.000001
 20
-12.942641
  0
LWPOLYLINE
  5
9F5
100
AcDbEntity
  8
ASSEMBLY_OUTLINES_TOP
100
AcDbPolyline
 90
        2
 70
         0
 43
0.03
 10
-28.999991
 20
-13.032641
 10
-29.000001
 20
-13.032641
  0
LWPOLYLINE
  5
9F6
100
AcDbEntity
  8
ASSEMBLY_OUTLINES_TOP
100
AcDbPolyline
 90
        2
 70
         0
 43
0.03
 10
-28.999991
 20
-13.122641
 10
-29.000001
 20
-13.122641
  0
LWPOLYLINE
  5
9F7
100
AcDbEntity
  8
ASSEMBLY_OUTLINES_TOP
100
AcDbPolyline
 90
        2
 70
         0
 43
0.03
 10
-28.999991
 20
-13.212641
 10
-29.000001
 20
-13.212641
  0
LWPOLYLINE
  5
9F8
100
AcDbEntity
  8
ASSEMBLY_OUTLINES_TOP
100
AcDbPolyline
 90
        2
 70
         0
 43
0.03
 10
-28.999991
 20
-13.302641
 10
-29.000001
 20
-13.302641
  0
LWPOLYLINE
  5
9F9
100
AcDbEntity
  8
ASSEMBLY_OUTLINES_TOP
100
AcDbPolyline
 90
        2
 70
         0
 43
0.03
 10
-28.999991
 20
-13.392641
 10
-29.000001
 20
-13.392641
  0
LWPOLYLINE
  5
9FA
100
AcDbEntity
  8
ASSEMBLY_OUTLINES_TOP
100
AcDbPolyline
 90
        2
 70
         0
 43
0.03
 10
-28.999991
 20
-13.482641
 10
-29.000001
 20
-13.482641
  0
LWPOLYLINE
  5
9FB
100
AcDbEntity
  8
ASSEMBLY_OUTLINES_TOP
100
AcDbPolyline
 90
        2
 70
         0
 43
0.03
 10
-28.999991
 20
-13.572641
 10
-29.000001
 20
-13.572641
  0
LWPOLYLINE
  5
9FC
100
AcDbEntity
  8
ASSEMBLY_OUTLINES_TOP
100
AcDbPolyline
 90
        2
 70
         0
 43
0.03
 10
-28.999991
 20
-13.662641
 10
-29.000001
 20
-13.662641
  0
LWPOLYLINE
  5
9FD
100
AcDbEntity
  8
ASSEMBLY_OUTLINES_TOP
100
AcDbPolyline
 90
        2
 70
         0
 43
0.03
 10
-28.999991
 20
-13.752641
 10
-29.000001
 20
-13.752641
  0
LWPOLYLINE
  5
9FE
100
AcDbEntity
  8
ASSEMBLY_OUTLINES_TOP
100
AcDbPolyline
 90
        2
 70
         0
 43
0.03
 10
-28.999991
 20
-13.842641
 10
-29.000001
 20
-13.842641
  0
LWPOLYLINE
  5
9FF
100
AcDbEntity
  8
ASSEMBLY_OUTLINES_TOP
100
AcDbPolyline
 90
        2
 70
         0
 43
0.03
 10
-28.999991
 20
-13.932641
 10
-29.000001
 20
-13.932641
  0
LWPOLYLINE
  5
A00
100
AcDbEntity
  8
ASSEMBLY_OUTLINES_TOP
100
AcDbPolyline
 90
        2
 70
         0
 43
0.03
 10
-28.999991
 20
-14.022641
 10
-29.000001
 20
-14.022641
  0
LWPOLYLINE
  5
A01
100
AcDbEntity
  8
ASSEMBLY_OUTLINES_TOP
100
AcDbPolyline
 90
        2
 70
         0
 43
0.03
 10
-28.999991
 20
-14.112641
 10
-29.000001
 20
-14.112641
  0
LWPOLYLINE
  5
A02
100
AcDbEntity
  8
ASSEMBLY_OUTLINES_TOP
100
AcDbPolyline
 90
        2
 70
         0
 43
0.03
 10
-28.999991
 20
-14.202641
 10
-29.000001
 20
-14.202641
  0
LWPOLYLINE
  5
A03
100
AcDbEntity
  8
ASSEMBLY_OUTLINES_TOP
100
AcDbPolyline
 90
        2
 70
         0
 43
0.03
 10
-28.999991
 20
-14.292641
 10
-29.000001
 20
-14.292641
  0
LWPOLYLINE
  5
A04
100
AcDbEntity
  8
ASSEMBLY_OUTLINES_TOP
100
AcDbPolyline
 90
        2
 70
         0
 43
0.03
 10
-28.999991
 20
-14.382641
 10
-29.000001
 20
-14.382641
  0
LWPOLYLINE
  5
A05
100
AcDbEntity
  8
ASSEMBLY_OUTLINES_TOP
100
AcDbPolyline
 90
        2
 70
         0
 43
0.03
 10
-28.999991
 20
-14.472641
 10
-29.000001
 20
-14.472641
  0
LWPOLYLINE
  5
A06
100
AcDbEntity
  8
ASSEMBLY_OUTLINES_TOP
100
AcDbPolyline
 90
        2
 70
         0
 43
0.03
 10
-28.999991
 20
-14.562641
 10
-29.000001
 20
-14.562641
  0
LWPOLYLINE
  5
A07
100
AcDbEntity
  8
ASSEMBLY_OUTLINES_TOP
100
AcDbPolyline
 90
        2
 70
         0
 43
0.03
 10
-28.999991
 20
-14.652641
 10
-29.000001
 20
-14.652641
  0
LWPOLYLINE
  5
A08
100
AcDbEntity
  8
ASSEMBLY_OUTLINES_TOP
100
AcDbPolyline
 90
        2
 70
         0
 43
0.03
 10
-28.999991
 20
-14.742641
 10
-29.000001
 20
-14.742641
  0
LWPOLYLINE
  5
A09
100
AcDbEntity
  8
ASSEMBLY_OUTLINES_TOP
100
AcDbPolyline
 90
        2
 70
         0
 43
0.03
 10
-28.999991
 20
-14.832641
 10
-29.000001
 20
-14.832641
  0
LWPOLYLINE
  5
A0A
100
AcDbEntity
  8
ASSEMBLY_OUTLINES_TOP
100
AcDbPolyline
 90
        2
 70
         0
 43
0.03
 10
-28.999991
 20
-14.922641
 10
-29.000001
 20
-14.922641
  0
LWPOLYLINE
  5
A0B
100
AcDbEntity
  8
ASSEMBLY_OUTLINES_TOP
100
AcDbPolyline
 90
        2
 70
         0
 43
0.03
 10
-28.999991
 20
-15.012641
 10
-29.000001
 20
-15.012641
  0
LWPOLYLINE
  5
A0C
100
AcDbEntity
  8
ASSEMBLY_OUTLINES_TOP
100
AcDbPolyline
 90
        2
 70
         0
 43
0.03
 10
-28.999991
 20
-15.102641
 10
-29.000001
 20
-15.102641
  0
LWPOLYLINE
  5
A0D
100
AcDbEntity
  8
ASSEMBLY_OUTLINES_TOP
100
AcDbPolyline
 90
        2
 70
         0
 43
0.03
 10
-28.999991
 20
-15.192641
 10
-29.000001
 20
-15.192641
  0
LWPOLYLINE
  5
A0E
100
AcDbEntity
  8
ASSEMBLY_OUTLINES_TOP
100
AcDbPolyline
 90
        2
 70
         0
 43
0.03
 10
-28.999991
 20
-15.282641
 10
-29.000001
 20
-15.282641
  0
LWPOLYLINE
  5
A0F
100
AcDbEntity
  8
ASSEMBLY_OUTLINES_TOP
100
AcDbPolyline
 90
        2
 70
         0
 43
0.03
 10
-28.999991
 20
-15.372641
 10
-29.000001
 20
-15.372641
  0
LWPOLYLINE
  5
A10
100
AcDbEntity
  8
ASSEMBLY_OUTLINES_TOP
100
AcDbPolyline
 90
        2
 70
         0
 43
0.03
 10
-28.999991
 20
-15.462641
 10
-29.000001
 20
-15.462641
  0
LWPOLYLINE
  5
A11
100
AcDbEntity
  8
ASSEMBLY_OUTLINES_TOP
100
AcDbPolyline
 90
        2
 70
         0
 43
0.03
 10
-28.999991
 20
-15.552641
 10
-29.000001
 20
-15.552641
  0
LWPOLYLINE
  5
A12
100
AcDbEntity
  8
ASSEMBLY_OUTLINES_TOP
100
AcDbPolyline
 90
        2
 70
         0
 43
0.03
 10
-28.999991
 20
-15.642641
 10
-29.000001
 20
-15.642641
  0
LWPOLYLINE
  5
A13
100
AcDbEntity
  8
ASSEMBLY_OUTLINES_TOP
100
AcDbPolyline
 90
        2
 70
         0
 43
0.03
 10
-28.999991
 20
-15.732641
 10
-29.000001
 20
-15.732641
  0
LWPOLYLINE
  5
A14
100
AcDbEntity
  8
ASSEMBLY_OUTLINES_TOP
100
AcDbPolyline
 90
        2
 70
         0
 43
0.03
 10
-28.999991
 20
-15.822641
 10
-29.000001
 20
-15.822641
  0
LWPOLYLINE
  5
A15
100
AcDbEntity
  8
ASSEMBLY_OUTLINES_TOP
100
AcDbPolyline
 90
        2
 70
         0
 43
0.03
 10
-28.999991
 20
-15.912641
 10
-29.000001
 20
-15.912641
  0
LWPOLYLINE
  5
A16
100
AcDbEntity
  8
ASSEMBLY_OUTLINES_TOP
100
AcDbPolyline
 90
        2
 70
         0
 43
0.03
 10
-28.999991
 20
-16.002641
 10
-29.000001
 20
-16.002641
  0
LWPOLYLINE
  5
A17
100
AcDbEntity
  8
ASSEMBLY_OUTLINES_TOP
100
AcDbPolyline
 90
        2
 70
         0
 43
0.03
 10
-28.999991
 20
-16.092641
 10
-29.000001
 20
-16.092641
  0
LWPOLYLINE
  5
A18
100
AcDbEntity
  8
ASSEMBLY_OUTLINES_TOP
100
AcDbPolyline
 90
        2
 70
         0
 43
0.03
 10
-28.999991
 20
-16.182641
 10
-29.000001
 20
-16.182641
  0
LWPOLYLINE
  5
A19
100
AcDbEntity
  8
ASSEMBLY_OUTLINES_TOP
100
AcDbPolyline
 90
        2
 70
         0
 43
0.03
 10
-28.999991
 20
-16.272641
 10
-29.000001
 20
-16.272641
  0
LWPOLYLINE
  5
A1A
100
AcDbEntity
  8
ASSEMBLY_OUTLINES_TOP
100
AcDbPolyline
 90
        2
 70
         0
 43
0.03
 10
-28.999991
 20
-16.362641
 10
-29.000001
 20
-16.362641
  0
LWPOLYLINE
  5
A1B
100
AcDbEntity
  8
ASSEMBLY_OUTLINES_TOP
100
AcDbPolyline
 90
        2
 70
         0
 43
0.03
 10
-28.999991
 20
-16.452641
 10
-29.000001
 20
-16.452641
  0
LWPOLYLINE
  5
A1C
100
AcDbEntity
  8
ASSEMBLY_OUTLINES_TOP
100
AcDbPolyline
 90
        2
 70
         0
 43
0.03
 10
-28.999991
 20
-16.542641
 10
-29.000001
 20
-16.542641
  0
LWPOLYLINE
  5
A1D
100
AcDbEntity
  8
ASSEMBLY_OUTLINES_TOP
100
AcDbPolyline
 90
        2
 70
         0
 43
0.03
 10
-28.999991
 20
-16.632641
 10
-29.000001
 20
-16.632641
  0
LWPOLYLINE
  5
A1E
100
AcDbEntity
  8
ASSEMBLY_OUTLINES_TOP
100
AcDbPolyline
 90
        2
 70
         0
 43
0.03
 10
-28.999991
 20
-16.722641
 10
-29.000001
 20
-16.722641
  0
LWPOLYLINE
  5
A1F
100
AcDbEntity
  8
ASSEMBLY_OUTLINES_TOP
100
AcDbPolyline
 90
        2
 70
         0
 43
0.03
 10
-28.999991
 20
-16.812641
 10
-29.000001
 20
-16.812641
  0
LWPOLYLINE
  5
A20
100
AcDbEntity
  8
ASSEMBLY_OUTLINES_TOP
100
AcDbPolyline
 90
        2
 70
         0
 43
0.03
 10
-28.999991
 20
-16.902641
 10
-29.000001
 20
-16.902641
  0
LWPOLYLINE
  5
A21
100
AcDbEntity
  8
ASSEMBLY_OUTLINES_TOP
100
AcDbPolyline
 90
        2
 70
         0
 43
0.03
 10
-28.999991
 20
-16.992641
 10
-29.000001
 20
-16.992641
  0
LWPOLYLINE
  5
A22
100
AcDbEntity
  8
ASSEMBLY_OUTLINES_TOP
100
AcDbPolyline
 90
        2
 70
         0
 43
0.03
 10
-28.999991
 20
-17.082641
 10
-29.000001
 20
-17.082641
  0
LWPOLYLINE
  5
A23
100
AcDbEntity
  8
ASSEMBLY_OUTLINES_TOP
100
AcDbPolyline
 90
        2
 70
         0
 43
0.03
 10
-28.999991
 20
-17.172641
 10
-29.000001
 20
-17.172641
  0
LWPOLYLINE
  5
A24
100
AcDbEntity
  8
ASSEMBLY_OUTLINES_TOP
100
AcDbPolyline
 90
        2
 70
         0
 43
0.03
 10
-28.999991
 20
-17.262641
 10
-29.000001
 20
-17.262641
  0
LWPOLYLINE
  5
A25
100
AcDbEntity
  8
ASSEMBLY_OUTLINES_TOP
100
AcDbPolyline
 90
        2
 70
         0
 43
0.03
 10
-28.999991
 20
-17.352641
 10
-29.000001
 20
-17.352641
  0
LWPOLYLINE
  5
A26
100
AcDbEntity
  8
ASSEMBLY_OUTLINES_TOP
100
AcDbPolyline
 90
        2
 70
         0
 43
0.03
 10
-28.999991
 20
-17.442641
 10
-29.000001
 20
-17.442641
  0
LWPOLYLINE
  5
A27
100
AcDbEntity
  8
ASSEMBLY_OUTLINES_TOP
100
AcDbPolyline
 90
        2
 70
         0
 43
0.03
 10
-28.999991
 20
-17.532641
 10
-29.000001
 20
-17.532641
  0
LWPOLYLINE
  5
A28
100
AcDbEntity
  8
ASSEMBLY_OUTLINES_TOP
100
AcDbPolyline
 90
        2
 70
         0
 43
0.03
 10
-28.999991
 20
-17.622641
 10
-29.000001
 20
-17.622641
  0
LWPOLYLINE
  5
A29
100
AcDbEntity
  8
ASSEMBLY_OUTLINES_TOP
100
AcDbPolyline
 90
        2
 70
         0
 43
0.03
 10
-28.999991
 20
-17.712641
 10
-29.000001
 20
-17.712641
  0
LWPOLYLINE
  5
A2A
100
AcDbEntity
  8
ASSEMBLY_OUTLINES_TOP
100
AcDbPolyline
 90
        2
 70
         0
 43
0.03
 10
-28.999991
 20
-17.802641
 10
-29.000001
 20
-17.802641
  0
LWPOLYLINE
  5
A2B
100
AcDbEntity
  8
ASSEMBLY_OUTLINES_TOP
100
AcDbPolyline
 90
        2
 70
         0
 43
0.03
 10
-28.999991
 20
-17.892641
 10
-29.000001
 20
-17.892641
  0
LWPOLYLINE
  5
A2C
100
AcDbEntity
  8
ASSEMBLY_OUTLINES_TOP
100
AcDbPolyline
 90
        2
 70
         0
 43
0.03
 10
-28.999991
 20
-17.982641
 10
-29.000001
 20
-17.982641
  0
LWPOLYLINE
  5
A2D
100
AcDbEntity
  8
ASSEMBLY_OUTLINES_TOP
100
AcDbPolyline
 90
        2
 70
         0
 43
0.03
 10
-28.999991
 20
-18.072641
 10
-29.000001
 20
-18.072641
  0
LWPOLYLINE
  5
A2E
100
AcDbEntity
  8
ASSEMBLY_OUTLINES_TOP
100
AcDbPolyline
 90
        2
 70
         0
 43
0.03
 10
-28.999991
 20
-18.162641
 10
-29.000001
 20
-18.162641
  0
LWPOLYLINE
  5
A2F
100
AcDbEntity
  8
ASSEMBLY_OUTLINES_TOP
100
AcDbPolyline
 90
        2
 70
         0
 43
0.03
 10
-28.999991
 20
-18.252641
 10
-29.000001
 20
-18.252641
  0
LWPOLYLINE
  5
A30
100
AcDbEntity
  8
ASSEMBLY_OUTLINES_TOP
100
AcDbPolyline
 90
        2
 70
         0
 43
0.03
 10
-28.999991
 20
-18.342641
 10
-29.000001
 20
-18.342641
  0
LWPOLYLINE
  5
A31
100
AcDbEntity
  8
ASSEMBLY_OUTLINES_TOP
100
AcDbPolyline
 90
        2
 70
         0
 43
0.03
 10
-28.999991
 20
-18.432641
 10
-29.000001
 20
-18.432641
  0
LWPOLYLINE
  5
A32
100
AcDbEntity
  8
ASSEMBLY_OUTLINES_TOP
100
AcDbPolyline
 90
        2
 70
         0
 43
0.03
 10
-28.999991
 20
-18.522641
 10
-29.000001
 20
-18.522641
  0
LWPOLYLINE
  5
A33
100
AcDbEntity
  8
ASSEMBLY_OUTLINES_TOP
100
AcDbPolyline
 90
        2
 70
         0
 43
0.03
 10
-28.999991
 20
-18.612641
 10
-29.000001
 20
-18.612641
  0
LWPOLYLINE
  5
A34
100
AcDbEntity
  8
ASSEMBLY_OUTLINES_TOP
100
AcDbPolyline
 90
        2
 70
         0
 43
0.03
 10
-28.999991
 20
-18.702641
 10
-29.000001
 20
-18.702641
  0
LWPOLYLINE
  5
A35
100
AcDbEntity
  8
ASSEMBLY_OUTLINES_TOP
100
AcDbPolyline
 90
        2
 70
         0
 43
0.03
 10
-28.999991
 20
-18.792641
 10
-29.000001
 20
-18.792641
  0
LWPOLYLINE
  5
A36
100
AcDbEntity
  8
ASSEMBLY_OUTLINES_TOP
100
AcDbPolyline
 90
        2
 70
         0
 43
0.03
 10
-28.999991
 20
-18.882641
 10
-29.000001
 20
-18.882641
  0
LWPOLYLINE
  5
A37
100
AcDbEntity
  8
ASSEMBLY_OUTLINES_TOP
100
AcDbPolyline
 90
        2
 70
         0
 43
0.03
 10
-28.999991
 20
-18.972641
 10
-29.000001
 20
-18.972641
  0
LWPOLYLINE
  5
A38
100
AcDbEntity
  8
ASSEMBLY_OUTLINES_TOP
100
AcDbPolyline
 90
        2
 70
         0
 43
0.03
 10
-28.999991
 20
-19.062641
 10
-29.000001
 20
-19.062641
  0
LWPOLYLINE
  5
A39
100
AcDbEntity
  8
ASSEMBLY_OUTLINES_TOP
100
AcDbPolyline
 90
        2
 70
         0
 43
0.03
 10
-28.999991
 20
-19.152641
 10
-29.000001
 20
-19.152641
  0
LWPOLYLINE
  5
A3A
100
AcDbEntity
  8
ASSEMBLY_OUTLINES_TOP
100
AcDbPolyline
 90
        2
 70
         0
 43
0.03
 10
-28.999991
 20
-19.242641
 10
-29.000001
 20
-19.242641
  0
LWPOLYLINE
  5
A3B
100
AcDbEntity
  8
ASSEMBLY_OUTLINES_TOP
100
AcDbPolyline
 90
        2
 70
         0
 43
0.03
 10
-28.999991
 20
-19.332641
 10
-29.000001
 20
-19.332641
  0
LWPOLYLINE
  5
A3C
100
AcDbEntity
  8
ASSEMBLY_OUTLINES_TOP
100
AcDbPolyline
 90
        2
 70
         0
 43
0.03
 10
-28.999991
 20
-19.422641
 10
-29.000001
 20
-19.422641
  0
LWPOLYLINE
  5
A3D
100
AcDbEntity
  8
ASSEMBLY_OUTLINES_TOP
100
AcDbPolyline
 90
        2
 70
         0
 43
0.03
 10
-28.999991
 20
-19.512641
 10
-29.000001
 20
-19.512641
  0
LWPOLYLINE
  5
A3E
100
AcDbEntity
  8
ASSEMBLY_OUTLINES_TOP
100
AcDbPolyline
 90
        2
 70
         0
 43
0.03
 10
-28.999991
 20
-19.602641
 10
-29.000001
 20
-19.602641
  0
LWPOLYLINE
  5
A3F
100
AcDbEntity
  8
ASSEMBLY_OUTLINES_TOP
100
AcDbPolyline
 90
        2
 70
         0
 43
0.03
 10
-28.999991
 20
-19.692641
 10
-29.000001
 20
-19.692641
  0
LWPOLYLINE
  5
A40
100
AcDbEntity
  8
ASSEMBLY_OUTLINES_TOP
100
AcDbPolyline
 90
        2
 70
         0
 43
0.03
 10
-28.999991
 20
-19.782641
 10
-29.000001
 20
-19.782641
  0
LWPOLYLINE
  5
A41
100
AcDbEntity
  8
ASSEMBLY_OUTLINES_TOP
100
AcDbPolyline
 90
        2
 70
         0
 43
0.03
 10
-28.999991
 20
-19.872641
 10
-29.000001
 20
-19.872641
  0
LWPOLYLINE
  5
A42
100
AcDbEntity
  8
ASSEMBLY_OUTLINES_TOP
100
AcDbPolyline
 90
        2
 70
         0
 43
0.03
 10
-28.999991
 20
-19.962641
 10
-29.000001
 20
-19.962641
  0
LWPOLYLINE
  5
A43
100
AcDbEntity
  8
ASSEMBLY_OUTLINES_TOP
100
AcDbPolyline
 90
        2
 70
         0
 43
0.03
 10
-28.999991
 20
-20.052641
 10
-29.000001
 20
-20.052641
  0
LWPOLYLINE
  5
A44
100
AcDbEntity
  8
ASSEMBLY_OUTLINES_TOP
100
AcDbPolyline
 90
        2
 70
         0
 43
0.03
 10
-28.999991
 20
-20.142641
 10
-29.000001
 20
-20.142641
  0
LWPOLYLINE
  5
A45
100
AcDbEntity
  8
ASSEMBLY_OUTLINES_TOP
100
AcDbPolyline
 90
        2
 70
         0
 43
0.03
 10
-28.999991
 20
-20.232641
 10
-29.000001
 20
-20.232641
  0
LWPOLYLINE
  5
A46
100
AcDbEntity
  8
ASSEMBLY_OUTLINES_TOP
100
AcDbPolyline
 90
        2
 70
         0
 43
0.03
 10
-28.999991
 20
-20.322641
 10
-29.000001
 20
-20.322641
  0
LWPOLYLINE
  5
A47
100
AcDbEntity
  8
ASSEMBLY_OUTLINES_TOP
100
AcDbPolyline
 90
        2
 70
         0
 43
0.03
 10
-28.999991
 20
-20.412641
 10
-29.000001
 20
-20.412641
  0
LWPOLYLINE
  5
A48
100
AcDbEntity
  8
ASSEMBLY_OUTLINES_TOP
100
AcDbPolyline
 90
        2
 70
         0
 43
0.03
 10
-28.999991
 20
-20.502641
 10
-29.000001
 20
-20.502641
  0
LWPOLYLINE
  5
A49
100
AcDbEntity
  8
ASSEMBLY_OUTLINES_TOP
100
AcDbPolyline
 90
        2
 70
         0
 43
0.03
 10
-28.999991
 20
-20.592641
 10
-29.000001
 20
-20.592641
  0
LWPOLYLINE
  5
A4A
100
AcDbEntity
  8
ASSEMBLY_OUTLINES_TOP
100
AcDbPolyline
 90
        2
 70
         0
 43
0.03
 10
-28.999991
 20
-20.682641
 10
-29.000001
 20
-20.682641
  0
LWPOLYLINE
  5
A4B
100
AcDbEntity
  8
ASSEMBLY_OUTLINES_TOP
100
AcDbPolyline
 90
        2
 70
         0
 43
0.03
 10
-28.999991
 20
-20.772641
 10
-29.000001
 20
-20.772641
  0
LWPOLYLINE
  5
A4C
100
AcDbEntity
  8
ASSEMBLY_OUTLINES_TOP
100
AcDbPolyline
 90
        2
 70
         0
 43
0.03
 10
-28.999991
 20
-20.862641
 10
-29.000001
 20
-20.862641
  0
LWPOLYLINE
  5
A4D
100
AcDbEntity
  8
ASSEMBLY_OUTLINES_TOP
100
AcDbPolyline
 90
        2
 70
         0
 43
0.03
 10
-28.999991
 20
-20.952641
 10
-29.000001
 20
-20.952641
  0
LWPOLYLINE
  5
A4E
100
AcDbEntity
  8
ASSEMBLY_OUTLINES_TOP
100
AcDbPolyline
 90
        2
 70
         0
 43
0.03
 10
-28.999991
 20
-21.042641
 10
-29.000001
 20
-21.042641
  0
LWPOLYLINE
  5
A4F
100
AcDbEntity
  8
ASSEMBLY_OUTLINES_TOP
100
AcDbPolyline
 90
        2
 70
         0
 43
0.03
 10
-28.999991
 20
-21.132641
 10
-29.000001
 20
-21.132641
  0
LWPOLYLINE
  5
A50
100
AcDbEntity
  8
ASSEMBLY_OUTLINES_TOP
100
AcDbPolyline
 90
        2
 70
         0
 43
0.03
 10
-28.999991
 20
-21.222641
 10
-29.000001
 20
-21.222641
  0
LWPOLYLINE
  5
A51
100
AcDbEntity
  8
ASSEMBLY_OUTLINES_TOP
100
AcDbPolyline
 90
        2
 70
         0
 43
0.03
 10
-28.999991
 20
-21.257359
 10
-29.000001
 20
-21.257359
  0
LWPOLYLINE
  5
A52
100
AcDbEntity
  8
ASSEMBLY_OUTLINES_TOP
100
AcDbPolyline
 90
        2
 70
         0
 43
0.03
 10
-28.999991
 20
-21.257359
 10
-29.000001
 20
-21.257359
  0
LWPOLYLINE
  5
A53
100
AcDbEntity
  8
ASSEMBLY_OUTLINES_TOP
100
AcDbPolyline
 90
        2
 70
         0
 43
0.03
 10
-28.998641
 20
-21.347345
 10
-28.998651
 20
-21.347345
  0
LWPOLYLINE
  5
A54
100
AcDbEntity
  8
ASSEMBLY_OUTLINES_TOP
100
AcDbPolyline
 90
        2
 70
         0
 43
0.03
 10
-28.998641
 20
-21.347345
 10
-28.998651
 20
-21.347345
  0
LWPOLYLINE
  5
A55
100
AcDbEntity
  8
ASSEMBLY_OUTLINES_TOP
100
AcDbPolyline
 90
        2
 70
         0
 43
0.03
 10
-28.994592
 20
-21.437251
 10
-28.994602
 20
-21.437251
  0
LWPOLYLINE
  5
A56
100
AcDbEntity
  8
ASSEMBLY_OUTLINES_TOP
100
AcDbPolyline
 90
        2
 70
         0
 43
0.03
 10
-28.994592
 20
-21.437251
 10
-28.994602
 20
-21.437251
  0
LWPOLYLINE
  5
A57
100
AcDbEntity
  8
ASSEMBLY_OUTLINES_TOP
100
AcDbPolyline
 90
        2
 70
         0
 43
0.03
 10
-28.987849
 20
-21.526994
 10
-28.987859
 20
-21.526994
  0
LWPOLYLINE
  5
A58
100
AcDbEntity
  8
ASSEMBLY_OUTLINES_TOP
100
AcDbPolyline
 90
        2
 70
         0
 43
0.03
 10
-28.987849
 20
-21.526994
 10
-28.987859
 20
-21.526994
  0
LWPOLYLINE
  5
A59
100
AcDbEntity
  8
ASSEMBLY_OUTLINES_TOP
100
AcDbPolyline
 90
        2
 70
         0
 43
0.03
 10
-28.978416
 20
-21.616495
 10
-28.978426
 20
-21.616495
  0
LWPOLYLINE
  5
A5A
100
AcDbEntity
  8
ASSEMBLY_OUTLINES_TOP
100
AcDbPolyline
 90
        2
 70
         0
 43
0.03
 10
-28.978416
 20
-21.616495
 10
-28.978426
 20
-21.616495
  0
LWPOLYLINE
  5
A5B
100
AcDbEntity
  8
ASSEMBLY_OUTLINES_TOP
100
AcDbPolyline
 90
        2
 70
         0
 43
0.03
 10
-28.966304
 20
-21.705673
 10
-28.966314
 20
-21.705673
  0
LWPOLYLINE
  5
A5C
100
AcDbEntity
  8
ASSEMBLY_OUTLINES_TOP
100
AcDbPolyline
 90
        2
 70
         0
 43
0.03
 10
-28.966304
 20
-21.705673
 10
-28.966314
 20
-21.705673
  0
LWPOLYLINE
  5
A5D
100
AcDbEntity
  8
ASSEMBLY_OUTLINES_TOP
100
AcDbPolyline
 90
        2
 70
         0
 43
0.03
 10
-28.951522
 20
-21.794447
 10
-28.951532
 20
-21.794447
  0
LWPOLYLINE
  5
A5E
100
AcDbEntity
  8
ASSEMBLY_OUTLINES_TOP
100
AcDbPolyline
 90
        2
 70
         0
 43
0.03
 10
-28.951522
 20
-21.794447
 10
-28.951532
 20
-21.794447
  0
LWPOLYLINE
  5
A5F
100
AcDbEntity
  8
ASSEMBLY_OUTLINES_TOP
100
AcDbPolyline
 90
        2
 70
         0
 43
0.03
 10
-28.934083
 20
-21.882738
 10
-28.934093
 20
-21.882738
  0
LWPOLYLINE
  5
A60
100
AcDbEntity
  8
ASSEMBLY_OUTLINES_TOP
100
AcDbPolyline
 90
        2
 70
         0
 43
0.03
 10
-28.934083
 20
-21.882738
 10
-28.934093
 20
-21.882738
  0
LWPOLYLINE
  5
A61
100
AcDbEntity
  8
ASSEMBLY_OUTLINES_TOP
100
AcDbPolyline
 90
        2
 70
         0
 43
0.03
 10
-28.914004
 20
-21.970466
 10
-28.914014
 20
-21.970466
  0
LWPOLYLINE
  5
A62
100
AcDbEntity
  8
ASSEMBLY_OUTLINES_TOP
100
AcDbPolyline
 90
        2
 70
         0
 43
0.03
 10
-28.914004
 20
-21.970466
 10
-28.914014
 20
-21.970466
  0
LWPOLYLINE
  5
A63
100
AcDbEntity
  8
ASSEMBLY_OUTLINES_TOP
100
AcDbPolyline
 90
        2
 70
         0
 43
0.03
 10
-28.891303
 20
-22.057553
 10
-28.891313
 20
-22.057553
  0
LWPOLYLINE
  5
A64
100
AcDbEntity
  8
ASSEMBLY_OUTLINES_TOP
100
AcDbPolyline
 90
        2
 70
         0
 43
0.03
 10
-28.891303
 20
-22.057553
 10
-28.891313
 20
-22.057553
  0
LWPOLYLINE
  5
A65
100
AcDbEntity
  8
ASSEMBLY_OUTLINES_TOP
100
AcDbPolyline
 90
        2
 70
         0
 43
0.03
 10
-28.866
 20
-22.143919
 10
-28.86601
 20
-22.143919
  0
LWPOLYLINE
  5
A66
100
AcDbEntity
  8
ASSEMBLY_OUTLINES_TOP
100
AcDbPolyline
 90
        2
 70
         0
 43
0.03
 10
-28.866
 20
-22.143919
 10
-28.86601
 20
-22.143919
  0
LWPOLYLINE
  5
A67
100
AcDbEntity
  8
ASSEMBLY_OUTLINES_TOP
100
AcDbPolyline
 90
        2
 70
         0
 43
0.03
 10
-28.838118
 20
-22.229488
 10
-28.838128
 20
-22.229488
  0
LWPOLYLINE
  5
A68
100
AcDbEntity
  8
ASSEMBLY_OUTLINES_TOP
100
AcDbPolyline
 90
        2
 70
         0
 43
0.03
 10
-28.838118
 20
-22.229488
 10
-28.838128
 20
-22.229488
  0
LWPOLYLINE
  5
A69
100
AcDbEntity
  8
ASSEMBLY_OUTLINES_TOP
100
AcDbPolyline
 90
        2
 70
         0
 43
0.03
 10
-28.807681
 20
-22.314181
 10
-28.807691
 20
-22.314181
  0
LWPOLYLINE
  5
A6A
100
AcDbEntity
  8
ASSEMBLY_OUTLINES_TOP
100
AcDbPolyline
 90
        2
 70
         0
 43
0.03
 10
-28.807681
 20
-22.314181
 10
-28.807691
 20
-22.314181
  0
LWPOLYLINE
  5
A6B
100
AcDbEntity
  8
ASSEMBLY_OUTLINES_TOP
100
AcDbPolyline
 90
        2
 70
         0
 43
0.03
 10
-28.774718
 20
-22.397924
 10
-28.774728
 20
-22.397924
  0
LWPOLYLINE
  5
A6C
100
AcDbEntity
  8
ASSEMBLY_OUTLINES_TOP
100
AcDbPolyline
 90
        2
 70
         0
 43
0.03
 10
-28.774718
 20
-22.397924
 10
-28.774728
 20
-22.397924
  0
LWPOLYLINE
  5
A6D
100
AcDbEntity
  8
ASSEMBLY_OUTLINES_TOP
100
AcDbPolyline
 90
        2
 70
         0
 43
0.03
 10
-28.739257
 20
-22.48064
 10
-28.739267
 20
-22.48064
  0
LWPOLYLINE
  5
A6E
100
AcDbEntity
  8
ASSEMBLY_OUTLINES_TOP
100
AcDbPolyline
 90
        2
 70
         0
 43
0.03
 10
-28.739257
 20
-22.48064
 10
-28.739267
 20
-22.48064
  0
LWPOLYLINE
  5
A6F
100
AcDbEntity
  8
ASSEMBLY_OUTLINES_TOP
100
AcDbPolyline
 90
        2
 70
         0
 43
0.03
 10
-28.701332
 20
-22.562255
 10
-28.701342
 20
-22.562255
  0
LWPOLYLINE
  5
A70
100
AcDbEntity
  8
ASSEMBLY_OUTLINES_TOP
100
AcDbPolyline
 90
        2
 70
         0
 43
0.03
 10
-28.701332
 20
-22.562255
 10
-28.701342
 20
-22.562255
  0
LWPOLYLINE
  5
A71
100
AcDbEntity
  8
ASSEMBLY_OUTLINES_TOP
100
AcDbPolyline
 90
        2
 70
         0
 43
0.03
 10
-28.660975
 20
-22.642696
 10
-28.660985
 20
-22.642696
  0
LWPOLYLINE
  5
A72
100
AcDbEntity
  8
ASSEMBLY_OUTLINES_TOP
100
AcDbPolyline
 90
        2
 70
         0
 43
0.03
 10
-28.660975
 20
-22.642696
 10
-28.660985
 20
-22.642696
  0
LWPOLYLINE
  5
A73
100
AcDbEntity
  8
ASSEMBLY_OUTLINES_TOP
100
AcDbPolyline
 90
        2
 70
         0
 43
0.03
 10
-28.618224
 20
-22.72189
 10
-28.618234
 20
-22.72189
  0
LWPOLYLINE
  5
A74
100
AcDbEntity
  8
ASSEMBLY_OUTLINES_TOP
100
AcDbPolyline
 90
        2
 70
         0
 43
0.03
 10
-28.618224
 20
-22.72189
 10
-28.618234
 20
-22.72189
  0
LWPOLYLINE
  5
A75
100
AcDbEntity
  8
ASSEMBLY_OUTLINES_TOP
100
AcDbPolyline
 90
        2
 70
         0
 43
0.03
 10
-28.573117
 20
-22.799766
 10
-28.573127
 20
-22.799766
  0
LWPOLYLINE
  5
A76
100
AcDbEntity
  8
ASSEMBLY_OUTLINES_TOP
100
AcDbPolyline
 90
        2
 70
         0
 43
0.03
 10
-28.573117
 20
-22.799766
 10
-28.573127
 20
-22.799766
  0
LWPOLYLINE
  5
A77
100
AcDbEntity
  8
ASSEMBLY_OUTLINES_TOP
100
AcDbPolyline
 90
        2
 70
         0
 43
0.03
 10
-28.525693
 20
-22.876255
 10
-28.525703
 20
-22.876255
  0
LWPOLYLINE
  5
A78
100
AcDbEntity
  8
ASSEMBLY_OUTLINES_TOP
100
AcDbPolyline
 90
        2
 70
         0
 43
0.03
 10
-28.525693
 20
-22.876255
 10
-28.525703
 20
-22.876255
  0
LWPOLYLINE
  5
A79
100
AcDbEntity
  8
ASSEMBLY_OUTLINES_TOP
100
AcDbPolyline
 90
        2
 70
         0
 43
0.03
 10
-28.475997
 20
-22.951286
 10
-28.476007
 20
-22.951286
  0
LWPOLYLINE
  5
A7A
100
AcDbEntity
  8
ASSEMBLY_OUTLINES_TOP
100
AcDbPolyline
 90
        2
 70
         0
 43
0.03
 10
-28.475997
 20
-22.951286
 10
-28.476007
 20
-22.951286
  0
LWPOLYLINE
  5
A7B
100
AcDbEntity
  8
ASSEMBLY_OUTLINES_TOP
100
AcDbPolyline
 90
        2
 70
         0
 43
0.03
 10
-28.424073
 20
-23.024793
 10
-28.424083
 20
-23.024793
  0
LWPOLYLINE
  5
A7C
100
AcDbEntity
  8
ASSEMBLY_OUTLINES_TOP
100
AcDbPolyline
 90
        2
 70
         0
 43
0.03
 10
-28.424073
 20
-23.024793
 10
-28.424083
 20
-23.024793
  0
LWPOLYLINE
  5
A7D
100
AcDbEntity
  8
ASSEMBLY_OUTLINES_TOP
100
AcDbPolyline
 90
        2
 70
         0
 43
0.03
 10
-28.369967
 20
-23.096709
 10
-28.369977
 20
-23.096709
  0
LWPOLYLINE
  5
A7E
100
AcDbEntity
  8
ASSEMBLY_OUTLINES_TOP
100
AcDbPolyline
 90
        2
 70
         0
 43
0.03
 10
-28.369967
 20
-23.096709
 10
-28.369977
 20
-23.096709
  0
LWPOLYLINE
  5
A7F
100
AcDbEntity
  8
ASSEMBLY_OUTLINES_TOP
100
AcDbPolyline
 90
        2
 70
         0
 43
0.03
 10
-28.313729
 20
-23.16697
 10
-28.313739
 20
-23.16697
  0
LWPOLYLINE
  5
A80
100
AcDbEntity
  8
ASSEMBLY_OUTLINES_TOP
100
AcDbPolyline
 90
        2
 70
         0
 43
0.03
 10
-28.313729
 20
-23.16697
 10
-28.313739
 20
-23.16697
  0
LWPOLYLINE
  5
A81
100
AcDbEntity
  8
ASSEMBLY_OUTLINES_TOP
100
AcDbPolyline
 90
        2
 70
         0
 43
0.03
 10
-28.255408
 20
-23.235513
 10
-28.255418
 20
-23.235513
  0
LWPOLYLINE
  5
A82
100
AcDbEntity
  8
ASSEMBLY_OUTLINES_TOP
100
AcDbPolyline
 90
        2
 70
         0
 43
0.03
 10
-28.255408
 20
-23.235513
 10
-28.255418
 20
-23.235513
  0
LWPOLYLINE
  5
A83
100
AcDbEntity
  8
ASSEMBLY_OUTLINES_TOP
100
AcDbPolyline
 90
        2
 70
         0
 43
0.03
 10
-28.195057
 20
-23.302275
 10
-28.195067
 20
-23.302275
  0
LWPOLYLINE
  5
A84
100
AcDbEntity
  8
ASSEMBLY_OUTLINES_TOP
100
AcDbPolyline
 90
        2
 70
         0
 43
0.03
 10
-28.195057
 20
-23.302275
 10
-28.195067
 20
-23.302275
  0
LWPOLYLINE
  5
A85
100
AcDbEntity
  8
ASSEMBLY_OUTLINES_TOP
100
AcDbPolyline
 90
        2
 70
         0
 43
0.03
 10
-28.132731
 20
-23.367197
 10
-28.132741
 20
-23.367197
  0
LWPOLYLINE
  5
A86
100
AcDbEntity
  8
ASSEMBLY_OUTLINES_TOP
100
AcDbPolyline
 90
        2
 70
         0
 43
0.03
 10
-28.132731
 20
-23.367197
 10
-28.132741
 20
-23.367197
  0
LWPOLYLINE
  5
A87
100
AcDbEntity
  8
ASSEMBLY_OUTLINES_TOP
100
AcDbPolyline
 90
        2
 70
         0
 43
0.03
 10
-28.999991
 20
-21.257359
 10
-29.000001
 20
-21.257359
  0
LWPOLYLINE
  5
A88
100
AcDbEntity
  8
ASSEMBLY_OUTLINES_TOP
100
AcDbPolyline
 90
        2
 70
         0
 43
0.03
 10
-28.999991
 20
-21.257359
 10
-29.000001
 20
-21.257359
  0
LWPOLYLINE
  5
A89
100
AcDbEntity
  8
ASSEMBLY_OUTLINES_TOP
100
AcDbPolyline
 90
        2
 70
         0
 43
0.03
 10
-28.998641
 20
-21.347345
 10
-28.998651
 20
-21.347345
  0
LWPOLYLINE
  5
A8A
100
AcDbEntity
  8
ASSEMBLY_OUTLINES_TOP
100
AcDbPolyline
 90
        2
 70
         0
 43
0.03
 10
-28.998641
 20
-21.347345
 10
-28.998651
 20
-21.347345
  0
LWPOLYLINE
  5
A8B
100
AcDbEntity
  8
ASSEMBLY_OUTLINES_TOP
100
AcDbPolyline
 90
        2
 70
         0
 43
0.03
 10
-28.994592
 20
-21.437251
 10
-28.994602
 20
-21.437251
  0
LWPOLYLINE
  5
A8C
100
AcDbEntity
  8
ASSEMBLY_OUTLINES_TOP
100
AcDbPolyline
 90
        2
 70
         0
 43
0.03
 10
-28.994592
 20
-21.437251
 10
-28.994602
 20
-21.437251
  0
LWPOLYLINE
  5
A8D
100
AcDbEntity
  8
ASSEMBLY_OUTLINES_TOP
100
AcDbPolyline
 90
        2
 70
         0
 43
0.03
 10
-28.987849
 20
-21.526994
 10
-28.987859
 20
-21.526994
  0
LWPOLYLINE
  5
A8E
100
AcDbEntity
  8
ASSEMBLY_OUTLINES_TOP
100
AcDbPolyline
 90
        2
 70
         0
 43
0.03
 10
-28.987849
 20
-21.526994
 10
-28.987859
 20
-21.526994
  0
LWPOLYLINE
  5
A8F
100
AcDbEntity
  8
ASSEMBLY_OUTLINES_TOP
100
AcDbPolyline
 90
        2
 70
         0
 43
0.03
 10
-28.978416
 20
-21.616495
 10
-28.978426
 20
-21.616495
  0
LWPOLYLINE
  5
A90
100
AcDbEntity
  8
ASSEMBLY_OUTLINES_TOP
100
AcDbPolyline
 90
        2
 70
         0
 43
0.03
 10
-28.978416
 20
-21.616495
 10
-28.978426
 20
-21.616495
  0
LWPOLYLINE
  5
A91
100
AcDbEntity
  8
ASSEMBLY_OUTLINES_TOP
100
AcDbPolyline
 90
        2
 70
         0
 43
0.03
 10
-28.966304
 20
-21.705673
 10
-28.966314
 20
-21.705673
  0
LWPOLYLINE
  5
A92
100
AcDbEntity
  8
ASSEMBLY_OUTLINES_TOP
100
AcDbPolyline
 90
        2
 70
         0
 43
0.03
 10
-28.966304
 20
-21.705673
 10
-28.966314
 20
-21.705673
  0
LWPOLYLINE
  5
A93
100
AcDbEntity
  8
ASSEMBLY_OUTLINES_TOP
100
AcDbPolyline
 90
        2
 70
         0
 43
0.03
 10
-28.951522
 20
-21.794447
 10
-28.951532
 20
-21.794447
  0
LWPOLYLINE
  5
A94
100
AcDbEntity
  8
ASSEMBLY_OUTLINES_TOP
100
AcDbPolyline
 90
        2
 70
         0
 43
0.03
 10
-28.951522
 20
-21.794447
 10
-28.951532
 20
-21.794447
  0
LWPOLYLINE
  5
A95
100
AcDbEntity
  8
ASSEMBLY_OUTLINES_TOP
100
AcDbPolyline
 90
        2
 70
         0
 43
0.03
 10
-28.934083
 20
-21.882738
 10
-28.934093
 20
-21.882738
  0
LWPOLYLINE
  5
A96
100
AcDbEntity
  8
ASSEMBLY_OUTLINES_TOP
100
AcDbPolyline
 90
        2
 70
         0
 43
0.03
 10
-28.934083
 20
-21.882738
 10
-28.934093
 20
-21.882738
  0
LWPOLYLINE
  5
A97
100
AcDbEntity
  8
ASSEMBLY_OUTLINES_TOP
100
AcDbPolyline
 90
        2
 70
         0
 43
0.03
 10
-28.914004
 20
-21.970466
 10
-28.914014
 20
-21.970466
  0
LWPOLYLINE
  5
A98
100
AcDbEntity
  8
ASSEMBLY_OUTLINES_TOP
100
AcDbPolyline
 90
        2
 70
         0
 43
0.03
 10
-28.914004
 20
-21.970466
 10
-28.914014
 20
-21.970466
  0
LWPOLYLINE
  5
A99
100
AcDbEntity
  8
ASSEMBLY_OUTLINES_TOP
100
AcDbPolyline
 90
        2
 70
         0
 43
0.03
 10
-28.891303
 20
-22.057553
 10
-28.891313
 20
-22.057553
  0
LWPOLYLINE
  5
A9A
100
AcDbEntity
  8
ASSEMBLY_OUTLINES_TOP
100
AcDbPolyline
 90
        2
 70
         0
 43
0.03
 10
-28.891303
 20
-22.057553
 10
-28.891313
 20
-22.057553
  0
LWPOLYLINE
  5
A9B
100
AcDbEntity
  8
ASSEMBLY_OUTLINES_TOP
100
AcDbPolyline
 90
        2
 70
         0
 43
0.03
 10
-28.866
 20
-22.143919
 10
-28.86601
 20
-22.143919
  0
LWPOLYLINE
  5
A9C
100
AcDbEntity
  8
ASSEMBLY_OUTLINES_TOP
100
AcDbPolyline
 90
        2
 70
         0
 43
0.03
 10
-28.866
 20
-22.143919
 10
-28.86601
 20
-22.143919
  0
LWPOLYLINE
  5
A9D
100
AcDbEntity
  8
ASSEMBLY_OUTLINES_TOP
100
AcDbPolyline
 90
        2
 70
         0
 43
0.03
 10
-28.838118
 20
-22.229488
 10
-28.838128
 20
-22.229488
  0
LWPOLYLINE
  5
A9E
100
AcDbEntity
  8
ASSEMBLY_OUTLINES_TOP
100
AcDbPolyline
 90
        2
 70
         0
 43
0.03
 10
-28.838118
 20
-22.229488
 10
-28.838128
 20
-22.229488
  0
LWPOLYLINE
  5
A9F
100
AcDbEntity
  8
ASSEMBLY_OUTLINES_TOP
100
AcDbPolyline
 90
        2
 70
         0
 43
0.03
 10
-28.807681
 20
-22.314181
 10
-28.807691
 20
-22.314181
  0
LWPOLYLINE
  5
AA0
100
AcDbEntity
  8
ASSEMBLY_OUTLINES_TOP
100
AcDbPolyline
 90
        2
 70
         0
 43
0.03
 10
-28.807681
 20
-22.314181
 10
-28.807691
 20
-22.314181
  0
LWPOLYLINE
  5
AA1
100
AcDbEntity
  8
ASSEMBLY_OUTLINES_TOP
100
AcDbPolyline
 90
        2
 70
         0
 43
0.03
 10
-28.774718
 20
-22.397924
 10
-28.774728
 20
-22.397924
  0
LWPOLYLINE
  5
AA2
100
AcDbEntity
  8
ASSEMBLY_OUTLINES_TOP
100
AcDbPolyline
 90
        2
 70
         0
 43
0.03
 10
-28.774718
 20
-22.397924
 10
-28.774728
 20
-22.397924
  0
LWPOLYLINE
  5
AA3
100
AcDbEntity
  8
ASSEMBLY_OUTLINES_TOP
100
AcDbPolyline
 90
        2
 70
         0
 43
0.03
 10
-28.739257
 20
-22.48064
 10
-28.739267
 20
-22.48064
  0
LWPOLYLINE
  5
AA4
100
AcDbEntity
  8
ASSEMBLY_OUTLINES_TOP
100
AcDbPolyline
 90
        2
 70
         0
 43
0.03
 10
-28.739257
 20
-22.48064
 10
-28.739267
 20
-22.48064
  0
LWPOLYLINE
  5
AA5
100
AcDbEntity
  8
ASSEMBLY_OUTLINES_TOP
100
AcDbPolyline
 90
        2
 70
         0
 43
0.03
 10
-28.701332
 20
-22.562255
 10
-28.701342
 20
-22.562255
  0
LWPOLYLINE
  5
AA6
100
AcDbEntity
  8
ASSEMBLY_OUTLINES_TOP
100
AcDbPolyline
 90
        2
 70
         0
 43
0.03
 10
-28.701332
 20
-22.562255
 10
-28.701342
 20
-22.562255
  0
LWPOLYLINE
  5
AA7
100
AcDbEntity
  8
ASSEMBLY_OUTLINES_TOP
100
AcDbPolyline
 90
        2
 70
         0
 43
0.03
 10
-28.660975
 20
-22.642696
 10
-28.660985
 20
-22.642696
  0
LWPOLYLINE
  5
AA8
100
AcDbEntity
  8
ASSEMBLY_OUTLINES_TOP
100
AcDbPolyline
 90
        2
 70
         0
 43
0.03
 10
-28.660975
 20
-22.642696
 10
-28.660985
 20
-22.642696
  0
LWPOLYLINE
  5
AA9
100
AcDbEntity
  8
ASSEMBLY_OUTLINES_TOP
100
AcDbPolyline
 90
        2
 70
         0
 43
0.03
 10
-28.618224
 20
-22.72189
 10
-28.618234
 20
-22.72189
  0
LWPOLYLINE
  5
AAA
100
AcDbEntity
  8
ASSEMBLY_OUTLINES_TOP
100
AcDbPolyline
 90
        2
 70
         0
 43
0.03
 10
-28.618224
 20
-22.72189
 10
-28.618234
 20
-22.72189
  0
LWPOLYLINE
  5
AAB
100
AcDbEntity
  8
ASSEMBLY_OUTLINES_TOP
100
AcDbPolyline
 90
        2
 70
         0
 43
0.03
 10
-28.573117
 20
-22.799766
 10
-28.573127
 20
-22.799766
  0
LWPOLYLINE
  5
AAC
100
AcDbEntity
  8
ASSEMBLY_OUTLINES_TOP
100
AcDbPolyline
 90
        2
 70
         0
 43
0.03
 10
-28.573117
 20
-22.799766
 10
-28.573127
 20
-22.799766
  0
LWPOLYLINE
  5
AAD
100
AcDbEntity
  8
ASSEMBLY_OUTLINES_TOP
100
AcDbPolyline
 90
        2
 70
         0
 43
0.03
 10
-28.525693
 20
-22.876255
 10
-28.525703
 20
-22.876255
  0
LWPOLYLINE
  5
AAE
100
AcDbEntity
  8
ASSEMBLY_OUTLINES_TOP
100
AcDbPolyline
 90
        2
 70
         0
 43
0.03
 10
-28.525693
 20
-22.876255
 10
-28.525703
 20
-22.876255
  0
LWPOLYLINE
  5
AAF
100
AcDbEntity
  8
ASSEMBLY_OUTLINES_TOP
100
AcDbPolyline
 90
        2
 70
         0
 43
0.03
 10
-28.475997
 20
-22.951286
 10
-28.476007
 20
-22.951286
  0
LWPOLYLINE
  5
AB0
100
AcDbEntity
  8
ASSEMBLY_OUTLINES_TOP
100
AcDbPolyline
 90
        2
 70
         0
 43
0.03
 10
-28.475997
 20
-22.951286
 10
-28.476007
 20
-22.951286
  0
LWPOLYLINE
  5
AB1
100
AcDbEntity
  8
ASSEMBLY_OUTLINES_TOP
100
AcDbPolyline
 90
        2
 70
         0
 43
0.03
 10
-28.424073
 20
-23.024793
 10
-28.424083
 20
-23.024793
  0
LWPOLYLINE
  5
AB2
100
AcDbEntity
  8
ASSEMBLY_OUTLINES_TOP
100
AcDbPolyline
 90
        2
 70
         0
 43
0.03
 10
-28.424073
 20
-23.024793
 10
-28.424083
 20
-23.024793
  0
LWPOLYLINE
  5
AB3
100
AcDbEntity
  8
ASSEMBLY_OUTLINES_TOP
100
AcDbPolyline
 90
        2
 70
         0
 43
0.03
 10
-28.369967
 20
-23.096709
 10
-28.369977
 20
-23.096709
  0
LWPOLYLINE
  5
AB4
100
AcDbEntity
  8
ASSEMBLY_OUTLINES_TOP
100
AcDbPolyline
 90
        2
 70
         0
 43
0.03
 10
-28.369967
 20
-23.096709
 10
-28.369977
 20
-23.096709
  0
LWPOLYLINE
  5
AB5
100
AcDbEntity
  8
ASSEMBLY_OUTLINES_TOP
100
AcDbPolyline
 90
        2
 70
         0
 43
0.03
 10
-28.313729
 20
-23.16697
 10
-28.313739
 20
-23.16697
  0
LWPOLYLINE
  5
AB6
100
AcDbEntity
  8
ASSEMBLY_OUTLINES_TOP
100
AcDbPolyline
 90
        2
 70
         0
 43
0.03
 10
-28.313729
 20
-23.16697
 10
-28.313739
 20
-23.16697
  0
LWPOLYLINE
  5
AB7
100
AcDbEntity
  8
ASSEMBLY_OUTLINES_TOP
100
AcDbPolyline
 90
        2
 70
         0
 43
0.03
 10
-28.255408
 20
-23.235513
 10
-28.255418
 20
-23.235513
  0
LWPOLYLINE
  5
AB8
100
AcDbEntity
  8
ASSEMBLY_OUTLINES_TOP
100
AcDbPolyline
 90
        2
 70
         0
 43
0.03
 10
-28.255408
 20
-23.235513
 10
-28.255418
 20
-23.235513
  0
LWPOLYLINE
  5
AB9
100
AcDbEntity
  8
ASSEMBLY_OUTLINES_TOP
100
AcDbPolyline
 90
        2
 70
         0
 43
0.03
 10
-28.195057
 20
-23.302275
 10
-28.195067
 20
-23.302275
  0
LWPOLYLINE
  5
ABA
100
AcDbEntity
  8
ASSEMBLY_OUTLINES_TOP
100
AcDbPolyline
 90
        2
 70
         0
 43
0.03
 10
-28.195057
 20
-23.302275
 10
-28.195067
 20
-23.302275
  0
LWPOLYLINE
  5
ABB
100
AcDbEntity
  8
ASSEMBLY_OUTLINES_TOP
100
AcDbPolyline
 90
        2
 70
         0
 43
0.03
 10
-28.132731
 20
-23.367197
 10
-28.132741
 20
-23.367197
  0
LWPOLYLINE
  5
ABC
100
AcDbEntity
  8
ASSEMBLY_OUTLINES_TOP
100
AcDbPolyline
 90
        2
 70
         0
 43
0.03
 10
-28.132731
 20
-23.367197
 10
-28.132741
 20
-23.367197
  0
LWPOLYLINE
  5
ABD
100
AcDbEntity
  8
ASSEMBLY_OUTLINES_TOP
100
AcDbPolyline
 90
        52
 70
         1
 43
0.0
 10
-25.000001
 20
-8.525
 10
-25.000001
 20
8.525
 42
0.414214
 10
-26.600001
 20
10.125
 10
-26.900001
 20
10.125
 42
-0.414214
 10
-28.500001
 20
11.725
 10
-28.500001
 20
13.275
 42
-0.414214
 10
-26.900001
 20
14.875
 10
-26.600001
 20
14.875
 42
0.414214
 10
-25.000001
 20
16.475
 10
-25.000001
 20
23.5
 42
-0.414214
 10
-22.000001
 20
26.5
 10
22.507323
 20
26.5
 42
-0.281262
 10
25.176459
 20
24.869565
 42
0.281262
 10
26.599999
 20
24.0
 42
-0.414214
 10
27.599999
 20
23.0
 10
27.599999
 20
22.0
 42
-0.414214
 10
26.599999
 20
21.0
 42
0.414214
 10
24.999999
 20
19.4
 10
24.999999
 20
16.475
 42
0.414214
 10
26.599999
 20
14.875
 10
26.899999
 20
14.875
 42
-0.414214
 10
28.499999
 20
13.275
 10
28.499999
 20
11.725
 42
-0.414214
 10
26.899999
 20
10.125
 10
26.599999
 20
10.125
 42
0.414214
 10
24.999999
 20
8.525
 10
24.999999
 20
-8.525
 42
0.414214
 10
26.599999
 20
-10.125
 10
26.899999
 20
-10.125
 42
-0.414214
 10
28.499999
 20
-11.725
 10
28.499999
 20
-13.275
 42
-0.414214
 10
26.899999
 20
-14.875
 10
26.599999
 20
-14.875
 42
0.414214
 10
24.999999
 20
-16.475
 10
24.999999
 20
-23.5
 42
-0.414214
 10
21.999999
 20
-26.5
 10
-23.198344
 20
-26.5
 42
-0.210871
 10
-25.414775
 20
-25.52174
 42
0.153199
 10
-26.242656
 20
-25.039702
 42
-0.141474
 10
-26.728378
 20
-24.771622
 10
-27.307107
 20
-24.192893
 42
-0.198913
 10
-27.600001
 20
-23.485786
 10
-27.600001
 20
-23.0
 42
-0.414214
 10
-26.600001
 20
-22.0
 42
0.414214
 10
-25.000001
 20
-20.4
 10
-25.000001
 20
-16.475
 42
0.414214
 10
-26.600001
 20
-14.875
 10
-26.900001
 20
-14.875
 42
-0.414214
 10
-28.500001
 20
-13.275
 10
-28.500001
 20
-11.725
 42
-0.414214
 10
-26.900001
 20
-10.125
 10
-26.600001
 20
-10.125
 42
0.414214
  0
LWPOLYLINE
  5
ABE
100
AcDbEntity
  8
ASSEMBLY_OUTLINES_TOP
100
AcDbPolyline
 90
        8
 70
         1
 43
0.0
 10
-8.300001
 20
-7.0
 10
-8.300001
 20
6.999999
 42
-0.414214
 10
-5.5
 20
9.8
 10
5.499998
 20
9.8
 42
-0.414214
 10
8.299999
 20
6.999999
 10
8.299999
 20
-6.999999
 42
-0.414214
 10
5.499999
 20
-9.8
 10
-5.5
 20
-9.8
 42
-0.414214
  0
LWPOLYLINE
  5
ABF
100
AcDbEntity
  8
ASSEMBLY_OUTLINES_TOP
100
AcDbPolyline
 90
        8
 70
         1
 43
0.0
 10
-7.500001
 20
-7.0
 10
-7.500001
 20
7.0
 42
-0.414214
 10
-5.500001
 20
9.0
 10
5.499999
 20
9.0
 42
-0.414214
 10
7.499999
 20
7.0
 10
7.499999
 20
-7.0
 42
-0.414214
 10
5.499999
 20
-9.0
 10
-5.500001
 20
-9.0
 42
-0.414214
  0
CIRCLE
  5
AC0
100
AcDbEntity
  8
ASSEMBLY_OUTLINES_TOP
100
AcDbCircle
 10
26.499999
 20
12.5
 30
0.0
 40
3.25
  0
CIRCLE
  5
AC1
100
AcDbEntity
  8
ASSEMBLY_OUTLINES_TOP
100
AcDbCircle
 10
26.499999
 20
-12.5
 30
0.0
 40
3.25
  0
CIRCLE
  5
AC2
100
AcDbEntity
  8
ASSEMBLY_OUTLINES_TOP
100
AcDbCircle
 10
26.499999
 20
22.5
 30
0.0
 40
0.55
  0
CIRCLE
  5
AC3
100
AcDbEntity
  8
ASSEMBLY_OUTLINES_TOP
100
AcDbCircle
 10
26.499999
 20
12.5
 30
0.0
 40
1.3
  0
CIRCLE
  5
AC4
100
AcDbEntity
  8
ASSEMBLY_OUTLINES_TOP
100
AcDbCircle
 10
26.499999
 20
-12.5
 30
0.0
 40
1.3
  0
CIRCLE
  5
AC5
100
AcDbEntity
  8
ASSEMBLY_OUTLINES_TOP
100
AcDbCircle
 10
-26.500001
 20
12.5
 30
0.0
 40
3.25
  0
CIRCLE
  5
AC6
100
AcDbEntity
  8
ASSEMBLY_OUTLINES_TOP
100
AcDbCircle
 10
-26.500001
 20
-12.5
 30
0.0
 40
3.25
  0
LWPOLYLINE
  5
AC7
100
AcDbEntity
  8
ASSEMBLY_OUTLINES_TOP
100
AcDbPolyline
 90
        3
 70
         1
 43
0.0
 10
22.999999
 20
25.0
 10
23.999999
 20
24.0
 10
23.999999
 20
25.0
  0
HATCH
  5
AC8
100
AcDbEntity
  8
ASSEMBLY_OUTLINES_TOP
100
AcDbHatch
 10
0.0
 20
0.0
 30
0.0
 210
0.0
 220
0.0
 230
1.0
  2
SOLID
 70
         1
 71
        1
 91
        1
  92
     2
 72
     0
 73
     1
  93
     3
 10
22.999999
 20
25.0
 10
23.999999
 20
24.0
 10
23.999999
 20
25.0
  97
     1
  330
    2759
 75
     0
 76
     1
  98
     1
 10
0.0
 20
0.0
  0
CIRCLE
  5
AC9
100
AcDbEntity
  8
ASSEMBLY_OUTLINES_TOP
100
AcDbCircle
 10
20.499999
 20
12.5
 30
0.0
 40
1.3
  0
CIRCLE
  5
ACA
100
AcDbEntity
  8
ASSEMBLY_OUTLINES_TOP
100
AcDbCircle
 10
20.499999
 20
16.5
 30
0.0
 40
0.55
  0
CIRCLE
  5
ACB
100
AcDbEntity
  8
ASSEMBLY_OUTLINES_TOP
100
AcDbCircle
 10
20.499999
 20
-12.5
 30
0.0
 40
1.3
  0
CIRCLE
  5
ACC
100
AcDbEntity
  8
ASSEMBLY_OUTLINES_TOP
100
AcDbCircle
 10
-20.500001
 20
12.5
 30
0.0
 40
1.3
  0
CIRCLE
  5
ACD
100
AcDbEntity
  8
ASSEMBLY_OUTLINES_TOP
100
AcDbCircle
 10
-20.500001
 20
-12.5
 30
0.0
 40
1.3
  0
CIRCLE
  5
ACE
100
AcDbEntity
  8
ASSEMBLY_OUTLINES_TOP
100
AcDbCircle
 10
-20.500001
 20
-17.5
 30
0.0
 40
0.55
  0
CIRCLE
  5
ACF
100
AcDbEntity
  8
ASSEMBLY_OUTLINES_TOP
100
AcDbCircle
 10
-26.500001
 20
12.5
 30
0.0
 40
1.3
  0
CIRCLE
  5
AD0
100
AcDbEntity
  8
ASSEMBLY_OUTLINES_TOP
100
AcDbCircle
 10
-26.500001
 20
-23.5
 30
0.0
 40
0.55
  0
CIRCLE
  5
AD1
100
AcDbEntity
  8
ASSEMBLY_OUTLINES_TOP
100
AcDbCircle
 10
-26.500001
 20
-12.5
 30
0.0
 40
1.3
  0
TEXT
  5
AD2
100
AcDbEntity
  8
ASSEMBLY_OUTLINES_TOP
100
AcDbText
 10
19.540499
 20
23.25557
 30
0.0
 40
1.000000
 41
1.000000
  1
Pos 1
  7
ARIAL
 11
19.540499
 21
23.25557
 31
0.0
100
AcDbText
 73
 1
  0
LWPOLYLINE
  5
AD3
100
AcDbEntity
  8
PASTE-DH-035
100
AcDbPolyline
 90
        8
 70
         1
 43
0.0
 10
18.9155
 20
22.9155
 10
21.4155
 20
22.9155
 10
21.4155
 20
20.4155
 10
18.1725
 20
17.1725
 10
17.1725
 20
17.1725
 10
17.1725
 20
18.6725
 10
15.6725
 20
18.6725
 10
15.6725
 20
19.6725
  0
LWPOLYLINE
  5
AD4
100
AcDbEntity
  8
PASTE-DH-035
100
AcDbPolyline
 90
        8
 70
         1
 43
0.0
 10
21.4155
 20
20.4155
 10
18.1725
 20
17.1725
 10
17.1725
 20
17.1725
 10
17.1725
 20
18.6725
 10
15.6725
 20
18.6725
 10
15.6725
 20
19.6725
 10
18.9155
 20
22.9155
 10
21.4155
 20
22.9155
  0
HATCH
  5
AD5
100
AcDbEntity
  8
PASTE-DH-035
100
AcDbHatch
 10
0.0
 20
0.0
 30
0.0
 210
0.0
 220
0.0
 230
1.0
  2
SOLID
 70
         1
 71
        1
 91
        1
  92
     2
 72
     0
 73
     1
  93
     8
 10
21.4155
 20
20.4155
 10
18.1725
 20
17.1725
 10
17.1725
 20
17.1725
 10
17.1725
 20
18.6725
 10
15.6725
 20
18.6725
 10
15.6725
 20
19.6725
 10
18.9155
 20
22.9155
 10
21.4155
 20
22.9155
  97
     1
  330
    2772
 75
     0
 76
     1
  98
     1
 10
0.0
 20
0.0
  0
LWPOLYLINE
  5
AD6
100
AcDbEntity
  8
PASTE-DH-035
100
AcDbPolyline
 90
        8
 70
         1
 43
0.0
 10
-21.4155
 20
20.4155
 10
-21.4155
 20
22.9155
 10
-18.9155
 20
22.9155
 10
-15.6725
 20
19.6725
 10
-15.6725
 20
18.6725
 10
-17.1725
 20
18.6725
 10
-17.1725
 20
17.1725
 10
-18.1725
 20
17.1725
  0
LWPOLYLINE
  5
AD7
100
AcDbEntity
  8
PASTE-DH-035
100
AcDbPolyline
 90
        8
 70
         1
 43
0.0
 10
-15.6725
 20
18.6725
 10
-17.1725
 20
18.6725
 10
-17.1725
 20
17.1725
 10
-18.1725
 20
17.1725
 10
-21.4155
 20
20.4155
 10
-21.4155
 20
22.9155
 10
-18.9155
 20
22.9155
 10
-15.6725
 20
19.6725
  0
HATCH
  5
AD8
100
AcDbEntity
  8
PASTE-DH-035
100
AcDbHatch
 10
0.0
 20
0.0
 30
0.0
 210
0.0
 220
0.0
 230
1.0
  2
SOLID
 70
         1
 71
        1
 91
        1
  92
     2
 72
     0
 73
     1
  93
     8
 10
-15.6725
 20
18.6725
 10
-17.1725
 20
18.6725
 10
-17.1725
 20
17.1725
 10
-18.1725
 20
17.1725
 10
-21.4155
 20
20.4155
 10
-21.4155
 20
22.9155
 10
-18.9155
 20
22.9155
 10
-15.6725
 20
19.6725
  97
     1
  330
    2775
 75
     0
 76
     1
  98
     1
 10
0.0
 20
0.0
  0
LWPOLYLINE
  5
AD9
100
AcDbEntity
  8
PASTE-DH-035
100
AcDbPolyline
 90
        8
 70
         1
 43
0.0
 10
-19.0155
 20
-23.0155
 10
-21.5155
 20
-23.0155
 10
-21.5155
 20
-20.5155
 10
-18.2725
 20
-17.2725
 10
-17.2725
 20
-17.2725
 10
-17.2725
 20
-18.7725
 10
-15.7725
 20
-18.7725
 10
-15.7725
 20
-19.7725
  0
LWPOLYLINE
  5
ADA
100
AcDbEntity
  8
PASTE-DH-035
100
AcDbPolyline
 90
        8
 70
         1
 43
0.0
 10
-15.7725
 20
-19.7725
 10
-19.0155
 20
-23.0155
 10
-21.5155
 20
-23.0155
 10
-21.5155
 20
-20.5155
 10
-18.2725
 20
-17.2725
 10
-17.2725
 20
-17.2725
 10
-17.2725
 20
-18.7725
 10
-15.7725
 20
-18.7725
  0
HATCH
  5
ADB
100
AcDbEntity
  8
PASTE-DH-035
100
AcDbHatch
 10
0.0
 20
0.0
 30
0.0
 210
0.0
 220
0.0
 230
1.0
  2
SOLID
 70
         1
 71
        1
 91
        1
  92
     2
 72
     0
 73
     1
  93
     8
 10
-15.7725
 20
-19.7725
 10
-19.0155
 20
-23.0155
 10
-21.5155
 20
-23.0155
 10
-21.5155
 20
-20.5155
 10
-18.2725
 20
-17.2725
 10
-17.2725
 20
-17.2725
 10
-17.2725
 20
-18.7725
 10
-15.7725
 20
-18.7725
  97
     1
  330
    2778
 75
     0
 76
     1
  98
     1
 10
0.0
 20
0.0
  0
LWPOLYLINE
  5
ADC
100
AcDbEntity
  8
PASTE-DH-035
100
AcDbPolyline
 90
        8
 70
         1
 43
0.0
 10
21.5155
 20
-20.5155
 10
21.5155
 20
-23.0155
 10
19.0155
 20
-23.0155
 10
15.7725
 20
-19.7725
 10
15.7725
 20
-18.7725
 10
17.2725
 20
-18.7725
 10
17.2725
 20
-17.2725
 10
18.2725
 20
-17.2725
  0
LWPOLYLINE
  5
ADD
100
AcDbEntity
  8
PASTE-DH-035
100
AcDbPolyline
 90
        8
 70
         1
 43
0.0
 10
21.5155
 20
-23.0155
 10
19.0155
 20
-23.0155
 10
15.7725
 20
-19.7725
 10
15.7725
 20
-18.7725
 10
17.2725
 20
-18.7725
 10
17.2725
 20
-17.2725
 10
18.2725
 20
-17.2725
 10
21.5155
 20
-20.5155
  0
HATCH
  5
ADE
100
AcDbEntity
  8
PASTE-DH-035
100
AcDbHatch
 10
0.0
 20
0.0
 30
0.0
 210
0.0
 220
0.0
 230
1.0
  2
SOLID
 70
         1
 71
        1
 91
        1
  92
     2
 72
     0
 73
     1
  93
     8
 10
21.5155
 20
-23.0155
 10
19.0155
 20
-23.0155
 10
15.7725
 20
-19.7725
 10
15.7725
 20
-18.7725
 10
17.2725
 20
-18.7725
 10
17.2725
 20
-17.2725
 10
18.2725
 20
-17.2725
 10
21.5155
 20
-20.5155
  97
     1
  330
    2781
 75
     0
 76
     1
  98
     1
 10
0.0
 20
0.0
  0
ENDSEC
  0
SECTION
  2
OBJECTS
  0
DICTIONARY
  5
16
100
AcDbDictionary
  3
ACAD_GROUP
350
17
  3
ACAD_MLINESTYLE
350
18
  0
DICTIONARY
  5
17
102
{ACAD_REACTORS
330
16
102
}
100
AcDbDictionary
  0
DICTIONARY
  5
18
102
{ACAD_REACTORS
330
16
102
}
100
AcDbDictionary
  3
STANDARD
350
19
  0
MLINESTYLE
  5
19
102
{ACAD_REACTORS
330
18
102
}
100
AcDbMlineStyle
  2
STANDARD
 70
         0
  3

 62
         0
 51
90.0
 52
90.0
 71
        2
 49
0.5
 62
         256
  6
BYLAYER
 49
-0.5
 62
         256
  6
BYLAYER
  0
DICTIONARY
  5
1A
102
{ACAD_REACTORS
330
16
102
}
100
AcDbDictionary
  0
ENDSEC
  0
EOF
